rho_train,replicate,model,feature_condition,validation_accuracy,validation_balanced_accuracy,validation_roc_auc,validation_brier_score,validation_log_loss,iid_accuracy,iid_balanced_accuracy,iid_roc_auc,iid_brier_score,iid_log_loss,average_ood_accuracy,worst_ood_accuracy,ood_gap,n_ood_environments,d3_flip_rate_spurious,d3_probability_sensitivity_spurious,auxiliary_train_r2_spurious,d3_flip_rate_noise,d3_probability_sensitivity_noise,auxiliary_train_r2_noise,d3_excess,d3_probability_sensitivity_excess,iid_accuracy_all,iid_accuracy_stable_only,raw_loco,loco_normalized
0.0,0,gradient_boosting,all_features,0.8965,0.896547982305859,0.9695623170403619,0.07422436066650684,0.24358162592173624,0.908,0.907898949795082,0.9721835332707195,0.06865691001417117,0.22450856848598985,0.8965000000000001,0.8926666666666667,0.011499999999999955,4,0.0215,0.01978837246352649,0.0005353198585589247,0.0215,0.024807832637964915,0.0003001166577384362,0.0,-0.005019460174438425,0.8965,0.8975,-0.0010000000000000009,-0.009756097560975615
0.0,0,logistic_regression,all_features,0.91,0.9099891086821505,0.9758420768913039,0.0627503339137699,0.19819368405458143,0.9186666666666666,0.918667819330601,0.9788037909836067,0.0581370881199068,0.18728779993928327,0.9105833333333333,0.905,0.008083333333333331,4,0.0005,0.0006458545549531051,0.0005353198585589247,0.0005,0.0003217944369849917,0.0003001166577384362,0.0,0.00032406011796811345,0.91,0.9105,-0.0004999999999999449,-0.005586592178770333
0.0,0,mlp,all_features,0.905,0.9048564876350038,0.9749299665259497,0.06406005880328364,0.2035431899162825,0.9186666666666666,0.9184276810109289,0.978240355333561,0.0586516521800321,0.19012148446485116,0.9084166666666667,0.9,0.010249999999999981,4,0.0035,0.006785719818818645,0.0005353198585589247,0.0125,0.010353187757244564,0.0003001166577384362,-0.009000000000000001,-0.003567467938425919,0.905,0.9045,0.000500000000000056,0.005235602094241422
0.0,0,random_forest,all_features,0.9045,0.9045489504230011,0.9694758065725954,0.06947646752359057,0.22846707475237005,0.911,0.9108926741803278,0.9724659181466302,0.06590962844019031,0.22043582519570964,0.9018333333333333,0.8966666666666666,0.009166666666666767,4,0.0105,0.015185787301587305,0.0005353198585589247,0.011,0.01860091507936508,0.0003001166577384362,-0.0004999999999999987,-0.003415127777777775,0.9045,0.9075,-0.0030000000000000027,-0.032432432432432455
0.0,0,rbf_svm,all_features,0.9075,0.9075273108046074,0.9727737056183798,0.06567690127729264,0.2127188295121428,0.9166666666666666,0.9166826758879781,0.9754663130407558,0.06170803619750124,0.2011172610254204,0.9070833333333334,0.902,0.009583333333333277,4,0.0145,0.014910005289839006,0.0005353198585589247,0.0155,0.019580386872046038,0.0003001166577384362,-0.0009999999999999992,-0.004670381582207032,0.9075,0.906,0.0014999999999999458,0.015957446808510068
0.0,1,gradient_boosting,all_features,0.9065,0.9062223451604594,0.9729893334375634,0.0684975739126959,0.22365334117862518,0.8993333333333333,0.8992762581465967,0.9692904253678165,0.07223925508470508,0.2369029740661129,0.90375,0.8906666666666667,-0.004416666666666735,4,0.0235,0.0234759334457792,0.00012017737685254826,0.019,0.021243694618564738,0.00014568650008595085,0.0045000000000000005,0.002232238827214461,0.9065,0.909,-0.0025000000000000577,-0.027472527472528117
0.0,1,logistic_regression,all_features,0.9175,0.9173409060614899,0.9784784589157449,0.05811528684337475,0.18767546298855275,0.911,0.9109312091836668,0.9759735130307763,0.06264030542173855,0.19829883051454225,0.9135833333333333,0.9023333333333333,-0.002583333333333271,4,0.002,0.0022581984377725863,0.00012017737685254826,0.001,0.0025902781488989063,0.00014568650008595085,0.001,-0.00033207971112632004,0.9175,0.9175,0.0,0.0
0.0,1,mlp,all_features,0.9145,0.9142400562843321,0.9760430791618685,0.0676576511821036,0.23464631602339148,0.9043333333333333,0.90421655977905,0.9732480899589653,0.07161498368472109,0.24440727993027617,0.9079166666666666,0.896,-0.0035833333333332718,4,0.017,0.0173082417633355,0.00012017737685254826,0.02,0.01868313796252005,0.00014568650008595085,-0.002999999999999999,-0.0013748961991845478,0.9145,0.919,-0.0045000000000000595,-0.055555555555556316
0.0,1,random_forest,all_features,0.908,0.9075136977583482,0.9722507018002768,0.0659698501115825,0.21902422825262233,0.8976666666666666,0.8975859268416609,0.9695607005639771,0.07002974022800125,0.23037900434264091,0.9050833333333334,0.894,-0.007416666666666738,4,0.012,0.01740735894660895,0.00012017737685254826,0.011,0.01761447792207792,0.00014568650008595085,0.0010000000000000009,-0.00020711897546897215,0.908,0.9085,-0.0004999999999999449,-0.005464480874316336
0.0,1,rbf_svm,all_features,0.9175,0.9171053857972261,0.9745137007649899,0.062095616965470425,0.20446077990612777,0.907,0.9069304250299726,0.9731093961083038,0.06506953211764462,0.21044638009541997,0.9102499999999999,0.899,-0.003249999999999864,4,0.009,0.014422604252238184,0.00012017737685254826,0.0175,0.019141376711924115,0.00014568650008595085,-0.008500000000000002,-0.004718772459685931,0.9175,0.922,-0.0045000000000000595,-0.05769230769230849
0.0,2,gradient_boosting,all_features,0.9035,0.9035826353816253,0.9642696739357675,0.0766401858171273,0.26188448694711475,0.9133333333333333,0.9133269570257014,0.9744226211957709,0.06433616323534926,0.21460174923892134,0.9034166666666666,0.8966666666666666,0.009916666666666685,4,0.027,0.02796341569032572,0.0008387564453840035,0.029,0.02629739047167848,0.0010306740088690258,-0.0020000000000000018,0.0016660252186472373,0.9035,0.8965,0.007000000000000006,0.06763285024154593
0.0,2,logistic_regression,all_features,0.9025,0.9025483364692396,0.9690960687638728,0.06999466912758728,0.2253839899091251,0.9206666666666666,0.9206638589579714,0.9801506313789002,0.05531807091521036,0.18039599751069899,0.9106666666666666,0.9066666666666666,0.010000000000000009,4,0.0015,0.002043203397479467,0.0008387564453840035,0.001,0.0011054846503845861,0.0010306740088690258,0.0005,0.0009377187470948807,0.9025,0.9025,0.0,0.0
0.0,2,mlp,all_features,0.9025,0.902514326640399,0.9685139005172495,0.07044949324082886,0.22903586881639826,0.9203333333333333,0.9203274139154025,0.9799239643092699,0.056559413229081486,0.18929689048498774,0.907,0.9013333333333333,0.013333333333333308,4,0.008,0.00846891904550456,0.0008387564453840035,0.0065,0.00883960662444686,0.0010306740088690258,0.0015000000000000005,-0.0003706875789423001,0.9025,0.897,0.005499999999999949,0.0533980582524267
0.0,2,random_forest,all_features,0.8965,0.8965295970535485,0.9624966615351837,0.07598261114458428,0.25018111155814676,0.9136666666666666,0.9136642909587396,0.9743683988771537,0.06305575430953331,0.21321814354620525,0.9015833333333333,0.893,0.012083333333333335,4,0.0145,0.019058619336219332,0.0008387564453840035,0.0105,0.017649238888888887,0.0010306740088690258,0.004,0.0014093804473304453,0.8965,0.8975,-0.0010000000000000009,-0.009756097560975615
0.0,2,rbf_svm,all_features,0.8975,0.8975298861370936,0.9658251234606803,0.07267258368161619,0.23892966818346328,0.9203333333333333,0.9203309694772791,0.9775981823967687,0.05752133946446825,0.1914463108654251,0.9057499999999999,0.9,0.014583333333333393,4,0.0115,0.018139974657979153,0.0008387564453840035,0.015,0.018487979313236255,0.0010306740088690258,-0.0034999999999999996,-0.00034800465525710103,0.8975,0.898,-0.000500000000000056,-0.004901960784314275
0.0,3,gradient_boosting,all_features,0.8925,0.8924957921591649,0.9659762440757702,0.07847407899243092,0.25447365479086187,0.8946666666666667,0.8946248513079343,0.966593812186635,0.07688510943711929,0.25498010218568923,0.8986666666666666,0.8883333333333333,-0.0039999999999998925,4,0.0245,0.022679899630920316,0.0006488773584456542,0.025,0.024321448320273813,0.00038766512038701517,-0.0005000000000000004,-0.0016415486893534975,0.8925,0.894,-0.0015000000000000568,-0.014150943396226953
0.0,3,logistic_regression,all_features,0.9075,0.9076320181934736,0.9747659560424394,0.06419369584199675,0.20355457891233186,0.9013333333333333,0.9011706373470001,0.9743460328401019,0.06533272343124354,0.20344446474151653,0.9120833333333334,0.9063333333333333,-0.010750000000000037,4,0.0015,0.0011419670083969156,0.0006488773584456542,0.0,0.000787794078343206,0.00038766512038701517,0.0015,0.00035417293005370954,0.9075,0.9085,-0.0010000000000000009,-0.010928961748633887
0.0,3,mlp,all_features,0.9065,0.9065689320834988,0.9741659074385025,0.06472671190801804,0.20721353003652732,0.899,0.8990150192882792,0.9735842847772676,0.06637795656467806,0.20856934965764673,0.9109166666666666,0.9056666666666666,-0.011916666666666575,4,0.015,0.009973681100072447,0.0006488773584456542,0.0075,0.010334985013926464,0.00038766512038701517,0.0075,-0.0003613039138540171,0.9065,0.906,0.0004999999999999449,0.005319148936169629
0.0,3,random_forest,all_features,0.8945,0.8945409578175832,0.9673763574849563,0.07281139600187062,0.2373635174209089,0.8956666666666667,0.8955242298584785,0.9675120899156207,0.07202075829501255,0.2347573149005402,0.9014166666666666,0.8946666666666667,-0.005749999999999922,4,0.0185,0.018721907070707068,0.0006488773584456542,0.0155,0.018254199134199133,0.00038766512038701517,0.002999999999999999,0.00046770793650793493,0.8945,0.897,-0.0025000000000000577,-0.02427184466019474
0.0,3,rbf_svm,all_features,0.903,0.9030911503831811,0.971947727765949,0.0669944221596613,0.21470012272359765,0.9006666666666666,0.9004880434903448,0.971202543607075,0.06827521122719715,0.21807178719298706,0.9060833333333332,0.8996666666666666,-0.005416666666666625,4,0.0175,0.01614029303784345,0.0006488773584456542,0.013,0.015235155677012722,0.00038766512038701517,0.004500000000000002,0.0009051373608307284,0.903,0.9055,-0.0024999999999999467,-0.026455026455025885
0.0,4,gradient_boosting,all_features,0.9115,0.9114947034523311,0.9727647548827938,0.06734051353434459,0.22296330324484945,0.911,0.9112385904553856,0.9749852794415617,0.06489327955194014,0.21301472728719592,0.89725,0.8863333333333333,0.01375000000000004,4,0.0255,0.0237457821433903,0.0007971158914189536,0.021,0.02408339257314693,0.0007554864096686043,0.004499999999999997,-0.00033761042975663166,0.9115,0.916,-0.0045000000000000595,-0.053571428571429304
0.0,4,logistic_regression,all_features,0.9225,0.9225278027502248,0.9787938091442824,0.057803215819246107,0.1870472970033138,0.9193333333333333,0.9194674270954337,0.9799609171397111,0.05688992124495209,0.18190960865564432,0.9055,0.899,0.013833333333333364,4,0.004,0.0034621632888169147,0.0007971158914189536,0.008,0.007283727733455601,0.0007554864096686043,-0.004,-0.0038215644446386865,0.9225,0.9195,0.0030000000000000027,0.037267080745341644
0.0,4,mlp,all_features,0.9205,0.9205277847500628,0.9777788000092,0.059216979919929386,0.1939333889545923,0.9203333333333333,0.9205779175613149,0.9791581797384632,0.05756296356184248,0.18758280460872884,0.903,0.8916666666666667,0.01733333333333331,4,0.012,0.013066570049101904,0.0007971158914189536,0.0115,0.012433960268345359,0.0007554864096686043,0.0005000000000000004,0.0006326097807565455,0.9205,0.9225,-0.0020000000000000018,-0.025806451612903243
0.0,4,random_forest,all_features,0.9125,0.9125127126144135,0.973357760219842,0.0649097407469027,0.21817439765571517,0.911,0.9112892896596749,0.9752567870224268,0.06309910527516703,0.21169168676848094,0.8988333333333334,0.892,0.012166666666666659,4,0.0145,0.01866916507936508,0.0007971158914189536,0.0115,0.01782266955266956,0.0007554864096686043,0.003000000000000001,0.0008464955266955197,0.9125,0.9145,-0.0020000000000000018,-0.023391812865497092
0.0,4,rbf_svm,all_features,0.9165,0.9164977484797363,0.9755137796240165,0.06144722218488854,0.20090641778103133,0.9176666666666666,0.9178250397143767,0.9770830702014982,0.059763987260071,0.1947223917092017,0.9015000000000001,0.8943333333333333,0.01616666666666655,4,0.0125,0.01598381574853552,0.0007971158914189536,0.0175,0.019398609091820597,0.0007554864096686043,-0.005000000000000001,-0.0034147933432850767,0.9165,0.92,-0.0035000000000000586,-0.043750000000000754
0.0,5,gradient_boosting,all_features,0.8985,0.8985248524852485,0.9682368236823682,0.07398326370802912,0.24483474976853234,0.9053333333333333,0.9053959433175882,0.9674665184773549,0.07244995505454636,0.24862393136915892,0.9025833333333334,0.8976666666666666,0.002749999999999919,4,0.0255,0.025520386075741502,0.00043674280188321646,0.026,0.028319038133677046,2.89178048383798e-05,-0.0005000000000000004,-0.002798652057935544,0.8985,0.892,0.00649999999999995,0.06018518518518473
0.0,5,logistic_regression,all_features,0.91,0.9100810081008102,0.9764386438643865,0.06208525626603034,0.19630812508984974,0.9166666666666666,0.9168435676576827,0.9768402333981663,0.06037689265120983,0.19563296385128903,0.91725,0.9153333333333333,-0.0005833333333333801,4,0.0055,0.004300048908764844,0.00043674280188321646,0.0035,0.003446077683064763,2.89178048383798e-05,0.0019999999999999996,0.0008539712257000808,0.91,0.9085,0.0015000000000000568,0.016393442622951435
0.0,5,mlp,all_features,0.911,0.9110911091109111,0.9757175717571757,0.06290246627893677,0.2007327113654458,0.9136666666666666,0.9139038621839399,0.9757274798555153,0.06195591682792413,0.20108855044907545,0.9170833333333334,0.9143333333333333,-0.0034166666666667345,4,0.011,0.009002086507894318,0.00043674280188321646,0.0105,0.011274975206891608,2.89178048383798e-05,0.0004999999999999987,-0.0022728886989972896,0.911,0.9125,-0.0014999999999999458,-0.01714285714285652
0.0,5,random_forest,all_features,0.9005,0.9006250625062506,0.9695874587458746,0.07012715869756574,0.2301884542985309,0.91,0.910075020839122,0.9701016949152543,0.06779231560072371,0.227719873108101,0.9074166666666665,0.9033333333333333,0.002583333333333493,4,0.0125,0.018564507936507935,0.00043674280188321646,0.0155,0.017321859523809522,2.89178048383798e-05,-0.002999999999999999,0.0012426484126984126,0.9005,0.8935,0.007000000000000006,0.06572769953051646
0.0,5,rbf_svm,all_features,0.9065,0.9065256525652565,0.9734343434343434,0.06484210396827474,0.20917281955778116,0.914,0.9141094748541261,0.9738011669908306,0.06257475864743792,0.20791427967693282,0.9143333333333333,0.912,-0.0003333333333332966,4,0.0125,0.014811702379315481,0.00043674280188321646,0.0115,0.017207241648720995,2.89178048383798e-05,0.0010000000000000009,-0.002395539269405514,0.9065,0.911,-0.0045000000000000595,-0.050561797752809674
0.0,6,gradient_boosting,all_features,0.9025,0.9025084401350422,0.9690435046960753,0.07300808226102573,0.23857412609873158,0.8973333333333333,0.8969076751946607,0.967169744160178,0.07467870355081496,0.24865009965083318,0.8986666666666666,0.8893333333333333,-0.0013333333333332975,4,0.0255,0.02239398633978952,0.0007165192189187986,0.035,0.02794821486282725,0.000531007332207234,-0.009500000000000005,-0.005554228523037729,0.9025,0.9,0.0024999999999999467,0.024999999999999474
0.0,6,logistic_regression,all_features,0.909,0.9090225443607098,0.9763216211459383,0.062362566100394874,0.196071887640806,0.9096666666666666,0.9093325917686318,0.9739114571746385,0.06421544083395253,0.20653390204877162,0.9086666666666666,0.9006666666666666,0.0010000000000000009,4,0.005,0.0024747248263714723,0.0007165192189187986,0.0055,0.003938483186828367,0.000531007332207234,-0.0004999999999999996,-0.0014637583604568943,0.909,0.9095,-0.0004999999999999449,-0.005524861878452429
0.0,6,mlp,all_features,0.9045,0.904484471751548,0.9760306164898638,0.0629553398003542,0.19833979057196213,0.9116666666666666,0.9110233592880979,0.9734109010011124,0.06485661005883339,0.20964989348568724,0.9081666666666667,0.8996666666666666,0.0034999999999999476,4,0.011,0.008021359765154305,0.0007165192189187986,0.011,0.009836576719532232,0.000531007332207234,0.0,-0.001815216954377927,0.9045,0.91,-0.00550000000000006,-0.0611111111111118
0.0,6,random_forest,all_features,0.911,0.9109905758492136,0.9704315269044305,0.0688104344992643,0.22679120862573987,0.898,0.8974193548387097,0.9659726362625138,0.07259773971610482,0.23975115891705776,0.9001666666666667,0.8913333333333333,-0.00216666666666665,4,0.016,0.01763058888888889,0.0007165192189187986,0.0125,0.017466269047619047,0.000531007332207234,0.0034999999999999996,0.00016431984126984156,0.911,0.904,0.007000000000000006,0.07291666666666675
0.0,6,rbf_svm,all_features,0.9035,0.9035124561992991,0.9730355685690972,0.06654880010876307,0.2110410588066626,0.9086666666666666,0.9084093437152392,0.9701383759733037,0.06732316571550165,0.2218502830088571,0.9060833333333334,0.8993333333333333,0.002583333333333271,4,0.0115,0.014894646062819355,0.0007165192189187986,0.0185,0.019086351914195165,0.000531007332207234,-0.006999999999999999,-0.0041917058513758106,0.9035,0.9085,-0.0050000000000000044,-0.05464480874316943
0.0,7,gradient_boosting,all_features,0.8985,0.8986714086828503,0.9697506440927492,0.0734324551090915,0.24202381367203377,0.905,0.9050465828844577,0.9696139818007543,0.07180949084111297,0.23906294002047693,0.8976666666666666,0.8943333333333333,0.007333333333333414,4,0.0195,0.020815557799294324,0.0008659446250386393,0.019,0.021132211033123568,0.0005640883361243132,0.0005000000000000004,-0.00031665323382924424,0.8985,0.8995,-0.0010000000000000009,-0.00995024875621891
0.0,7,logistic_regression,all_features,0.9085,0.9086368437054937,0.9762755836840505,0.06277530301096494,0.19749298461972753,0.9153333333333333,0.9153425651440166,0.9772678369145573,0.060370684556926874,0.19298391414032123,0.90975,0.9083333333333333,0.0055833333333333846,4,0.0005,0.0003173717829225939,0.0008659446250386393,0.0065,0.004980567682919752,0.0005640883361243132,-0.006,-0.004663195899997158,0.9085,0.909,-0.000500000000000056,-0.005494505494506112
0.0,7,mlp,all_features,0.911,0.9110591925237235,0.9761695684178522,0.06199887503294549,0.1985545780856301,0.914,0.91418221652372,0.9774389994505016,0.060105568538875456,0.19494279089370845,0.9104166666666667,0.905,0.0035833333333333828,4,0.009,0.008904421646323556,0.0008659446250386393,0.013,0.010657814322000494,0.0005640883361243132,-0.004,-0.0017533926756769375,0.911,0.9055,0.00550000000000006,0.05820105820105882
0.0,7,random_forest,all_features,0.9065,0.9066605591205134,0.9692515722264007,0.06977857665517112,0.23047243261503056,0.9076666666666666,0.9076678148634878,0.9719766916638066,0.06754459847990035,0.22224849313853748,0.9003333333333333,0.898,0.007333333333333303,4,0.0125,0.016150372077922075,0.0008659446250386393,0.0125,0.015841341991341993,0.0005640883361243132,0.0,0.0003090300865800817,0.9065,0.901,0.005499999999999949,0.05555555555555506
0.0,7,rbf_svm,all_features,0.9075,0.9076246979565057,0.9743913123489782,0.06427748597437,0.20640357666730086,0.9133333333333333,0.9133650821313426,0.9754388429590402,0.062491318497399174,0.20126847606751092,0.9067500000000001,0.906,0.006583333333333274,4,0.0115,0.013064581950303786,0.0008659446250386393,0.0115,0.01518711302639472,0.0005640883361243132,0.0,-0.0021225310760909343,0.9075,0.9095,-0.0020000000000000018,-0.022099447513812168
0.0,8,gradient_boosting,all_features,0.8955,0.8954813108038915,0.9678109399001538,0.0743170764169447,0.24726017178913928,0.9,0.900048891061825,0.9700973376594515,0.07295338550952647,0.23676341560475692,0.9019166666666667,0.8936666666666667,-0.0019166666666666776,4,0.0245,0.024805405008192363,0.0009268287671525544,0.027,0.02510384760690674,0.00017043864519217244,-0.0024999999999999988,-0.00029844259871437614,0.8955,0.9005,-0.0050000000000000044,-0.050251256281407065
0.0,8,logistic_regression,all_features,0.911,0.911018305171531,0.9757854502688171,0.06253858569047789,0.1981557289109997,0.9143333333333333,0.9143495266456287,0.9775603360149341,0.06039075354285177,0.19194553483745147,0.9130833333333334,0.902,0.0012499999999999734,4,0.0035,0.0029615673239270033,0.0009268287671525544,0.0015,0.0009793103310314667,0.00017043864519217244,0.002,0.0019822569928955366,0.911,0.9095,0.0015000000000000568,0.01657458563535974
0.0,8,mlp,all_features,0.9055,0.9056819636456733,0.9755884376600102,0.06382784470117155,0.20391237362671666,0.91,0.9099115516245166,0.9767980799146629,0.06187130098278798,0.1978254387993201,0.9116666666666666,0.9066666666666666,-0.0016666666666665941,4,0.014,0.010128763120790129,0.0009268287671525544,0.0115,0.009140516147698705,0.00017043864519217244,0.0025000000000000005,0.0009882469730914233,0.9055,0.9085,-0.0030000000000000027,-0.03278688524590166
0.0,8,random_forest,all_features,0.902,0.9020417306707629,0.9673729118663595,0.07137252405551148,0.2355375015009972,0.9036666666666666,0.903677941241833,0.9705755811369394,0.06884399425001721,0.2254460132604792,0.9064166666666666,0.9016666666666666,-0.00275000000000003,4,0.014,0.016675309235209237,0.0009268287671525544,0.0155,0.01790053455988456,0.00017043864519217244,-0.0014999999999999996,-0.0012252253246753247,0.902,0.905,-0.0030000000000000027,-0.03157894736842109
0.0,8,rbf_svm,all_features,0.904,0.9039858550947261,0.971960205453149,0.06645566524235642,0.21467512155428745,0.909,0.9090381794746434,0.9748508822614339,0.06368718273201224,0.20400568611055694,0.9122499999999999,0.9023333333333333,-0.003249999999999864,4,0.01,0.01586842699468988,0.0009268287671525544,0.0185,0.018322042078738186,0.00017043864519217244,-0.008499999999999999,-0.0024536150840483058,0.904,0.9055,-0.0014999999999999458,-0.015873015873015296
0.0,9,gradient_boosting,all_features,0.904,0.9038218861550069,0.9692615917003495,0.07152449817991814,0.23709675758938048,0.8963333333333333,0.896306401455143,0.9701997087580612,0.07242554622835648,0.2317704519862579,0.9005833333333334,0.8906666666666667,-0.004250000000000087,4,0.021,0.021837474373636836,0.0004978136226119201,0.022,0.0228770924502744,0.0010336083211166525,-0.0009999999999999974,-0.0010396180766375634,0.904,0.901,0.0030000000000000027,0.03030303030303034
0.0,9,logistic_regression,all_features,0.918,0.9177240208111713,0.9783992530554775,0.058874199747389985,0.18979303841554246,0.9126666666666666,0.9126220842467982,0.9769860193201154,0.061154763831810524,0.19477343148052456,0.90875,0.896,0.003916666666666679,4,0.005,0.004118740116627426,0.0004978136226119201,0.0045,0.003384920031954453,0.0010336083211166525,0.0005000000000000004,0.0007338200846729727,0.918,0.919,-0.0010000000000000009,-0.012345679012345696
0.0,9,mlp,all_features,0.9165,0.916452593940983,0.9772073841830695,0.060206125393780174,0.19812935734950998,0.9076666666666666,0.9077693854581727,0.9747656995940748,0.06462265063162664,0.20814602329893894,0.9059166666666667,0.893,0.0017499999999999183,4,0.0135,0.013890951658791884,0.0004978136226119201,0.0135,0.013728157374814259,0.0010336083211166525,0.0,0.00016279428397762523,0.9165,0.9145,0.0020000000000000018,0.023391812865497092
0.0,9,random_forest,all_features,0.9095,0.909015172060432,0.973272015299153,0.0658166044673973,0.2185046089432821,0.905,0.9049103070842202,0.9705093088960365,0.06926016198573148,0.2282217652754908,0.9020833333333333,0.892,0.0029166666666666785,4,0.0115,0.0173185126984127,0.0004978136226119201,0.0125,0.016031649999999998,0.0010336083211166525,-0.0010000000000000009,0.0012868626984127024,0.9095,0.909,0.0004999999999999449,0.005494505494504891
0.0,9,rbf_svm,all_features,0.9075,0.907337949365087,0.9745844720801465,0.06350968181867057,0.2048122618456769,0.9073333333333333,0.9073359897158524,0.9734099488104064,0.06574091085741819,0.2094707792506808,0.9088333333333333,0.894,-0.0014999999999999458,4,0.016,0.015734439031168976,0.0004978136226119201,0.016,0.015775675509421258,0.0010336083211166525,0.0,-4.123647825228158e-05,0.9075,0.9155,-0.008000000000000007,-0.09467455621301782
0.5,0,gradient_boosting,all_features,0.9225,0.9224851206996046,0.9791234739403467,0.060039654072416765,0.20329451939816606,0.928,0.9278784579918034,0.9822537781762296,0.053101282198261726,0.18008826699184508,0.8493333333333333,0.7943333333333333,0.07866666666666677,5,0.0505,0.05295793642782471,0.1358131486267814,0.022,0.019552002329708634,0.0003001166577384362,0.028500000000000004,0.033405934098116076,0.9225,0.8975,0.025000000000000022,0.24390243902439038
0.5,0,logistic_regression,all_features,0.927,0.9270241699245609,0.9841780855483513,0.05056370072523036,0.16194332756218552,0.935,0.9350345799180328,0.9860052723702186,0.045919379691008816,0.1522894078704155,0.8646,0.819,0.07040000000000002,5,0.05,0.051540134751689934,0.1358131486267814,0.0015,0.0010890931600013333,0.0003001166577384362,0.0485,0.0504510415916886,0.927,0.9105,0.01650000000000007,0.18435754189944206
0.5,0,mlp,all_features,0.927,0.9269251579441112,0.9832699756670557,0.05216926941821924,0.1704918875749956,0.936,0.9358670594262295,0.98529330672245,0.04707809874742111,0.15994070621860104,0.8543333333333333,0.7983333333333333,0.08166666666666678,5,0.0505,0.05541374756814021,0.1358131486267814,0.007,0.008335738400498893,0.0003001166577384362,0.043500000000000004,0.047078009167641315,0.927,0.9045,0.022500000000000075,0.23560209424083842
0.5,0,random_forest,all_features,0.9205,0.9205178826638023,0.9771822390509253,0.0596861069627021,0.200232868784113,0.9293333333333333,0.9293566427595628,0.9810048365636382,0.05387095666753972,0.1873201797056262,0.8360666666666667,0.7656666666666667,0.09326666666666661,5,0.057,0.06609577611832611,0.1358131486267814,0.011,0.013181276046176046,0.0003001166577384362,0.046,0.05291450007215006,0.9205,0.9075,0.013000000000000012,0.14054054054054063
0.5,0,rbf_svm,all_features,0.925,0.9250239278952753,0.9811587202051448,0.054048064855387636,0.17728370205859764,0.9336666666666666,0.9337324965846995,0.9838142325535064,0.047938901061806614,0.16248473587930531,0.8530666666666666,0.8003333333333333,0.0806,5,0.054,0.05219775304503482,0.1358131486267814,0.0115,0.014794649693101881,0.0003001166577384362,0.042499999999999996,0.03740310335193294,0.925,0.906,0.019000000000000017,0.20212765957446832
0.5,1,gradient_boosting,all_features,0.9115,0.9113276227185854,0.9774090966945984,0.06316725538007313,0.21307210597773488,0.9166666666666666,0.9167436817616252,0.9776667337909342,0.06177496548167615,0.2071065853350226,0.8502666666666666,0.8063333333333333,0.06640000000000001,5,0.05,0.05104892913915313,0.14040910022498765,0.025,0.022920039759183945,0.00014568650008595085,0.025,0.02812888937996919,0.9115,0.909,0.0024999999999999467,0.027472527472526896
0.5,1,logistic_regression,all_features,0.929,0.9285601894585138,0.9838302810909298,0.05000884518549392,0.16286563339283594,0.9306666666666666,0.9306810801583777,0.9836576857953048,0.05037132329543072,0.16463597126372317,0.8692,0.8236666666666667,0.06146666666666667,5,0.0455,0.0446612526245766,0.14040910022498765,0.001,0.001688664486827951,0.00014568650008595085,0.0445,0.042972588137748645,0.929,0.9175,0.011500000000000066,0.13939393939394015
0.5,1,mlp,all_features,0.921,0.9206837904931995,0.9792140839113601,0.059535093832342456,0.20748672722721692,0.923,0.9230549187640777,0.978989659751089,0.060153265688078404,0.21084698657280515,0.8073333333333335,0.7203333333333334,0.11566666666666658,5,0.064,0.07647721378548404,0.14040910022498765,0.0135,0.01511589744413678,0.00014568650008595085,0.0505,0.06136131634134726,0.921,0.919,0.0020000000000000018,0.02469135802469139
0.5,1,random_forest,all_features,0.918,0.917347420451778,0.9761077219578047,0.06004465663011589,0.20397327490277883,0.922,0.9219940441659898,0.9774246863496356,0.05949210017473079,0.20286622225166062,0.8403333333333334,0.7813333333333333,0.08166666666666667,5,0.0565,0.05980015021645022,0.14040910022498765,0.0085,0.01364928189033189,0.00014568650008595085,0.048,0.04615086832611833,0.918,0.9085,0.009500000000000064,0.10382513661202253
0.5,1,rbf_svm,all_features,0.9285,0.9279413223811399,0.9798655229401748,0.054268972966957534,0.18247852430629186,0.9293333333333333,0.9293474854404797,0.9812105394879619,0.052130285343675246,0.17590886286185117,0.8519333333333332,0.8066666666666666,0.07740000000000014,5,0.0455,0.04582253624765927,0.14040910022498765,0.01,0.013879336260772987,0.00014568650008595085,0.0355,0.031943199986886286,0.9285,0.922,0.00649999999999995,0.08333333333333275
0.5,2,gradient_boosting,all_features,0.9185,0.9187570207790052,0.9745226370421052,0.06433726910740342,0.22778155865201624,0.9336666666666666,0.9336598820620126,0.9824666354962409,0.05280812961036856,0.18133972224832762,0.8396666666666667,0.776,0.09399999999999997,5,0.0565,0.06137191220457695,0.1530878843371659,0.017,0.018656265614396112,0.0010306740088690258,0.0395,0.042715646590180845,0.9185,0.8965,0.02200000000000002,0.21256038647343006
0.5,2,logistic_regression,all_features,0.9245,0.9247247454514355,0.9792920153924484,0.0565628327934552,0.18566861916254168,0.937,0.9369985546640972,0.9869888657579836,0.04445674607930569,0.14654017908413483,0.8549333333333335,0.791,0.08206666666666651,5,0.065,0.06000125330595919,0.1530878843371659,0.002,0.0006238190763550215,0.0010306740088690258,0.063,0.05937743422960417,0.9245,0.9025,0.02200000000000002,0.22564102564102578
0.5,2,mlp,all_features,0.9115,0.911942051252812,0.9735933684834918,0.07579242949514822,0.27038470275603516,0.9273333333333333,0.927323426352758,0.9824155242942654,0.06653985677596608,0.2495064721859391,0.7852,0.671,0.14213333333333333,5,0.096,0.07879900034700578,0.1530878843371659,0.0095,0.01484363566432433,0.0010306740088690258,0.08650000000000001,0.06395536468268145,0.9115,0.897,0.014499999999999957,0.14077669902912582
0.5,2,random_forest,all_features,0.9125,0.9127212764488937,0.9739309660491882,0.06371328267530073,0.21302323455615174,0.9286666666666666,0.928663873180219,0.9807372990885317,0.05406848992673415,0.18781166308460692,0.8306666666666667,0.757,0.09799999999999998,5,0.073,0.07166782698412698,0.1530878843371659,0.008,0.012846768470418471,0.0010306740088690258,0.065,0.05882105851370851,0.9125,0.8975,0.015000000000000013,0.14634146341463422
0.5,2,rbf_svm,all_features,0.923,0.9231988044544873,0.9765882339996259,0.058394635946128634,0.1987917188670558,0.9396666666666667,0.939671448304797,0.9845924170531858,0.04647127558244699,0.15866124674689133,0.8390000000000001,0.7703333333333333,0.10066666666666657,5,0.075,0.06528924274934189,0.1530878843371659,0.011,0.012009534232378131,0.0010306740088690258,0.064,0.05327970851696376,0.923,0.898,0.025000000000000022,0.24509803921568654
0.5,3,gradient_boosting,all_features,0.9175,0.9175338202394394,0.9772891604219942,0.06152059111952159,0.20838854760657818,0.9163333333333333,0.916233282564952,0.9766237173572277,0.06273444385481147,0.21722956983264347,0.8440666666666665,0.7866666666666666,0.07226666666666681,5,0.054,0.05790763282067232,0.16033099056400002,0.014,0.017731243110003025,0.00038766512038701517,0.04,0.040176389710669294,0.9175,0.894,0.023499999999999965,0.22169811320754687
0.5,3,logistic_regression,all_features,0.9295,0.9295257915891187,0.9833646525368556,0.050926187186401614,0.166288582982529,0.9263333333333333,0.9262542940045135,0.9829480494936133,0.05186208850409001,0.16767925712402995,0.8608666666666667,0.8063333333333333,0.06546666666666667,5,0.051,0.05204523863026821,0.16033099056400002,0.001,0.0007785307534750292,0.00038766512038701517,0.049999999999999996,0.05126670787679318,0.9295,0.9085,0.02100000000000002,0.22950819672131162
0.5,3,mlp,all_features,0.926,0.9260120069725648,0.9823575709632479,0.0524792764899037,0.1735139154444066,0.9253333333333333,0.9253549154539694,0.982265455636958,0.05313978070908466,0.17360634964129157,0.8522666666666667,0.7916666666666666,0.07306666666666661,5,0.0575,0.05497134468355264,0.16033099056400002,0.01,0.008444181506697603,0.00038766512038701517,0.0475,0.04652716317685504,0.926,0.906,0.020000000000000018,0.21276595744680876
0.5,3,random_forest,all_features,0.9155,0.9155336582263163,0.9769046292749712,0.060708687727281434,0.20522150774535522,0.915,0.9150392991739947,0.974866538448711,0.06272213137767783,0.21003250964980089,0.8338000000000001,0.7546666666666667,0.08119999999999994,5,0.0665,0.06999459920634919,0.16033099056400002,0.0055,0.012958048412698413,0.00038766512038701517,0.061000000000000006,0.057036550793650775,0.9155,0.897,0.01849999999999996,0.17961165048543654
0.5,3,rbf_svm,all_features,0.9255,0.9255074661047544,0.9809194544758126,0.05410106531283692,0.17803130613128923,0.9256666666666666,0.9256650843236873,0.9803621971962513,0.05460016307592753,0.18100285324720228,0.8429333333333334,0.7803333333333333,0.08273333333333321,5,0.0525,0.05710495438221997,0.16033099056400002,0.008,0.012319455735007073,0.00038766512038701517,0.0445,0.0447854986472129,0.9255,0.9055,0.020000000000000018,0.21164021164021177
0.5,4,gradient_boosting,all_features,0.924,0.9240113161018448,0.9810578295204658,0.05609993845862196,0.19054709546604318,0.9216666666666666,0.9218952074131131,0.9821601063082263,0.056537030963308796,0.18486469657658958,0.8437333333333333,0.7853333333333333,0.0779333333333333,5,0.062,0.055884473258975935,0.16083641605928356,0.0175,0.018959608785392944,0.0007554864096686043,0.0445,0.036924864473582994,0.924,0.916,0.008000000000000007,0.09523809523809536
0.5,4,logistic_regression,all_features,0.934,0.9340354063186569,0.9855788702098319,0.04682157036026326,0.15455779823491134,0.9313333333333333,0.9314751333744857,0.9863788137809332,0.04718683399406827,0.1507196633050719,0.8597333333333333,0.8126666666666666,0.0716,5,0.049,0.05141422801897168,0.16083641605928356,0.0055,0.006490509045706066,0.0007554864096686043,0.043500000000000004,0.04492371897326561,0.934,0.9195,0.014500000000000068,0.18012422360248528
0.5,4,mlp,all_features,0.931,0.9310113791024119,0.9840178561607054,0.05000091466830396,0.17065885822865834,0.9293333333333333,0.9294231497903543,0.9847711153291268,0.05011191952869968,0.16846772466238988,0.8332666666666666,0.7666666666666667,0.09606666666666674,5,0.064,0.06630176667392862,0.16083641605928356,0.0145,0.01423634618938539,0.0007554864096686043,0.0495,0.052065420484543226,0.931,0.9225,0.008500000000000063,0.1096774193548395
0.5,4,random_forest,all_features,0.928,0.9280113521021689,0.980197321775896,0.055144619241039444,0.19077564189836,0.9223333333333333,0.9224778035325782,0.9814391992016209,0.05525369759671812,0.1882116880190736,0.8360666666666665,0.765,0.08626666666666682,5,0.0635,0.06679355656565655,0.16083641605928356,0.006,0.012854149855699853,0.0007554864096686043,0.0575,0.0539394067099567,0.928,0.9145,0.013500000000000068,0.157894736842106
0.5,4,rbf_svm,all_features,0.93,0.9300143701293312,0.9830848477636298,0.05006093261426224,0.16736030232034238,0.9293333333333333,0.9295245481989329,0.9840733341753553,0.05029459926151812,0.16401892505773943,0.8428666666666667,0.781,0.08646666666666669,5,0.0615,0.05798910227967218,0.16083641605928356,0.0115,0.014608298802597957,0.0007554864096686043,0.05,0.04338080347707422,0.93,0.92,0.010000000000000009,0.12500000000000017
0.5,5,gradient_boosting,all_features,0.906,0.905960596059606,0.9753205320532053,0.06679393953077122,0.2214251305794718,0.9196666666666666,0.9198721867185329,0.9780183384273409,0.05956988462135171,0.20470822706409675,0.8527333333333333,0.8123333333333334,0.06693333333333329,5,0.0555,0.055261045157171014,0.14567920547064328,0.018,0.02319371768538733,2.89178048383798e-05,0.037500000000000006,0.03206732747178369,0.906,0.892,0.014000000000000012,0.12962962962962976
0.5,5,logistic_regression,all_features,0.925,0.924962496249625,0.9836553655365536,0.051157720777445945,0.1646982578904291,0.9296666666666666,0.9298749652681301,0.9839550986385106,0.05032154568789425,0.163143400682917,0.8707333333333332,0.8293333333333334,0.05893333333333339,5,0.052,0.04861211590260071,0.14567920547064328,0.0025,0.002095038898325681,2.89178048383798e-05,0.049499999999999995,0.04651707700427503,0.925,0.9085,0.01650000000000007,0.18032786885245974
0.5,5,mlp,all_features,0.925,0.9249124912491249,0.9835223522352236,0.051145936514663176,0.16620193562936703,0.9286666666666666,0.9288135593220339,0.9835425395943317,0.05110748921584601,0.16540483854686977,0.8679333333333332,0.8283333333333334,0.06073333333333342,5,0.051,0.048188436415511925,0.14567920547064328,0.0055,0.007966886728379842,2.89178048383798e-05,0.0455,0.04022154968713208,0.925,0.9125,0.012500000000000067,0.14285714285714357
0.5,5,random_forest,all_features,0.909,0.908950895089509,0.9768816881688168,0.06203095839286722,0.20571436124175785,0.9203333333333333,0.920527924423451,0.9791168657960545,0.05781208889219028,0.1962446030792522,0.845,0.784,0.07533333333333336,5,0.0655,0.06510442142857141,0.14567920547064328,0.0085,0.013294673015873016,2.89178048383798e-05,0.057,0.05180974841269839,0.909,0.8935,0.01550000000000007,0.145539906103287
0.5,5,rbf_svm,all_features,0.9205,0.9204670467046705,0.9820142014201421,0.05268335037168512,0.17258571552593982,0.928,0.9281689358155043,0.9817287024173382,0.053170343885660526,0.17487630670135376,0.8544666666666666,0.8013333333333333,0.07353333333333345,5,0.056,0.053472870815344464,0.14567920547064328,0.012,0.013282304930909407,2.89178048383798e-05,0.044,0.04019056588443506,0.9205,0.911,0.009499999999999953,0.10674157303370738
0.5,6,gradient_boosting,all_features,0.9185,0.9184806956911311,0.9772226355621689,0.061873220833482026,0.21242518918782544,0.927,0.9265517241379311,0.9801641824249167,0.05640751720857182,0.19353979866910337,0.8461333333333332,0.7886666666666666,0.08086666666666686,5,0.0625,0.06184106998724092,0.15114290677337505,0.0165,0.015101546324141119,0.000531007332207234,0.046,0.0467395236630998,0.9185,0.9,0.01849999999999996,0.18499999999999964
0.5,6,logistic_regression,all_features,0.9305,0.930480887694203,0.9842017472279556,0.050707827463897556,0.16169544634670108,0.9313333333333333,0.9309677419354838,0.9849730812013348,0.04870561608268088,0.15874986909704114,0.8614666666666666,0.8083333333333333,0.06986666666666674,5,0.059,0.05408637698051611,0.15114290677337505,0.0035,0.0032509853216120704,0.000531007332207234,0.055499999999999994,0.05083539165890404,0.9305,0.9095,0.02100000000000002,0.23204419889502775
0.5,6,mlp,all_features,0.9275,0.9274288388614218,0.9839357429718876,0.05179252212690194,0.1651624947887,0.9303333333333333,0.9297552836484984,0.9845098998887654,0.04990146740493934,0.16299877517280986,0.8623333333333333,0.8086666666666666,0.06800000000000006,5,0.057,0.05204092376514165,0.15114290677337505,0.0065,0.007885796004549911,0.000531007332207234,0.0505,0.04415512776059174,0.9275,0.91,0.01749999999999996,0.19444444444444406
0.5,6,random_forest,all_features,0.923,0.9229667674682795,0.9771566345061521,0.05935250476740559,0.2005420298118786,0.9246666666666666,0.9240934371523916,0.9801670745272525,0.05709407973513199,0.19360480564719842,0.8438666666666667,0.77,0.08079999999999998,5,0.059,0.06740339444444444,0.15114290677337505,0.0055,0.012171093650793652,0.000531007332207234,0.0535,0.055232300793650796,0.923,0.904,0.019000000000000017,0.1979166666666669
0.5,6,rbf_svm,all_features,0.928,0.9279428470855534,0.9820117121873949,0.053368236149627664,0.1744875865656406,0.929,0.9283982202447163,0.982658064516129,0.050935138404244365,0.17006097272998782,0.8471333333333334,0.7843333333333333,0.08186666666666664,5,0.0605,0.057932182101740975,0.15114290677337505,0.009,0.012436133504712774,0.000531007332207234,0.0515,0.0454960485970282,0.928,0.9085,0.019500000000000073,0.2131147540983614
0.5,7,gradient_boosting,all_features,0.9205,0.9205185546718728,0.9784248931846184,0.05913382213012008,0.20589872026420084,0.926,0.9260355555713627,0.9811810126064543,0.054612845006031904,0.18625585632924269,0.8510666666666667,0.7993333333333333,0.0749333333333333,5,0.0615,0.058634147462083175,0.13008913245381648,0.021,0.016963621618900755,0.0005640883361243132,0.040499999999999994,0.04167052584318242,0.9205,0.8995,0.02100000000000002,0.20895522388059712
0.5,7,logistic_regression,all_features,0.9305,0.9305680017922581,0.9833966091117121,0.051284200029679025,0.16594303335461616,0.939,0.9389990059235575,0.9863572344402141,0.04596576368285573,0.15033933986459141,0.8623333333333333,0.8126666666666666,0.07666666666666666,5,0.052,0.05140860703136706,0.13008913245381648,0.003,0.005002479847256296,0.0005640883361243132,0.048999999999999995,0.04640612718411076,0.9305,0.909,0.021499999999999964,0.23626373626373595
0.5,7,mlp,all_features,0.931,0.9311100798514986,0.9828825350850522,0.052416861247509335,0.17439209853517174,0.9356666666666666,0.9356068756657556,0.9860655912620859,0.04722754519323003,0.16102099574941225,0.8458,0.7846666666666666,0.08986666666666665,5,0.0585,0.059167440124270235,0.13008913245381648,0.0095,0.008708356810034153,0.0005640883361243132,0.049,0.05045908331423608,0.931,0.9055,0.025500000000000078,0.2698412698412706
0.5,7,random_forest,all_features,0.9195,0.9196024227488758,0.9769376790257797,0.059346373944751604,0.20127950997141533,0.9263333333333333,0.9263285324835373,0.9823500304980518,0.053744979395453606,0.1855745018577555,0.8423999999999999,0.7806666666666666,0.08393333333333342,5,0.063,0.0665891383116883,0.13008913245381648,0.0105,0.012088161904761904,0.0005640883361243132,0.0525,0.0545009764069264,0.9195,0.901,0.01849999999999996,0.18686868686868652
0.5,7,rbf_svm,all_features,0.9295,0.9295438543150214,0.981389320062089,0.05268759739362821,0.17609523482894723,0.9356666666666666,0.9357340249781712,0.9852613496321562,0.04683838461792936,0.1562948679325797,0.8492666666666666,0.792,0.08640000000000003,5,0.058,0.05687785734730198,0.13008913245381648,0.0045,0.010882116321270367,0.0005640883361243132,0.053500000000000006,0.045995741026031614,0.9295,0.9095,0.020000000000000018,0.22099447513812168
0.5,8,gradient_boosting,all_features,0.901,0.9010016641065028,0.972572244623656,0.07077866041768038,0.23767905871704315,0.9233333333333333,0.9233432597004312,0.9784737099426641,0.0592659664242564,0.20275695632033228,0.8560000000000001,0.8103333333333333,0.06733333333333325,5,0.045,0.05002226762688407,0.15080007836180676,0.023,0.0213608118703439,0.00017043864519217244,0.022,0.028661455756540166,0.901,0.9005,0.000500000000000056,0.005025125628141264
0.5,8,logistic_regression,all_features,0.9205,0.9204589093701997,0.9807507680491552,0.05574992045411729,0.17787010808639428,0.9333333333333333,0.9333525934485978,0.9854966887417219,0.04680802095343601,0.1551053528742133,0.8695333333333333,0.8256666666666667,0.06380000000000008,5,0.0505,0.0470313190043209,0.15080007836180676,0.001,0.0006011957495949655,0.00017043864519217244,0.0495,0.04643012325472593,0.9205,0.9095,0.01100000000000001,0.12154696132596693
0.5,8,mlp,all_features,0.92,0.9199868791602662,0.980520753328213,0.056061134252514765,0.18020645105117505,0.9336666666666666,0.933665940708476,0.9851148939952887,0.04739210349710586,0.15680607129663426,0.8712666666666667,0.829,0.0623999999999999,5,0.046,0.04571121060092564,0.15080007836180676,0.0075,0.007611222234704977,0.00017043864519217244,0.0385,0.03809998836622066,0.92,0.9085,0.011500000000000066,0.1256830601092903
0.5,8,random_forest,all_features,0.905,0.9050099206349207,0.9718526985727087,0.067172786508396,0.22101415473380118,0.9266666666666666,0.9266545179785768,0.9787892795235345,0.057731222166527936,0.1966500061596671,0.8519333333333334,0.7976666666666666,0.07473333333333321,5,0.0535,0.05935590007215007,0.15080007836180676,0.011,0.013911810606060605,0.00017043864519217244,0.042499999999999996,0.045444089466089466,0.905,0.905,0.0,0.0
0.5,8,rbf_svm,all_features,0.914,0.9139944956477215,0.9773095478110599,0.06019703900801695,0.19515296458809323,0.9296666666666666,0.929639095070892,0.9836112716120716,0.049161943578207586,0.16465802665487497,0.8580666666666665,0.809,0.07160000000000011,5,0.0535,0.05097266611050364,0.15080007836180676,0.01,0.014752486814070327,0.00017043864519217244,0.0435,0.036220179296433314,0.914,0.9055,0.008500000000000063,0.08994708994709058
0.5,9,gradient_boosting,all_features,0.921,0.9207802488013762,0.9800484553239311,0.057718434748475884,0.19380693450845274,0.9193333333333333,0.9193297168125543,0.9791601101669752,0.060718085128115155,0.20173076236897908,0.8398666666666668,0.7826666666666666,0.07946666666666657,5,0.072,0.06550831046870399,0.13917616874689387,0.0165,0.01663433991884067,0.0010336083211166525,0.055499999999999994,0.048873970549863324,0.921,0.901,0.020000000000000018,0.20202020202020224
0.5,9,logistic_regression,all_features,0.933,0.9328970819727581,0.985628523193408,0.04751984847536954,0.15445698520711862,0.936,0.9359987838248708,0.9845506641845315,0.04886119131400367,0.15943253357366122,0.8556000000000001,0.802,0.08039999999999992,5,0.057,0.05499157204517375,0.13917616874689387,0.001,0.0017569856949869532,0.0010336083211166525,0.056,0.0532345863501868,0.933,0.919,0.014000000000000012,0.17283950617283975
0.5,9,mlp,all_features,0.934,0.93419502817554,0.98460077396422,0.04878547495763749,0.1637583620151536,0.9323333333333333,0.9324796103972306,0.9831086787608526,0.05120324427278958,0.17098299079959695,0.8435333333333332,0.7786666666666666,0.0888000000000001,5,0.0595,0.05923134146406153,0.13917616874689387,0.011,0.01014539665354415,0.0010336083211166525,0.0485,0.04908594481051738,0.934,0.9145,0.019500000000000073,0.22807017543859728
0.5,9,random_forest,all_features,0.924,0.9237824373968624,0.9804272314517283,0.05581496229607096,0.1903575575707679,0.9206666666666666,0.92062323641271,0.9792214523335805,0.058227494374653674,0.19578173883251193,0.8330666666666666,0.765,0.08760000000000001,5,0.0705,0.06907030533910534,0.13917616874689387,0.0045,0.012335515079365077,0.0010336083211166525,0.06599999999999999,0.056734790259740264,0.924,0.909,0.015000000000000013,0.16483516483516503
0.5,9,rbf_svm,all_features,0.9325,0.9324642664502423,0.9835930393256684,0.0503349253066662,0.1653606294543974,0.934,0.9340144980877247,0.982715288779362,0.05099535720523613,0.169347205165239,0.8436666666666668,0.7863333333333333,0.09033333333333327,5,0.0585,0.0569463942252479,0.13917616874689387,0.0085,0.01027909131248066,0.0010336083211166525,0.05,0.046667302912767245,0.9325,0.9155,0.017000000000000015,0.20118343195266286
0.7,0,gradient_boosting,all_features,0.9465,0.9464770237198701,0.9892196955831655,0.04223159789272074,0.1557973855512344,0.949,0.9489305840163934,0.9905772391564208,0.03745683003903567,0.13905991042831606,0.7546,0.6196666666666667,0.1943999999999999,5,0.0755,0.07920083786225847,0.2749826529560875,0.017,0.01573063517747258,0.0003001166577384362,0.058499999999999996,0.06347020268478588,0.9465,0.8975,0.049000000000000044,0.47804878048780514
0.7,0,logistic_regression,all_features,0.952,0.9520161939594691,0.9924200828300224,0.03345234530827437,0.11150182758679214,0.9586666666666667,0.9585788080601093,0.9929172536714481,0.03137669760289332,0.10692705746007757,0.7970666666666666,0.69,0.16160000000000008,5,0.072,0.07594066905242494,0.2749826529560875,0.0005,0.0008042877983663792,0.0003001166577384362,0.0715,0.07513638125405857,0.952,0.9105,0.04149999999999998,0.4636871508379885
0.7,0,mlp,all_features,0.9535,0.9534888721535306,0.9919070207495108,0.03422882299210959,0.11550367153491095,0.9586666666666667,0.9585627988387978,0.992584617628643,0.03180480898941218,0.10934224348376326,0.7960666666666667,0.6966666666666667,0.16259999999999997,5,0.0745,0.07475243286846807,0.2749826529560875,0.005,0.005750150439120253,0.0003001166577384362,0.06949999999999999,0.06900228242934782,0.9535,0.9045,0.049000000000000044,0.5130890052356024
0.7,0,random_forest,all_features,0.9495,0.9495433947507649,0.9883215869120164,0.041312437745056385,0.1449084561309738,0.948,0.9478899846311475,0.9891633136242031,0.038848308134237466,0.14929545064241032,0.716,0.5323333333333333,0.23199999999999998,5,0.0815,0.09450201284271284,0.2749826529560875,0.0035,0.00915634761904762,0.0003001166577384362,0.078,0.08534566522366523,0.9495,0.9075,0.04200000000000004,0.4540540540540543
0.7,0,rbf_svm,all_features,0.952,0.952005192628308,0.9904838485456738,0.03566655730831498,0.1237146526433595,0.957,0.9569832223360655,0.9914657509392076,0.03269869962125565,0.11546830831830247,0.7784666666666666,0.6593333333333333,0.17853333333333332,5,0.0745,0.07460455385920152,0.2749826529560875,0.006,0.009734112808182262,0.0003001166577384362,0.06849999999999999,0.06487044105101926,0.952,0.906,0.04599999999999993,0.48936170212765895
0.7,1,gradient_boosting,all_features,0.9455,0.9452615828364858,0.98826106870076,0.04240063241470118,0.158447664519641,0.9426666666666667,0.9426740974564347,0.9870685765521153,0.045394182208033956,0.16849863751318483,0.7584666666666666,0.6376666666666667,0.18420000000000003,5,0.0715,0.0762569451063189,0.27904122661196107,0.0115,0.017906495646653257,0.00014568650008595085,0.06,0.05835044945966565,0.9455,0.909,0.03649999999999998,0.40109890109890095
0.7,1,logistic_regression,all_features,0.9545,0.9539046754280205,0.9919031139787791,0.0344783677280865,0.11573966680824083,0.9536666666666667,0.9536155753194293,0.9918748519154199,0.0341571357447636,0.11526579712003157,0.7942666666666667,0.693,0.1594,5,0.0615,0.06896519240244049,0.27904122661196107,0.002,0.0015247968509757373,0.00014568650008595085,0.0595,0.06744039555146475,0.9545,0.9175,0.03700000000000003,0.44848484848484876
0.7,1,mlp,all_features,0.956,0.9559025888187005,0.9909490063550382,0.03655713710245181,0.12902870391282573,0.95,0.950074214546051,0.9908146441146909,0.03691469767060182,0.13055435152053252,0.7395333333333333,0.602,0.2104666666666667,5,0.07,0.0862841356521163,0.27904122661196107,0.0075,0.008556931247772445,0.00014568650008595085,0.0625,0.07772720440434386,0.956,0.919,0.03699999999999992,0.4567901234567894
0.7,1,random_forest,all_features,0.9485,0.9482211204550852,0.9867136504538526,0.04260038808743512,0.1519242129416362,0.944,0.9439516811961811,0.9867978568243819,0.04316394352342002,0.15298377498065582,0.7187333333333334,0.554,0.2252666666666665,5,0.081,0.0956647246031746,0.27904122661196107,0.004,0.010076942063492064,0.00014568650008595085,0.077,0.08558778253968254,0.9485,0.9085,0.040000000000000036,0.43715846994535545
0.7,1,rbf_svm,all_features,0.953,0.9525191147244263,0.9890828840909569,0.03743297972468051,0.13209220367182975,0.9523333333333334,0.9523006509275818,0.9898415645021981,0.03615111082169071,0.1272466721986658,0.7746666666666667,0.661,0.17766666666666664,5,0.065,0.06935960377952811,0.27904122661196107,0.0065,0.010002526189823209,0.00014568650008595085,0.0585,0.059357077589704904,0.953,0.922,0.030999999999999917,0.3974358974358966
0.7,2,gradient_boosting,all_features,0.94,0.9402037188747547,0.9877884708680809,0.0453263343512787,0.17097023422640553,0.946,0.9459963484379528,0.9902315381894012,0.0407130678377399,0.1487372682853333,0.7293333333333334,0.5793333333333334,0.21666666666666656,5,0.081,0.08701163659403094,0.2927225880118679,0.011,0.012609520099818815,0.0010306740088690258,0.07,0.07440211649421212,0.94,0.8965,0.04349999999999998,0.42028985507246347
0.7,2,logistic_regression,all_features,0.949,0.9491893157122409,0.9899070831470295,0.03845439722975407,0.13012318542524506,0.9596666666666667,0.95966703940807,0.9938502112892644,0.029752357222103457,0.10066601672281619,0.7748,0.6533333333333333,0.18486666666666662,5,0.0865,0.08544701113386242,0.2927225880118679,0.0025,0.0020186278024893435,0.0010306740088690258,0.08399999999999999,0.08342838333137308,0.949,0.9025,0.046499999999999986,0.4769230769230766
0.7,2,mlp,all_features,0.9475,0.9477143894585536,0.9897220296665736,0.03868085612839657,0.13137213482221424,0.96,0.9599981511078242,0.9937164332736592,0.02994940020382446,0.10203156465144225,0.7710666666666667,0.6496666666666666,0.1889333333333333,5,0.087,0.08592749495350341,0.2927225880118679,0.0025,0.004657069627051614,0.0010306740088690258,0.08449999999999999,0.08127042532645179,0.9475,0.897,0.05049999999999999,0.49029126213592233
0.7,2,random_forest,all_features,0.941,0.9412720276159809,0.9863405524196491,0.04517974121603559,0.15577860371863647,0.946,0.945998126218891,0.9880286453842584,0.040437553574778726,0.14375554295512416,0.7028000000000001,0.522,0.24319999999999986,5,0.097,0.1071725911976912,0.2927225880118679,0.0045,0.00951775642135642,0.0010306740088690258,0.0925,0.09765483477633477,0.941,0.8975,0.04349999999999998,0.42439024390243874
0.7,2,rbf_svm,all_features,0.95,0.9501725998813657,0.9881475746490737,0.038956580376978765,0.13958312702555384,0.9563333333333334,0.9563372557106768,0.9919528745828881,0.03239502299643399,0.11288328596090712,0.7547333333333333,0.6193333333333333,0.2016000000000001,5,0.0925,0.08839703997483761,0.2927225880118679,0.003,0.008569640847751966,0.0010306740088690258,0.0895,0.07982739912708564,0.95,0.898,0.051999999999999935,0.509803921568627
0.7,3,gradient_boosting,all_features,0.9445,0.9445360074166007,0.9883030525472564,0.04308400495356364,0.1608633668908791,0.944,0.9440784427076965,0.9873940256361797,0.045212026304121085,0.1705453043613088,0.7505333333333333,0.6176666666666667,0.19346666666666668,5,0.09,0.0901815950242572,0.30333166435143166,0.012,0.009810915280496992,0.00038766512038701517,0.078,0.0803706797437602,0.9445,0.894,0.05049999999999999,0.4764150943396226
0.7,3,logistic_regression,all_features,0.952,0.9520231138722237,0.9919913512994551,0.0339385254336158,0.1146107431352655,0.954,0.9540683260886482,0.9917964224966928,0.0341632162492554,0.11570901856485974,0.7860000000000001,0.6766666666666666,0.16799999999999982,5,0.0745,0.0803612239638293,0.30333166435143166,0.0005,0.0005128437355533779,0.00038766512038701517,0.074,0.07984838022827592,0.952,0.9085,0.04349999999999998,0.47540983606557347
0.7,3,mlp,all_features,0.9495,0.9495364124494083,0.991182285765147,0.03556849054082217,0.123153833408667,0.9523333333333334,0.9524396615935342,0.9911369523407189,0.035857875074424686,0.12328572235046265,0.7539333333333333,0.619,0.19840000000000002,5,0.087,0.08950718815499237,0.30333166435143166,0.004,0.006394996632350383,0.00038766512038701517,0.08299999999999999,0.08311219152264199,0.9495,0.906,0.04349999999999998,0.4627659574468085
0.7,3,random_forest,all_features,0.946,0.9460406292909725,0.987237466234765,0.04263975247328168,0.1655526280812187,0.945,0.9451178975219842,0.9860021567297751,0.043657175304829085,0.1549706453792986,0.7213999999999999,0.5576666666666666,0.22360000000000002,5,0.1005,0.10720939999999998,0.30333166435143166,0.005,0.008876579365079365,0.00038766512038701517,0.0955,0.09833282063492062,0.946,0.897,0.04899999999999993,0.4757281553398053
0.7,3,rbf_svm,all_features,0.95,0.9500319525881596,0.9903682198258059,0.036223013561385284,0.12464463131145732,0.9513333333333334,0.9514780269257708,0.989899389667708,0.036663767325850465,0.12766534237942365,0.7712666666666667,0.6466666666666666,0.1800666666666667,5,0.0775,0.08267411326275632,0.30333166435143166,0.0045,0.010561028762230794,0.00038766512038701517,0.073,0.07211308450052553,0.95,0.9055,0.044499999999999984,0.4708994708994706
0.7,4,gradient_boosting,all_features,0.949,0.9490175411578704,0.9911549203942835,0.037972109568690314,0.13332643854385917,0.9463333333333334,0.9464932160906823,0.9908643591709524,0.04032378272312684,0.13911050237794553,0.7525999999999999,0.628,0.19373333333333342,5,0.0835,0.08553495959090673,0.2999936169456514,0.011,0.010647975691081113,0.0007554864096686043,0.07250000000000001,0.07488698389982562,0.949,0.916,0.03299999999999992,0.39285714285714207
0.7,4,logistic_regression,all_features,0.9565,0.9565251087259785,0.9931339382054438,0.030948051993730834,0.10614938954054035,0.953,0.953181063758252,0.9937897922044192,0.032171900771375384,0.1035523456410871,0.7884,0.6853333333333333,0.16459999999999997,5,0.0675,0.07304655377664017,0.2999936169456514,0.0055,0.005392550898394406,0.0007554864096686043,0.062000000000000006,0.06765400287824576,0.9565,0.9195,0.03700000000000003,0.4596273291925469
0.7,4,mlp,all_features,0.9545,0.9545160906448158,0.9927319345874113,0.032283299344859344,0.11250926004102914,0.956,0.9561238412563441,0.9931725071557034,0.03345757124313858,0.11245040916997391,0.7533333333333332,0.6183333333333333,0.20266666666666677,5,0.071,0.08319340567652944,0.2999936169456514,0.007,0.009455376469440432,0.0007554864096686043,0.06399999999999999,0.07373802920708901,0.9545,0.9225,0.03200000000000003,0.4129032258064519
0.7,4,random_forest,all_features,0.9485,0.9485100365903293,0.989406904662142,0.03925973610202442,0.14032995284201108,0.9496666666666667,0.9498286900570856,0.9903324622557766,0.03954059064973612,0.1388970360887917,0.7155333333333334,0.5486666666666666,0.2341333333333333,5,0.0895,0.10515625180375182,0.2999936169456514,0.0025,0.010052494444444447,0.0007554864096686043,0.087,0.09510375735930737,0.9485,0.9145,0.03400000000000003,0.39766081871345055
0.7,4,rbf_svm,all_features,0.9515,0.9515250637255734,0.991418922770305,0.03272828889193915,0.11544838000773097,0.9546666666666667,0.9547727519350195,0.992874538148038,0.03359896013650588,0.11081875417057452,0.7727333333333333,0.656,0.1819333333333334,5,0.0695,0.07582006553745517,0.2999936169456514,0.009,0.010624289924536288,0.0007554864096686043,0.060500000000000005,0.06519577561291888,0.9515,0.92,0.03149999999999997,0.3937499999999999
0.7,5,gradient_boosting,all_features,0.942,0.9419341934193419,0.9877387738773877,0.045824376464901846,0.15989853457112843,0.9456666666666667,0.945768268963601,0.9890978605168101,0.04209605101150461,0.15025834513764066,0.7586,0.6353333333333333,0.1870666666666666,5,0.0825,0.08576610433663243,0.2888339083192418,0.015,0.015173670206758003,2.89178048383798e-05,0.0675,0.07059243412987443,0.942,0.892,0.04999999999999993,0.4629629629629624
0.7,5,logistic_regression,all_features,0.952,0.951955195519552,0.9923372337233722,0.03417243147334868,0.11387919497000562,0.9506666666666667,0.9508641289247013,0.9923125312586829,0.03453608780433195,0.11390187089238649,0.7964,0.6953333333333334,0.15426666666666666,5,0.0755,0.07561574785926602,0.2888339083192418,0.0015,0.001640724225558252,2.89178048383798e-05,0.074,0.07397502363370777,0.952,0.9085,0.04349999999999998,0.47540983606557347
0.7,5,mlp,all_features,0.9525,0.9524002400240024,0.9911371137113711,0.03888453398938877,0.1447632554740293,0.9463333333333334,0.9464573492636843,0.9913207001944986,0.03849606438542191,0.14127026718179908,0.7426666666666667,0.6003333333333334,0.20366666666666666,5,0.0855,0.09323561882098201,0.2888339083192418,0.004,0.00876866986150887,2.89178048383798e-05,0.0815,0.08446694895947314,0.9525,0.9125,0.040000000000000036,0.4571428571428574
0.7,5,random_forest,all_features,0.935,0.934933493349335,0.9868301830183018,0.04569200611489849,0.15682633184278102,0.9453333333333334,0.945540427896638,0.9879793275909976,0.042604662706307174,0.14899053833137665,0.7112,0.547,0.2341333333333333,5,0.0935,0.10004085375180376,0.2888339083192418,0.0075,0.009270746464646467,2.89178048383798e-05,0.086,0.09077010728715729,0.935,0.8935,0.04150000000000009,0.38967136150234816
0.7,5,rbf_svm,all_features,0.9515,0.9514101410141014,0.9914681468146815,0.034823256213103886,0.11863571757278515,0.9513333333333334,0.9514642956376771,0.9907841066963045,0.03642627046412461,0.12342010217525229,0.7821333333333333,0.673,0.16920000000000002,5,0.0775,0.07727622878069923,0.2888339083192418,0.005,0.009428233792228777,2.89178048383798e-05,0.0725,0.06784799498847045,0.9515,0.911,0.04049999999999998,0.45505617977528084
0.7,6,gradient_boosting,all_features,0.9445,0.9444731115697851,0.9896828349253588,0.04368904181697488,0.15504949724240008,0.9513333333333334,0.9509899888765294,0.9909735261401558,0.038066335426066106,0.13808769533928592,0.7364,0.612,0.2149333333333333,5,0.084,0.08580170396791888,0.2919184562805339,0.0065,0.010115165348060486,0.000531007332207234,0.0775,0.07568653861985838,0.9445,0.9,0.044499999999999984,0.44499999999999995
0.7,6,logistic_regression,all_features,0.9495,0.9494731915710651,0.9927508840141444,0.034170002189485446,0.11133603510477152,0.9543333333333334,0.9540266963292547,0.9935385984427142,0.0314319595990855,0.10477143814831932,0.7888666666666667,0.6766666666666666,0.16546666666666665,5,0.0735,0.0770093002051014,0.2919184562805339,0.004,0.0021448214458289626,0.000531007332207234,0.06949999999999999,0.07486447875927243,0.9495,0.9095,0.040000000000000036,0.44198895027624335
0.7,6,mlp,all_features,0.9455,0.9454731275700412,0.9915098641578266,0.03755769138721029,0.13378506062339224,0.9513333333333334,0.951078976640712,0.9924213570634038,0.03494256267672263,0.12731433994098976,0.7209999999999999,0.5546666666666666,0.2303333333333335,5,0.086,0.09539485022532453,0.2919184562805339,0.003,0.008458259031636104,0.000531007332207234,0.08299999999999999,0.08693659119368842,0.9455,0.91,0.035499999999999976,0.3944444444444443
0.7,6,random_forest,all_features,0.9435,0.943461095377526,0.9873387974207587,0.04350816847980474,0.1498611966197122,0.948,0.9476751946607341,0.9902218020022248,0.038746455509484336,0.13752996511679863,0.7181333333333334,0.552,0.22986666666666655,5,0.092,0.09962536558441558,0.2919184562805339,0.002,0.008824069047619046,0.000531007332207234,0.09,0.09080129653679653,0.9435,0.904,0.03949999999999998,0.4114583333333332
0.7,6,rbf_svm,all_features,0.948,0.9479751676026817,0.9916988671818748,0.036075774594061784,0.11979694852963683,0.9546666666666667,0.9543270300333704,0.9923773081201335,0.032837121960035534,0.11236478490809512,0.7694000000000001,0.647,0.18526666666666658,5,0.0775,0.07722540292237472,0.2919184562805339,0.0045,0.00816952118401327,0.000531007332207234,0.073,0.06905588173836144,0.948,0.9085,0.03949999999999998,0.4316939890710379
0.7,7,gradient_boosting,all_features,0.943,0.9430277960026243,0.9884863420332528,0.04263666692265059,0.1592538385898605,0.95,0.950146799660698,0.9908848169494479,0.03835307364448787,0.13687159588684167,0.7697333333333334,0.6436666666666667,0.18026666666666658,5,0.081,0.08044363986242781,0.27257392394589797,0.006,0.010913529726138056,0.0005640883361243132,0.075,0.06953011013628975,0.943,0.8995,0.04349999999999998,0.4328358208955221
0.7,7,logistic_regression,all_features,0.954,0.9540293802307531,0.9913627562368982,0.03534842851649026,0.11953570900116178,0.957,0.9570275336056522,0.9941017834691667,0.03012997448543402,0.10031487907642093,0.7932,0.687,0.16379999999999995,5,0.074,0.07513493487689703,0.27257392394589797,0.003,0.003940233514056603,0.0005640883361243132,0.071,0.07119470136284042,0.954,0.909,0.04499999999999993,0.4945054945054939
0.7,7,mlp,all_features,0.9495,0.9496067433710454,0.9890094173560994,0.05309584910128586,0.21126773978957505,0.9503333333333334,0.9503241862888583,0.9917579681717706,0.05120466888439914,0.2079050900319707,0.7250666666666666,0.56,0.22526666666666673,5,0.09,0.0913985044244607,0.27257392394589797,0.009,0.010049509619449854,0.0005640883361243132,0.081,0.08134899480501084,0.9495,0.9055,0.04400000000000004,0.46560846560846586
0.7,7,random_forest,all_features,0.9415,0.9415815877486358,0.9864775527675985,0.043386198065051576,0.15389423884356132,0.949,0.9490482473845476,0.99040111606865,0.038721040861332476,0.138442662164021,0.7367333333333334,0.5803333333333334,0.2122666666666666,5,0.0865,0.0967325940836941,0.27257392394589797,0.006,0.009854698340548338,0.0005640883361243132,0.08049999999999999,0.08687789574314576,0.9415,0.901,0.04049999999999998,0.409090909090909
0.7,7,rbf_svm,all_features,0.955,0.9550415259797411,0.9896845145700981,0.03668905077407819,0.1301550976384991,0.956,0.9560676896703187,0.9933628948075067,0.03080126073673935,0.10452352627092912,0.7801333333333333,0.6646666666666666,0.17586666666666662,5,0.075,0.07685724911794752,0.27257392394589797,0.0025,0.008070323970191168,0.0005640883361243132,0.0725,0.06878692514775635,0.955,0.9095,0.045499999999999985,0.5027624309392262
0.7,8,gradient_boosting,all_features,0.9325,0.9324756784434204,0.9840619799667178,0.05247049737311124,0.19104238537203724,0.949,0.9489999555535802,0.989049735543802,0.04067007750207088,0.15092457939814422,0.7694666666666666,0.644,0.17953333333333332,5,0.0745,0.07715809285032134,0.2941566225267024,0.0145,0.014910568812052208,0.00017043864519217244,0.06,0.06224752403826913,0.9325,0.9005,0.03200000000000003,0.3216080402010052
0.7,8,logistic_regression,all_features,0.948,0.9480046722990272,0.9900393625192012,0.03873472128907396,0.12791042132471778,0.96,0.9600071114271745,0.9932521445397573,0.03079212900732269,0.10542705199695049,0.7993333333333335,0.7036666666666667,0.1606666666666665,5,0.0745,0.07249768264305541,0.2941566225267024,0.0005,0.0014581324532469211,0.00017043864519217244,0.074,0.07103955018980848,0.948,0.9095,0.03849999999999998,0.4254143646408836
0.7,8,mlp,all_features,0.9475,0.9475406426011265,0.989890352982591,0.03933650351185382,0.13031111756936664,0.9586666666666667,0.9586292724121072,0.9930948042135206,0.03149015899080968,0.10688636332231358,0.8033333333333333,0.7096666666666667,0.15533333333333332,5,0.068,0.07077821988027798,0.2941566225267024,0.001,0.005159499214812802,0.00017043864519217244,0.067,0.06561872066546517,0.9475,0.9085,0.039000000000000035,0.42622950819672156
0.7,8,random_forest,all_features,0.934,0.9339797747055811,0.9835634480606759,0.05001956606136209,0.16999065425754714,0.9476666666666667,0.9476487843904173,0.9890032890350683,0.04016746647420901,0.14313948842392668,0.7414000000000001,0.5873333333333334,0.2062666666666666,5,0.0875,0.09595687936507936,0.2941566225267024,0.0085,0.00988400873015873,0.00017043864519217244,0.07899999999999999,0.08607287063492064,0.934,0.905,0.029000000000000026,0.3052631578947372
0.7,8,rbf_svm,all_features,0.9465,0.9464845750128008,0.988021233358935,0.04125266113001079,0.14015003913772356,0.9563333333333334,0.9563380594693097,0.9921400951153384,0.03227663610497053,0.1121293705186085,0.7806,0.6703333333333333,0.1757333333333334,5,0.077,0.07663624698923266,0.2941566225267024,0.0075,0.010141802535170837,0.00017043864519217244,0.0695,0.06649444445406183,0.9465,0.9055,0.041000000000000036,0.4338624338624341
0.7,9,gradient_boosting,all_features,0.948,0.9482322613185012,0.9900407396992407,0.041892137810695784,0.14990856989558138,0.952,0.9520170904610263,0.9899714447769369,0.039473711830832724,0.14730907085758824,0.7544666666666667,0.6136666666666667,0.19753333333333323,5,0.0805,0.08114998188389237,0.27865519774331315,0.01,0.010577023588442853,0.0010336083211166525,0.07050000000000001,0.07057295829544952,0.948,0.901,0.04699999999999993,0.47474747474747414
0.7,9,logistic_regression,all_features,0.9555,0.9554810456823024,0.9934732419934131,0.03104814355087231,0.10373681839728124,0.958,0.9580419580419581,0.9927118393937616,0.032522880644132356,0.10923230095896821,0.7804,0.6636666666666666,0.17759999999999998,5,0.067,0.07611672471543582,0.27865519774331315,0.0005,0.001011261807697383,0.0010336083211166525,0.0665,0.07510546290773844,0.9555,0.919,0.03649999999999998,0.45061728395061723
0.7,9,mlp,all_features,0.9545,0.9545073358478331,0.9931249881163369,0.03171074994562151,0.10603157988293861,0.9566666666666667,0.9566924303766409,0.9922904453796902,0.03299093860999632,0.11256237446387206,0.7810666666666667,0.6653333333333333,0.17559999999999998,5,0.07,0.07501669137141063,0.27865519774331315,0.0085,0.005922900896039202,0.0010336083211166525,0.061500000000000006,0.06909379047537144,0.9545,0.9145,0.040000000000000036,0.4678362573099418
0.7,9,random_forest,all_features,0.9495,0.9496658063728458,0.9896114267300863,0.03937524417086546,0.13865950643216404,0.949,0.9490446624313902,0.9896033917773048,0.04014232254580667,0.14113811042199922,0.7209333333333333,0.542,0.22806666666666664,5,0.086,0.09888649603174603,0.27865519774331315,0.005,0.008291911904761905,0.0010336083211166525,0.08099999999999999,0.09059458412698412,0.9495,0.909,0.04049999999999998,0.445054945054945
0.7,9,rbf_svm,all_features,0.9505,0.950693555602034,0.992277370202878,0.03345072416230074,0.11317830160437367,0.9553333333333334,0.9553909096243192,0.9920472992555374,0.03349524635549189,0.11436725452658593,0.7614,0.626,0.1939333333333334,5,0.073,0.07861964701685681,0.27865519774331315,0.0065,0.007334340928047741,0.0010336083211166525,0.06649999999999999,0.07128530608880906,0.9505,0.9155,0.03500000000000003,0.41420118343195295
0.9,0,gradient_boosting,all_features,0.992,0.99202103454518,0.9998139774912763,0.005628342540907554,0.022181263074957356,0.99,0.9899622182377049,0.999297817765255,0.0073270112913285555,0.03844072308645644,0.4546666666666666,0.08966666666666667,0.5353333333333334,5,0.097,0.09974284691867262,0.46730000314379294,0.001,0.0012907137443177446,0.0003001166577384362,0.096,0.09845213317435487,0.992,0.8975,0.09450000000000003,0.921951219512195
0.9,0,logistic_regression,all_features,0.994,0.9939992739121434,0.9998239787014229,0.0050704067567920764,0.019235950936244365,0.9926666666666667,0.9926624402322404,0.9996789261725865,0.005606033698572514,0.021420716886798422,0.5531999999999999,0.239,0.4394666666666668,5,0.0875,0.10228845570727214,0.46730000314379294,0.0,0.0004441185104853748,0.0003001166577384362,0.0875,0.10184433719678677,0.994,0.9105,0.08350000000000002,0.9329608938547486
0.9,0,mlp,all_features,0.9945,0.9945048350850453,0.9997769730137346,0.0051739644759200305,0.022049854505785393,0.9923333333333333,0.9923369193989071,0.9996242279997724,0.006006378320298981,0.024317113151442426,0.5423333333333333,0.21866666666666668,0.44999999999999996,5,0.092,0.10455571105730214,0.46730000314379294,0.001,0.0019454679063288106,0.0003001166577384362,0.091,0.10261024315097333,0.9945,0.9045,0.09000000000000008,0.9424083769633513
0.9,0,random_forest,all_features,0.989,0.9889986688389295,0.9995889502629819,0.007510875145981357,0.029103544265402494,0.989,0.9889696465163935,0.9991793050574909,0.008032325256413874,0.032323143305040505,0.4126666666666667,0.04733333333333333,0.5763333333333334,5,0.095,0.1100401484126984,0.46730000314379294,0.0005,0.002161769841269842,0.0003001166577384362,0.0945,0.10787837857142855,0.989,0.9075,0.08150000000000002,0.881081081081081
0.9,0,rbf_svm,all_features,0.994,0.9940102752433044,0.9998079767651886,0.005085672430110256,0.01821444691096776,0.9926666666666667,0.9926624402322404,0.9993814214765484,0.005826101851733708,0.024160169090206695,0.5536666666666666,0.243,0.43900000000000006,5,0.0875,0.09605699696112717,0.46730000314379294,0.0005,0.0024853927500385555,0.0003001166577384362,0.087,0.09357160421108861,0.994,0.906,0.08799999999999997,0.9361702127659574
0.9,1,gradient_boosting,all_features,0.9865,0.9865407685577441,0.9993495631850758,0.010990516983543735,0.055058199524557885,0.9873333333333333,0.9872841743648422,0.9992016212955517,0.010773968038569781,0.048131363951417316,0.4366666666666667,0.08633333333333333,0.5506666666666666,5,0.0935,0.09500463330544555,0.4670111406690559,0.0045,0.004809938330117313,0.00014568650008595085,0.089,0.09019469497532824,0.9865,0.909,0.07750000000000001,0.8516483516483521
0.9,1,logistic_regression,all_features,0.99,0.9899307570423065,0.9997404266023646,0.006716435305048434,0.022664662535595553,0.992,0.9919797613665612,0.9997257240196855,0.005569484942818857,0.021387464500539386,0.533,0.223,0.45899999999999996,5,0.081,0.09743779440747295,0.4670111406690559,0.001,0.001638401045582558,0.00014568650008595085,0.08,0.09579939336189039,0.99,0.9175,0.07250000000000001,0.8787878787878787
0.9,1,mlp,all_features,0.9905,0.9905025200668276,0.9997103601856501,0.00704750726321896,0.02534668050289853,0.9923333333333333,0.992308492464523,0.9997341701195657,0.005912358875482897,0.023584644592265874,0.5820666666666666,0.31166666666666665,0.41026666666666667,5,0.0785,0.09545197230695686,0.4670111406690559,0.0015,0.0027737185642252886,0.00014568650008595085,0.077,0.09267825374273157,0.9905,0.919,0.07150000000000001,0.8827160493827165
0.9,1,random_forest,all_features,0.9875,0.9874487743425227,0.9990659366540688,0.009529376685138575,0.036859709796102605,0.9866666666666667,0.9866173770058931,0.9991411650016737,0.009420163580904509,0.03530572668090235,0.3992,0.048666666666666664,0.5874666666666667,5,0.0885,0.10688752063492063,0.4670111406690559,0.0,0.0024386404761904783,0.00014568650008595085,0.0885,0.10444888015873015,0.9875,0.9085,0.07900000000000007,0.863387978142077
0.9,1,rbf_svm,all_features,0.9895,0.9895003061763434,0.999592098946573,0.007692266623896615,0.026491185016347812,0.991,0.9909655625835998,0.9993603190669816,0.0062203642908498545,0.02392964540372957,0.5256666666666667,0.21266666666666667,0.46533333333333327,5,0.0865,0.09244028950210721,0.4670111406690559,0.002,0.00275797793448921,0.00014568650008595085,0.08449999999999999,0.089682311567618,0.9895,0.922,0.0675,0.8653846153846159
0.9,2,gradient_boosting,all_features,0.988,0.9880985604839798,0.9993808210572855,0.010618605281090671,0.053319765261040555,0.9886666666666667,0.9886666465184827,0.9995991103984184,0.009077274847712693,0.04273495453320533,0.4385333333333333,0.089,0.5501333333333334,5,0.1125,0.11771018361837769,0.4773492914163757,0.0005,0.0014493231594115323,0.0010306740088690258,0.112,0.11626086045896616,0.988,0.8965,0.09150000000000003,0.8840579710144927
0.9,2,logistic_regression,all_features,0.9915,0.9915740649047575,0.9997629314871997,0.006317786869674989,0.023423568903379665,0.995,0.9949968799944533,0.9998533330725922,0.004525100498867666,0.01762381087606957,0.5296000000000001,0.22066666666666668,0.4653999999999999,5,0.095,0.11166935934345369,0.4773492914163757,0.001,0.001337321313068611,0.0010306740088690258,0.094,0.11033203803038508,0.9915,0.9025,0.08900000000000008,0.9128205128205134
0.9,2,mlp,all_features,0.9905,0.9905907807356327,0.999722919923858,0.006954106920492388,0.024454522832050074,0.9953333333333333,0.9953297694751457,0.9998422219417279,0.004343349123815894,0.01642385885916784,0.5539333333333334,0.26066666666666666,0.4413999999999999,5,0.0945,0.10528711702341428,0.4773492914163757,0.0015,0.0017061851476035002,0.0010306740088690258,0.093,0.10358093187581079,0.9905,0.897,0.09350000000000003,0.9077669902912626
0.9,2,random_forest,all_features,0.9895,0.9895734867376672,0.9991752616506171,0.009168498902456537,0.034938618414450714,0.9903333333333333,0.9903346494838213,0.9994857768636033,0.008474706151712438,0.03144454945252758,0.4082,0.06,0.5821333333333333,5,0.111,0.12229555952380954,0.4773492914163757,0.0,0.0020713642857142864,0.0010306740088690258,0.111,0.12022419523809524,0.9895,0.8975,0.09200000000000008,0.8975609756097566
0.9,2,rbf_svm,all_features,0.992,0.9920827119037401,0.9995568719359895,0.006760811323794533,0.025974333088809285,0.9926666666666667,0.9926657647391373,0.9997351106401967,0.005008978559457769,0.01861179478553172,0.5264,0.217,0.4662666666666667,5,0.096,0.10524441101794471,0.4773492914163757,0.002,0.002013403418252278,0.0010306740088690258,0.094,0.10323100759969243,0.992,0.898,0.09399999999999997,0.9215686274509803
0.9,3,gradient_boosting,all_features,0.9875,0.9875124885115695,0.9987648999568965,0.010392921589610917,0.05234287003521131,0.989,0.9890017898633701,0.9991577636713321,0.00978814006433635,0.04545966978106488,0.44853333333333334,0.106,0.5404666666666667,5,0.1035,0.1047004682791361,0.4871723101959943,0.0025,0.002371310299446771,0.00038766512038701517,0.10099999999999999,0.10232915797968932,0.9875,0.894,0.09350000000000003,0.8820754716981136
0.9,3,logistic_regression,all_features,0.992,0.9919903512184487,0.9997579803964121,0.006042722275138132,0.021291887289717124,0.9923333333333333,0.9923525030294271,0.999727851830441,0.005695848301086836,0.021484649647517954,0.5472666666666667,0.25366666666666665,0.4450666666666666,5,0.091,0.10516036266730487,0.4871723101959943,0.0,5.251112879196019e-06,0.00038766512038701517,0.091,0.10515511155442568,0.992,0.9085,0.08350000000000002,0.9125683060109289
0.9,3,mlp,all_features,0.9905,0.9905127315312541,0.9996449712426707,0.012443748390285598,0.0733899784275707,0.9906666666666667,0.9906927104757034,0.9996620382208091,0.012278116407839124,0.07245382473137896,0.5925999999999999,0.3363333333333333,0.3980666666666668,5,0.0955,0.1163157134586142,0.4871723101959943,0.0015,0.007566441372915206,0.00038766512038701517,0.094,0.108749272085699,0.9905,0.906,0.08450000000000002,0.8989361702127664
0.9,3,random_forest,all_features,0.9865,0.9865034067759488,0.9993659486418399,0.009049475390318721,0.03419656903937315,0.9866666666666667,0.9866594034529911,0.9989098509188336,0.009561282034773662,0.04611731103670605,0.4014666666666667,0.04733333333333333,0.5851999999999999,5,0.098,0.11531092142857143,0.4871723101959943,0.001,0.0021405714285714283,0.00038766512038701517,0.097,0.11317035,0.9865,0.897,0.08950000000000002,0.8689320388349518
0.9,3,rbf_svm,all_features,0.9925,0.992494892086259,0.9996389707566312,0.006336949088905699,0.023305447570656276,0.9926666666666667,0.9926626718991451,0.999488610465698,0.006100119295928653,0.02423704147923114,0.5407333333333334,0.24,0.4519333333333333,5,0.088,0.09832089629624885,0.4871723101959943,0.001,0.001970738617251308,0.00038766512038701517,0.087,0.09635015767899754,0.9925,0.9055,0.08700000000000008,0.9206349206349211
0.9,4,gradient_boosting,all_features,0.993,0.993011937107434,0.9997829980469825,0.005615569850272259,0.026797293685259245,0.9916666666666667,0.9916866646861364,0.9996562238165293,0.006597633145320706,0.030383758075719774,0.4592666666666666,0.11466666666666667,0.5324000000000001,5,0.0845,0.08712490511897568,0.4832341530334905,0.002,0.0011752751836254765,0.0007554864096686043,0.0825,0.0859496299353502,0.993,0.916,0.07699999999999996,0.9166666666666665
0.9,4,logistic_regression,all_features,0.994,0.9940059460535144,0.9998489986409878,0.0047355405779982915,0.018207335277351674,0.9946666666666667,0.9946801413885178,0.9999012699705945,0.004196707755583017,0.016725620589797135,0.5449333333333334,0.253,0.4497333333333333,5,0.08,0.09509925658697153,0.4832341530334905,0.0005,0.0012387247048069184,0.0007554864096686043,0.0795,0.09386053188216462,0.994,0.9195,0.07450000000000001,0.9254658385093167
0.9,4,mlp,all_features,0.994,0.9940059460535144,0.9997839980559825,0.006170229788964528,0.03034280959140971,0.9963333333333333,0.9963056290348117,0.999916835515771,0.005017064220130062,0.02788659705015192,0.579,0.31566666666666665,0.41733333333333333,5,0.078,0.10090304994277122,0.4832341530334905,0.0005,0.003421994230932824,0.0007554864096686043,0.0775,0.09748105571183839,0.994,0.9225,0.07150000000000001,0.9225806451612902
0.9,4,random_forest,all_features,0.9915,0.9915104235938124,0.9997469977229795,0.006516519715941043,0.026526771835819588,0.9893333333333333,0.9893433830422724,0.9993384643299967,0.008058477163843118,0.03180335010623428,0.40953333333333325,0.057,0.5798000000000001,5,0.084,0.10689151428571429,0.4832341530334905,0.0005,0.0019407809523809532,0.0007554864096686043,0.0835,0.10495073333333334,0.9915,0.9145,0.07700000000000007,0.900584795321638
0.9,4,rbf_svm,all_features,0.9935,0.9935044415399739,0.9996449968049712,0.004961319342152518,0.020984612971252908,0.9943333333333333,0.994355043859259,0.9998879280747288,0.004055847810205254,0.01429753278827467,0.5555333333333332,0.27,0.4388000000000001,5,0.0795,0.08839261346968454,0.4832341530334905,0.0,0.0017703094647095474,0.0007554864096686043,0.0795,0.08662230400497499,0.9935,0.92,0.07350000000000001,0.9187500000000006
0.9,5,gradient_boosting,all_features,0.9895,0.9894039403940393,0.9996429642964296,0.00853350755244503,0.03921019716930252,0.992,0.9920200055570991,0.999480744651292,0.007132689423632788,0.03707508102563378,0.44993333333333335,0.09733333333333333,0.5420666666666667,5,0.098,0.10037726262222527,0.4790248635474672,0.004,0.0028044330246531435,2.89178048383798e-05,0.094,0.09757282959757212,0.9895,0.892,0.09750000000000003,0.9027777777777782
0.9,5,logistic_regression,all_features,0.9945,0.9944644464446445,0.9998819881988199,0.004873477151759249,0.019289412662392893,0.9926666666666667,0.9926757432620172,0.9998043901083634,0.005415323073898529,0.020322369384636246,0.5465333333333333,0.24933333333333332,0.4461333333333334,5,0.09,0.1029746896358335,0.4790248635474672,0.0,0.000967677216291648,2.89178048383798e-05,0.09,0.10200701241954185,0.9945,0.9085,0.08600000000000008,0.9398907103825143
0.9,5,mlp,all_features,0.993,0.9929492949294929,0.9998129812981298,0.0058833915812756335,0.021835540522348994,0.9926666666666667,0.9926535148652403,0.9997572659071964,0.005657543394608339,0.02031861381962084,0.5744666666666667,0.3016666666666667,0.4182,5,0.0885,0.0993191398857677,0.4790248635474672,0.001,0.002846715714004894,2.89178048383798e-05,0.0875,0.0964724241717628,0.993,0.9125,0.08050000000000002,0.9199999999999999
0.9,5,random_forest,all_features,0.9875,0.9874237423742374,0.9994829482948295,0.009023667216737379,0.035033692562273754,0.9876666666666667,0.9877021394831897,0.9988888024451236,0.009110819763833428,0.04603683971990842,0.4076666666666666,0.05366666666666667,0.5800000000000001,5,0.098,0.11169649653679654,0.4790248635474672,0.0,0.002013392063492064,2.89178048383798e-05,0.098,0.10968310447330448,0.9875,0.8935,0.09400000000000008,0.8826291079812211
0.9,5,rbf_svm,all_features,0.9935,0.9934543454345435,0.9998169816981698,0.00530426809363089,0.0200973490189811,0.9923333333333333,0.9923367602111698,0.999675020839122,0.005527389808973582,0.020804672689604214,0.5511333333333334,0.257,0.4411999999999999,5,0.0915,0.09813647721391754,0.4790248635474672,0.001,0.002880695533541573,2.89178048383798e-05,0.0905,0.09525578168037596,0.9935,0.911,0.08250000000000002,0.926966292134832
0.9,6,gradient_boosting,all_features,0.993,0.9930078881262101,0.9996139938239011,0.005872456591001345,0.02942572676964404,0.9916666666666667,0.9917130144605117,0.9996213570634037,0.006528378670999926,0.03391937819858161,0.4382,0.078,0.5534666666666668,5,0.097,0.09866602027098433,0.47994945246426013,0.0005,0.0013100374779201171,0.000531007332207234,0.0965,0.0973559827930642,0.993,0.9,0.09299999999999997,0.9299999999999999
0.9,6,logistic_regression,all_features,0.994,0.9939999039984639,0.9998739979839678,0.004360668549986268,0.01761242677425699,0.995,0.9950055617352613,0.9998923248053392,0.003803619919494405,0.015830757699480127,0.5551333333333334,0.26866666666666666,0.43986666666666663,5,0.088,0.10025064937397742,0.47994945246426013,0.0,0.00025850392176978945,0.000531007332207234,0.088,0.09999214545220762,0.994,0.9095,0.08450000000000002,0.9337016574585635
0.9,6,mlp,all_features,0.9935,0.9935058960943375,0.9998209971359542,0.016471728120521164,0.10037335554704611,0.9943333333333333,0.9942936596218019,0.9997953281423805,0.015897964273323663,0.09806669346202068,0.6139333333333333,0.36766666666666664,0.38039999999999996,5,0.084,0.10633085272672775,0.47994945246426013,0.003,0.010404356605565813,0.000531007332207234,0.081,0.09592649612116194,0.9935,0.91,0.08350000000000002,0.9277777777777783
0.9,6,random_forest,all_features,0.9935,0.9935058960943375,0.9997429958879341,0.00617559139887755,0.02619864183504238,0.9943333333333333,0.9943604004449388,0.9996418242491657,0.006206579382539683,0.02636799743380228,0.41,0.052,0.5843333333333334,5,0.0985,0.11222917460317461,0.47994945246426013,0.0,0.0018365523809523812,0.000531007332207234,0.0985,0.11039262222222222,0.9935,0.904,0.08950000000000002,0.9322916666666672
0.9,6,rbf_svm,all_features,0.994,0.9939999039984639,0.9998159970559529,0.004218758711330436,0.015528791833008081,0.9953333333333333,0.9953058954393771,0.9998700778642937,0.00377573373666556,0.014228013643000435,0.5581333333333334,0.2723333333333333,0.4371999999999999,5,0.0895,0.09485224516946497,0.47994945246426013,0.0015,0.0016948502280347696,0.000531007332207234,0.088,0.0931573949414302,0.994,0.9085,0.08550000000000002,0.9344262295081966
0.9,7,gradient_boosting,all_features,0.9885,0.9885163463538749,0.9996089436878912,0.009457952777968522,0.03750169073365842,0.9926666666666667,0.9926760217736529,0.9992455511077994,0.006156206737405598,0.029793721478755624,0.4556000000000001,0.103,0.5370666666666666,5,0.099,0.09998029389684941,0.47046705517793375,0.003,0.002406864133495837,0.0005640883361243132,0.096,0.09757342976335358,0.9885,0.8995,0.08900000000000008,0.8855721393034831
0.9,7,logistic_regression,all_features,0.9915,0.9915167784160919,0.9996839544894465,0.006971155617847063,0.024521830836931324,0.9956666666666667,0.995682702892069,0.9998844097159858,0.003764514645099273,0.016174385565616012,0.5647333333333334,0.28,0.4309333333333333,5,0.0875,0.09981712884868332,0.47046705517793375,0.0,0.00013257342928485805,0.0005640883361243132,0.0875,0.09968455541939847,0.9915,0.909,0.08250000000000002,0.906593406593407
0.9,7,mlp,all_features,0.986,0.9860339888944007,0.9992828967371301,0.0264920605112296,0.14177009171147928,0.9913333333333333,0.9912960516137292,0.999743923063107,0.025181309357161452,0.13964882676246282,0.6210666666666667,0.39,0.37026666666666663,5,0.088,0.10449164907012777,0.47046705517793375,0.0035,0.010218431787699125,0.0005640883361243132,0.08449999999999999,0.09427321728242864,0.986,0.9055,0.08050000000000002,0.8518518518518517
0.9,7,random_forest,all_features,0.988,0.9879982717511322,0.9994549215086972,0.009280790102087428,0.03548593570221776,0.9916666666666667,0.9916583826963123,0.9996141062825987,0.007018858433167045,0.02993069079440002,0.4129333333333333,0.06366666666666666,0.5787333333333333,5,0.1045,0.11418916984126984,0.47046705517793375,0.001,0.002531919047619048,0.0005640883361243132,0.1035,0.1116572507936508,0.988,0.901,0.08699999999999997,0.8787878787878787
0.9,7,rbf_svm,all_features,0.991,0.9909987038133492,0.9996589508889281,0.006996024255829768,0.024365583076122743,0.9963333333333333,0.9963380108868265,0.9997932712228207,0.003926264429733096,0.016091666222790353,0.5618000000000001,0.278,0.4345333333333332,5,0.0885,0.0944664649359365,0.47046705517793375,0.002,0.002433364240705082,0.0005640883361243132,0.0865,0.0920331006952314,0.991,0.9095,0.08150000000000002,0.9005524861878452
0.9,8,gradient_boosting,all_features,0.9885,0.9885112647209422,0.9989899353558628,0.009673195590793871,0.052121250325100676,0.9933333333333333,0.9933197030979155,0.999678207920352,0.006164303110681826,0.03230527740130881,0.4566666666666667,0.11533333333333333,0.5366666666666666,5,0.0945,0.09719338933383048,0.48451646400319925,0.0025,0.0023108590654210663,0.00017043864519217244,0.092,0.09488253026840941,0.9885,0.9005,0.08800000000000008,0.8844221105527643
0.9,8,logistic_regression,all_features,0.9915,0.9915114567332309,0.9996539778545827,0.006476441153275239,0.024509680284091544,0.9946666666666667,0.9946664296190941,0.9998471043157473,0.004200596254794237,0.016941096598182277,0.5644,0.29233333333333333,0.4302666666666667,5,0.093,0.1022629015714981,0.48451646400319925,0.0005,0.0016131944864127697,0.00017043864519217244,0.0925,0.10064970708508533,0.9915,0.9095,0.08200000000000007,0.9060773480662989
0.9,8,mlp,all_features,0.9875,0.9875112007168458,0.9991349446364568,0.03122047281304208,0.158435603233954,0.987,0.9869794213076136,0.9994630872483221,0.02875475694759045,0.15139721133704143,0.6220666666666668,0.394,0.3649333333333332,5,0.095,0.09886639182677827,0.48451646400319925,0.006,0.011809775894333284,0.00017043864519217244,0.089,0.08705661593244499,0.9875,0.9085,0.07900000000000007,0.863387978142077
0.9,8,random_forest,all_features,0.9855,0.9855270737327189,0.999137444796467,0.010069347988392239,0.039116755589620654,0.994,0.9939908440375128,0.9995619805324681,0.005922520526897652,0.027281838079860347,0.41559999999999997,0.07233333333333333,0.5784,5,0.101,0.11089393326118327,0.48451646400319925,0.0,0.002304157142857143,0.00017043864519217244,0.101,0.10858977611832613,0.9855,0.905,0.08050000000000002,0.847368421052632
0.9,8,rbf_svm,all_features,0.992,0.9920154889912954,0.9993019553251408,0.006894538326146327,0.027966007215390627,0.9946666666666667,0.9946619849771101,0.9998088803946843,0.00399915714662228,0.01589129872345767,0.557,0.2806666666666667,0.43766666666666665,5,0.0925,0.09921619530419092,0.48451646400319925,0.001,0.0022334353326064,0.00017043864519217244,0.0915,0.09698275997158451,0.992,0.9055,0.08650000000000002,0.9153439153439153
0.9,9,gradient_boosting,all_features,0.993,0.9930759523692771,0.9997308037559381,0.006144470295368283,0.024980421531570422,0.992,0.992006848986254,0.9996479493047,0.006562221822685399,0.030094837291146963,0.44880000000000003,0.088,0.5431999999999999,5,0.083,0.08861164105900915,0.468083670991399,0.001,0.0014180256407575794,0.0010336083211166525,0.082,0.08719361541825157,0.993,0.901,0.09199999999999997,0.9292929292929292
0.9,9,logistic_regression,all_features,0.9955,0.9955372466528098,0.9998639007836713,0.003850925966658324,0.015970879648985237,0.994,0.9939911347234002,0.999725293775637,0.004486064358665594,0.018811178144685296,0.5546,0.25633333333333336,0.4394,5,0.0795,0.09649845169626521,0.468083670991399,0.0,0.00013357404320360906,0.0010336083211166525,0.0795,0.0963648776530616,0.9955,0.919,0.07650000000000001,0.9444444444444451
0.9,9,mlp,all_features,0.993,0.9930489326719179,0.9997898467983161,0.007075714583409129,0.041829033239027535,0.9943333333333333,0.9943285166397294,0.9996906221162515,0.007450133306477454,0.04340601816102937,0.5980666666666666,0.3283333333333333,0.39626666666666666,5,0.0825,0.1050271507558789,0.468083670991399,0.002,0.003980231895834579,0.0010336083211166525,0.0805,0.10104691886004433,0.993,0.9145,0.07850000000000001,0.9181286549707601
0.9,9,random_forest,all_features,0.992,0.9920752228374485,0.9995876994328866,0.006855879119338624,0.027659747573358977,0.9913333333333333,0.9913240840014296,0.999587496155002,0.007218461093528177,0.029167460746262322,0.41133333333333344,0.051333333333333335,0.5799999999999998,5,0.088,0.10508654047619047,0.468083670991399,0.0,0.0016624150793650798,0.0010336083211166525,0.088,0.10342412539682538,0.992,0.909,0.08299999999999996,0.912087912087912
0.9,9,rbf_svm,all_features,0.9945,0.9945635368183405,0.9998689044313305,0.003937880811924086,0.014255622187367702,0.994,0.9939911347234002,0.9996826209640856,0.004468840948560659,0.01831319197395203,0.5584666666666667,0.263,0.43553333333333333,5,0.083,0.08990414662802576,0.468083670991399,0.001,0.0017308467152332726,0.0010336083211166525,0.082,0.08817329991279249,0.9945,0.9155,0.07900000000000007,0.934911242603551
0.9,10,gradient_boosting,all_features,0.99,0.99000900090009,0.9993839383938394,0.008601809086584911,0.04187992550249987,0.991,0.9909122197893674,0.9987655880087725,0.007333565867001205,0.04130973835220295,0.4406666666666667,0.09266666666666666,0.5503333333333333,5,0.108,0.10956453369331277,0.4819159824285979,0.0015,0.0022781548913713722,0.00013354187055714117,0.1065,0.1072863788019414,0.99,0.904,0.08599999999999997,0.8958333333333333
0.9,10,logistic_regression,all_features,0.9935,0.9934843484348435,0.9997959795979597,0.005409901319883266,0.02055625836054969,0.9933333333333333,0.9933299063874595,0.9997025138248807,0.005343473500638714,0.021123117320931754,0.543,0.24533333333333332,0.45033333333333325,5,0.0935,0.10743280891965282,0.4819159824285979,0.0,0.00032346657205256743,0.00013354187055714117,0.0935,0.10710934234760025,0.9935,0.9095,0.08400000000000007,0.928176795580111
0.9,10,mlp,all_features,0.994,0.993989398939894,0.9997909790979098,0.005252352497729973,0.019837446899314815,0.9923333333333333,0.992321832906151,0.9996816141982281,0.005415767615169662,0.020955780520514233,0.5822,0.31766666666666665,0.41013333333333324,5,0.093,0.10205983881707249,0.4819159824285979,0.0,0.0016186527834624455,0.00013354187055714117,0.093,0.10044118603361005,0.994,0.9055,0.08850000000000002,0.9365079365079365
0.9,10,random_forest,all_features,0.987,0.986998699869987,0.9991584158415842,0.009629023414977326,0.03650154914277466,0.9873333333333333,0.9872361088630426,0.9988205051128491,0.00913052759708563,0.04580107917888293,0.4022,0.05633333333333333,0.5851333333333333,5,0.1065,0.11992233903318904,0.4819159824285979,0.0005,0.0018107317460317467,0.00013354187055714117,0.106,0.11811160728715729,0.987,0.904,0.08299999999999996,0.8645833333333331
0.9,10,rbf_svm,all_features,0.993,0.992999299929993,0.9996249624962497,0.00577228696115403,0.022791501200548993,0.9933333333333333,0.9932845497508942,0.9994361547532865,0.0055433763256381476,0.023375602714471328,0.5446000000000001,0.251,0.4487333333333332,5,0.099,0.10482588293870239,0.4819159824285979,0.0005,0.003216705228287119,0.00013354187055714117,0.0985,0.10160917771041526,0.993,0.907,0.08599999999999997,0.9247311827956989
0.9,11,gradient_boosting,all_features,0.9915,0.9915274577572966,0.9996039746543779,0.00785310293687625,0.03522714284594532,0.994,0.9940086226054492,0.9996555402462332,0.004650064271477092,0.022419094074241593,0.44493333333333335,0.08833333333333333,0.5490666666666666,5,0.1045,0.10477802363976951,0.4720045163132932,0.002,0.0022559438063878804,0.0008733807194556409,0.1025,0.10252207983338163,0.9915,0.8855,0.1060000000000001,0.9257641921397385
0.9,11,logistic_regression,all_features,0.994,0.9940316180235536,0.9998309891833077,0.004866324961669027,0.018945582852184308,0.996,0.9959953775723365,0.9999035512689453,0.003565787333499214,0.014848970131240298,0.5611999999999999,0.2663333333333333,0.4348000000000001,5,0.0915,0.1042228887319147,0.4720045163132932,0.0005,0.0007226377218036132,0.0008733807194556409,0.091,0.10350025101011108,0.994,0.9055,0.08850000000000002,0.9365079365079365
0.9,11,mlp,all_features,0.994,0.9940236175115207,0.9998079877112135,0.008450360418862587,0.04944658457665727,0.9963333333333333,0.9963265034001512,0.9999102182319214,0.0069668901828433254,0.04519336703230405,0.5578000000000001,0.26466666666666666,0.4385333333333332,5,0.0935,0.1196899118580857,0.4720045163132932,0.0005,0.0036388792500300134,0.0008733807194556409,0.093,0.11605103260805569,0.994,0.904,0.08999999999999997,0.9374999999999999
0.9,11,random_forest,all_features,0.9865,0.9865271377368151,0.9992564524129544,0.009408453666360544,0.03578853038760218,0.9936666666666667,0.9936597182096982,0.9994681985866039,0.005920832420096582,0.026591801579283793,0.4046,0.04933333333333333,0.5890666666666666,5,0.1075,0.1158400492063492,0.4720045163132932,0.0,0.0022078920634920644,0.0008733807194556409,0.1075,0.11363215714285714,0.9865,0.8885,0.09800000000000009,0.8789237668161439
0.9,11,rbf_svm,all_features,0.9935,0.993527585765489,0.9996959805427548,0.00495965476480855,0.02036291539273166,0.9956666666666667,0.995668696386506,0.99986310502689,0.0033046654835885898,0.013086244778702318,0.5560000000000002,0.265,0.43966666666666654,5,0.096,0.09948275970093332,0.4720045163132932,0.0015,0.00276377434349572,0.0008733807194556409,0.0945,0.0967189853574376,0.9935,0.8995,0.09400000000000008,0.9353233830845776
0.9,12,gradient_boosting,all_features,0.9885,0.9884253701480592,0.999311724689876,0.009336805682571439,0.04632985176026726,0.99,0.9899995511109116,0.9992479996657777,0.008697356086218263,0.04548700613534034,0.44206666666666666,0.106,0.5479333333333334,5,0.0945,0.09714722220156978,0.47434686888418254,0.0015,0.001040000410933376,0.0013962095705876143,0.093,0.09610722179063641,0.9885,0.897,0.09150000000000003,0.8883495145631072
0.9,12,logistic_regression,all_features,0.993,0.9929571828731493,0.9996958783513405,0.00579675606981029,0.021595042738384043,0.9916666666666667,0.9916659962959984,0.9996857776381234,0.006134374883213963,0.02304356127734346,0.5438,0.25566666666666665,0.44786666666666675,5,0.09,0.1040100838205957,0.47434686888418254,0.0,4.931013321187343e-05,0.0013962095705876143,0.09,0.10396077368738384,0.993,0.909,0.08399999999999996,0.923076923076923
0.9,12,mlp,all_features,0.992,0.9919767907162865,0.9996198479391756,0.00598628131524515,0.022241104148528337,0.9916666666666667,0.9916659962959984,0.9996915554184691,0.006031128201385746,0.02219687230406376,0.557,0.281,0.43466666666666665,5,0.089,0.09823123377676797,0.47434686888418254,0.0,0.0010330203867107606,0.0013962095705876143,0.089,0.09719821339005721,0.992,0.8985,0.09350000000000003,0.9211822660098522
0.9,12,random_forest,all_features,0.987,0.9868947579031613,0.9984793917567026,0.009429716767172143,0.05194604141592483,0.989,0.988999328444146,0.999132444058864,0.008761172569393072,0.03460637270347551,0.3975333333333333,0.05633333333333333,0.5914666666666667,5,0.103,0.11238562460317461,0.47434686888418254,0.0,0.0017669071428571416,0.0013962095705876143,0.103,0.11061871746031747,0.987,0.9005,0.08650000000000002,0.8693467336683416
0.9,12,rbf_svm,all_features,0.9915,0.9914865946378552,0.9994157663065226,0.006675935170368885,0.02767311723767472,0.9926666666666667,0.992665774518122,0.9996044442686419,0.006030937965201474,0.024014086186090352,0.5359333333333334,0.24866666666666667,0.4567333333333333,5,0.0925,0.09677227628992244,0.47434686888418254,0.001,0.0015793919237059725,0.0013962095705876143,0.0915,0.09519288436621647,0.9915,0.9065,0.08500000000000008,0.9090909090909096
0.9,13,gradient_boosting,all_features,0.989,0.9889580138429973,0.9994938172680339,0.009186935598293878,0.03742868310639831,0.992,0.9919343933268804,0.9993888074360873,0.006319530383880734,0.030824738030951333,0.44913333333333333,0.108,0.5428666666666666,5,0.1045,0.10541349179411648,0.46905998519607217,0.0015,0.0021443153771398206,0.00012695452140276675,0.103,0.10326917641697665,0.989,0.887,0.10199999999999998,0.9026548672566371
0.9,13,logistic_regression,all_features,0.993,0.9929784652259466,0.9997869230792317,0.005134050173213484,0.020068661509267713,0.994,0.9940144052838353,0.9997673553777828,0.004882437688429452,0.01945767045000516,0.5455333333333333,0.25466666666666665,0.4484666666666667,5,0.0865,0.10378816169174968,0.46905998519607217,0.0,0.0008246703072003953,0.00012695452140276675,0.0865,0.10296349138454929,0.993,0.9115,0.08150000000000002,0.9209039548022598
0.9,13,mlp,all_features,0.9875,0.9874669755781837,0.9995248284630752,0.012019832671589048,0.06357060532523066,0.9916666666666667,0.991551841940443,0.9996365761828845,0.010569844322799032,0.060349292753951816,0.6707333333333333,0.4696666666666667,0.3209333333333334,5,0.086,0.0982712295156096,0.46905998519607217,0.0025,0.006389501327561616,0.00012695452140276675,0.08349999999999999,0.09188172818804798,0.9875,0.913,0.07450000000000001,0.8563218390804602
0.9,13,random_forest,all_features,0.986,0.9859569304518931,0.9992917443196994,0.009271116887098765,0.03364996415578904,0.9886666666666667,0.9885394721858451,0.9993067368188806,0.0079796351079785,0.031628537028589726,0.3990666666666667,0.049666666666666665,0.5896,5,0.107,0.11484453650793651,0.46905998519607217,0.001,0.0020504174603174605,0.00012695452140276675,0.106,0.11279411904761905,0.986,0.899,0.08699999999999997,0.8613861386138613
0.9,13,rbf_svm,all_features,0.993,0.9929784652259466,0.999665879382457,0.005398070526243698,0.020504960999343166,0.9926666666666667,0.9926016341171782,0.9996597071969481,0.00469501374930476,0.018707524315944142,0.5476666666666667,0.2613333333333333,0.44499999999999995,5,0.092,0.09743609885695037,0.46905998519607217,0.0015,0.002069697711672319,0.00012695452140276675,0.0905,0.09536640114527806,0.993,0.908,0.08499999999999996,0.9239130434782608
0.9,14,gradient_boosting,all_features,0.992,0.9920066083238079,0.999630981918114,0.006205867405436342,0.03493033832098273,0.9893333333333333,0.989322399470391,0.9994638954734092,0.009971096191584917,0.04903688042625055,0.4524,0.102,0.5369333333333333,5,0.0965,0.09865307180694616,0.47728362778284006,0.001,0.0009837142689866308,0.00012546049456851893,0.0955,0.09766935753795952,0.992,0.9065,0.08550000000000002,0.9144385026737968
0.9,14,logistic_regression,all_features,0.994,0.9940207070146437,0.9998389921106134,0.00439084120992834,0.017561733041106493,0.9933333333333333,0.9933051444679352,0.9997891173895402,0.005446901290057501,0.02059354931937633,0.5404,0.236,0.4529333333333333,5,0.091,0.10157147643178473,0.47728362778284006,0.0,0.0002094200759837867,0.00012546049456851893,0.091,0.10136205635580094,0.994,0.908,0.08599999999999997,0.9347826086956521
0.9,14,mlp,all_features,0.9935,0.9935101819989179,0.999802990346527,0.009539757763335604,0.06103562148444294,0.992,0.9920345100049117,0.9997277211864949,0.010708290389693852,0.0642243413725996,0.5860666666666666,0.323,0.40593333333333337,5,0.0905,0.1127132900181132,0.47728362778284006,0.0015,0.007591435709145486,0.00012546049456851893,0.089,0.10512185430896771,0.9935,0.9065,0.08700000000000008,0.9304812834224604
0.9,14,random_forest,all_features,0.992,0.9920276093528583,0.9994404725831566,0.006871584853095238,0.02959640606596316,0.985,0.9850166570568262,0.9992494536627728,0.009892637995479969,0.03674861420613586,0.40226666666666666,0.04733333333333333,0.5827333333333333,5,0.099,0.10911633571428572,0.47728362778284006,0.0,0.001941785714285716,0.00012546049456851893,0.099,0.10717455000000001,0.992,0.907,0.08499999999999996,0.9139784946236558
0.9,14,rbf_svm,all_features,0.9935,0.9935101819989179,0.9997119858873085,0.005049751044924037,0.019429506754490688,0.991,0.9909800969526128,0.9996716637837145,0.0057677418802942575,0.021272929660310646,0.5342,0.22666666666666666,0.4568,5,0.0905,0.09657557992680224,0.47728362778284006,0.0015,0.0021871258651633275,0.00012546049456851893,0.089,0.09438845406163891,0.9935,0.906,0.08750000000000002,0.9308510638297878
0.9,15,gradient_boosting,all_features,0.992,0.9919844289480738,0.9998309668695065,0.006005914439115768,0.022536290294858232,0.99,0.9899999288883832,0.9996688865343042,0.007741462859276939,0.03369674831668601,0.4413333333333333,0.08766666666666667,0.5486666666666666,5,0.096,0.09866295377965381,0.47142473135508145,0.0,0.0010300151313049242,0.0010212945832053233,0.096,0.09763293864834889,0.992,0.9035,0.08850000000000002,0.9170984455958548
0.9,15,logistic_regression,all_features,0.996,0.99597121035723,0.9999449892178867,0.0032311862328854727,0.013551189988883123,0.9946666666666667,0.9946666287404711,0.9998671101661167,0.004443364424521432,0.016659676748610398,0.5524666666666667,0.25533333333333336,0.44220000000000004,5,0.088,0.09851552580753094,0.47142473135508145,0.0005,0.0007884169078739761,0.0010212945832053233,0.0875,0.09772710889965697,0.996,0.9115,0.08450000000000002,0.9548022598870056
0.9,15,mlp,all_features,0.995,0.9949850170633444,0.9998029613804306,0.01190460486210089,0.07181756963860574,0.9923333333333333,0.9923359455000569,0.9996879977813176,0.012024282614528151,0.07084058567899673,0.6258000000000001,0.383,0.36653333333333316,5,0.087,0.10690866375797631,0.47142473135508145,0.0045,0.009764018677275598,0.0010212945832053233,0.08249999999999999,0.09714464508070071,0.995,0.9135,0.08150000000000002,0.9421965317919074
0.9,15,random_forest,all_features,0.9925,0.9924635228504787,0.9998149637328917,0.005933083231244646,0.024268771158549477,0.989,0.9889990328820116,0.9995911082034361,0.007831039018568908,0.029445889767208154,0.40873333333333334,0.055,0.5802666666666667,5,0.0945,0.11168623015873015,0.47142473135508145,0.0005,0.001866619047619048,0.0010212945832053233,0.094,0.1098196111111111,0.9925,0.9035,0.08900000000000008,0.9222797927461145
0.9,15,rbf_svm,all_features,0.9955,0.9954641109657493,0.999926985689195,0.0033419968226229627,0.011922901066052425,0.995,0.9950008533394015,0.9998595545568324,0.004134473762187878,0.014639309263523751,0.5635333333333333,0.276,0.43146666666666667,5,0.088,0.09406413937251065,0.47142473135508145,0.001,0.002625412674453579,0.0010212945832053233,0.087,0.09143872669805707,0.9955,0.9115,0.08400000000000007,0.9491525423728819
0.9,16,gradient_boosting,all_features,0.991,0.991010705541598,0.9994639228048839,0.0071725949045641285,0.03173104341500431,0.9916666666666667,0.9916741338112305,0.9996204201513341,0.0068163328429046805,0.03219656871009485,0.44926666666666665,0.09066666666666667,0.5424,5,0.081,0.08208093180777402,0.4771930552417778,0.005,0.003120545348442427,8.563254576288148e-05,0.076,0.0789603864593316,0.991,0.9065,0.08450000000000002,0.9037433155080213
0.9,16,logistic_regression,all_features,0.994,0.9940231393320638,0.9997909698996655,0.005025483061008352,0.01987190500317551,0.995,0.995002346816863,0.999906660692951,0.004228015724469761,0.017672780404409325,0.5477333333333333,0.254,0.4472666666666667,5,0.0765,0.0941776256502554,0.4771930552417778,0.0,0.000575786509556802,8.563254576288148e-05,0.0765,0.0936018391406986,0.994,0.923,0.07099999999999995,0.9220779220779219
0.9,16,mlp,all_features,0.993,0.9929749883983294,0.9996939559296538,0.024287695401922677,0.13727951595981847,0.992,0.9919781532684758,0.9997662072594868,0.02581842286231777,0.14184108721329244,0.6161333333333333,0.37733333333333335,0.3758666666666667,5,0.0825,0.1031368872453609,0.4771930552417778,0.003,0.011166052393593607,8.563254576288148e-05,0.0795,0.09197083485176728,0.993,0.9215,0.07150000000000001,0.9108280254777069
0.9,16,random_forest,all_features,0.9885,0.9885283480821239,0.998940347410027,0.007746426993499621,0.04635069036400295,0.992,0.9920154889912954,0.9996833130653695,0.006910437395044091,0.028547185215968406,0.40713333333333335,0.05266666666666667,0.5848666666666666,5,0.0865,0.1007619611111111,0.4771930552417778,0.0015,0.0021740071428571427,8.563254576288148e-05,0.08499999999999999,0.09858795396825396,0.9885,0.909,0.07950000000000002,0.8736263736263741
0.9,16,rbf_svm,all_features,0.9955,0.9955173544990479,0.9997199596741931,0.0045891113888899045,0.01822629172084411,0.9943333333333333,0.9943356374807988,0.9998782144279457,0.004358533312218119,0.015786762931468263,0.5535333333333333,0.26366666666666666,0.44079999999999997,5,0.0755,0.08725614089451385,0.4771930552417778,0.0015,0.002760317418965312,8.563254576288148e-05,0.074,0.08449582347554854,0.9955,0.9225,0.07300000000000006,0.9419354838709684
0.9,17,gradient_boosting,all_features,0.991,0.9910347089980958,0.9994739242450913,0.00845166239694906,0.03949595364652948,0.989,0.9890179638163509,0.999525747425613,0.009498694744083568,0.044902871271658776,0.4496666666666667,0.09166666666666666,0.5393333333333332,5,0.1015,0.10382510910502471,0.4717445795388361,0.001,0.0019009077899551587,0.0005920140962837328,0.1005,0.10192420131506955,0.991,0.8955,0.09550000000000003,0.9138755980861244
0.9,17,logistic_regression,all_features,0.992,0.9919868461058392,0.9998399769566818,0.00523296995670078,0.019669066658378576,0.994,0.9939996159754224,0.9997724298799567,0.005388899094274611,0.020627106781798108,0.5492666666666666,0.23966666666666667,0.4447333333333334,5,0.093,0.1072796302100433,0.4717445795388361,0.0,0.00034268519847435795,0.0005920140962837328,0.093,0.10693694501156895,0.992,0.9065,0.08550000000000002,0.9144385026737968
0.9,17,mlp,all_features,0.9935,0.9934690595445744,0.9997919700436863,0.006471927232649103,0.0314263022216436,0.9926666666666667,0.9926608636286056,0.9997075368379132,0.0065401838487261395,0.031503049084452776,0.6202,0.36333333333333334,0.3724666666666667,5,0.089,0.1063017681175302,0.4717445795388361,0.0005,0.0031464281064133627,0.0005920140962837328,0.0885,0.10315534001111684,0.9935,0.907,0.08650000000000002,0.9301075268817209
0.9,17,random_forest,all_features,0.9885,0.9885163463538749,0.999570938215103,0.008192665386913382,0.030978822061809345,0.9896666666666667,0.9896793394777266,0.9995173024406896,0.00815796481324252,0.03159701247823975,0.4096,0.052,0.5800666666666667,5,0.1025,0.11457596984126985,0.4717445795388361,0.0,0.002398450000000001,0.0005920140962837328,0.1025,0.11217751984126985,0.9885,0.903,0.08550000000000002,0.8814432989690726
0.9,17,rbf_svm,all_features,0.9915,0.9914927749595942,0.9997419628426494,0.00581300515931773,0.02033405339949212,0.9936666666666667,0.9936795954941116,0.9997524285998749,0.005357233357101919,0.01998091514491983,0.5516,0.247,0.4420666666666667,5,0.0955,0.10078582576186243,0.4717445795388361,0.001,0.0023702833181048198,0.0005920140962837328,0.0945,0.09841554244375761,0.9915,0.9065,0.08500000000000008,0.9090909090909096
0.9,18,gradient_boosting,all_features,0.99,0.98999798999799,0.9992429992429991,0.008730968073467432,0.044789361937195085,0.9896666666666667,0.9896502095293634,0.9991510371570146,0.008717726557220569,0.04238457807577017,0.44173333333333337,0.09166666666666666,0.5479333333333334,5,0.1,0.10181111464707066,0.46368074522254066,0.0005,0.0008160957347692479,0.00045695946261536946,0.0995,0.1009950189123014,0.99,0.899,0.09099999999999997,0.9009900990099009
0.9,18,logistic_regression,all_features,0.994,0.993999993999994,0.9996999996999997,0.00505356455048781,0.020515441960174248,0.9943333333333333,0.9943359510428464,0.9997168642246169,0.0052491642013246485,0.020727505378137997,0.5248,0.20833333333333334,0.46953333333333325,5,0.0915,0.10234434918645809,0.46368074522254066,0.0,0.0010221588598243658,0.00045695946261536946,0.0915,0.10132219032663373,0.994,0.908,0.08599999999999997,0.9347826086956521
0.9,18,mlp,all_features,0.994,0.994000994000994,0.9995669995669996,0.005872565778578158,0.026731151738195957,0.9926666666666667,0.9926660277961992,0.9996906397179488,0.005898216417359912,0.02603360475496504,0.5986666666666667,0.3393333333333333,0.394,5,0.088,0.10065683357343906,0.46368074522254066,0.0005,0.0023979090216302455,0.00045695946261536946,0.0875,0.09825892455180882,0.994,0.907,0.08699999999999997,0.9354838709677419
0.9,18,random_forest,all_features,0.991,0.990998990998991,0.9993009993009994,0.007326492506621315,0.030449744629467618,0.9893333333333333,0.9893199585386105,0.9988574560272807,0.008886431375449736,0.04514547248823385,0.40953333333333336,0.06366666666666666,0.5797999999999999,5,0.094,0.10815988095238095,0.46368074522254066,0.0005,0.002180750000000002,0.00045695946261536946,0.0935,0.10597913095238096,0.991,0.907,0.08399999999999996,0.9032258064516128
0.9,18,rbf_svm,all_features,0.9915,0.9915004915004915,0.9994229994229995,0.005449962260077717,0.022880828250653365,0.9943333333333333,0.9943297282785523,0.9993803904695698,0.005270090261361781,0.02273041348418149,0.5390666666666667,0.22966666666666666,0.4552666666666666,5,0.0925,0.09726566316444388,0.46368074522254066,0.0015,0.0022638981860085153,0.00045695946261536946,0.091,0.09500176497843536,0.9915,0.9055,0.08600000000000008,0.9100529100529106
0.9,19,gradient_boosting,all_features,0.99,0.9899789978997899,0.9996019601960197,0.00856112175045528,0.04265228435354621,0.991,0.9910101786407233,0.9996128391602299,0.00815105626128942,0.03732391220441646,0.4484666666666667,0.097,0.5425333333333333,5,0.086,0.08860917705917827,0.4903177628054274,0.0005,0.0012299752140942073,0.0005294037615428682,0.08549999999999999,0.08737920184508406,0.99,0.909,0.08099999999999996,0.89010989010989
0.9,19,logistic_regression,all_features,0.9945,0.9944944494449445,0.9997359735973598,0.005155640901061227,0.020181753552518812,0.992,0.9919989723124437,0.9998902081200652,0.0044928034877151305,0.01675072926465423,0.5326666666666666,0.23933333333333334,0.45933333333333337,5,0.084,0.09741452042996497,0.4903177628054274,0.0,4.3284856800116486e-05,0.0005294037615428682,0.084,0.09737123557316485,0.9945,0.917,0.07750000000000001,0.9337349397590368
0.9,19,mlp,all_features,0.9945,0.9944744474447444,0.9996959695969596,0.007527744857506529,0.041591966264109936,0.9943333333333333,0.9943288271249062,0.9999235457354301,0.00642753163146327,0.03913541037066191,0.5924666666666667,0.344,0.4018666666666666,5,0.08,0.1035789268830945,0.4903177628054274,0.0015,0.0036219946197486993,0.0005294037615428682,0.0785,0.0999569322633458,0.9945,0.9175,0.07700000000000007,0.933333333333334
0.9,19,random_forest,all_features,0.992,0.991989198919892,0.9996519651965197,0.007340538711520534,0.027660333374621843,0.987,0.986986995218497,0.9994843782156908,0.008950471460071387,0.032085873297592056,0.4066666666666666,0.05333333333333334,0.5803333333333334,5,0.0895,0.0994573253968254,0.4903177628054274,0.0,0.0012786380952380942,0.0005294037615428682,0.0895,0.09817868730158731,0.992,0.9105,0.08150000000000002,0.9106145251396648
0.9,19,rbf_svm,all_features,0.9935,0.9934843484348435,0.9997669766976698,0.005048329194329913,0.01977466193281811,0.9926666666666667,0.9926581680935906,0.9998902081200652,0.004301486909365501,0.01393505690398433,0.5486,0.2673333333333333,0.4440666666666667,5,0.084,0.08909237416949256,0.4903177628054274,0.0,0.0008160381582149404,0.0005294037615428682,0.084,0.08827633601127761,0.9935,0.9165,0.07700000000000007,0.9221556886227551
