rho_train,replicate,model,feature_condition,validation_accuracy,validation_balanced_accuracy,validation_roc_auc,validation_brier_score,validation_log_loss,iid_accuracy,iid_balanced_accuracy,iid_roc_auc,iid_brier_score,iid_log_loss,average_ood_accuracy,worst_ood_accuracy,ood_gap,n_ood_environments
0.0,0,gradient_boosting,all_features,0.8965,0.896547982305859,0.9695623170403619,0.07422436066650684,0.24358162592173624,0.908,0.907898949795082,0.9721835332707195,0.06865691001417117,0.22450856848598985,0.8965000000000001,0.8926666666666667,0.011499999999999955,4
0.0,0,gradient_boosting,stable_only,0.8975,0.8975591046516629,0.9686782100634177,0.07411917776499125,0.24181965341183542,0.908,0.9078028944672132,0.9719551795167349,0.06931079064338379,0.22431594804231486,0.9004166666666668,0.8946666666666667,0.007583333333333275,4
0.0,0,logistic_regression,all_features,0.91,0.9099891086821505,0.9758420768913039,0.0627503339137699,0.19819368405458143,0.9186666666666666,0.918667819330601,0.9788037909836067,0.0581370881199068,0.18728779993928327,0.9105833333333333,0.905,0.008083333333333331,4
0.0,0,logistic_regression,stable_only,0.9105,0.9104836685238914,0.9758490777384063,0.06272158751927075,0.1981569536925097,0.9183333333333333,0.9183262892759563,0.9787820006545992,0.05816497968916513,0.18732683347998574,0.9105833333333333,0.9046666666666666,0.007750000000000035,4
0.0,0,mlp,all_features,0.905,0.9048564876350038,0.9749299665259497,0.06406005880328364,0.2035431899162825,0.9186666666666666,0.9184276810109289,0.978240355333561,0.0586516521800321,0.19012148446485116,0.9084166666666667,0.9,0.010249999999999981,4
0.0,0,mlp,stable_only,0.9045,0.9046369610722897,0.9742078791533775,0.08673424571228125,0.3078876442095699,0.9173333333333333,0.9174297728825137,0.9777467376764571,0.08536350657209886,0.30640203171072494,0.9075833333333333,0.904,0.009750000000000036,4
0.0,0,random_forest,all_features,0.9045,0.9045489504230011,0.9694758065725954,0.06947646752359057,0.22846707475237005,0.911,0.9108926741803278,0.9724659181466302,0.06590962844019031,0.22043582519570964,0.9018333333333333,0.8966666666666666,0.009166666666666767,4
0.0,0,random_forest,stable_only,0.9075,0.9075603147980905,0.9699478636915067,0.06857020161681406,0.2254560022683147,0.9073333333333333,0.9072959357923497,0.9722844803051002,0.06625978540521724,0.21910304502350145,0.9044166666666666,0.8963333333333333,0.0029166666666666785,4
0.0,0,rbf_svm,all_features,0.9075,0.9075273108046074,0.9727737056183798,0.06567690127729264,0.2127188295121428,0.9166666666666666,0.9166826758879781,0.9754663130407558,0.06170803619750124,0.2011172610254204,0.9070833333333334,0.902,0.009583333333333277,4
0.0,0,rbf_svm,stable_only,0.906,0.9059996259547405,0.9730807427698752,0.06587767224728751,0.21298902059789665,0.9166666666666666,0.9165546021174864,0.9766927972734516,0.05971049450471649,0.19673463960981188,0.9093333333333333,0.903,0.007333333333333303,4
0.0,1,gradient_boosting,all_features,0.9065,0.9062223451604594,0.9729893334375634,0.0684975739126959,0.22365334117862518,0.8993333333333333,0.8992762581465967,0.9692904253678165,0.07223925508470508,0.2369029740661129,0.90375,0.8906666666666667,-0.004416666666666735,4
0.0,1,gradient_boosting,stable_only,0.909,0.9086101197545378,0.973159709798946,0.06730440632687826,0.21962397553042762,0.8996666666666666,0.8996143244075838,0.9693077620991492,0.07171267495053457,0.2356194115802462,0.8995833333333332,0.889,8.333333333343518e-05,4
0.0,1,logistic_regression,all_features,0.9175,0.9173409060614899,0.9784784589157449,0.05811528684337475,0.18767546298855275,0.911,0.9109312091836668,0.9759735130307763,0.06264030542173855,0.19829883051454225,0.9135833333333333,0.9023333333333333,-0.002583333333333271,4
0.0,1,logistic_regression,stable_only,0.9175,0.9172938020086371,0.978474450060183,0.05808523044759576,0.18774610336092318,0.9096666666666666,0.909606949628794,0.9758814949952412,0.06275873051488377,0.19862414915931553,0.9130833333333332,0.9043333333333333,-0.0034166666666666234,4
0.0,1,mlp,all_features,0.9145,0.9142400562843321,0.9760430791618685,0.0676576511821036,0.23464631602339148,0.9043333333333333,0.90421655977905,0.9732480899589653,0.07161498368472109,0.24440727993027617,0.9079166666666666,0.896,-0.0035833333333332718,4
0.0,1,mlp,stable_only,0.919,0.9191032991879061,0.9782058567375332,0.05879680038031845,0.19028354774421083,0.907,0.9070891228014024,0.9757201300343757,0.0631638486339919,0.1997564523076594,0.9131666666666667,0.9046666666666666,-0.006166666666666654,4
0.0,1,random_forest,all_features,0.908,0.9075136977583482,0.9722507018002768,0.0659698501115825,0.21902422825262233,0.8976666666666666,0.8975859268416609,0.9695607005639771,0.07002974022800125,0.23037900434264091,0.9050833333333334,0.894,-0.007416666666666738,4
0.0,1,random_forest,stable_only,0.9085,0.9082738769942804,0.9727247489704758,0.06546013364232565,0.21666601308398156,0.9033333333333333,0.9033237181154172,0.9704126453229278,0.0687138630308936,0.22600794247338846,0.9045,0.897,-0.0011666666666666492,4
0.0,1,rbf_svm,all_features,0.9175,0.9171053857972261,0.9745137007649899,0.062095616965470425,0.20446077990612777,0.907,0.9069304250299726,0.9731093961083038,0.06506953211764462,0.21044638009541997,0.9102499999999999,0.899,-0.003249999999999864,4
0.0,1,rbf_svm,stable_only,0.922,0.9216389003308307,0.9768919543271086,0.059695445664028006,0.19713267368115295,0.9093333333333333,0.909343564672009,0.9742491750605341,0.06426546243400139,0.20803345074625523,0.9111666666666667,0.903,-0.0018333333333333535,4
0.0,2,gradient_boosting,all_features,0.9035,0.9035826353816253,0.9642696739357675,0.0766401858171273,0.26188448694711475,0.9133333333333333,0.9133269570257014,0.9744226211957709,0.06433616323534926,0.21460174923892134,0.9034166666666666,0.8966666666666666,0.009916666666666685,4
0.0,2,gradient_boosting,stable_only,0.8965,0.8964785823102877,0.9623931316150368,0.07751013486919789,0.2720091062265367,0.9146666666666666,0.9146620705103476,0.9751777336493043,0.062418651588042585,0.21061219859389635,0.9039166666666667,0.8983333333333333,0.010749999999999926,4
0.0,2,logistic_regression,all_features,0.9025,0.9025483364692396,0.9690960687638728,0.06999466912758728,0.2253839899091251,0.9206666666666666,0.9206638589579714,0.9801506313789002,0.05531807091521036,0.18039599751069899,0.9106666666666666,0.9066666666666666,0.010000000000000009,4
0.0,2,logistic_regression,stable_only,0.9025,0.9025653413836598,0.9692091014303134,0.06987082073310925,0.22514691466240241,0.9213333333333333,0.9213287490288872,0.9801172979863076,0.055343998937175135,0.18048921465555456,0.9110833333333334,0.907,0.010249999999999981,4
0.0,2,mlp,all_features,0.9025,0.902514326640399,0.9685139005172495,0.07044949324082886,0.22903586881639826,0.9203333333333333,0.9203274139154025,0.9799239643092699,0.056559413229081486,0.18929689048498774,0.907,0.9013333333333333,0.013333333333333308,4
0.0,2,mlp,stable_only,0.897,0.897276312854415,0.9690280491061917,0.0708161280766071,0.22799277287213027,0.9206666666666666,0.9206505256009344,0.9799288532068502,0.05548540571863643,0.18185675959729883,0.9101666666666667,0.906,0.010499999999999954,4
0.0,2,random_forest,all_features,0.8965,0.8965295970535485,0.9624966615351837,0.07598261114458428,0.25018111155814676,0.9136666666666666,0.9136642909587396,0.9743683988771537,0.06305575430953331,0.21321814354620525,0.9015833333333333,0.893,0.012083333333333335,4
0.0,2,random_forest,stable_only,0.8975,0.897495876308253,0.9627547361187383,0.07578014746430915,0.2484112585586251,0.9173333333333333,0.9173305196987016,0.974667732742636,0.06219589292269332,0.21039930324649822,0.9031666666666667,0.8953333333333333,0.01416666666666666,4
0.0,2,rbf_svm,all_features,0.8975,0.8975298861370936,0.9658251234606803,0.07267258368161619,0.23892966818346328,0.9203333333333333,0.9203309694772791,0.9775981823967687,0.05752133946446825,0.1914463108654251,0.9057499999999999,0.9,0.014583333333333393,4
0.0,2,rbf_svm,stable_only,0.898,0.8980895478793371,0.9669274420307468,0.07144259481926608,0.23521738377025936,0.919,0.9189994115545095,0.9783932949214131,0.0564710174512888,0.18871853937723737,0.9099166666666667,0.9063333333333333,0.009083333333333332,4
0.0,3,gradient_boosting,all_features,0.8925,0.8924957921591649,0.9659762440757702,0.07847407899243092,0.25447365479086187,0.8946666666666667,0.8946248513079343,0.966593812186635,0.07688510943711929,0.25498010218568923,0.8986666666666666,0.8883333333333333,-0.0039999999999998925,4
0.0,3,gradient_boosting,stable_only,0.894,0.8940814205950682,0.9673553557838186,0.07565955064240928,0.2459782841525529,0.894,0.8940667696857177,0.9666594034529911,0.0766820611129997,0.2542656880042718,0.8965,0.8923333333333333,-0.0024999999999999467,4
0.0,3,logistic_regression,all_features,0.9075,0.9076320181934736,0.9747659560424394,0.06419369584199675,0.20355457891233186,0.9013333333333333,0.9011706373470001,0.9743460328401019,0.06533272343124354,0.20344446474151653,0.9120833333333334,0.9063333333333333,-0.010750000000000037,4
0.0,3,logistic_regression,stable_only,0.9085,0.9086230984709762,0.9747529549893541,0.06414008174048857,0.20353872206500165,0.902,0.9018221031450456,0.9743371391090706,0.0653283485199155,0.20345558313869586,0.91075,0.9053333333333333,-0.008749999999999925,4
0.0,3,mlp,all_features,0.9065,0.9065689320834988,0.9741659074385025,0.06472671190801804,0.20721353003652732,0.899,0.8990150192882792,0.9735842847772676,0.06637795656467806,0.20856934965764673,0.9109166666666666,0.9056666666666666,-0.011916666666666575,4
0.0,3,mlp,stable_only,0.906,0.9062174036096924,0.9724747704564071,0.08929024540966324,0.3141512504906627,0.905,0.9045046747673733,0.9728825693988948,0.0869104841115706,0.3069032236955767,0.90625,0.9016666666666666,-0.0012499999999999734,4
0.0,3,random_forest,all_features,0.8945,0.8945409578175832,0.9673763574849563,0.07281139600187062,0.2373635174209089,0.8956666666666667,0.8955242298584785,0.9675120899156207,0.07202075829501255,0.2347573149005402,0.9014166666666666,0.8946666666666667,-0.005749999999999922,4
0.0,3,random_forest,stable_only,0.897,0.8970366599694575,0.9678338945454582,0.07166348813566668,0.23453444241558422,0.8936666666666667,0.8934920123178174,0.9672868561772521,0.07201785496457948,0.23411099931515636,0.9004166666666666,0.8953333333333333,-0.006749999999999923,4
0.0,3,rbf_svm,all_features,0.903,0.9030911503831811,0.971947727765949,0.0669944221596613,0.21470012272359765,0.9006666666666666,0.9004880434903448,0.971202543607075,0.06827521122719715,0.21807178719298706,0.9060833333333332,0.8996666666666666,-0.005416666666666625,4
0.0,3,rbf_svm,stable_only,0.9055,0.9056048539931734,0.9738778841086129,0.06454522952366284,0.20891339679109475,0.9026666666666666,0.9024891329723961,0.9720625673978054,0.06800017042896536,0.21734782762777854,0.90875,0.9043333333333333,-0.0060833333333333295,4
0.0,4,gradient_boosting,all_features,0.9115,0.9114947034523311,0.9727647548827938,0.06734051353434459,0.22296330324484945,0.911,0.9112385904553856,0.9749852794415617,0.06489327955194014,0.21301472728719592,0.89725,0.8863333333333333,0.01375000000000004,4
0.0,4,gradient_boosting,stable_only,0.916,0.9160202441821976,0.9749412744714702,0.06363981004523284,0.20875466966923165,0.909,0.9092880052798329,0.9743995702130612,0.06559450255646351,0.21533880257879437,0.8971666666666667,0.8886666666666667,0.011833333333333362,4
0.0,4,logistic_regression,all_features,0.9225,0.9225278027502248,0.9787938091442824,0.057803215819246107,0.1870472970033138,0.9193333333333333,0.9194674270954337,0.9799609171397111,0.05688992124495209,0.18190960865564432,0.9055,0.899,0.013833333333333364,4
0.0,4,logistic_regression,stable_only,0.9195,0.9195247757229815,0.9791378122403102,0.05714436695015326,0.18565864992189948,0.922,0.9221865054728456,0.9803714028025097,0.056290032200977835,0.18010507099299453,0.907,0.9003333333333333,0.015000000000000013,4
0.0,4,mlp,all_features,0.9205,0.9205277847500628,0.9777788000092,0.059216979919929386,0.1939333889545923,0.9203333333333333,0.9205779175613149,0.9791581797384632,0.05756296356184248,0.18758280460872884,0.903,0.8916666666666667,0.01733333333333331,4
0.0,4,mlp,stable_only,0.9225,0.9225128026152235,0.9789788108092973,0.05695524659490108,0.18570931043992311,0.922,0.9221358062685563,0.9803549477976088,0.05625798604383078,0.18031606138793882,0.90625,0.8983333333333333,0.015750000000000042,4
0.0,4,random_forest,all_features,0.9125,0.9125127126144135,0.973357760219842,0.0649097407469027,0.21817439765571517,0.911,0.9112892896596749,0.9752567870224268,0.06309910527516703,0.21169168676848094,0.8988333333333334,0.892,0.012166666666666659,4
0.0,4,random_forest,stable_only,0.9145,0.9145367308305774,0.973407260665346,0.06442482496516422,0.21525069397139857,0.9103333333333333,0.9105714956621049,0.9753455106299331,0.06312459572423441,0.20958321926158177,0.9018333333333333,0.8956666666666667,0.008500000000000063,4
0.0,4,rbf_svm,all_features,0.9165,0.9164977484797363,0.9755137796240165,0.06144722218488854,0.20090641778103133,0.9176666666666666,0.9178250397143767,0.9770830702014982,0.059763987260071,0.1947223917092017,0.9015000000000001,0.8943333333333333,0.01616666666666655,4
0.0,4,rbf_svm,stable_only,0.92,0.9200172801555214,0.9772677954101587,0.05826170353709061,0.19413362596261435,0.9223333333333333,0.9225285027368675,0.9793267323562321,0.05728276524109515,0.18690975625811704,0.9055833333333334,0.8986666666666666,0.01674999999999993,4
0.0,5,gradient_boosting,all_features,0.8985,0.8985248524852485,0.9682368236823682,0.07398326370802912,0.24483474976853234,0.9053333333333333,0.9053959433175882,0.9674665184773549,0.07244995505454636,0.24862393136915892,0.9025833333333334,0.8976666666666666,0.002749999999999919,4
0.0,5,gradient_boosting,stable_only,0.892,0.892089208920892,0.9665651565156517,0.07729830357824485,0.25414539662468333,0.898,0.8981161433731593,0.9679157543762157,0.07381224478479355,0.24632545704207712,0.9035833333333334,0.901,-0.0055833333333333846,4
0.0,5,logistic_regression,all_features,0.91,0.9100810081008102,0.9764386438643865,0.06208525626603034,0.19630812508984974,0.9166666666666666,0.9168435676576827,0.9768402333981663,0.06037689265120983,0.19563296385128903,0.91725,0.9153333333333333,-0.0005833333333333801,4
0.0,5,logistic_regression,stable_only,0.9085,0.9085558555855586,0.9764676467646765,0.06216263992504295,0.19644709804448585,0.9156666666666666,0.9158377327035288,0.9769126979716589,0.060456920942784945,0.19538938269982167,0.9137500000000001,0.9093333333333333,0.0019166666666665666,4
0.0,5,mlp,all_features,0.911,0.9110911091109111,0.9757175717571757,0.06290246627893677,0.2007327113654458,0.9136666666666666,0.9139038621839399,0.9757274798555153,0.06195591682792413,0.20108855044907545,0.9170833333333334,0.9143333333333333,-0.0034166666666667345,4
0.0,5,mlp,stable_only,0.9125,0.9123062306230623,0.9750805080508052,0.13154670502510704,0.4382432109023,0.9146666666666666,0.9144429008057794,0.975445179216449,0.1309186740393297,0.43706143892464394,0.911,0.9043333333333333,0.003666666666666596,4
0.0,5,random_forest,all_features,0.9005,0.9006250625062506,0.9695874587458746,0.07012715869756574,0.2301884542985309,0.91,0.910075020839122,0.9701016949152543,0.06779231560072371,0.227719873108101,0.9074166666666665,0.9033333333333333,0.002583333333333493,4
0.0,5,random_forest,stable_only,0.8935,0.8935643564356436,0.9677417741774177,0.07216801611834807,0.2346326802375805,0.906,0.9061294804112254,0.9700765768268964,0.0681439288933983,0.2261430336640881,0.9066666666666666,0.9036666666666666,-0.0006666666666665932,4
0.0,5,rbf_svm,all_features,0.9065,0.9065256525652565,0.9734343434343434,0.06484210396827474,0.20917281955778116,0.914,0.9141094748541261,0.9738011669908306,0.06257475864743792,0.20791427967693282,0.9143333333333333,0.912,-0.0003333333333332966,4
0.0,5,rbf_svm,stable_only,0.911,0.9110711071107112,0.9747894789478948,0.06364654430795424,0.20643733334815034,0.9156666666666666,0.9158377327035288,0.9744093359266464,0.06230317667293148,0.20662261626180936,0.9131666666666667,0.9086666666666666,0.0024999999999999467,4
0.0,6,gradient_boosting,all_features,0.9025,0.9025084401350422,0.9690435046960753,0.07300808226102573,0.23857412609873158,0.8973333333333333,0.8969076751946607,0.967169744160178,0.07467870355081496,0.24865009965083318,0.8986666666666666,0.8893333333333333,-0.0013333333333332975,4
0.0,6,gradient_boosting,stable_only,0.9,0.9000184002944047,0.9679344869517912,0.07432328562986544,0.2425573506336494,0.892,0.8915684093437153,0.9659790878754172,0.07661586138044976,0.2522595741221565,0.89975,0.8903333333333333,-0.007750000000000035,4
0.0,6,logistic_regression,all_features,0.909,0.9090225443607098,0.9763216211459383,0.062362566100394874,0.196071887640806,0.9096666666666666,0.9093325917686318,0.9739114571746385,0.06421544083395253,0.20653390204877162,0.9086666666666666,0.9006666666666666,0.0010000000000000009,4
0.0,6,logistic_regression,stable_only,0.9095,0.9095245523928382,0.9764696235139761,0.062128834890772935,0.19587625926070393,0.9113333333333333,0.9109677419354838,0.9739684093437153,0.0640904965155453,0.206354686083592,0.9095833333333333,0.9033333333333333,0.0017500000000000293,4
0.0,6,mlp,all_features,0.9045,0.904484471751548,0.9760306164898638,0.0629553398003542,0.19833979057196213,0.9116666666666666,0.9110233592880979,0.9734109010011124,0.06485661005883339,0.20964989348568724,0.9081666666666667,0.8996666666666666,0.0034999999999999476,4
0.0,6,mlp,stable_only,0.91,0.9099985599769596,0.9755026080417286,0.07553815118085506,0.27139172311317766,0.9056666666666666,0.9053058954393771,0.9724324805339266,0.07893590470991531,0.27966098553972674,0.90875,0.9013333333333333,-0.003083333333333327,4
0.0,6,random_forest,all_features,0.911,0.9109905758492136,0.9704315269044305,0.0688104344992643,0.22679120862573987,0.898,0.8974193548387097,0.9659726362625138,0.07259773971610482,0.23975115891705776,0.9001666666666667,0.8913333333333333,-0.00216666666666665,4
0.0,6,random_forest,stable_only,0.904,0.9040064641034257,0.969277508440135,0.0694394918706264,0.22804725533863726,0.9013333333333333,0.9008676307007786,0.9658289210233593,0.07255900325008947,0.23923967135022475,0.9001666666666667,0.891,0.0011666666666666492,4
0.0,6,rbf_svm,all_features,0.9035,0.9035124561992991,0.9730355685690972,0.06654880010876307,0.2110410588066626,0.9086666666666666,0.9084093437152392,0.9701383759733037,0.06732316571550165,0.2218502830088571,0.9060833333333334,0.8993333333333333,0.002583333333333271,4
0.0,6,rbf_svm,stable_only,0.9085,0.9085085361365781,0.9741245859933759,0.0651390525998312,0.2093727033636307,0.911,0.9105116796440489,0.9722407119021135,0.06546551527772994,0.21497184678946799,0.9105833333333333,0.904,0.0004166666666667318,4
0.0,7,gradient_boosting,all_features,0.8985,0.8986714086828503,0.9697506440927492,0.0734324551090915,0.24202381367203377,0.905,0.9050465828844577,0.9696139818007543,0.07180949084111297,0.23906294002047693,0.8976666666666666,0.8943333333333333,0.007333333333333414,4
0.0,7,gradient_boosting,stable_only,0.8995,0.8997435630730826,0.9680483989694516,0.07426037530575232,0.24845003581152753,0.9013333333333333,0.9013152396008757,0.9680381750250298,0.07380118813774775,0.24488700050760218,0.8971666666666667,0.8933333333333333,0.004166666666666652,4
0.0,7,logistic_regression,all_features,0.9085,0.9086368437054937,0.9762755836840505,0.06277530301096494,0.19749298461972753,0.9153333333333333,0.9153425651440166,0.9772678369145573,0.060370684556926874,0.19298391414032123,0.90975,0.9083333333333333,0.0055833333333333846,4
0.0,7,logistic_regression,stable_only,0.909,0.9091429165799876,0.9762625818117808,0.06284004966396377,0.19772079228689607,0.9153333333333333,0.9153310061156152,0.9774452235427178,0.06018027717406022,0.19229095791399967,0.9099166666666667,0.9073333333333333,0.005416666666666625,4
0.0,7,mlp,all_features,0.911,0.9110591925237235,0.9761695684178522,0.06199887503294549,0.1985545780856301,0.914,0.91418221652372,0.9774389994505016,0.060105568538875456,0.19494279089370845,0.9104166666666667,0.905,0.0035833333333333828,4
0.0,7,mlp,stable_only,0.9055,0.9057324254692676,0.975932534284937,0.06659577221627518,0.2269832048110304,0.9156666666666666,0.9155661878857826,0.9778155570295786,0.06427691401078063,0.22386245614790912,0.9100833333333334,0.909,0.0055833333333332735,4
0.0,7,random_forest,all_features,0.9065,0.9066605591205134,0.9692515722264007,0.06977857665517112,0.23047243261503056,0.9076666666666666,0.9076678148634878,0.9719766916638066,0.06754459847990035,0.22224849313853748,0.9003333333333333,0.898,0.007333333333333303,4
0.0,7,random_forest,stable_only,0.901,0.9011657678705733,0.9683354403034037,0.0700485469176414,0.23185169948140383,0.9076666666666666,0.907644696806685,0.9714398637101637,0.06783532876858199,0.22276788233282446,0.9000833333333333,0.8953333333333333,0.007583333333333275,4
0.0,7,rbf_svm,all_features,0.9075,0.9076246979565057,0.9743913123489782,0.06427748597437,0.20640357666730086,0.9133333333333333,0.9133650821313426,0.9754388429590402,0.062491318497399174,0.20126847606751092,0.9067500000000001,0.906,0.006583333333333274,4
0.0,7,rbf_svm,stable_only,0.9095,0.9096969963674769,0.9742632939143236,0.06477525291371447,0.2098313058947102,0.9153333333333333,0.9152500929168053,0.9766312011964482,0.061018416765259646,0.1985377029683998,0.9082499999999999,0.9036666666666666,0.007083333333333441,4
0.0,8,gradient_boosting,all_features,0.8955,0.8954813108038915,0.9678109399001538,0.0743170764169447,0.24726017178913928,0.9,0.900048891061825,0.9700973376594515,0.07295338550952647,0.23676341560475692,0.9019166666666667,0.8936666666666667,-0.0019166666666666776,4
0.0,8,gradient_boosting,stable_only,0.9005,0.9005136328725039,0.9686324924795189,0.07280561115943288,0.24047285593433115,0.9006666666666666,0.9006800302235655,0.9700320014222854,0.07166357355066595,0.23414929678557656,0.9000833333333333,0.8976666666666666,0.0005833333333332691,4
0.0,8,logistic_regression,all_features,0.911,0.911018305171531,0.9757854502688171,0.06253858569047789,0.1981557289109997,0.9143333333333333,0.9143495266456287,0.9775603360149341,0.06039075354285177,0.19194553483745147,0.9130833333333334,0.902,0.0012499999999999734,4
0.0,8,logistic_regression,stable_only,0.9095,0.9095062083973374,0.9754664298515106,0.06299708174779978,0.1993127087624969,0.914,0.9140050668918618,0.9775545579803547,0.06028092294630765,0.19182734357683473,0.91225,0.9043333333333333,0.0017500000000000293,4
0.0,8,mlp,all_features,0.9055,0.9056819636456733,0.9755884376600102,0.06382784470117155,0.20391237362671666,0.91,0.9099115516245166,0.9767980799146629,0.06187130098278798,0.1978254387993201,0.9116666666666666,0.9066666666666666,-0.0016666666666665941,4
0.0,8,mlp,stable_only,0.9085,0.9085541474654377,0.9747863863287249,0.0676197456863321,0.23068028701763746,0.91,0.909982665896262,0.9768349704431308,0.06531483453579306,0.22571824127723358,0.9139166666666667,0.9096666666666666,-0.003916666666666679,4
0.0,8,random_forest,all_features,0.902,0.9020417306707629,0.9673729118663595,0.07137252405551148,0.2355375015009972,0.9036666666666666,0.903677941241833,0.9705755811369394,0.06884399425001721,0.2254460132604792,0.9064166666666666,0.9016666666666666,-0.00275000000000003,4
0.0,8,random_forest,stable_only,0.905,0.9050419226830517,0.9691810275857655,0.06984522325869423,0.22973764969034804,0.9043333333333333,0.9043224143295258,0.9703471265389572,0.0684436849155192,0.22553299793706863,0.9028333333333333,0.9016666666666666,0.0015000000000000568,4
0.0,8,rbf_svm,all_features,0.904,0.9039858550947261,0.971960205453149,0.06645566524235642,0.21467512155428745,0.909,0.9090381794746434,0.9748508822614339,0.06368718273201224,0.20400568611055694,0.9122499999999999,0.9023333333333333,-0.003249999999999864,4
0.0,8,rbf_svm,stable_only,0.9055,0.9055059523809523,0.9731522817460316,0.06492239973483294,0.21126558952207478,0.9116666666666666,0.9116960753811281,0.9750917818569713,0.06288391457484353,0.20446491161228048,0.9108333333333334,0.904,0.0008333333333332416,4
0.0,9,gradient_boosting,all_features,0.904,0.9038218861550069,0.9692615917003495,0.07152449817991814,0.23709675758938048,0.8963333333333333,0.896306401455143,0.9701997087580612,0.07242554622835648,0.2317704519862579,0.9005833333333334,0.8906666666666667,-0.004250000000000087,4
0.0,9,gradient_boosting,stable_only,0.901,0.9006845990727239,0.9692315698143946,0.07197323550347619,0.23676086825694137,0.8946666666666667,0.8946274930256624,0.9699098892462737,0.0729482977380086,0.23062697216611763,0.901,0.889,-0.006333333333333302,4
0.0,9,logistic_regression,all_features,0.918,0.9177240208111713,0.9783992530554775,0.058874199747389985,0.18979303841554246,0.9126666666666666,0.9126220842467982,0.9769860193201154,0.061154763831810524,0.19477343148052456,0.90875,0.896,0.003916666666666679,4
0.0,9,logistic_regression,stable_only,0.919,0.9187787897377189,0.9786494354384346,0.058334228716568584,0.1889842940315935,0.912,0.9119713238706374,0.9770313591823889,0.06112693006168555,0.19469151151508093,0.9111666666666667,0.8966666666666666,0.0008333333333333526,4
0.0,9,mlp,all_features,0.9165,0.916452593940983,0.9772073841830695,0.060206125393780174,0.19812935734950998,0.9076666666666666,0.9077693854581727,0.9747656995940748,0.06462265063162664,0.20814602329893894,0.9059166666666667,0.893,0.0017499999999999183,4
0.0,9,mlp,stable_only,0.9145,0.9140188197195755,0.9780620072032512,0.059880777526845196,0.19215159551511907,0.9126666666666666,0.9125260704208072,0.9772349440541661,0.06123956511427225,0.19506573385783357,0.9091666666666667,0.8946666666666667,0.0034999999999999476,4
0.0,9,random_forest,all_features,0.9095,0.909015172060432,0.973272015299153,0.0658166044673973,0.2185046089432821,0.905,0.9049103070842202,0.9705093088960365,0.06926016198573148,0.2282217652754908,0.9020833333333333,0.892,0.0029166666666666785,4
0.0,9,random_forest,stable_only,0.909,0.9085283171431974,0.9726755804981831,0.0662952156897285,0.2186885153779107,0.9013333333333333,0.9013111221349208,0.9710084918894987,0.0688052305943288,0.22449959909739511,0.9037499999999999,0.8933333333333333,-0.0024166666666666226,4
0.0,9,rbf_svm,all_features,0.9075,0.907337949365087,0.9745844720801465,0.06350968181867057,0.2048122618456769,0.9073333333333333,0.9073359897158524,0.9734099488104064,0.06574091085741819,0.2094707792506808,0.9088333333333333,0.894,-0.0014999999999999458,4
0.0,9,rbf_svm,stable_only,0.9155,0.9152357068302792,0.9767470485984283,0.05972084035331511,0.1965250154603241,0.9113333333333333,0.9113205634944765,0.9755004720679779,0.06274648239427914,0.2030514760135318,0.9109166666666667,0.8966666666666666,0.0004166666666666208,4
0.5,0,gradient_boosting,all_features,0.9225,0.9224851206996046,0.9791234739403467,0.060039654072416765,0.20329451939816606,0.928,0.9278784579918034,0.9822537781762296,0.053101282198261726,0.18008826699184508,0.8493333333333333,0.7943333333333333,0.07866666666666677,5
0.5,0,gradient_boosting,stable_only,0.8975,0.8975591046516629,0.9686782100634177,0.07411917776499125,0.24181965341183542,0.908,0.9078028944672132,0.9719551795167349,0.06931079064338379,0.22431594804231486,0.8997999999999999,0.8946666666666667,0.008200000000000096,5
0.5,0,logistic_regression,all_features,0.927,0.9270241699245609,0.9841780855483513,0.05056370072523036,0.16194332756218552,0.935,0.9350345799180328,0.9860052723702186,0.045919379691008816,0.1522894078704155,0.8646,0.819,0.07040000000000002,5
0.5,0,logistic_regression,stable_only,0.9105,0.9104836685238914,0.9758490777384063,0.06272158751927075,0.1981569536925097,0.9183333333333333,0.9183262892759563,0.9787820006545992,0.05816497968916513,0.18732683347998574,0.9103999999999999,0.9046666666666666,0.007933333333333459,5
0.5,0,mlp,all_features,0.927,0.9269251579441112,0.9832699756670557,0.05216926941821924,0.1704918875749956,0.936,0.9358670594262295,0.98529330672245,0.04707809874742111,0.15994070621860104,0.8543333333333333,0.7983333333333333,0.08166666666666678,5
0.5,0,mlp,stable_only,0.9045,0.9046369610722897,0.9742078791533775,0.08673424571228125,0.3078876442095699,0.9173333333333333,0.9174297728825137,0.9777467376764571,0.08536350657209886,0.30640203171072494,0.9078000000000002,0.904,0.009533333333333172,5
0.5,0,random_forest,all_features,0.9205,0.9205178826638023,0.9771822390509253,0.0596861069627021,0.200232868784113,0.9293333333333333,0.9293566427595628,0.9810048365636382,0.05387095666753972,0.1873201797056262,0.8360666666666667,0.7656666666666667,0.09326666666666661,5
0.5,0,random_forest,stable_only,0.9075,0.9075603147980905,0.9699478636915068,0.06857020161681406,0.22545600226831472,0.9073333333333333,0.9072959357923497,0.9722844803051002,0.06625978540521724,0.21910304502350145,0.9042,0.8963333333333333,0.0031333333333333213,5
0.5,0,rbf_svm,all_features,0.925,0.9250239278952753,0.9811587202051448,0.054048064855387636,0.17728370205859764,0.9336666666666666,0.9337324965846995,0.9838142325535064,0.047938901061806614,0.16248473587930531,0.8530666666666666,0.8003333333333333,0.0806,5
0.5,0,rbf_svm,stable_only,0.906,0.9059996259547405,0.9730807427698752,0.06587767224728751,0.21298902059789665,0.9166666666666666,0.9165546021174864,0.9766927972734516,0.05971049450471649,0.19673463960981188,0.9090666666666667,0.903,0.00759999999999994,5
0.5,1,gradient_boosting,all_features,0.9115,0.9113276227185854,0.9774090966945984,0.06316725538007313,0.21307210597773488,0.9166666666666666,0.9167436817616252,0.9776667337909342,0.06177496548167615,0.2071065853350226,0.8502666666666666,0.8063333333333333,0.06640000000000001,5
0.5,1,gradient_boosting,stable_only,0.909,0.9086101197545378,0.973159709798946,0.06730440632687826,0.21962397553042762,0.8996666666666666,0.8996143244075838,0.9693077620991492,0.07171267495053457,0.2356194115802462,0.8988666666666667,0.889,0.0007999999999999119,5
0.5,1,logistic_regression,all_features,0.929,0.9285601894585138,0.9838302810909298,0.05000884518549392,0.16286563339283594,0.9306666666666666,0.9306810801583777,0.9836576857953048,0.05037132329543072,0.16463597126372317,0.8692,0.8236666666666667,0.06146666666666667,5
0.5,1,logistic_regression,stable_only,0.9175,0.9172938020086371,0.978474450060183,0.05808523044759576,0.18774610336092318,0.9096666666666666,0.909606949628794,0.9758814949952412,0.06275873051488377,0.19862414915931553,0.9121333333333332,0.9043333333333333,-0.002466666666666617,5
0.5,1,mlp,all_features,0.921,0.9206837904931995,0.9792140839113601,0.059535093832342456,0.20748672722721692,0.923,0.9230549187640777,0.978989659751089,0.060153265688078404,0.21084698657280515,0.8073333333333335,0.7203333333333334,0.11566666666666658,5
0.5,1,mlp,stable_only,0.919,0.9191032991879061,0.9782058567375332,0.05879680038031845,0.19028354774421083,0.907,0.9070891228014024,0.9757201300343757,0.0631638486339919,0.1997564523076594,0.9122666666666668,0.9046666666666666,-0.005266666666666753,5
0.5,1,random_forest,all_features,0.918,0.917347420451778,0.9761077219578047,0.06004465663011589,0.20397327490277883,0.922,0.9219940441659898,0.9774246863496356,0.05949210017473079,0.20286622225166062,0.8403333333333334,0.7813333333333333,0.08166666666666667,5
0.5,1,random_forest,stable_only,0.9085,0.9082738769942804,0.9727247489704758,0.06546013364232564,0.21666601308398156,0.9033333333333333,0.9033237181154172,0.9704126453229278,0.0687138630308936,0.22600794247338846,0.9033333333333333,0.897,0.0,5
0.5,1,rbf_svm,all_features,0.9285,0.9279413223811399,0.9798655229401748,0.054268972966957534,0.18247852430629186,0.9293333333333333,0.9293474854404797,0.9812105394879619,0.052130285343675246,0.17590886286185117,0.8519333333333332,0.8066666666666666,0.07740000000000014,5
0.5,1,rbf_svm,stable_only,0.922,0.9216389003308307,0.9768919543271086,0.059695445664028006,0.19713267368115295,0.9093333333333333,0.909343564672009,0.9742491750605341,0.06426546243400139,0.20803345074625523,0.9100666666666667,0.903,-0.0007333333333333636,5
0.5,2,gradient_boosting,all_features,0.9185,0.9187570207790052,0.9745226370421052,0.06433726910740342,0.22778155865201624,0.9336666666666666,0.9336598820620126,0.9824666354962409,0.05280812961036856,0.18133972224832762,0.8396666666666667,0.776,0.09399999999999997,5
0.5,2,gradient_boosting,stable_only,0.8965,0.8964785823102877,0.9623931316150368,0.07751013486919789,0.2720091062265367,0.9146666666666666,0.9146620705103476,0.9751777336493043,0.062418651588042585,0.21061219859389635,0.9025333333333332,0.897,0.01213333333333344,5
0.5,2,logistic_regression,all_features,0.9245,0.9247247454514355,0.9792920153924484,0.0565628327934552,0.18566861916254168,0.937,0.9369985546640972,0.9869888657579836,0.04445674607930569,0.14654017908413483,0.8549333333333335,0.791,0.08206666666666651,5
0.5,2,logistic_regression,stable_only,0.9025,0.9025653413836598,0.9692091014303134,0.06987082073310925,0.22514691466240241,0.9213333333333333,0.9213287490288872,0.9801172979863076,0.055343998937175135,0.18048921465555456,0.9099999999999999,0.9056666666666666,0.011333333333333417,5
0.5,2,mlp,all_features,0.9115,0.911942051252812,0.9735933684834918,0.07579242949514822,0.27038470275603516,0.9273333333333333,0.927323426352758,0.9824155242942654,0.06653985677596608,0.2495064721859391,0.7852,0.671,0.14213333333333333,5
0.5,2,mlp,stable_only,0.897,0.897276312854415,0.9690280491061917,0.0708161280766071,0.22799277287213027,0.9206666666666666,0.9206505256009344,0.9799288532068502,0.05548540571863643,0.18185675959729883,0.9095333333333333,0.906,0.011133333333333328,5
0.5,2,random_forest,all_features,0.9125,0.9127212764488937,0.9739309660491882,0.06371328267530073,0.21302323455615174,0.9286666666666666,0.928663873180219,0.9807372990885317,0.05406848992673415,0.18781166308460692,0.8306666666666667,0.757,0.09799999999999998,5
0.5,2,random_forest,stable_only,0.8975,0.897495876308253,0.96275523626328,0.07578014746430915,0.24841125855862511,0.9173333333333333,0.9173305196987016,0.9746679549652534,0.06219589292269332,0.21039930324649822,0.9031333333333332,0.8953333333333333,0.014200000000000101,5
0.5,2,rbf_svm,all_features,0.923,0.9231988044544873,0.9765882339996259,0.058394635946128634,0.1987917188670558,0.9396666666666667,0.939671448304797,0.9845924170531858,0.04647127558244699,0.15866124674689133,0.8390000000000001,0.7703333333333333,0.10066666666666657,5
0.5,2,rbf_svm,stable_only,0.898,0.8980895478793371,0.9669274420307468,0.07144259481926608,0.23521738377025936,0.919,0.9189994115545095,0.9783932949214131,0.0564710174512888,0.18871853937723737,0.9090666666666667,0.9056666666666666,0.00993333333333335,5
0.5,3,gradient_boosting,all_features,0.9175,0.9175338202394394,0.9772891604219942,0.06152059111952159,0.20838854760657818,0.9163333333333333,0.916233282564952,0.9766237173572277,0.06273444385481147,0.21722956983264347,0.8440666666666665,0.7866666666666666,0.07226666666666681,5
0.5,3,gradient_boosting,stable_only,0.894,0.8940814205950682,0.9673553557838186,0.07565955064240928,0.2459782841525529,0.894,0.8940667696857177,0.9666594034529911,0.0766820611129997,0.2542656880042718,0.897,0.8923333333333333,-0.0030000000000000027,5
0.5,3,logistic_regression,all_features,0.9295,0.9295257915891187,0.9833646525368556,0.050926187186401614,0.166288582982529,0.9263333333333333,0.9262542940045135,0.9829480494936133,0.05186208850409001,0.16767925712402995,0.8608666666666667,0.8063333333333333,0.06546666666666667,5
0.5,3,logistic_regression,stable_only,0.9085,0.9086230984709762,0.9747529549893541,0.06414008174048857,0.20353872206500165,0.902,0.9018221031450456,0.9743371391090706,0.0653283485199155,0.20345558313869586,0.9108666666666666,0.9053333333333333,-0.008866666666666578,5
0.5,3,mlp,all_features,0.926,0.9260120069725648,0.9823575709632479,0.0524792764899037,0.1735139154444066,0.9253333333333333,0.9253549154539694,0.982265455636958,0.05313978070908466,0.17360634964129157,0.8522666666666667,0.7916666666666666,0.07306666666666661,5
0.5,3,mlp,stable_only,0.906,0.9062174036096924,0.9724747704564071,0.08929024540966324,0.3141512504906627,0.905,0.9045046747673733,0.9728825693988948,0.0869104841115706,0.3069032236955767,0.9064,0.9016666666666666,-0.0013999999999999568,5
0.5,3,random_forest,all_features,0.9155,0.9155336582263163,0.9769046292749712,0.060708687727281434,0.20522150774535522,0.915,0.9150392991739947,0.974866538448711,0.06272213137767783,0.21003250964980089,0.8338000000000001,0.7546666666666667,0.08119999999999994,5
0.5,3,random_forest,stable_only,0.897,0.8970366599694575,0.9678338945454581,0.07166348813566668,0.23453444241558422,0.8936666666666667,0.8934920123178174,0.9672870785205278,0.07201785496457948,0.23411099931515636,0.9006000000000001,0.8953333333333333,-0.006933333333333347,5
0.5,3,rbf_svm,all_features,0.9255,0.9255074661047544,0.9809194544758126,0.05410106531283692,0.17803130613128923,0.9256666666666666,0.9256650843236873,0.9803621971962513,0.05460016307592753,0.18100285324720228,0.8429333333333334,0.7803333333333333,0.08273333333333321,5
0.5,3,rbf_svm,stable_only,0.9055,0.9056048539931734,0.9738778841086129,0.06454522952366284,0.20891339679109475,0.9026666666666666,0.9024891329723961,0.9720625673978054,0.06800017042896536,0.21734782762777854,0.9094,0.9043333333333333,-0.006733333333333369,5
0.5,4,gradient_boosting,all_features,0.924,0.9240113161018448,0.9810578295204658,0.05609993845862196,0.19054709546604318,0.9216666666666666,0.9218952074131131,0.9821601063082263,0.056537030963308796,0.18486469657658958,0.8437333333333333,0.7853333333333333,0.0779333333333333,5
0.5,4,gradient_boosting,stable_only,0.916,0.9160202441821976,0.9749412744714702,0.06363981004523284,0.20875466966923165,0.909,0.9092880052798329,0.9743995702130612,0.06559450255646351,0.21533880257879437,0.8988000000000002,0.8886666666666667,0.010199999999999876,5
0.5,4,logistic_regression,all_features,0.934,0.9340354063186569,0.9855788702098319,0.04682157036026326,0.15455779823491134,0.9313333333333333,0.9314751333744857,0.9863788137809332,0.04718683399406827,0.1507196633050719,0.8597333333333333,0.8126666666666666,0.0716,5
0.5,4,logistic_regression,stable_only,0.9195,0.9195247757229815,0.9791378122403102,0.05714436695015326,0.18565864992189948,0.922,0.9221865054728456,0.9803714028025097,0.056290032200977835,0.18010507099299453,0.9084,0.9003333333333333,0.013600000000000056,5
0.5,4,mlp,all_features,0.931,0.9310113791024119,0.9840178561607054,0.05000091466830396,0.17065885822865834,0.9293333333333333,0.9294231497903543,0.9847711153291268,0.05011191952869968,0.16846772466238988,0.8332666666666666,0.7666666666666667,0.09606666666666674,5
0.5,4,mlp,stable_only,0.9225,0.9225128026152235,0.9789788108092973,0.05695524659490108,0.18570931043992311,0.922,0.9221358062685563,0.9803549477976088,0.05625798604383078,0.18031606138793882,0.908,0.8983333333333333,0.014000000000000012,5
0.5,4,random_forest,all_features,0.928,0.9280113521021689,0.980197321775896,0.055144619241039444,0.19077564189836,0.9223333333333333,0.9224778035325782,0.9814391992016209,0.05525369759671812,0.1882116880190736,0.8360666666666665,0.765,0.08626666666666682,5
0.5,4,random_forest,stable_only,0.9145,0.9145367308305774,0.973407260665346,0.06442482496516422,0.21525069397139857,0.9103333333333333,0.9105714956621049,0.9753455106299332,0.06312459572423441,0.20958321926158177,0.9023333333333333,0.8956666666666667,0.008000000000000007,5
0.5,4,rbf_svm,all_features,0.93,0.9300143701293312,0.9830848477636298,0.05006093261426224,0.16736030232034238,0.9293333333333333,0.9295245481989329,0.9840733341753553,0.05029459926151812,0.16401892505773943,0.8428666666666667,0.781,0.08646666666666669,5
0.5,4,rbf_svm,stable_only,0.92,0.9200172801555214,0.9772677954101587,0.05826170353709061,0.19413362596261435,0.9223333333333333,0.9225285027368675,0.9793267323562321,0.05728276524109515,0.18690975625811704,0.9071999999999999,0.8986666666666666,0.015133333333333443,5
0.5,5,gradient_boosting,all_features,0.906,0.905960596059606,0.9753205320532053,0.06679393953077122,0.2214251305794718,0.9196666666666666,0.9198721867185329,0.9780183384273409,0.05956988462135171,0.20470822706409675,0.8527333333333333,0.8123333333333334,0.06693333333333329,5
0.5,5,gradient_boosting,stable_only,0.892,0.892089208920892,0.9665651565156517,0.07729830357824485,0.25414539662468333,0.898,0.8981161433731593,0.9679157543762157,0.07381224478479355,0.24632545704207712,0.9034666666666666,0.901,-0.00546666666666662,5
0.5,5,logistic_regression,all_features,0.925,0.924962496249625,0.9836553655365536,0.051157720777445945,0.1646982578904291,0.9296666666666666,0.9298749652681301,0.9839550986385106,0.05032154568789425,0.163143400682917,0.8707333333333332,0.8293333333333334,0.05893333333333339,5
0.5,5,logistic_regression,stable_only,0.9085,0.9085558555855586,0.9764676467646765,0.06216263992504295,0.19644709804448585,0.9156666666666666,0.9158377327035288,0.9769126979716589,0.060456920942784945,0.19538938269982167,0.9139333333333333,0.9093333333333333,0.0017333333333333645,5
0.5,5,mlp,all_features,0.925,0.9249124912491249,0.9835223522352236,0.051145936514663176,0.16620193562936703,0.9286666666666666,0.9288135593220339,0.9835425395943317,0.05110748921584601,0.16540483854686977,0.8679333333333332,0.8283333333333334,0.06073333333333342,5
0.5,5,mlp,stable_only,0.9125,0.9123062306230623,0.9750805080508052,0.13154670502510704,0.4382432109023,0.9146666666666666,0.9144429008057794,0.975445179216449,0.1309186740393297,0.43706143892464394,0.9116,0.9043333333333333,0.003066666666666662,5
0.5,5,random_forest,all_features,0.909,0.908950895089509,0.9768816881688168,0.06203095839286722,0.20571436124175785,0.9203333333333333,0.920527924423451,0.9791168657960545,0.05781208889219028,0.1962446030792522,0.845,0.784,0.07533333333333336,5
0.5,5,random_forest,stable_only,0.8935,0.8935643564356436,0.9677417741774178,0.07216801611834807,0.23463268023758047,0.906,0.9061294804112254,0.9700763545429286,0.0681439288933983,0.22614303366408817,0.9065999999999999,0.9036666666666666,-0.0005999999999998229,5
0.5,5,rbf_svm,all_features,0.9205,0.9204670467046705,0.9820142014201421,0.05268335037168512,0.17258571552593982,0.928,0.9281689358155043,0.9817287024173382,0.053170343885660526,0.17487630670135376,0.8544666666666666,0.8013333333333333,0.07353333333333345,5
0.5,5,rbf_svm,stable_only,0.911,0.9110711071107112,0.9747894789478948,0.06364654430795424,0.20643733334815034,0.9156666666666666,0.9158377327035288,0.9744093359266464,0.06230317667293148,0.20662261626180936,0.9129999999999999,0.9086666666666666,0.002666666666666706,5
0.5,6,gradient_boosting,all_features,0.9185,0.9184806956911311,0.9772226355621689,0.061873220833482026,0.21242518918782544,0.927,0.9265517241379311,0.9801641824249167,0.05640751720857182,0.19353979866910337,0.8461333333333332,0.7886666666666666,0.08086666666666686,5
0.5,6,gradient_boosting,stable_only,0.9,0.9000184002944047,0.9679344869517912,0.07432328562986544,0.2425573506336494,0.892,0.8915684093437153,0.9659790878754172,0.07661586138044976,0.2522595741221565,0.9023333333333333,0.8903333333333333,-0.010333333333333306,5
0.5,6,logistic_regression,all_features,0.9305,0.930480887694203,0.9842017472279556,0.050707827463897556,0.16169544634670108,0.9313333333333333,0.9309677419354838,0.9849730812013348,0.04870561608268088,0.15874986909704114,0.8614666666666666,0.8083333333333333,0.06986666666666674,5
0.5,6,logistic_regression,stable_only,0.9095,0.9095245523928382,0.9764696235139761,0.062128834890772935,0.19587625926070393,0.9113333333333333,0.9109677419354838,0.9739684093437153,0.0640904965155453,0.206354686083592,0.9119333333333334,0.9033333333333333,-0.0006000000000000449,5
0.5,6,mlp,all_features,0.9275,0.9274288388614218,0.9839357429718876,0.05179252212690194,0.1651624947887,0.9303333333333333,0.9297552836484984,0.9845098998887654,0.04990146740493934,0.16299877517280986,0.8623333333333333,0.8086666666666666,0.06800000000000006,5
0.5,6,mlp,stable_only,0.91,0.9099985599769596,0.9755026080417286,0.07553815118085506,0.27139172311317766,0.9056666666666666,0.9053058954393771,0.9724324805339266,0.07893590470991531,0.27966098553972674,0.9109999999999999,0.9013333333333333,-0.005333333333333301,5
0.5,6,random_forest,all_features,0.923,0.9229667674682795,0.9771566345061521,0.05935250476740559,0.2005420298118786,0.9246666666666666,0.9240934371523916,0.9801670745272525,0.05709407973513199,0.19360480564719842,0.8438666666666667,0.77,0.08079999999999998,5
0.5,6,random_forest,stable_only,0.904,0.9040064641034257,0.9692775084401349,0.0694394918706264,0.22804725533863726,0.9013333333333333,0.9008676307007786,0.9658289210233593,0.07255900325008947,0.23923967135022475,0.9033333333333333,0.891,-0.0020000000000000018,5
0.5,6,rbf_svm,all_features,0.928,0.9279428470855534,0.9820117121873949,0.053368236149627664,0.1744875865656406,0.929,0.9283982202447163,0.982658064516129,0.050935138404244365,0.17006097272998782,0.8471333333333334,0.7843333333333333,0.08186666666666664,5
0.5,6,rbf_svm,stable_only,0.9085,0.9085085361365781,0.9741245859933759,0.0651390525998312,0.2093727033636307,0.911,0.9105116796440489,0.9722407119021135,0.06546551527772994,0.21497184678946799,0.9123333333333333,0.904,-0.0013333333333332975,5
0.5,7,gradient_boosting,all_features,0.9205,0.9205185546718728,0.9784248931846184,0.05913382213012008,0.20589872026420084,0.926,0.9260355555713627,0.9811810126064543,0.054612845006031904,0.18625585632924269,0.8510666666666667,0.7993333333333333,0.0749333333333333,5
0.5,7,gradient_boosting,stable_only,0.8995,0.8997435630730826,0.9680483989694516,0.07426037530575232,0.24845003581152753,0.9013333333333333,0.9013152396008757,0.9680381750250298,0.07380118813774775,0.24488700050760218,0.8967333333333333,0.8933333333333333,0.0046000000000000485,5
0.5,7,logistic_regression,all_features,0.9305,0.9305680017922581,0.9833966091117121,0.051284200029679025,0.16594303335461616,0.939,0.9389990059235575,0.9863572344402141,0.04596576368285573,0.15033933986459141,0.8623333333333333,0.8126666666666666,0.07666666666666666,5
0.5,7,logistic_regression,stable_only,0.909,0.9091429165799876,0.9762625818117808,0.06284004966396377,0.19772079228689607,0.9153333333333333,0.9153310061156152,0.9774452235427178,0.06018027717406022,0.19229095791399967,0.9096,0.9073333333333333,0.005733333333333368,5
0.5,7,mlp,all_features,0.931,0.9311100798514986,0.9828825350850522,0.052416861247509335,0.17439209853517174,0.9356666666666666,0.9356068756657556,0.9860655912620859,0.04722754519323003,0.16102099574941225,0.8458,0.7846666666666666,0.08986666666666665,5
0.5,7,mlp,stable_only,0.9055,0.9057324254692676,0.975932534284937,0.06659577221627518,0.2269832048110304,0.9156666666666666,0.9155661878857826,0.9778155570295786,0.06427691401078063,0.22386245614790912,0.9098666666666666,0.909,0.005800000000000027,5
0.5,7,random_forest,all_features,0.9195,0.9196024227488758,0.9769376790257797,0.059346373944751604,0.20127950997141533,0.9263333333333333,0.9263285324835373,0.9823500304980518,0.053744979395453606,0.1855745018577555,0.8423999999999999,0.7806666666666666,0.08393333333333342,5
0.5,7,random_forest,stable_only,0.901,0.9011657678705733,0.9683354403034037,0.0700485469176414,0.23185169948140377,0.9076666666666666,0.907644696806685,0.9714398637101637,0.06783532876858199,0.22276788233282446,0.9002666666666667,0.8953333333333333,0.007399999999999962,5
0.5,7,rbf_svm,all_features,0.9295,0.9295438543150214,0.981389320062089,0.05268759739362821,0.17609523482894723,0.9356666666666666,0.9357340249781712,0.9852613496321562,0.04683838461792936,0.1562948679325797,0.8492666666666666,0.792,0.08640000000000003,5
0.5,7,rbf_svm,stable_only,0.9095,0.9096969963674769,0.9742632939143236,0.06477525291371447,0.2098313058947102,0.9153333333333333,0.9152500929168053,0.9766312011964482,0.061018416765259646,0.1985377029683998,0.9081333333333333,0.9036666666666666,0.007199999999999984,5
0.5,8,gradient_boosting,all_features,0.901,0.9010016641065028,0.972572244623656,0.07077866041768038,0.23767905871704315,0.9233333333333333,0.9233432597004312,0.9784737099426641,0.0592659664242564,0.20275695632033228,0.8560000000000001,0.8103333333333333,0.06733333333333325,5
0.5,8,gradient_boosting,stable_only,0.9005,0.9005136328725039,0.9686324924795189,0.07280561115943288,0.24047285593433115,0.9006666666666666,0.9006800302235655,0.9700320014222854,0.07166357355066595,0.23414929678557656,0.8997999999999999,0.8976666666666666,0.0008666666666666822,5
0.5,8,logistic_regression,all_features,0.9205,0.9204589093701997,0.9807507680491552,0.05574992045411729,0.17787010808639428,0.9333333333333333,0.9333525934485978,0.9854966887417219,0.04680802095343601,0.1551053528742133,0.8695333333333333,0.8256666666666667,0.06380000000000008,5
0.5,8,logistic_regression,stable_only,0.9095,0.9095062083973374,0.9754664298515106,0.06299708174779978,0.1993127087624969,0.914,0.9140050668918618,0.9775545579803547,0.06028092294630765,0.19182734357683473,0.9127333333333334,0.9043333333333333,0.0012666666666666382,5
0.5,8,mlp,all_features,0.92,0.9199868791602662,0.980520753328213,0.056061134252514765,0.18020645105117505,0.9336666666666666,0.933665940708476,0.9851148939952887,0.04739210349710586,0.15680607129663426,0.8712666666666667,0.829,0.0623999999999999,5
0.5,8,mlp,stable_only,0.9085,0.9085541474654377,0.9747863863287249,0.0676197456863321,0.23068028701763746,0.91,0.909982665896262,0.9768349704431308,0.06531483453579306,0.22571824127723358,0.9148,0.9096666666666666,-0.0047999999999999154,5
0.5,8,random_forest,all_features,0.905,0.9050099206349207,0.9718526985727087,0.067172786508396,0.22101415473380118,0.9266666666666666,0.9266545179785768,0.9787892795235345,0.057731222166527936,0.1966500061596671,0.8519333333333334,0.7976666666666666,0.07473333333333321,5
0.5,8,random_forest,stable_only,0.905,0.9050419226830517,0.9691810275857654,0.06984522325869423,0.22973764969034804,0.9043333333333333,0.9043224143295258,0.9703471265389572,0.0684436849155192,0.22553299793706863,0.9030666666666667,0.9016666666666666,0.0012666666666666382,5
0.5,8,rbf_svm,all_features,0.914,0.9139944956477215,0.9773095478110599,0.06019703900801695,0.19515296458809323,0.9296666666666666,0.929639095070892,0.9836112716120716,0.049161943578207586,0.16465802665487497,0.8580666666666665,0.809,0.07160000000000011,5
0.5,8,rbf_svm,stable_only,0.9055,0.9055059523809523,0.9731522817460316,0.06492239973483294,0.21126558952207478,0.9116666666666666,0.9116960753811281,0.9750917818569713,0.06288391457484353,0.20446491161228048,0.9108666666666666,0.904,0.0008000000000000229,5
0.5,9,gradient_boosting,all_features,0.921,0.9207802488013762,0.9800484553239311,0.057718434748475884,0.19380693450845274,0.9193333333333333,0.9193297168125543,0.9791601101669752,0.060718085128115155,0.20173076236897908,0.8398666666666668,0.7826666666666666,0.07946666666666657,5
0.5,9,gradient_boosting,stable_only,0.901,0.9006845990727239,0.9692315698143946,0.07197323550347619,0.23676086825694137,0.8946666666666667,0.8946274930256624,0.9699098892462737,0.0729482977380086,0.23062697216611763,0.9014,0.889,-0.006733333333333258,5
0.5,9,logistic_regression,all_features,0.933,0.9328970819727581,0.985628523193408,0.04751984847536954,0.15445698520711862,0.936,0.9359987838248708,0.9845506641845315,0.04886119131400367,0.15943253357366122,0.8556000000000001,0.802,0.08039999999999992,5
0.5,9,logistic_regression,stable_only,0.919,0.9187787897377189,0.9786494354384346,0.058334228716568584,0.1889842940315935,0.912,0.9119713238706374,0.9770313591823889,0.06112693006168555,0.19469151151508093,0.9114666666666666,0.8966666666666666,0.0005333333333333856,5
0.5,9,mlp,all_features,0.934,0.93419502817554,0.98460077396422,0.04878547495763749,0.1637583620151536,0.9323333333333333,0.9324796103972306,0.9831086787608526,0.05120324427278958,0.17098299079959695,0.8435333333333332,0.7786666666666666,0.0888000000000001,5
0.5,9,mlp,stable_only,0.9145,0.9140188197195755,0.9780620072032512,0.059880777526845196,0.19215159551511907,0.9126666666666666,0.9125260704208072,0.9772349440541661,0.06123956511427225,0.19506573385783357,0.9093333333333333,0.8946666666666667,0.0033333333333332993,5
0.5,9,random_forest,all_features,0.924,0.9237824373968624,0.9804272314517283,0.05581496229607096,0.1903575575707679,0.9206666666666666,0.92062323641271,0.9792214523335805,0.058227494374653674,0.19578173883251193,0.8330666666666666,0.765,0.08760000000000001,5
0.5,9,random_forest,stable_only,0.909,0.9085283171431974,0.9726755804981831,0.0662952156897285,0.21868851537791067,0.9013333333333333,0.9013111221349208,0.9710084918894988,0.06880523059432882,0.22449959909739511,0.9035333333333334,0.8933333333333333,-0.0022000000000000908,5
0.5,9,rbf_svm,all_features,0.9325,0.9324642664502423,0.9835930393256684,0.0503349253066662,0.1653606294543974,0.934,0.9340144980877247,0.982715288779362,0.05099535720523613,0.169347205165239,0.8436666666666668,0.7863333333333333,0.09033333333333327,5
0.5,9,rbf_svm,stable_only,0.9155,0.9152357068302792,0.9767470485984283,0.05972084035331511,0.1965250154603241,0.9113333333333333,0.9113205634944765,0.9755004720679779,0.06274648239427914,0.2030514760135318,0.9113999999999999,0.8966666666666666,-6.66666666665483e-05,5
0.7,0,gradient_boosting,all_features,0.9465,0.9464770237198701,0.9892196955831655,0.04223159789272074,0.1557973855512344,0.949,0.9489305840163934,0.9905772391564208,0.03745683003903567,0.13905991042831606,0.7546,0.6196666666666667,0.1943999999999999,5
0.7,0,gradient_boosting,stable_only,0.8975,0.8975591046516629,0.9686782100634177,0.07411917776499125,0.24181965341183542,0.908,0.9078028944672132,0.9719551795167349,0.06931079064338379,0.22431594804231486,0.8997999999999999,0.8946666666666667,0.008200000000000096,5
0.7,0,logistic_regression,all_features,0.952,0.9520161939594691,0.9924200828300224,0.03345234530827437,0.11150182758679214,0.9586666666666667,0.9585788080601093,0.9929172536714481,0.03137669760289332,0.10692705746007757,0.7970666666666666,0.69,0.16160000000000008,5
0.7,0,logistic_regression,stable_only,0.9105,0.9104836685238914,0.9758490777384063,0.06272158751927075,0.1981569536925097,0.9183333333333333,0.9183262892759563,0.9787820006545992,0.05816497968916513,0.18732683347998574,0.9103999999999999,0.9046666666666666,0.007933333333333459,5
0.7,0,mlp,all_features,0.9535,0.9534888721535306,0.9919070207495108,0.03422882299210959,0.11550367153491095,0.9586666666666667,0.9585627988387978,0.992584617628643,0.03180480898941218,0.10934224348376326,0.7960666666666667,0.6966666666666667,0.16259999999999997,5
0.7,0,mlp,stable_only,0.9045,0.9046369610722897,0.9742078791533775,0.08673424571228125,0.3078876442095699,0.9173333333333333,0.9174297728825137,0.9777467376764571,0.08536350657209886,0.30640203171072494,0.9078000000000002,0.904,0.009533333333333172,5
0.7,0,random_forest,all_features,0.9495,0.9495433947507649,0.9883215869120164,0.041312437745056385,0.1449084561309738,0.948,0.9478899846311475,0.9891633136242031,0.038848308134237466,0.14929545064241032,0.716,0.5323333333333333,0.23199999999999998,5
0.7,0,random_forest,stable_only,0.9075,0.9075603147980905,0.9699478636915067,0.06857020161681406,0.22545600226831472,0.9073333333333333,0.9072959357923497,0.9722844803051002,0.06625978540521724,0.21910304502350145,0.9042,0.8963333333333333,0.0031333333333333213,5
0.7,0,rbf_svm,all_features,0.952,0.952005192628308,0.9904838485456738,0.03566655730831498,0.1237146526433595,0.957,0.9569832223360655,0.9914657509392076,0.03269869962125565,0.11546830831830247,0.7784666666666666,0.6593333333333333,0.17853333333333332,5
0.7,0,rbf_svm,stable_only,0.906,0.9059996259547405,0.9730807427698752,0.06587767224728751,0.21298902059789665,0.9166666666666666,0.9165546021174864,0.9766927972734516,0.05971049450471649,0.19673463960981188,0.9090666666666667,0.903,0.00759999999999994,5
0.7,1,gradient_boosting,all_features,0.9455,0.9452615828364858,0.98826106870076,0.04240063241470118,0.158447664519641,0.9426666666666667,0.9426740974564347,0.9870685765521153,0.045394182208033956,0.16849863751318483,0.7584666666666666,0.6376666666666667,0.18420000000000003,5
0.7,1,gradient_boosting,stable_only,0.909,0.9086101197545378,0.973159709798946,0.06730440632687826,0.21962397553042762,0.8996666666666666,0.8996143244075838,0.9693077620991492,0.07171267495053457,0.2356194115802462,0.8988666666666667,0.889,0.0007999999999999119,5
0.7,1,logistic_regression,all_features,0.9545,0.9539046754280205,0.9919031139787791,0.0344783677280865,0.11573966680824083,0.9536666666666667,0.9536155753194293,0.9918748519154199,0.0341571357447636,0.11526579712003157,0.7942666666666667,0.693,0.1594,5
0.7,1,logistic_regression,stable_only,0.9175,0.9172938020086371,0.978474450060183,0.05808523044759576,0.18774610336092318,0.9096666666666666,0.909606949628794,0.9758814949952412,0.06275873051488377,0.19862414915931553,0.9121333333333332,0.9043333333333333,-0.002466666666666617,5
0.7,1,mlp,all_features,0.956,0.9559025888187005,0.9909490063550382,0.03655713710245181,0.12902870391282573,0.95,0.950074214546051,0.9908146441146909,0.03691469767060182,0.13055435152053252,0.7395333333333333,0.602,0.2104666666666667,5
0.7,1,mlp,stable_only,0.919,0.9191032991879061,0.9782058567375332,0.05879680038031845,0.19028354774421083,0.907,0.9070891228014024,0.9757201300343757,0.0631638486339919,0.1997564523076594,0.9122666666666668,0.9046666666666666,-0.005266666666666753,5
0.7,1,random_forest,all_features,0.9485,0.9482211204550852,0.9867136504538526,0.04260038808743512,0.1519242129416362,0.944,0.9439516811961811,0.9867978568243819,0.04316394352342002,0.15298377498065582,0.7187333333333334,0.554,0.2252666666666665,5
0.7,1,random_forest,stable_only,0.9085,0.9082738769942804,0.9727247489704758,0.06546013364232565,0.21666601308398156,0.9033333333333333,0.9033237181154172,0.9704126453229278,0.0687138630308936,0.22600794247338846,0.9033333333333333,0.897,0.0,5
0.7,1,rbf_svm,all_features,0.953,0.9525191147244263,0.9890828840909569,0.03743297972468051,0.13209220367182975,0.9523333333333334,0.9523006509275818,0.9898415645021981,0.03615111082169071,0.1272466721986658,0.7746666666666667,0.661,0.17766666666666664,5
0.7,1,rbf_svm,stable_only,0.922,0.9216389003308307,0.9768919543271086,0.059695445664028006,0.19713267368115295,0.9093333333333333,0.909343564672009,0.9742491750605341,0.06426546243400139,0.20803345074625523,0.9100666666666667,0.903,-0.0007333333333333636,5
0.7,2,gradient_boosting,all_features,0.94,0.9402037188747547,0.9877884708680809,0.0453263343512787,0.17097023422640553,0.946,0.9459963484379528,0.9902315381894012,0.0407130678377399,0.1487372682853333,0.7293333333333334,0.5793333333333334,0.21666666666666656,5
0.7,2,gradient_boosting,stable_only,0.8965,0.8964785823102877,0.9623931316150368,0.07751013486919789,0.2720091062265367,0.9146666666666666,0.9146620705103476,0.9751777336493043,0.062418651588042585,0.21061219859389635,0.9025333333333332,0.897,0.01213333333333344,5
0.7,2,logistic_regression,all_features,0.949,0.9491893157122409,0.9899070831470295,0.03845439722975407,0.13012318542524506,0.9596666666666667,0.95966703940807,0.9938502112892644,0.029752357222103457,0.10066601672281619,0.7748,0.6533333333333333,0.18486666666666662,5
0.7,2,logistic_regression,stable_only,0.9025,0.9025653413836598,0.9692091014303134,0.06987082073310925,0.22514691466240241,0.9213333333333333,0.9213287490288872,0.9801172979863076,0.055343998937175135,0.18048921465555456,0.9099999999999999,0.9056666666666666,0.011333333333333417,5
0.7,2,mlp,all_features,0.9475,0.9477143894585536,0.9897220296665736,0.03868085612839657,0.13137213482221424,0.96,0.9599981511078242,0.9937164332736592,0.02994940020382446,0.10203156465144225,0.7710666666666667,0.6496666666666666,0.1889333333333333,5
0.7,2,mlp,stable_only,0.897,0.897276312854415,0.9690280491061917,0.0708161280766071,0.22799277287213027,0.9206666666666666,0.9206505256009344,0.9799288532068502,0.05548540571863643,0.18185675959729883,0.9095333333333333,0.906,0.011133333333333328,5
0.7,2,random_forest,all_features,0.941,0.9412720276159809,0.9863405524196491,0.04517974121603559,0.15577860371863647,0.946,0.945998126218891,0.9880286453842584,0.040437553574778726,0.14375554295512416,0.7028000000000001,0.522,0.24319999999999986,5
0.7,2,random_forest,stable_only,0.8975,0.897495876308253,0.9627557364078217,0.07578014746430915,0.24841125855862511,0.9173333333333333,0.9173305196987016,0.974667732742636,0.06219589292269332,0.21039930324649822,0.9031333333333332,0.8953333333333333,0.014200000000000101,5
0.7,2,rbf_svm,all_features,0.95,0.9501725998813657,0.9881475746490737,0.038956580376978765,0.13958312702555384,0.9563333333333334,0.9563372557106768,0.9919528745828881,0.03239502299643399,0.11288328596090712,0.7547333333333333,0.6193333333333333,0.2016000000000001,5
0.7,2,rbf_svm,stable_only,0.898,0.8980895478793371,0.9669274420307468,0.07144259481926608,0.23521738377025936,0.919,0.9189994115545095,0.9783932949214131,0.0564710174512888,0.18871853937723737,0.9090666666666667,0.9056666666666666,0.00993333333333335,5
0.7,3,gradient_boosting,all_features,0.9445,0.9445360074166007,0.9883030525472564,0.04308400495356364,0.1608633668908791,0.944,0.9440784427076965,0.9873940256361797,0.045212026304121085,0.1705453043613088,0.7505333333333333,0.6176666666666667,0.19346666666666668,5
0.7,3,gradient_boosting,stable_only,0.894,0.8940814205950682,0.9673553557838186,0.07565955064240928,0.2459782841525529,0.894,0.8940667696857177,0.9666594034529911,0.0766820611129997,0.2542656880042718,0.897,0.8923333333333333,-0.0030000000000000027,5
0.7,3,logistic_regression,all_features,0.952,0.9520231138722237,0.9919913512994551,0.0339385254336158,0.1146107431352655,0.954,0.9540683260886482,0.9917964224966928,0.0341632162492554,0.11570901856485974,0.7860000000000001,0.6766666666666666,0.16799999999999982,5
0.7,3,logistic_regression,stable_only,0.9085,0.9086230984709762,0.9747529549893541,0.06414008174048857,0.20353872206500165,0.902,0.9018221031450456,0.9743371391090706,0.0653283485199155,0.20345558313869586,0.9108666666666666,0.9053333333333333,-0.008866666666666578,5
0.7,3,mlp,all_features,0.9495,0.9495364124494083,0.991182285765147,0.03556849054082217,0.123153833408667,0.9523333333333334,0.9524396615935342,0.9911369523407189,0.035857875074424686,0.12328572235046265,0.7539333333333333,0.619,0.19840000000000002,5
0.7,3,mlp,stable_only,0.906,0.9062174036096924,0.9724747704564071,0.08929024540966324,0.3141512504906627,0.905,0.9045046747673733,0.9728825693988948,0.0869104841115706,0.3069032236955767,0.9064,0.9016666666666666,-0.0013999999999999568,5
0.7,3,random_forest,all_features,0.946,0.9460406292909725,0.987237466234765,0.04263975247328168,0.1655526280812187,0.945,0.9451178975219842,0.9860021567297751,0.043657175304829085,0.1549706453792986,0.7213999999999999,0.5576666666666666,0.22360000000000002,5
0.7,3,random_forest,stable_only,0.897,0.8970366599694575,0.9678338945454582,0.07166348813566668,0.23453444241558424,0.8936666666666667,0.8934920123178174,0.967286856177252,0.07201785496457948,0.23411099931515636,0.9006000000000001,0.8953333333333333,-0.006933333333333347,5
0.7,3,rbf_svm,all_features,0.95,0.9500319525881596,0.9903682198258059,0.036223013561385284,0.12464463131145732,0.9513333333333334,0.9514780269257708,0.989899389667708,0.036663767325850465,0.12766534237942365,0.7712666666666667,0.6466666666666666,0.1800666666666667,5
0.7,3,rbf_svm,stable_only,0.9055,0.9056048539931734,0.9738778841086129,0.06454522952366284,0.20891339679109475,0.9026666666666666,0.9024891329723961,0.9720625673978054,0.06800017042896536,0.21734782762777854,0.9094,0.9043333333333333,-0.006733333333333369,5
0.7,4,gradient_boosting,all_features,0.949,0.9490175411578704,0.9911549203942835,0.037972109568690314,0.13332643854385917,0.9463333333333334,0.9464932160906823,0.9908643591709524,0.04032378272312684,0.13911050237794553,0.7525999999999999,0.628,0.19373333333333342,5
0.7,4,gradient_boosting,stable_only,0.916,0.9160202441821976,0.9749412744714702,0.06363981004523284,0.20875466966923165,0.909,0.9092880052798329,0.9743995702130612,0.06559450255646351,0.21533880257879437,0.8988000000000002,0.8886666666666667,0.010199999999999876,5
0.7,4,logistic_regression,all_features,0.9565,0.9565251087259785,0.9931339382054438,0.030948051993730834,0.10614938954054035,0.953,0.953181063758252,0.9937897922044192,0.032171900771375384,0.1035523456410871,0.7884,0.6853333333333333,0.16459999999999997,5
0.7,4,logistic_regression,stable_only,0.9195,0.9195247757229815,0.9791378122403102,0.05714436695015326,0.18565864992189948,0.922,0.9221865054728456,0.9803714028025097,0.056290032200977835,0.18010507099299453,0.9084,0.9003333333333333,0.013600000000000056,5
0.7,4,mlp,all_features,0.9545,0.9545160906448158,0.9927319345874113,0.032283299344859344,0.11250926004102914,0.956,0.9561238412563441,0.9931725071557034,0.03345757124313858,0.11245040916997391,0.7533333333333332,0.6183333333333333,0.20266666666666677,5
0.7,4,mlp,stable_only,0.9225,0.9225128026152235,0.9789788108092973,0.05695524659490108,0.18570931043992311,0.922,0.9221358062685563,0.9803549477976088,0.05625798604383078,0.18031606138793882,0.908,0.8983333333333333,0.014000000000000012,5
0.7,4,random_forest,all_features,0.9485,0.9485100365903293,0.989406904662142,0.03925973610202442,0.14032995284201108,0.9496666666666667,0.9498286900570856,0.9903324622557766,0.03954059064973612,0.1388970360887917,0.7155333333333334,0.5486666666666666,0.2341333333333333,5
0.7,4,random_forest,stable_only,0.9145,0.9145367308305774,0.973407260665346,0.06442482496516422,0.21525069397139857,0.9103333333333333,0.9105714956621049,0.9753452882650021,0.06312459572423441,0.20958321926158177,0.9023333333333333,0.8956666666666667,0.008000000000000007,5
0.7,4,rbf_svm,all_features,0.9515,0.9515250637255734,0.991418922770305,0.03272828889193915,0.11544838000773097,0.9546666666666667,0.9547727519350195,0.992874538148038,0.03359896013650588,0.11081875417057452,0.7727333333333333,0.656,0.1819333333333334,5
0.7,4,rbf_svm,stable_only,0.92,0.9200172801555214,0.9772677954101587,0.05826170353709061,0.19413362596261435,0.9223333333333333,0.9225285027368675,0.9793267323562321,0.05728276524109515,0.18690975625811704,0.9071999999999999,0.8986666666666666,0.015133333333333443,5
0.7,5,gradient_boosting,all_features,0.942,0.9419341934193419,0.9877387738773877,0.045824376464901846,0.15989853457112843,0.9456666666666667,0.945768268963601,0.9890978605168101,0.04209605101150461,0.15025834513764066,0.7586,0.6353333333333333,0.1870666666666666,5
0.7,5,gradient_boosting,stable_only,0.892,0.892089208920892,0.9665651565156517,0.07729830357824485,0.25414539662468333,0.898,0.8981161433731593,0.9679157543762157,0.07381224478479355,0.24632545704207712,0.9034666666666666,0.901,-0.00546666666666662,5
0.7,5,logistic_regression,all_features,0.952,0.951955195519552,0.9923372337233722,0.03417243147334868,0.11387919497000562,0.9506666666666667,0.9508641289247013,0.9923125312586829,0.03453608780433195,0.11390187089238649,0.7964,0.6953333333333334,0.15426666666666666,5
0.7,5,logistic_regression,stable_only,0.9085,0.9085558555855586,0.9764676467646765,0.06216263992504295,0.19644709804448585,0.9156666666666666,0.9158377327035288,0.9769126979716589,0.060456920942784945,0.19538938269982167,0.9139333333333333,0.9093333333333333,0.0017333333333333645,5
0.7,5,mlp,all_features,0.9525,0.9524002400240024,0.9911371137113711,0.03888453398938877,0.1447632554740293,0.9463333333333334,0.9464573492636843,0.9913207001944986,0.03849606438542191,0.14127026718179908,0.7426666666666667,0.6003333333333334,0.20366666666666666,5
0.7,5,mlp,stable_only,0.9125,0.9123062306230623,0.9750805080508052,0.13154670502510704,0.4382432109023,0.9146666666666666,0.9144429008057794,0.975445179216449,0.1309186740393297,0.43706143892464394,0.9116,0.9043333333333333,0.003066666666666662,5
0.7,5,random_forest,all_features,0.935,0.934933493349335,0.9868301830183018,0.04569200611489849,0.15682633184278102,0.9453333333333334,0.945540427896638,0.9879793275909976,0.042604662706307174,0.14899053833137665,0.7112,0.547,0.2341333333333333,5
0.7,5,random_forest,stable_only,0.8935,0.8935643564356436,0.9677417741774177,0.07216801611834807,0.23463268023758047,0.906,0.9061294804112254,0.9700767991108641,0.0681439288933983,0.2261430336640881,0.9065999999999999,0.9036666666666666,-0.0005999999999998229,5
0.7,5,rbf_svm,all_features,0.9515,0.9514101410141014,0.9914681468146815,0.034823256213103886,0.11863571757278515,0.9513333333333334,0.9514642956376771,0.9907841066963045,0.03642627046412461,0.12342010217525229,0.7821333333333333,0.673,0.16920000000000002,5
0.7,5,rbf_svm,stable_only,0.911,0.9110711071107112,0.9747894789478948,0.06364654430795424,0.20643733334815034,0.9156666666666666,0.9158377327035288,0.9744093359266464,0.06230317667293148,0.20662261626180936,0.9129999999999999,0.9086666666666666,0.002666666666666706,5
0.7,6,gradient_boosting,all_features,0.9445,0.9444731115697851,0.9896828349253588,0.04368904181697488,0.15504949724240008,0.9513333333333334,0.9509899888765294,0.9909735261401558,0.038066335426066106,0.13808769533928592,0.7364,0.612,0.2149333333333333,5
0.7,6,gradient_boosting,stable_only,0.9,0.9000184002944047,0.9679344869517912,0.07432328562986544,0.2425573506336494,0.892,0.8915684093437153,0.9659790878754172,0.07661586138044976,0.2522595741221565,0.9023333333333333,0.8903333333333333,-0.010333333333333306,5
0.7,6,logistic_regression,all_features,0.9495,0.9494731915710651,0.9927508840141444,0.034170002189485446,0.11133603510477152,0.9543333333333334,0.9540266963292547,0.9935385984427142,0.0314319595990855,0.10477143814831932,0.7888666666666667,0.6766666666666666,0.16546666666666665,5
0.7,6,logistic_regression,stable_only,0.9095,0.9095245523928382,0.9764696235139761,0.062128834890772935,0.19587625926070393,0.9113333333333333,0.9109677419354838,0.9739684093437153,0.0640904965155453,0.206354686083592,0.9119333333333334,0.9033333333333333,-0.0006000000000000449,5
0.7,6,mlp,all_features,0.9455,0.9454731275700412,0.9915098641578266,0.03755769138721029,0.13378506062339224,0.9513333333333334,0.951078976640712,0.9924213570634038,0.03494256267672263,0.12731433994098976,0.7209999999999999,0.5546666666666666,0.2303333333333335,5
0.7,6,mlp,stable_only,0.91,0.9099985599769596,0.9755026080417286,0.07553815118085506,0.27139172311317766,0.9056666666666666,0.9053058954393771,0.9724324805339266,0.07893590470991531,0.27966098553972674,0.9109999999999999,0.9013333333333333,-0.005333333333333301,5
0.7,6,random_forest,all_features,0.9435,0.943461095377526,0.9873387974207587,0.04350816847980474,0.1498611966197122,0.948,0.9476751946607341,0.9902218020022248,0.038746455509484336,0.13752996511679863,0.7181333333333334,0.552,0.22986666666666655,5
0.7,6,random_forest,stable_only,0.904,0.9040064641034257,0.9692775084401349,0.0694394918706264,0.22804725533863723,0.9013333333333333,0.9008676307007786,0.9658291434927698,0.07255900325008947,0.2392396713502247,0.9033333333333333,0.891,-0.0020000000000000018,5
0.7,6,rbf_svm,all_features,0.948,0.9479751676026817,0.9916988671818748,0.036075774594061784,0.11979694852963683,0.9546666666666667,0.9543270300333704,0.9923773081201335,0.032837121960035534,0.11236478490809512,0.7694000000000001,0.647,0.18526666666666658,5
0.7,6,rbf_svm,stable_only,0.9085,0.9085085361365781,0.9741245859933759,0.0651390525998312,0.2093727033636307,0.911,0.9105116796440489,0.9722407119021135,0.06546551527772994,0.21497184678946799,0.9123333333333333,0.904,-0.0013333333333332975,5
0.7,7,gradient_boosting,all_features,0.943,0.9430277960026243,0.9884863420332528,0.04263666692265059,0.1592538385898605,0.95,0.950146799660698,0.9908848169494479,0.03835307364448787,0.13687159588684167,0.7697333333333334,0.6436666666666667,0.18026666666666658,5
0.7,7,gradient_boosting,stable_only,0.8995,0.8997435630730826,0.9680483989694516,0.07426037530575232,0.24845003581152753,0.9013333333333333,0.9013152396008757,0.9680381750250298,0.07380118813774775,0.24488700050760218,0.8967333333333333,0.8933333333333333,0.0046000000000000485,5
0.7,7,logistic_regression,all_features,0.954,0.9540293802307531,0.9913627562368982,0.03534842851649026,0.11953570900116178,0.957,0.9570275336056522,0.9941017834691667,0.03012997448543402,0.10031487907642093,0.7932,0.687,0.16379999999999995,5
0.7,7,logistic_regression,stable_only,0.909,0.9091429165799876,0.9762625818117808,0.06284004966396377,0.19772079228689607,0.9153333333333333,0.9153310061156152,0.9774452235427178,0.06018027717406022,0.19229095791399967,0.9096,0.9073333333333333,0.005733333333333368,5
0.7,7,mlp,all_features,0.9495,0.9496067433710454,0.9890094173560994,0.05309584910128586,0.21126773978957505,0.9503333333333334,0.9503241862888583,0.9917579681717706,0.05120466888439914,0.2079050900319707,0.7250666666666666,0.56,0.22526666666666673,5
0.7,7,mlp,stable_only,0.9055,0.9057324254692676,0.975932534284937,0.06659577221627518,0.2269832048110304,0.9156666666666666,0.9155661878857826,0.9778155570295786,0.06427691401078063,0.22386245614790912,0.9098666666666666,0.909,0.005800000000000027,5
0.7,7,random_forest,all_features,0.9415,0.9415815877486358,0.9864775527675985,0.043386198065051576,0.15389423884356132,0.949,0.9490482473845476,0.99040111606865,0.038721040861332476,0.138442662164021,0.7367333333333334,0.5803333333333334,0.2122666666666666,5
0.7,7,random_forest,stable_only,0.901,0.9011657678705733,0.9683354403034037,0.0700485469176414,0.23185169948140383,0.9076666666666666,0.907644696806685,0.9714398637101636,0.06783532876858199,0.22276788233282446,0.9002666666666667,0.8953333333333333,0.007399999999999962,5
0.7,7,rbf_svm,all_features,0.955,0.9550415259797411,0.9896845145700981,0.03668905077407819,0.1301550976384991,0.956,0.9560676896703187,0.9933628948075067,0.03080126073673935,0.10452352627092912,0.7801333333333333,0.6646666666666666,0.17586666666666662,5
0.7,7,rbf_svm,stable_only,0.9095,0.9096969963674769,0.9742632939143236,0.06477525291371447,0.2098313058947102,0.9153333333333333,0.9152500929168053,0.9766312011964482,0.061018416765259646,0.1985377029683998,0.9081333333333333,0.9036666666666666,0.007199999999999984,5
0.7,8,gradient_boosting,all_features,0.9325,0.9324756784434204,0.9840619799667178,0.05247049737311124,0.19104238537203724,0.949,0.9489999555535802,0.989049735543802,0.04067007750207088,0.15092457939814422,0.7694666666666666,0.644,0.17953333333333332,5
0.7,8,gradient_boosting,stable_only,0.9005,0.9005136328725039,0.9686324924795189,0.07280561115943288,0.24047285593433115,0.9006666666666666,0.9006800302235655,0.9700320014222854,0.07166357355066595,0.23414929678557656,0.8997999999999999,0.8976666666666666,0.0008666666666666822,5
0.7,8,logistic_regression,all_features,0.948,0.9480046722990272,0.9900393625192012,0.03873472128907396,0.12791042132471778,0.96,0.9600071114271745,0.9932521445397573,0.03079212900732269,0.10542705199695049,0.7993333333333335,0.7036666666666667,0.1606666666666665,5
0.7,8,logistic_regression,stable_only,0.9095,0.9095062083973374,0.9754664298515106,0.06299708174779978,0.1993127087624969,0.914,0.9140050668918618,0.9775545579803547,0.06028092294630765,0.19182734357683473,0.9127333333333334,0.9043333333333333,0.0012666666666666382,5
0.7,8,mlp,all_features,0.9475,0.9475406426011265,0.989890352982591,0.03933650351185382,0.13031111756936664,0.9586666666666667,0.9586292724121072,0.9930948042135206,0.03149015899080968,0.10688636332231358,0.8033333333333333,0.7096666666666667,0.15533333333333332,5
0.7,8,mlp,stable_only,0.9085,0.9085541474654377,0.9747863863287249,0.0676197456863321,0.23068028701763746,0.91,0.909982665896262,0.9768349704431308,0.06531483453579306,0.22571824127723358,0.9148,0.9096666666666666,-0.0047999999999999154,5
0.7,8,random_forest,all_features,0.934,0.9339797747055811,0.9835634480606759,0.05001956606136209,0.16999065425754714,0.9476666666666667,0.9476487843904173,0.9890032890350683,0.04016746647420901,0.14313948842392668,0.7414000000000001,0.5873333333333334,0.2062666666666666,5
0.7,8,random_forest,stable_only,0.905,0.9050419226830517,0.9691810275857655,0.06984522325869423,0.22973764969034804,0.9043333333333333,0.9043224143295258,0.9703471265389572,0.06844368491551919,0.22553299793706863,0.9030666666666667,0.9016666666666666,0.0012666666666666382,5
0.7,8,rbf_svm,all_features,0.9465,0.9464845750128008,0.988021233358935,0.04125266113001079,0.14015003913772356,0.9563333333333334,0.9563380594693097,0.9921400951153384,0.03227663610497053,0.1121293705186085,0.7806,0.6703333333333333,0.1757333333333334,5
0.7,8,rbf_svm,stable_only,0.9055,0.9055059523809523,0.9731522817460316,0.06492239973483294,0.21126558952207478,0.9116666666666666,0.9116960753811281,0.9750917818569713,0.06288391457484353,0.20446491161228048,0.9108666666666666,0.904,0.0008000000000000229,5
0.7,9,gradient_boosting,all_features,0.948,0.9482322613185012,0.9900407396992407,0.041892137810695784,0.14990856989558138,0.952,0.9520170904610263,0.9899714447769369,0.039473711830832724,0.14730907085758824,0.7544666666666667,0.6136666666666667,0.19753333333333323,5
0.7,9,gradient_boosting,stable_only,0.901,0.9006845990727239,0.9692315698143946,0.07197323550347619,0.23676086825694137,0.8946666666666667,0.8946274930256624,0.9699098892462737,0.0729482977380086,0.23062697216611763,0.9014,0.889,-0.006733333333333258,5
0.7,9,logistic_regression,all_features,0.9555,0.9554810456823024,0.9934732419934131,0.03104814355087231,0.10373681839728124,0.958,0.9580419580419581,0.9927118393937616,0.032522880644132356,0.10923230095896821,0.7804,0.6636666666666666,0.17759999999999998,5
0.7,9,logistic_regression,stable_only,0.919,0.9187787897377189,0.9786494354384346,0.058334228716568584,0.1889842940315935,0.912,0.9119713238706374,0.9770313591823889,0.06112693006168555,0.19469151151508093,0.9114666666666666,0.8966666666666666,0.0005333333333333856,5
0.7,9,mlp,all_features,0.9545,0.9545073358478331,0.9931249881163369,0.03171074994562151,0.10603157988293861,0.9566666666666667,0.9566924303766409,0.9922904453796902,0.03299093860999632,0.11256237446387206,0.7810666666666667,0.6653333333333333,0.17559999999999998,5
0.7,9,mlp,stable_only,0.9145,0.9140188197195755,0.9780620072032512,0.059880777526845196,0.19215159551511907,0.9126666666666666,0.9125260704208072,0.9772349440541661,0.06123956511427225,0.19506573385783357,0.9093333333333333,0.8946666666666667,0.0033333333333332993,5
0.7,9,random_forest,all_features,0.9495,0.9496658063728458,0.9896114267300863,0.03937524417086546,0.13865950643216404,0.949,0.9490446624313902,0.9896033917773048,0.04014232254580667,0.14113811042199922,0.7209333333333333,0.542,0.22806666666666664,5
0.7,9,random_forest,stable_only,0.909,0.9085283171431974,0.9726755804981831,0.0662952156897285,0.2186885153779107,0.9013333333333333,0.9013111221349208,0.971008269635272,0.06880523059432882,0.22449959909739511,0.9035333333333334,0.8933333333333333,-0.0022000000000000908,5
0.7,9,rbf_svm,all_features,0.9505,0.950693555602034,0.992277370202878,0.03345072416230074,0.11317830160437367,0.9553333333333334,0.9553909096243192,0.9920472992555374,0.03349524635549189,0.11436725452658593,0.7614,0.626,0.1939333333333334,5
0.7,9,rbf_svm,stable_only,0.9155,0.9152357068302792,0.9767470485984283,0.05972084035331511,0.1965250154603241,0.9113333333333333,0.9113205634944765,0.9755004720679779,0.06274648239427914,0.2030514760135318,0.9113999999999999,0.8966666666666666,-6.66666666665483e-05,5
0.9,0,gradient_boosting,all_features,0.992,0.99202103454518,0.9998139774912763,0.005628342540907554,0.022181263074957356,0.99,0.9899622182377049,0.999297817765255,0.0073270112913285555,0.03844072308645644,0.4546666666666666,0.08966666666666667,0.5353333333333334,5
0.9,0,gradient_boosting,stable_only,0.8975,0.8975591046516629,0.9686782100634177,0.07411917776499125,0.24181965341183542,0.908,0.9078028944672132,0.9719551795167349,0.06931079064338379,0.22431594804231486,0.8997999999999999,0.8946666666666667,0.008200000000000096,5
0.9,0,logistic_regression,all_features,0.994,0.9939992739121434,0.9998239787014229,0.0050704067567920764,0.019235950936244365,0.9926666666666667,0.9926624402322404,0.9996789261725865,0.005606033698572514,0.021420716886798422,0.5531999999999999,0.239,0.4394666666666668,5
0.9,0,logistic_regression,stable_only,0.9105,0.9104836685238914,0.9758490777384063,0.06272158751927075,0.1981569536925097,0.9183333333333333,0.9183262892759563,0.9787820006545992,0.05816497968916513,0.18732683347998574,0.9103999999999999,0.9046666666666666,0.007933333333333459,5
0.9,0,mlp,all_features,0.9945,0.9945048350850453,0.9997769730137346,0.0051739644759200305,0.022049854505785393,0.9923333333333333,0.9923369193989071,0.9996242279997724,0.006006378320298981,0.024317113151442426,0.5423333333333333,0.21866666666666668,0.44999999999999996,5
0.9,0,mlp,stable_only,0.9045,0.9046369610722897,0.9742078791533775,0.08673424571228125,0.3078876442095699,0.9173333333333333,0.9174297728825137,0.9777467376764571,0.08536350657209886,0.30640203171072494,0.9078000000000002,0.904,0.009533333333333172,5
0.9,0,random_forest,all_features,0.989,0.9889986688389295,0.9995889502629819,0.007510875145981357,0.029103544265402494,0.989,0.9889696465163935,0.9991793050574909,0.008032325256413874,0.032323143305040505,0.4126666666666667,0.04733333333333333,0.5763333333333334,5
0.9,0,random_forest,stable_only,0.9075,0.9075603147980905,0.9699478636915067,0.06857020161681406,0.22545600226831472,0.9073333333333333,0.9072959357923497,0.9722844803051001,0.06625978540521724,0.21910304502350145,0.9042,0.8963333333333333,0.0031333333333333213,5
0.9,0,rbf_svm,all_features,0.994,0.9940102752433044,0.9998079767651886,0.005085672430110256,0.01821444691096776,0.9926666666666667,0.9926624402322404,0.9993814214765484,0.005826101851733708,0.024160169090206695,0.5536666666666666,0.243,0.43900000000000006,5
0.9,0,rbf_svm,stable_only,0.906,0.9059996259547405,0.9730807427698752,0.06587767224728751,0.21298902059789665,0.9166666666666666,0.9165546021174864,0.9766927972734516,0.05971049450471649,0.19673463960981188,0.9090666666666667,0.903,0.00759999999999994,5
0.9,1,gradient_boosting,all_features,0.9865,0.9865407685577441,0.9993495631850758,0.010990516983543735,0.055058199524557885,0.9873333333333333,0.9872841743648422,0.9992016212955517,0.010773968038569781,0.048131363951417316,0.4366666666666667,0.08633333333333333,0.5506666666666666,5
0.9,1,gradient_boosting,stable_only,0.909,0.9086101197545378,0.973159709798946,0.06730440632687826,0.21962397553042762,0.8996666666666666,0.8996143244075838,0.9693077620991492,0.07171267495053457,0.2356194115802462,0.8988666666666667,0.889,0.0007999999999999119,5
0.9,1,logistic_regression,all_features,0.99,0.9899307570423065,0.9997404266023646,0.006716435305048434,0.022664662535595553,0.992,0.9919797613665612,0.9997257240196855,0.005569484942818857,0.021387464500539386,0.533,0.223,0.45899999999999996,5
0.9,1,logistic_regression,stable_only,0.9175,0.9172938020086371,0.978474450060183,0.05808523044759576,0.18774610336092318,0.9096666666666666,0.909606949628794,0.9758814949952412,0.06275873051488377,0.19862414915931553,0.9121333333333332,0.9043333333333333,-0.002466666666666617,5
0.9,1,mlp,all_features,0.9905,0.9905025200668276,0.9997103601856501,0.00704750726321896,0.02534668050289853,0.9923333333333333,0.992308492464523,0.9997341701195657,0.005912358875482897,0.023584644592265874,0.5820666666666666,0.31166666666666665,0.41026666666666667,5
0.9,1,mlp,stable_only,0.919,0.9191032991879061,0.9782058567375332,0.05879680038031845,0.19028354774421083,0.907,0.9070891228014024,0.9757201300343757,0.0631638486339919,0.1997564523076594,0.9122666666666668,0.9046666666666666,-0.005266666666666753,5
0.9,1,random_forest,all_features,0.9875,0.9874487743425227,0.9990659366540688,0.009529376685138575,0.036859709796102605,0.9866666666666667,0.9866173770058931,0.9991411650016737,0.009420163580904509,0.03530572668090235,0.3992,0.048666666666666664,0.5874666666666667,5
0.9,1,random_forest,stable_only,0.9085,0.9082738769942804,0.9727247489704758,0.06546013364232565,0.21666601308398156,0.9033333333333333,0.9033237181154172,0.9704124230571414,0.0687138630308936,0.22600794247338846,0.9033333333333333,0.897,0.0,5
0.9,1,rbf_svm,all_features,0.9895,0.9895003061763434,0.999592098946573,0.007692266623896615,0.026491185016347812,0.991,0.9909655625835998,0.9993603190669816,0.0062203642908498545,0.02392964540372957,0.5256666666666667,0.21266666666666667,0.46533333333333327,5
0.9,1,rbf_svm,stable_only,0.922,0.9216389003308307,0.9768919543271086,0.059695445664028006,0.19713267368115295,0.9093333333333333,0.909343564672009,0.9742491750605341,0.06426546243400139,0.20803345074625523,0.9100666666666667,0.903,-0.0007333333333333636,5
0.9,2,gradient_boosting,all_features,0.988,0.9880985604839798,0.9993808210572855,0.010618605281090671,0.053319765261040555,0.9886666666666667,0.9886666465184827,0.9995991103984184,0.009077274847712693,0.04273495453320533,0.4385333333333333,0.089,0.5501333333333334,5
0.9,2,gradient_boosting,stable_only,0.8965,0.8964785823102877,0.9623931316150368,0.07751013486919789,0.2720091062265367,0.9146666666666666,0.9146620705103476,0.9751777336493043,0.062418651588042585,0.21061219859389635,0.9025333333333332,0.897,0.01213333333333344,5
0.9,2,logistic_regression,all_features,0.9915,0.9915740649047575,0.9997629314871997,0.006317786869674989,0.023423568903379665,0.995,0.9949968799944533,0.9998533330725922,0.004525100498867666,0.01762381087606957,0.5296000000000001,0.22066666666666668,0.4653999999999999,5
0.9,2,logistic_regression,stable_only,0.9025,0.9025653413836598,0.9692091014303134,0.06987082073310925,0.22514691466240241,0.9213333333333333,0.9213287490288872,0.9801172979863076,0.055343998937175135,0.18048921465555456,0.9099999999999999,0.9056666666666666,0.011333333333333417,5
0.9,2,mlp,all_features,0.9905,0.9905907807356327,0.999722919923858,0.006954106920492388,0.024454522832050074,0.9953333333333333,0.9953297694751457,0.9998422219417279,0.004343349123815894,0.01642385885916784,0.5539333333333334,0.26066666666666666,0.4413999999999999,5
0.9,2,mlp,stable_only,0.897,0.897276312854415,0.9690280491061917,0.0708161280766071,0.22799277287213027,0.9206666666666666,0.9206505256009344,0.9799288532068502,0.05548540571863643,0.18185675959729883,0.9095333333333333,0.906,0.011133333333333328,5
0.9,2,random_forest,all_features,0.9895,0.9895734867376672,0.9991752616506171,0.009168498902456537,0.034938618414450714,0.9903333333333333,0.9903346494838213,0.9994857768636033,0.008474706151712438,0.03144454945252758,0.4082,0.06,0.5821333333333333,5
0.9,2,random_forest,stable_only,0.8975,0.897495876308253,0.9627552362632802,0.07578014746430915,0.24841125855862511,0.9173333333333333,0.9173305196987016,0.9746679549652534,0.062195892922693334,0.21039930324649822,0.9031333333333332,0.8953333333333333,0.014200000000000101,5
0.9,2,rbf_svm,all_features,0.992,0.9920827119037401,0.9995568719359895,0.006760811323794533,0.025974333088809285,0.9926666666666667,0.9926657647391373,0.9997351106401967,0.005008978559457769,0.01861179478553172,0.5264,0.217,0.4662666666666667,5
0.9,2,rbf_svm,stable_only,0.898,0.8980895478793371,0.9669274420307468,0.07144259481926608,0.23521738377025936,0.919,0.9189994115545095,0.9783932949214131,0.0564710174512888,0.18871853937723737,0.9090666666666667,0.9056666666666666,0.00993333333333335,5
0.9,3,gradient_boosting,all_features,0.9875,0.9875124885115695,0.9987648999568965,0.010392921589610917,0.05234287003521131,0.989,0.9890017898633701,0.9991577636713321,0.00978814006433635,0.04545966978106488,0.44853333333333334,0.106,0.5404666666666667,5
0.9,3,gradient_boosting,stable_only,0.894,0.8940814205950682,0.9673553557838186,0.07565955064240928,0.2459782841525529,0.894,0.8940667696857177,0.9666594034529911,0.0766820611129997,0.2542656880042718,0.897,0.8923333333333333,-0.0030000000000000027,5
0.9,3,logistic_regression,all_features,0.992,0.9919903512184487,0.9997579803964121,0.006042722275138132,0.021291887289717124,0.9923333333333333,0.9923525030294271,0.999727851830441,0.005695848301086836,0.021484649647517954,0.5472666666666667,0.25366666666666665,0.4450666666666666,5
0.9,3,logistic_regression,stable_only,0.9085,0.9086230984709762,0.9747529549893541,0.06414008174048857,0.20353872206500165,0.902,0.9018221031450456,0.9743371391090706,0.0653283485199155,0.20345558313869586,0.9108666666666666,0.9053333333333333,-0.008866666666666578,5
0.9,3,mlp,all_features,0.9905,0.9905127315312541,0.9996449712426707,0.012443748390285598,0.0733899784275707,0.9906666666666667,0.9906927104757034,0.9996620382208091,0.012278116407839124,0.07245382473137896,0.5925999999999999,0.3363333333333333,0.3980666666666668,5
0.9,3,mlp,stable_only,0.906,0.9062174036096924,0.9724747704564071,0.08929024540966324,0.3141512504906627,0.905,0.9045046747673733,0.9728825693988948,0.0869104841115706,0.3069032236955767,0.9064,0.9016666666666666,-0.0013999999999999568,5
0.9,3,random_forest,all_features,0.9865,0.9865034067759488,0.9993659486418399,0.009049475390318721,0.03419656903937315,0.9866666666666667,0.9866594034529911,0.9989098509188336,0.009561282034773662,0.04611731103670605,0.4014666666666667,0.04733333333333333,0.5851999999999999,5
0.9,3,random_forest,stable_only,0.897,0.8970366599694575,0.9678338945454581,0.07166348813566668,0.23453444241558422,0.8936666666666667,0.8934920123178174,0.9672870785205278,0.07201785496457948,0.23411099931515636,0.9006000000000001,0.8953333333333333,-0.006933333333333347,5
0.9,3,rbf_svm,all_features,0.9925,0.992494892086259,0.9996389707566312,0.006336949088905699,0.023305447570656276,0.9926666666666667,0.9926626718991451,0.999488610465698,0.006100119295928653,0.02423704147923114,0.5407333333333334,0.24,0.4519333333333333,5
0.9,3,rbf_svm,stable_only,0.9055,0.9056048539931734,0.9738778841086129,0.06454522952366284,0.20891339679109475,0.9026666666666666,0.9024891329723961,0.9720625673978054,0.06800017042896536,0.21734782762777854,0.9094,0.9043333333333333,-0.006733333333333369,5
0.9,4,gradient_boosting,all_features,0.993,0.993011937107434,0.9997829980469825,0.005615569850272259,0.026797293685259245,0.9916666666666667,0.9916866646861364,0.9996562238165293,0.006597633145320706,0.030383758075719774,0.4592666666666666,0.11466666666666667,0.5324000000000001,5
0.9,4,gradient_boosting,stable_only,0.916,0.9160202441821976,0.9749412744714702,0.06363981004523284,0.20875466966923165,0.909,0.9092880052798329,0.9743995702130612,0.06559450255646351,0.21533880257879437,0.8988000000000002,0.8886666666666667,0.010199999999999876,5
0.9,4,logistic_regression,all_features,0.994,0.9940059460535144,0.9998489986409878,0.0047355405779982915,0.018207335277351674,0.9946666666666667,0.9946801413885178,0.9999012699705945,0.004196707755583017,0.016725620589797135,0.5449333333333334,0.253,0.4497333333333333,5
0.9,4,logistic_regression,stable_only,0.9195,0.9195247757229815,0.9791378122403102,0.05714436695015326,0.18565864992189948,0.922,0.9221865054728456,0.9803714028025097,0.056290032200977835,0.18010507099299453,0.9084,0.9003333333333333,0.013600000000000056,5
0.9,4,mlp,all_features,0.994,0.9940059460535144,0.9997839980559825,0.006170229788964528,0.03034280959140971,0.9963333333333333,0.9963056290348117,0.999916835515771,0.005017064220130062,0.02788659705015192,0.579,0.31566666666666665,0.41733333333333333,5
0.9,4,mlp,stable_only,0.9225,0.9225128026152235,0.9789788108092973,0.05695524659490108,0.18570931043992311,0.922,0.9221358062685563,0.9803549477976088,0.05625798604383078,0.18031606138793882,0.908,0.8983333333333333,0.014000000000000012,5
0.9,4,random_forest,all_features,0.9915,0.9915104235938124,0.9997469977229795,0.006516519715941043,0.026526771835819588,0.9893333333333333,0.9893433830422724,0.9993384643299967,0.008058477163843118,0.03180335010623428,0.40953333333333325,0.057,0.5798000000000001,5
0.9,4,random_forest,stable_only,0.9145,0.9145367308305774,0.973407260665346,0.06442482496516422,0.21525069397139857,0.9103333333333333,0.9105714956621049,0.9753452882650021,0.06312459572423441,0.20958321926158177,0.9023333333333333,0.8956666666666667,0.008000000000000007,5
0.9,4,rbf_svm,all_features,0.9935,0.9935044415399739,0.9996449968049712,0.004961319342152518,0.020984612971252908,0.9943333333333333,0.994355043859259,0.9998879280747288,0.004055847810205254,0.01429753278827467,0.5555333333333332,0.27,0.4388000000000001,5
0.9,4,rbf_svm,stable_only,0.92,0.9200172801555214,0.9772677954101587,0.05826170353709061,0.19413362596261435,0.9223333333333333,0.9225285027368675,0.9793267323562321,0.05728276524109515,0.18690975625811704,0.9071999999999999,0.8986666666666666,0.015133333333333443,5
0.9,5,gradient_boosting,all_features,0.9895,0.9894039403940393,0.9996429642964296,0.00853350755244503,0.03921019716930252,0.992,0.9920200055570991,0.999480744651292,0.007132689423632788,0.03707508102563378,0.44993333333333335,0.09733333333333333,0.5420666666666667,5
0.9,5,gradient_boosting,stable_only,0.892,0.892089208920892,0.9665651565156517,0.07729830357824485,0.25414539662468333,0.898,0.8981161433731593,0.9679157543762157,0.07381224478479355,0.24632545704207712,0.9034666666666666,0.901,-0.00546666666666662,5
0.9,5,logistic_regression,all_features,0.9945,0.9944644464446445,0.9998819881988199,0.004873477151759249,0.019289412662392893,0.9926666666666667,0.9926757432620172,0.9998043901083634,0.005415323073898529,0.020322369384636246,0.5465333333333333,0.24933333333333332,0.4461333333333334,5
0.9,5,logistic_regression,stable_only,0.9085,0.9085558555855586,0.9764676467646765,0.06216263992504295,0.19644709804448585,0.9156666666666666,0.9158377327035288,0.9769126979716589,0.060456920942784945,0.19538938269982167,0.9139333333333333,0.9093333333333333,0.0017333333333333645,5
0.9,5,mlp,all_features,0.993,0.9929492949294929,0.9998129812981298,0.0058833915812756335,0.021835540522348994,0.9926666666666667,0.9926535148652403,0.9997572659071964,0.005657543394608339,0.02031861381962084,0.5744666666666667,0.3016666666666667,0.4182,5
0.9,5,mlp,stable_only,0.9125,0.9123062306230623,0.9750805080508052,0.13154670502510704,0.4382432109023,0.9146666666666666,0.9144429008057794,0.975445179216449,0.1309186740393297,0.43706143892464394,0.9116,0.9043333333333333,0.003066666666666662,5
0.9,5,random_forest,all_features,0.9875,0.9874237423742374,0.9994829482948295,0.009023667216737379,0.035033692562273754,0.9876666666666667,0.9877021394831897,0.9988888024451236,0.009110819763833428,0.04603683971990842,0.4076666666666666,0.05366666666666667,0.5800000000000001,5
0.9,5,random_forest,stable_only,0.8935,0.8935643564356436,0.9677417741774177,0.07216801611834807,0.23463268023758047,0.906,0.9061294804112254,0.9700763545429286,0.0681439288933983,0.2261430336640881,0.9065999999999999,0.9036666666666666,-0.0005999999999998229,5
0.9,5,rbf_svm,all_features,0.9935,0.9934543454345435,0.9998169816981698,0.00530426809363089,0.0200973490189811,0.9923333333333333,0.9923367602111698,0.999675020839122,0.005527389808973582,0.020804672689604214,0.5511333333333334,0.257,0.4411999999999999,5
0.9,5,rbf_svm,stable_only,0.911,0.9110711071107112,0.9747894789478948,0.06364654430795424,0.20643733334815034,0.9156666666666666,0.9158377327035288,0.9744093359266464,0.06230317667293148,0.20662261626180936,0.9129999999999999,0.9086666666666666,0.002666666666666706,5
0.9,6,gradient_boosting,all_features,0.993,0.9930078881262101,0.9996139938239011,0.005872456591001345,0.02942572676964404,0.9916666666666667,0.9917130144605117,0.9996213570634037,0.006528378670999926,0.03391937819858161,0.4382,0.078,0.5534666666666668,5
0.9,6,gradient_boosting,stable_only,0.9,0.9000184002944047,0.9679344869517912,0.07432328562986544,0.2425573506336494,0.892,0.8915684093437153,0.9659790878754172,0.07661586138044976,0.2522595741221565,0.9023333333333333,0.8903333333333333,-0.010333333333333306,5
0.9,6,logistic_regression,all_features,0.994,0.9939999039984639,0.9998739979839678,0.004360668549986268,0.01761242677425699,0.995,0.9950055617352613,0.9998923248053392,0.003803619919494405,0.015830757699480127,0.5551333333333334,0.26866666666666666,0.43986666666666663,5
0.9,6,logistic_regression,stable_only,0.9095,0.9095245523928382,0.9764696235139761,0.062128834890772935,0.19587625926070393,0.9113333333333333,0.9109677419354838,0.9739684093437153,0.0640904965155453,0.206354686083592,0.9119333333333334,0.9033333333333333,-0.0006000000000000449,5
0.9,6,mlp,all_features,0.9935,0.9935058960943375,0.9998209971359542,0.016471728120521164,0.10037335554704611,0.9943333333333333,0.9942936596218019,0.9997953281423805,0.015897964273323663,0.09806669346202068,0.6139333333333333,0.36766666666666664,0.38039999999999996,5
0.9,6,mlp,stable_only,0.91,0.9099985599769596,0.9755026080417286,0.07553815118085506,0.27139172311317766,0.9056666666666666,0.9053058954393771,0.9724324805339266,0.07893590470991531,0.27966098553972674,0.9109999999999999,0.9013333333333333,-0.005333333333333301,5
0.9,6,random_forest,all_features,0.9935,0.9935058960943375,0.9997429958879341,0.00617559139887755,0.02619864183504238,0.9943333333333333,0.9943604004449388,0.9996418242491657,0.006206579382539683,0.02636799743380228,0.41,0.052,0.5843333333333334,5
0.9,6,random_forest,stable_only,0.904,0.9040064641034257,0.969277508440135,0.0694394918706264,0.22804725533863726,0.9013333333333333,0.9008676307007786,0.9658289210233593,0.07255900325008947,0.23923967135022475,0.9033333333333333,0.891,-0.0020000000000000018,5
0.9,6,rbf_svm,all_features,0.994,0.9939999039984639,0.9998159970559529,0.004218758711330436,0.015528791833008081,0.9953333333333333,0.9953058954393771,0.9998700778642937,0.00377573373666556,0.014228013643000435,0.5581333333333334,0.2723333333333333,0.4371999999999999,5
0.9,6,rbf_svm,stable_only,0.9085,0.9085085361365781,0.9741245859933759,0.0651390525998312,0.2093727033636307,0.911,0.9105116796440489,0.9722407119021135,0.06546551527772994,0.21497184678946799,0.9123333333333333,0.904,-0.0013333333333332975,5
0.9,7,gradient_boosting,all_features,0.9885,0.9885163463538749,0.9996089436878912,0.009457952777968522,0.03750169073365842,0.9926666666666667,0.9926760217736529,0.9992455511077994,0.006156206737405598,0.029793721478755624,0.4556000000000001,0.103,0.5370666666666666,5
0.9,7,gradient_boosting,stable_only,0.8995,0.8997435630730826,0.9680483989694516,0.07426037530575232,0.24845003581152753,0.9013333333333333,0.9013152396008757,0.9680381750250298,0.07380118813774775,0.24488700050760218,0.8967333333333333,0.8933333333333333,0.0046000000000000485,5
0.9,7,logistic_regression,all_features,0.9915,0.9915167784160919,0.9996839544894465,0.006971155617847063,0.024521830836931324,0.9956666666666667,0.995682702892069,0.9998844097159858,0.003764514645099273,0.016174385565616012,0.5647333333333334,0.28,0.4309333333333333,5
0.9,7,logistic_regression,stable_only,0.909,0.9091429165799876,0.9762625818117808,0.06284004966396377,0.19772079228689607,0.9153333333333333,0.9153310061156152,0.9774452235427178,0.06018027717406022,0.19229095791399967,0.9096,0.9073333333333333,0.005733333333333368,5
0.9,7,mlp,all_features,0.986,0.9860339888944007,0.9992828967371301,0.0264920605112296,0.14177009171147928,0.9913333333333333,0.9912960516137292,0.999743923063107,0.025181309357161452,0.13964882676246282,0.6210666666666667,0.39,0.37026666666666663,5
0.9,7,mlp,stable_only,0.9055,0.9057324254692676,0.975932534284937,0.06659577221627518,0.2269832048110304,0.9156666666666666,0.9155661878857826,0.9778155570295786,0.06427691401078063,0.22386245614790912,0.9098666666666666,0.909,0.005800000000000027,5
0.9,7,random_forest,all_features,0.988,0.9879982717511322,0.9994549215086972,0.009280790102087428,0.03548593570221776,0.9916666666666667,0.9916583826963123,0.9996141062825987,0.007018858433167045,0.02993069079440002,0.4129333333333333,0.06366666666666666,0.5787333333333333,5
0.9,7,random_forest,stable_only,0.901,0.9011657678705733,0.9683354403034037,0.0700485469176414,0.23185169948140383,0.9076666666666666,0.907644696806685,0.9714398637101636,0.06783532876858199,0.22276788233282446,0.9002666666666667,0.8953333333333333,0.007399999999999962,5
0.9,7,rbf_svm,all_features,0.991,0.9909987038133492,0.9996589508889281,0.006996024255829768,0.024365583076122743,0.9963333333333333,0.9963380108868265,0.9997932712228207,0.003926264429733096,0.016091666222790353,0.5618000000000001,0.278,0.4345333333333332,5
0.9,7,rbf_svm,stable_only,0.9095,0.9096969963674769,0.9742632939143236,0.06477525291371447,0.2098313058947102,0.9153333333333333,0.9152500929168053,0.9766312011964482,0.061018416765259646,0.1985377029683998,0.9081333333333333,0.9036666666666666,0.007199999999999984,5
0.9,8,gradient_boosting,all_features,0.9885,0.9885112647209422,0.9989899353558628,0.009673195590793871,0.052121250325100676,0.9933333333333333,0.9933197030979155,0.999678207920352,0.006164303110681826,0.03230527740130881,0.4566666666666667,0.11533333333333333,0.5366666666666666,5
0.9,8,gradient_boosting,stable_only,0.9005,0.9005136328725039,0.9686324924795189,0.07280561115943288,0.24047285593433115,0.9006666666666666,0.9006800302235655,0.9700320014222854,0.07166357355066595,0.23414929678557656,0.8997999999999999,0.8976666666666666,0.0008666666666666822,5
0.9,8,logistic_regression,all_features,0.9915,0.9915114567332309,0.9996539778545827,0.006476441153275239,0.024509680284091544,0.9946666666666667,0.9946664296190941,0.9998471043157473,0.004200596254794237,0.016941096598182277,0.5644,0.29233333333333333,0.4302666666666667,5
0.9,8,logistic_regression,stable_only,0.9095,0.9095062083973374,0.9754664298515106,0.06299708174779978,0.1993127087624969,0.914,0.9140050668918618,0.9775545579803547,0.06028092294630765,0.19182734357683473,0.9127333333333334,0.9043333333333333,0.0012666666666666382,5
0.9,8,mlp,all_features,0.9875,0.9875112007168458,0.9991349446364568,0.03122047281304208,0.158435603233954,0.987,0.9869794213076136,0.9994630872483221,0.02875475694759045,0.15139721133704143,0.6220666666666668,0.394,0.3649333333333332,5
0.9,8,mlp,stable_only,0.9085,0.9085541474654377,0.9747863863287249,0.0676197456863321,0.23068028701763746,0.91,0.909982665896262,0.9768349704431308,0.06531483453579306,0.22571824127723358,0.9148,0.9096666666666666,-0.0047999999999999154,5
0.9,8,random_forest,all_features,0.9855,0.9855270737327189,0.999137444796467,0.010069347988392239,0.039116755589620654,0.994,0.9939908440375128,0.9995619805324681,0.005922520526897652,0.027281838079860347,0.41559999999999997,0.07233333333333333,0.5784,5
0.9,8,random_forest,stable_only,0.905,0.9050419226830517,0.9691810275857655,0.06984522325869423,0.22973764969034804,0.9043333333333333,0.9043224143295258,0.9703471265389573,0.0684436849155192,0.22553299793706863,0.9030666666666667,0.9016666666666666,0.0012666666666666382,5
0.9,8,rbf_svm,all_features,0.992,0.9920154889912954,0.9993019553251408,0.006894538326146327,0.027966007215390627,0.9946666666666667,0.9946619849771101,0.9998088803946843,0.00399915714662228,0.01589129872345767,0.557,0.2806666666666667,0.43766666666666665,5
0.9,8,rbf_svm,stable_only,0.9055,0.9055059523809523,0.9731522817460316,0.06492239973483294,0.21126558952207478,0.9116666666666666,0.9116960753811281,0.9750917818569713,0.06288391457484353,0.20446491161228048,0.9108666666666666,0.904,0.0008000000000000229,5
0.9,9,gradient_boosting,all_features,0.993,0.9930759523692771,0.9997308037559381,0.006144470295368283,0.024980421531570422,0.992,0.992006848986254,0.9996479493047,0.006562221822685399,0.030094837291146963,0.44880000000000003,0.088,0.5431999999999999,5
0.9,9,gradient_boosting,stable_only,0.901,0.9006845990727239,0.9692315698143946,0.07197323550347619,0.23676086825694137,0.8946666666666667,0.8946274930256624,0.9699098892462737,0.0729482977380086,0.23062697216611763,0.9014,0.889,-0.006733333333333258,5
0.9,9,logistic_regression,all_features,0.9955,0.9955372466528098,0.9998639007836713,0.003850925966658324,0.015970879648985237,0.994,0.9939911347234002,0.999725293775637,0.004486064358665594,0.018811178144685296,0.5546,0.25633333333333336,0.4394,5
0.9,9,logistic_regression,stable_only,0.919,0.9187787897377189,0.9786494354384346,0.058334228716568584,0.1889842940315935,0.912,0.9119713238706374,0.9770313591823889,0.06112693006168555,0.19469151151508093,0.9114666666666666,0.8966666666666666,0.0005333333333333856,5
0.9,9,mlp,all_features,0.993,0.9930489326719179,0.9997898467983161,0.007075714583409129,0.041829033239027535,0.9943333333333333,0.9943285166397294,0.9996906221162515,0.007450133306477454,0.04340601816102937,0.5980666666666666,0.3283333333333333,0.39626666666666666,5
0.9,9,mlp,stable_only,0.9145,0.9140188197195755,0.9780620072032512,0.059880777526845196,0.19215159551511907,0.9126666666666666,0.9125260704208072,0.9772349440541661,0.06123956511427225,0.19506573385783357,0.9093333333333333,0.8946666666666667,0.0033333333333332993,5
0.9,9,random_forest,all_features,0.992,0.9920752228374485,0.9995876994328866,0.006855879119338624,0.027659747573358977,0.9913333333333333,0.9913240840014296,0.999587496155002,0.007218461093528177,0.029167460746262322,0.41133333333333344,0.051333333333333335,0.5799999999999998,5
0.9,9,random_forest,stable_only,0.909,0.9085283171431974,0.9726755804981831,0.0662952156897285,0.2186885153779107,0.9013333333333333,0.9013111221349208,0.971008269635272,0.0688052305943288,0.22449959909739511,0.9035333333333334,0.8933333333333333,-0.0022000000000000908,5
0.9,9,rbf_svm,all_features,0.9945,0.9945635368183405,0.9998689044313305,0.003937880811924086,0.014255622187367702,0.994,0.9939911347234002,0.9996826209640856,0.004468840948560659,0.01831319197395203,0.5584666666666667,0.263,0.43553333333333333,5
0.9,9,rbf_svm,stable_only,0.9155,0.9152357068302792,0.9767470485984283,0.05972084035331511,0.1965250154603241,0.9113333333333333,0.9113205634944765,0.9755004720679779,0.06274648239427914,0.2030514760135318,0.9113999999999999,0.8966666666666666,-6.66666666665483e-05,5
0.9,10,gradient_boosting,all_features,0.99,0.99000900090009,0.9993839383938394,0.008601809086584911,0.04187992550249987,0.991,0.9909122197893674,0.9987655880087725,0.007333565867001205,0.04130973835220295,0.4406666666666667,0.09266666666666666,0.5503333333333333,5
0.9,10,gradient_boosting,stable_only,0.904,0.904030403040304,0.9673937393739374,0.07270203814254576,0.24960142154151732,0.9026666666666666,0.9028585353185903,0.9693896063933292,0.07284533937955592,0.23799975514014032,0.9014666666666666,0.899,0.0011999999999999789,5
0.9,10,logistic_regression,all_features,0.9935,0.9934843484348435,0.9997959795979597,0.005409901319883266,0.02055625836054969,0.9933333333333333,0.9933299063874595,0.9997025138248807,0.005343473500638714,0.021123117320931754,0.543,0.24533333333333332,0.45033333333333325,5
0.9,10,logistic_regression,stable_only,0.9095,0.9095359535953595,0.9747344734473448,0.06447117965274567,0.2028972238798501,0.911,0.9112490684102588,0.9773154562966573,0.06118338404467649,0.19349804048443892,0.9139333333333333,0.911,-0.0029333333333332323,5
0.9,10,mlp,all_features,0.994,0.993989398939894,0.9997909790979098,0.005252352497729973,0.019837446899314815,0.9923333333333333,0.992321832906151,0.9996816141982281,0.005415767615169662,0.020955780520514233,0.5822,0.31766666666666665,0.41013333333333324,5
0.9,10,mlp,stable_only,0.9055,0.9054555455545554,0.9742994299429943,0.06498892684034607,0.2053584555126235,0.911,0.91143049495652,0.977085115730571,0.06219108692679621,0.1970642056887205,0.9145333333333333,0.911,-0.0035333333333332773,5
0.9,10,random_forest,all_features,0.987,0.986998699869987,0.9991584158415842,0.009629023414977326,0.03650154914277466,0.9873333333333333,0.9872361088630426,0.9988205051128491,0.00913052759708563,0.04580107917888293,0.4022,0.05633333333333333,0.5851333333333333,5
0.9,10,random_forest,stable_only,0.904,0.904000400040004,0.9687528752875287,0.06991886985295637,0.22993881204453592,0.906,0.9063296520345564,0.9717919517761126,0.06850661757661627,0.22359111324270997,0.9056666666666666,0.9023333333333333,0.00033333333333340764,5
0.9,10,rbf_svm,all_features,0.993,0.992999299929993,0.9996249624962497,0.00577228696115403,0.022791501200548993,0.9933333333333333,0.9932845497508942,0.9994361547532865,0.0055433763256381476,0.023375602714471328,0.5446000000000001,0.251,0.4487333333333332,5
0.9,10,rbf_svm,stable_only,0.907,0.907050705070507,0.9718641864186418,0.06743912706917624,0.21837870479072943,0.9103333333333333,0.9105518212912945,0.9756337033604822,0.0631006566258187,0.20404737176021626,0.9133333333333333,0.9096666666666666,-0.0030000000000000027,5
0.9,11,gradient_boosting,all_features,0.9915,0.9915274577572966,0.9996039746543779,0.00785310293687625,0.03522714284594532,0.994,0.9940086226054492,0.9996555402462332,0.004650064271477092,0.022419094074241593,0.44493333333333335,0.08833333333333333,0.5490666666666666,5
0.9,11,gradient_boosting,stable_only,0.8855,0.8856166794674859,0.9666538658474143,0.08072354029505163,0.2595944427854517,0.8993333333333333,0.8994488643939731,0.9692828570158674,0.07543128942081113,0.2417647317187907,0.9024000000000001,0.8936666666666667,-0.003066666666666773,5
0.9,11,logistic_regression,all_features,0.994,0.9940316180235536,0.9998309891833077,0.004866324961669027,0.018945582852184308,0.996,0.9959953775723365,0.9999035512689453,0.003565787333499214,0.014848970131240298,0.5611999999999999,0.2663333333333333,0.4348000000000001,5
0.9,11,logistic_regression,stable_only,0.9055,0.9055459549411162,0.9750144009216589,0.06485758978930264,0.2027649999308446,0.9086666666666666,0.908764833992622,0.9754869105293568,0.06374630734236754,0.20162635337028048,0.9135333333333332,0.9043333333333333,-0.004866666666666575,5
0.9,11,mlp,all_features,0.994,0.9940236175115207,0.9998079877112135,0.008450360418862587,0.04944658457665727,0.9963333333333333,0.9963265034001512,0.9999102182319214,0.0069668901828433254,0.04519336703230405,0.5578000000000001,0.26466666666666666,0.4385333333333332,5
0.9,11,mlp,stable_only,0.904,0.9039698540706604,0.9744653657834101,0.06519232493239864,0.20544367305749814,0.911,0.9110604915774034,0.9753335703809057,0.06392329075998134,0.20262910798161934,0.9132,0.9006666666666666,-0.0021999999999999797,5
0.9,11,random_forest,all_features,0.9865,0.9865271377368151,0.9992564524129544,0.009408453666360544,0.03578853038760218,0.9936666666666667,0.9936597182096982,0.9994681985866039,0.005920832420096582,0.026591801579283793,0.4046,0.04933333333333333,0.5890666666666666,5
0.9,11,random_forest,stable_only,0.8885,0.8885848694316436,0.9669503848246288,0.07406712492031636,0.2367537637137466,0.904,0.9040935152673453,0.9692424107738121,0.07084906123050985,0.23032718902300273,0.9022666666666666,0.891,0.0017333333333334755,5
0.9,11,rbf_svm,all_features,0.9935,0.993527585765489,0.9996959805427548,0.00495965476480855,0.02036291539273166,0.9956666666666667,0.995668696386506,0.99986310502689,0.0033046654835885898,0.013086244778702318,0.5560000000000002,0.265,0.43966666666666654,5
0.9,11,rbf_svm,stable_only,0.8995,0.8995935739887353,0.9720012080773169,0.06919099885597096,0.22040678395383093,0.9046666666666666,0.9048135472687675,0.9737272767678563,0.06599156666859313,0.21329538061257267,0.9115333333333334,0.901,-0.006866666666666799,5
0.9,12,gradient_boosting,all_features,0.9885,0.9884253701480592,0.999311724689876,0.009336805682571439,0.04632985176026726,0.99,0.9899995511109116,0.9992479996657777,0.008697356086218263,0.04548700613534034,0.44206666666666666,0.106,0.5479333333333334,5
0.9,12,gradient_boosting,stable_only,0.897,0.8968387354941977,0.965125050020008,0.07774476774772805,0.2626821307848657,0.8953333333333333,0.8953408423737077,0.9659753182112525,0.07874909893345662,0.25760518140122957,0.9033999999999999,0.8953333333333333,-0.008066666666666555,5
0.9,12,logistic_regression,all_features,0.993,0.9929571828731493,0.9996958783513405,0.00579675606981029,0.021595042738384043,0.9916666666666667,0.9916659962959984,0.9996857776381234,0.006134374883213963,0.02304356127734346,0.5438,0.25566666666666665,0.44786666666666675,5
0.9,12,logistic_regression,stable_only,0.909,0.9089435774309724,0.9739005602240896,0.06437944513851514,0.20704186539345895,0.9086666666666666,0.90866751496334,0.9743417663741184,0.06456501552829202,0.20427459865941727,0.913,0.9043333333333333,-0.004333333333333411,5
0.9,12,mlp,all_features,0.992,0.9919767907162865,0.9996198479391756,0.00598628131524515,0.022241104148528337,0.9916666666666667,0.9916659962959984,0.9996915554184691,0.006031128201385746,0.02219687230406376,0.557,0.281,0.43466666666666665,5
0.9,12,mlp,stable_only,0.8985,0.8989295718287316,0.9718067226890756,0.09456971665839052,0.33311607809640337,0.9066666666666666,0.9066501807334137,0.9722319876586611,0.09545843061607112,0.3358046280178804,0.9038666666666666,0.8963333333333333,0.0028000000000000247,5
0.9,12,random_forest,all_features,0.987,0.9868947579031613,0.9984793917567026,0.009429716767172143,0.05194604141592483,0.989,0.988999328444146,0.999132444058864,0.008761172569393072,0.03460637270347551,0.3975333333333333,0.05633333333333333,0.5914666666666667,5
0.9,12,random_forest,stable_only,0.9005,0.9005102040816326,0.96874949979992,0.0705131305382327,0.23163841733739923,0.8966666666666666,0.8966701762978562,0.9672262076560922,0.07277843542569114,0.23669560999862363,0.906,0.9023333333333333,-0.009333333333333416,5
0.9,12,rbf_svm,all_features,0.9915,0.9914865946378552,0.9994157663065226,0.006675935170368885,0.02767311723767472,0.9926666666666667,0.992665774518122,0.9996044442686419,0.006030937965201474,0.024014086186090352,0.5359333333333334,0.24866666666666667,0.4567333333333333,5
0.9,12,rbf_svm,stable_only,0.9065,0.9064325730292117,0.972483993597439,0.06559032602866342,0.21545994273348595,0.907,0.9070015142228952,0.9721395431731303,0.0672896294196166,0.2170769317641322,0.9128000000000001,0.9053333333333333,-0.005800000000000027,5
0.9,13,gradient_boosting,all_features,0.989,0.9889580138429973,0.9994938172680339,0.009186935598293878,0.03742868310639831,0.992,0.9919343933268804,0.9993888074360873,0.006319530383880734,0.030824738030951333,0.44913333333333333,0.108,0.5428666666666666,5
0.9,13,gradient_boosting,stable_only,0.887,0.8871302540217019,0.9636518783280763,0.08137806623070333,0.2657392730298863,0.894,0.8938695695496213,0.96502323777259,0.07650613265515191,0.257765315684126,0.9045333333333334,0.9016666666666666,-0.010533333333333394,5
0.9,13,logistic_regression,all_features,0.993,0.9929784652259466,0.9997869230792317,0.005134050173213484,0.020068661509267713,0.994,0.9940144052838353,0.9997673553777828,0.004882437688429452,0.01945767045000516,0.5455333333333333,0.25466666666666665,0.4484666666666667,5
0.9,13,logistic_regression,stable_only,0.9115,0.9116486051464578,0.9746478478730822,0.06474146557667287,0.203785814531021,0.9056666666666666,0.9053212008199055,0.9729344894095543,0.0661577336259797,0.2098130895192727,0.9164,0.9116666666666666,-0.010733333333333372,5
0.9,13,mlp,all_features,0.9875,0.9874669755781837,0.9995248284630752,0.012019832671589048,0.06357060532523066,0.9916666666666667,0.991551841940443,0.9996365761828845,0.010569844322799032,0.060349292753951816,0.6707333333333333,0.4696666666666667,0.3209333333333334,5
0.9,13,mlp,stable_only,0.913,0.9131206365497945,0.974929949711846,0.06425370491244511,0.2039375591181668,0.905,0.9046539600296077,0.9730198962307122,0.0661969867273214,0.21086053496673174,0.9165333333333333,0.9113333333333333,-0.011533333333333284,5
0.9,13,random_forest,all_features,0.986,0.9859569304518931,0.9992917443196994,0.009271116887098765,0.03364996415578904,0.9886666666666667,0.9885394721858451,0.9993067368188806,0.0079796351079785,0.031628537028589726,0.3990666666666667,0.049666666666666665,0.5896,5
0.9,13,random_forest,stable_only,0.899,0.8991916081705496,0.9675542870976422,0.07267028786108705,0.23511136462560653,0.9,0.8998943090588168,0.9679366334766271,0.07149496441428126,0.23411142838819168,0.9052666666666667,0.9036666666666666,-0.005266666666666642,5
0.9,13,rbf_svm,all_features,0.993,0.9929784652259466,0.999665879382457,0.005398070526243698,0.020504960999343166,0.9926666666666667,0.9926016341171782,0.9996597071969481,0.00469501374930476,0.018707524315944142,0.5476666666666667,0.2613333333333333,0.44499999999999995,5
0.9,13,rbf_svm,stable_only,0.908,0.9080998240364772,0.9726661324738229,0.0670980259242357,0.21547844094205448,0.9066666666666666,0.9063514206001253,0.9718575627740136,0.06711191576696064,0.2172946908125226,0.9143333333333332,0.9103333333333333,-0.0076666666666665995,5
0.9,14,gradient_boosting,all_features,0.992,0.9920066083238079,0.999630981918114,0.006205867405436342,0.03493033832098273,0.9893333333333333,0.989322399470391,0.9994638954734092,0.009971096191584917,0.04903688042625055,0.4524,0.102,0.5369333333333333,5
0.9,14,gradient_boosting,stable_only,0.9065,0.9065409205051047,0.9711235850556678,0.07079125072128124,0.2321695340908024,0.89,0.8895882717235782,0.9657556004014778,0.07717088683512727,0.2544366941657298,0.9001999999999999,0.8913333333333333,-0.010199999999999876,5
0.9,14,logistic_regression,all_features,0.994,0.9940207070146437,0.9998389921106134,0.00439084120992834,0.017561733041106493,0.9933333333333333,0.9933051444679352,0.9997891173895402,0.005446901290057501,0.02059354931937633,0.5404,0.236,0.4529333333333333,5
0.9,14,logistic_regression,stable_only,0.908,0.908037493837198,0.9782679351288213,0.0603146247562805,0.18915030882335113,0.9113333333333333,0.9108794071796187,0.9747136623457977,0.06369586214366385,0.2023637895466703,0.9146000000000001,0.9096666666666666,-0.003266666666666751,5
0.9,14,mlp,all_features,0.9935,0.9935101819989179,0.999802990346527,0.009539757763335604,0.06103562148444294,0.992,0.9920345100049117,0.9997277211864949,0.010708290389693852,0.0642243413725996,0.5860666666666666,0.323,0.40593333333333337,5
0.9,14,mlp,stable_only,0.9065,0.9064919181039871,0.9782809357658525,0.06046033810400328,0.1902071421504523,0.913,0.9123662630533667,0.9745308084367281,0.06404260133560336,0.20477056710875816,0.9148,0.9113333333333333,-0.0017999999999999128,5
0.9,14,random_forest,all_features,0.992,0.9920276093528583,0.9994404725831566,0.006871584853095238,0.02959640606596316,0.985,0.9850166570568262,0.9992494536627728,0.009892637995479969,0.03674861420613586,0.40226666666666666,0.04733333333333333,0.5827333333333333,5
0.9,14,random_forest,stable_only,0.907,0.9070374448347969,0.9711940885103371,0.06715190964109087,0.22176036772546467,0.8973333333333333,0.8969718324898028,0.9685208764886355,0.07097846357965777,0.23137387471543375,0.9034000000000001,0.8936666666666667,-0.006066666666666776,5
0.9,14,rbf_svm,all_features,0.9935,0.9935101819989179,0.9997119858873085,0.005049751044924037,0.019429506754490688,0.991,0.9909800969526128,0.9996716637837145,0.0057677418802942575,0.021272929660310646,0.5342,0.22666666666666666,0.4568,5
0.9,14,rbf_svm,stable_only,0.906,0.9060723975474798,0.9766798573130083,0.06219894439915143,0.19950795160819815,0.9093333333333333,0.9089414226834946,0.9732739658743885,0.06560530219022555,0.2123291726162697,0.9147333333333332,0.91,-0.005399999999999849,5
0.9,15,gradient_boosting,all_features,0.992,0.9919844289480738,0.9998309668695065,0.006005914439115768,0.022536290294858232,0.99,0.9899999288883832,0.9996688865343042,0.007741462859276939,0.03369674831668601,0.4413333333333333,0.08766666666666667,0.5486666666666666,5
0.9,15,gradient_boosting,stable_only,0.9035,0.9034320726862465,0.9685408340034646,0.07210376354018345,0.24162174217356222,0.9003333333333333,0.9003281801115031,0.9702406772670384,0.07210352640725683,0.23594205422266626,0.9026666666666667,0.896,-0.0023333333333334094,5
0.9,15,logistic_regression,all_features,0.996,0.99597121035723,0.9999449892178867,0.0032311862328854727,0.013551189988883123,0.9946666666666667,0.9946666287404711,0.9998671101661167,0.004443364424521432,0.016659676748610398,0.5524666666666667,0.25533333333333336,0.44220000000000004,5
0.9,15,logistic_regression,stable_only,0.9115,0.9114476437381727,0.9768774679837249,0.06096683477329992,0.19417011694635744,0.918,0.9179887501422233,0.9792345190010241,0.05771229622983872,0.1848579597174459,0.9127333333333333,0.906,0.005266666666666753,5
0.9,15,mlp,all_features,0.995,0.9949850170633444,0.9998029613804306,0.01190460486210089,0.07181756963860574,0.9923333333333333,0.9923359455000569,0.9996879977813176,0.012024282614528151,0.07084058567899673,0.6258000000000001,0.383,0.36653333333333316,5
0.9,15,mlp,stable_only,0.9135,0.9135180495377093,0.9766234181899652,0.06170499136434792,0.19725783830523733,0.9176666666666666,0.917663414495392,0.9790820734725225,0.05797996955226965,0.1867092233220182,0.9129333333333334,0.9063333333333333,0.004733333333333256,5
0.9,15,random_forest,all_features,0.9925,0.9924635228504787,0.9998149637328917,0.005933083231244646,0.024268771158549477,0.989,0.9889990328820116,0.9995911082034361,0.007831039018568908,0.029445889767208154,0.40873333333333334,0.055,0.5802666666666667,5
0.9,15,random_forest,stable_only,0.9035,0.9034880836643981,0.9686633580181716,0.06930660232650646,0.23023458531851515,0.904,0.903997539538059,0.9700948984526112,0.06837632764640643,0.22575056814184524,0.9037333333333335,0.8956666666666667,0.0002666666666665263,5
0.9,15,rbf_svm,all_features,0.9955,0.9954641109657493,0.999926985689195,0.0033419968226229627,0.011922901066052425,0.995,0.9950008533394015,0.9998595545568324,0.004134473762187878,0.014639309263523751,0.5635333333333333,0.276,0.43146666666666667,5
0.9,15,rbf_svm,stable_only,0.9115,0.9114476437381727,0.9751081211917536,0.06262936486471946,0.2041820287852522,0.917,0.9169931875071111,0.9778793982534987,0.0583880046375845,0.19190012311017987,0.9128666666666666,0.9066666666666666,0.004133333333333433,5
0.9,16,gradient_boosting,all_features,0.991,0.991010705541598,0.9994639228048839,0.0071725949045641285,0.03173104341500431,0.9916666666666667,0.9916741338112305,0.9996204201513341,0.0068163328429046805,0.03219656871009485,0.44926666666666665,0.09066666666666667,0.5424,5
0.9,16,gradient_boosting,stable_only,0.9065,0.9063845193707893,0.9727130706821783,0.06764882804942644,0.2214103659401925,0.8953333333333333,0.8952572964669738,0.9652324415429254,0.07659876454359,0.24998829346820345,0.8962,0.8923333333333333,-0.0008666666666666822,5
0.9,16,logistic_regression,all_features,0.994,0.9940231393320638,0.9997909698996655,0.005025483061008352,0.01987190500317551,0.995,0.995002346816863,0.999906660692951,0.004228015724469761,0.017672780404409325,0.5477333333333333,0.254,0.4472666666666667,5
0.9,16,logistic_regression,stable_only,0.923,0.9230129138595957,0.9813553151653838,0.054841051595436285,0.17729665279611462,0.907,0.9069913807817034,0.9746428215850259,0.06411842673612624,0.20337923837914354,0.9103999999999999,0.906,-0.0033999999999998476,5
0.9,16,mlp,all_features,0.993,0.9929749883983294,0.9996939559296538,0.024287695401922677,0.13727951595981847,0.992,0.9919781532684758,0.9997662072594868,0.02581842286231777,0.14184108721329244,0.6161333333333333,0.37733333333333335,0.3758666666666667,5
0.9,16,mlp,stable_only,0.9215,0.9215667056056072,0.9795980621209455,0.09211308397511504,0.3305540975061765,0.9056666666666666,0.9057486345792798,0.972956935910565,0.09838012340573693,0.34548020537117063,0.906,0.902,-0.00033333333333340764,5
0.9,16,random_forest,all_features,0.9885,0.9885283480821239,0.998940347410027,0.007746426993499621,0.04635069036400295,0.992,0.9920154889912954,0.9996833130653695,0.006910437395044091,0.028547185215968406,0.40713333333333335,0.05266666666666667,0.5848666666666666,5
0.9,16,random_forest,stable_only,0.909,0.9089268854715079,0.9739437478996976,0.06493196969652702,0.2151036182921698,0.902,0.9019937275985663,0.9676201499118166,0.0720141874610081,0.2356011433785023,0.9000666666666666,0.897,0.0019333333333334535,5
0.9,16,rbf_svm,all_features,0.9955,0.9955173544990479,0.9997199596741931,0.0045891113888899045,0.01822629172084411,0.9943333333333333,0.9943356374807988,0.9998782144279457,0.004358533312218119,0.015786762931468263,0.5535333333333333,0.26366666666666666,0.44079999999999997,5
0.9,16,rbf_svm,stable_only,0.9225,0.9224708358003553,0.9800301243379047,0.05572373829004344,0.18410442576106006,0.904,0.9039565198839392,0.973308513967116,0.06547977142461159,0.21092394593304858,0.9080666666666668,0.9033333333333333,-0.004066666666666774,5
0.9,17,gradient_boosting,all_features,0.991,0.9910347089980958,0.9994739242450913,0.00845166239694906,0.03949595364652948,0.989,0.9890179638163509,0.999525747425613,0.009498694744083568,0.044902871271658776,0.4496666666666667,0.09166666666666666,0.5393333333333332,5
0.9,17,gradient_boosting,stable_only,0.8955,0.8954909506969004,0.9654230209150118,0.07456289147035629,0.2515346518893415,0.9046666666666666,0.9047085680150195,0.9691846944871139,0.0707659824492495,0.23578251421364008,0.8991333333333333,0.8963333333333333,0.005533333333333279,5
0.9,17,logistic_regression,all_features,0.992,0.9919868461058392,0.9998399769566818,0.00523296995670078,0.019669066658378576,0.994,0.9939996159754224,0.9997724298799567,0.005388899094274611,0.020627106781798108,0.5492666666666666,0.23966666666666667,0.4447333333333334,5
0.9,17,logistic_regression,stable_only,0.9065,0.9064445280120337,0.9726170568561874,0.06623459516451881,0.21054869763000678,0.913,0.913034434203789,0.9769714150594527,0.06060987290869334,0.19433188480842883,0.9111333333333335,0.906,0.001866666666666572,5
0.9,17,mlp,all_features,0.9935,0.9934690595445744,0.9997919700436863,0.006471927232649103,0.0314263022216436,0.9926666666666667,0.9926608636286056,0.9997075368379132,0.0065401838487261395,0.031503049084452776,0.6202,0.36333333333333334,0.3724666666666667,5
0.9,17,mlp,stable_only,0.907,0.9069866060712742,0.9725000400057608,0.06671824805279974,0.21227854241577052,0.9123333333333333,0.9124050605905445,0.9764100457984866,0.06120583472800303,0.19690141273192627,0.9102666666666666,0.9043333333333333,0.002066666666666772,5
0.9,17,random_forest,all_features,0.9885,0.9885163463538749,0.999570938215103,0.008192665386913382,0.030978822061809345,0.9896666666666667,0.9896793394777266,0.9995173024406896,0.00815796481324252,0.03159701247823975,0.4096,0.052,0.5800666666666667,5
0.9,17,random_forest,stable_only,0.903,0.9029980317165671,0.966519678833752,0.07217384230750012,0.23824805230264634,0.9036666666666666,0.9037485065710872,0.9688937869801445,0.0692808332884058,0.2291778520472385,0.9022666666666666,0.897,0.0014000000000000679,5
0.9,17,rbf_svm,all_features,0.9915,0.9914927749595942,0.9997419628426494,0.00581300515931773,0.02033405339949212,0.9936666666666667,0.9936795954941116,0.9997524285998749,0.005357233357101919,0.01998091514491983,0.5516,0.247,0.4420666666666667,5
0.9,17,rbf_svm,stable_only,0.9065,0.906504536653278,0.969993679089789,0.06783099710324447,0.22385187640318654,0.9123333333333333,0.912389059566479,0.9742259060135403,0.06300713057350961,0.20748111517356196,0.9104666666666666,0.9063333333333333,0.0018666666666666831,5
0.9,18,gradient_boosting,all_features,0.99,0.98999798999799,0.9992429992429991,0.008730968073467432,0.044789361937195085,0.9896666666666667,0.9896502095293634,0.9991510371570146,0.008717726557220569,0.04238457807577017,0.44173333333333337,0.09166666666666666,0.5479333333333334,5
0.9,18,gradient_boosting,stable_only,0.899,0.899005899005899,0.9719689719689718,0.07005927523342059,0.22253148991274635,0.9026666666666666,0.9025399545916,0.9698475956127734,0.07268875213519245,0.2358067624330787,0.8970666666666667,0.89,0.005599999999999938,5
0.9,18,logistic_regression,all_features,0.994,0.993999993999994,0.9996999996999997,0.00505356455048781,0.020515441960174248,0.9943333333333333,0.9943359510428464,0.9997168642246169,0.0052491642013246485,0.020727505378137997,0.5248,0.20833333333333334,0.46953333333333325,5
0.9,18,logistic_regression,stable_only,0.908,0.908000908000908,0.9757299757299757,0.06368167571671972,0.19901502729872128,0.9166666666666666,0.9165473970176958,0.9771393419160068,0.06065774438862941,0.19404359405801325,0.909,0.904,0.0076666666666665995,5
0.9,18,mlp,all_features,0.994,0.994000994000994,0.9995669995669996,0.005872565778578158,0.026731151738195957,0.9926666666666667,0.9926660277961992,0.9996906397179488,0.005898216417359912,0.02603360475496504,0.5986666666666667,0.3393333333333333,0.394,5
0.9,18,mlp,stable_only,0.907,0.9070109070109069,0.9757549757549758,0.06408251138506475,0.20167038399802775,0.915,0.9147965778352247,0.9769335462111366,0.06191834917536308,0.19872242886765995,0.9074666666666665,0.903,0.007533333333333503,5
0.9,18,random_forest,all_features,0.991,0.990998990998991,0.9993009993009994,0.007326492506621315,0.030449744629467618,0.9893333333333333,0.9893199585386105,0.9988574560272807,0.008886431375449736,0.04514547248823385,0.40953333333333336,0.06366666666666666,0.5797999999999999,5
0.9,18,random_forest,stable_only,0.907,0.9070069070069071,0.9704494704494704,0.06856766205627148,0.2251137986084829,0.9026666666666666,0.9025212862987175,0.9693877777797534,0.06943390956272735,0.22963424982299752,0.9001999999999999,0.8953333333333333,0.002466666666666728,5
0.9,18,rbf_svm,all_features,0.9915,0.9915004915004915,0.9994229994229995,0.005449962260077717,0.022880828250653365,0.9943333333333333,0.9943297282785523,0.9993803904695698,0.005270090261361781,0.02273041348418149,0.5390666666666667,0.22966666666666666,0.4552666666666666,5
0.9,18,rbf_svm,stable_only,0.9055,0.9055024055024055,0.9743349743349744,0.06509129534803372,0.2094945761896264,0.916,0.9158682267433074,0.9754143027570402,0.061990720168041635,0.20371526883255292,0.9084666666666668,0.903,0.007533333333333281,5
0.9,19,gradient_boosting,all_features,0.99,0.9899789978997899,0.9996019601960197,0.00856112175045528,0.04265228435354621,0.991,0.9910101786407233,0.9996128391602299,0.00815105626128942,0.03732391220441646,0.4484666666666667,0.097,0.5425333333333333,5
0.9,19,gradient_boosting,stable_only,0.909,0.908950895089509,0.9722892289228925,0.06785662867440934,0.22688014295941195,0.899,0.8989756906553774,0.9688813363138642,0.07248902673008654,0.24180361131027675,0.9014,0.8983333333333333,-0.0023999999999999577,5
0.9,19,logistic_regression,all_features,0.9945,0.9944944494449445,0.9997359735973598,0.005155640901061227,0.020181753552518812,0.992,0.9919989723124437,0.9998902081200652,0.0044928034877151305,0.01675072926465423,0.5326666666666666,0.23933333333333334,0.45933333333333337,5
0.9,19,logistic_regression,stable_only,0.917,0.916971697169717,0.978960896089609,0.05851471335187844,0.18575822599541209,0.9173333333333333,0.9173604965259983,0.9782901003728923,0.05867559094021456,0.18938642063788674,0.9138666666666667,0.9073333333333333,0.003466666666666618,5
0.9,19,mlp,all_features,0.9945,0.9944744474447444,0.9996959695969596,0.007527744857506529,0.041591966264109936,0.9943333333333333,0.9943288271249062,0.9999235457354301,0.00642753163146327,0.03913541037066191,0.5924666666666667,0.344,0.4018666666666666,5
0.9,19,mlp,stable_only,0.9175,0.9174567456745675,0.9784278427842784,0.05919124741042615,0.1914578884171753,0.919,0.9190235990311645,0.9779327211361815,0.0592375893210707,0.19363241548153867,0.9136666666666666,0.9066666666666666,0.005333333333333412,5
0.9,19,random_forest,all_features,0.992,0.991989198919892,0.9996519651965197,0.007340538711520534,0.027660333374621843,0.987,0.986986995218497,0.9994843782156908,0.008950471460071387,0.032085873297592056,0.4066666666666666,0.05333333333333334,0.5803333333333334,5
0.9,19,random_forest,stable_only,0.9105,0.9104160416041605,0.973913391339134,0.06410374892849546,0.21281431922223568,0.904,0.9039952242754736,0.9716481361383752,0.0670667209549189,0.2215717434379357,0.9034666666666666,0.8963333333333333,0.0005333333333333856,5
0.9,19,rbf_svm,all_features,0.9935,0.9934843484348435,0.9997669766976698,0.005048329194329913,0.01977466193281811,0.9926666666666667,0.9926581680935906,0.9998902081200652,0.004301486909365501,0.01393505690398433,0.5486,0.2673333333333333,0.4440666666666667,5
0.9,19,rbf_svm,stable_only,0.9165,0.9164366436643665,0.977937793779378,0.05910476000562731,0.19312886209074862,0.9163333333333333,0.9163490332758297,0.9769574847613761,0.059811420546683355,0.19641201509896686,0.9128000000000001,0.907,0.0035333333333332773,5
