fit_id,rho_train,dataset_seed,width,schedule,checkpoint,d3,fidelity,iid_accuracy,learning_rate,train_loss
rho0_seed00_width512_constant,0.0,0,512,constant,20,0.016666666666666666,0.96425,0.9173333333333333,0.01,0.19817077166988248
rho0_seed00_width512_constant,0.0,0,512,constant,40,0.014666666666666666,0.96475,0.9193333333333333,0.01,0.18818742704610042
rho0_seed00_width512_constant,0.0,0,512,constant,60,0.021666666666666667,0.966,0.917,0.01,0.1872542770051243
rho0_seed00_width512_constant,0.0,0,512,constant,80,0.017333333333333333,0.94575,0.9143333333333333,0.01,0.19017430255683113
rho0_seed00_width512_constant,0.0,0,512,constant,100,0.023333333333333334,0.97275,0.9093333333333333,0.01,0.18918559383424727
rho0_seed00_width512_constant,0.0,0,512,constant,120,0.029666666666666668,0.9545,0.9133333333333333,0.01,0.18192437438450507
rho0_seed00_width512_constant,0.0,0,512,constant,140,0.027,0.961,0.9173333333333333,0.01,0.17450552091789218
rho0_seed00_width512_constant,0.0,0,512,constant,160,0.03766666666666667,0.97425,0.9083333333333333,0.01,0.17988547672809962
rho0_seed00_width512_constant,0.0,0,512,constant,180,0.03233333333333333,0.9585,0.9103333333333333,0.01,0.17312017756246847
rho0_seed00_width512_constant,0.0,0,512,constant,200,0.03766666666666667,0.9545,0.9163333333333333,0.01,0.1669650010887611
rho0_seed00_width512_cosine,0.0,0,512,cosine,20,0.017,0.96525,0.9173333333333333,0.009799079281818376,0.19754723194411794
rho0_seed00_width512_cosine,0.0,0,512,cosine,40,0.011666666666666667,0.96225,0.9183333333333333,0.009173690746364798,0.18859874701500626
rho0_seed00_width512_cosine,0.0,0,512,cosine,60,0.022333333333333334,0.96675,0.9156666666666666,0.008185102697299853,0.18754855531861858
rho0_seed00_width512_cosine,0.0,0,512,cosine,80,0.024,0.9545,0.915,0.006931051913076572,0.1859267274264302
rho0_seed00_width512_cosine,0.0,0,512,cosine,100,0.02,0.96975,0.9153333333333333,0.005535520151093711,0.18354977962587643
rho0_seed00_width512_cosine,0.0,0,512,cosine,120,0.023333333333333334,0.956,0.9173333333333333,0.004136476688619072,0.18153439121639076
rho0_seed00_width512_cosine,0.0,0,512,cosine,140,0.02266666666666667,0.96525,0.9156666666666666,0.0028722379872641217,0.17631472989501665
rho0_seed00_width512_cosine,0.0,0,512,cosine,160,0.023666666666666666,0.96075,0.9163333333333333,0.0018677930330710667,0.1749381754489358
rho0_seed00_width512_cosine,0.0,0,512,cosine,180,0.024666666666666667,0.96225,0.916,0.0012224462977549774,0.1742062805646676
rho0_seed00_width512_cosine,0.0,0,512,cosine,200,0.024666666666666667,0.961,0.917,0.001,0.17383270860178832
rho0_seed00_width64_constant,0.0,0,64,constant,20,0.013,0.97675,0.915,0.01,0.1956288055442016
rho0_seed00_width64_constant,0.0,0,64,constant,40,0.012333333333333333,0.97625,0.9146666666666666,0.01,0.19339807750172164
rho0_seed00_width64_constant,0.0,0,64,constant,60,0.013,0.97325,0.9183333333333333,0.01,0.1908684691085941
rho0_seed00_width64_constant,0.0,0,64,constant,80,0.013666666666666667,0.972,0.9186666666666666,0.01,0.18957284410071054
rho0_seed00_width64_constant,0.0,0,64,constant,100,0.012666666666666666,0.97375,0.917,0.01,0.18894885246961896
rho0_seed00_width64_constant,0.0,0,64,constant,120,0.013666666666666667,0.96725,0.921,0.01,0.18744965715270934
rho0_seed00_width64_constant,0.0,0,64,constant,140,0.015666666666666666,0.96575,0.9193333333333333,0.01,0.1864264615330295
rho0_seed00_width64_constant,0.0,0,64,constant,160,0.016666666666666666,0.96275,0.92,0.01,0.18505780681146416
rho0_seed00_width64_constant,0.0,0,64,constant,180,0.017666666666666667,0.964,0.918,0.01,0.18489061362307474
rho0_seed00_width64_constant,0.0,0,64,constant,200,0.020666666666666667,0.9615,0.92,0.01,0.18394298590666852
rho0_seed00_width64_cosine,0.0,0,64,cosine,20,0.013333333333333334,0.97675,0.915,0.009799079281818376,0.195656698322985
rho0_seed00_width64_cosine,0.0,0,64,cosine,40,0.011333333333333334,0.976,0.9153333333333333,0.009173690746364798,0.1933292052522058
rho0_seed00_width64_cosine,0.0,0,64,cosine,60,0.012666666666666666,0.97325,0.9186666666666666,0.008185102697299853,0.19098627859770625
rho0_seed00_width64_cosine,0.0,0,64,cosine,80,0.013333333333333334,0.97275,0.9183333333333333,0.006931051913076572,0.18998049854678542
rho0_seed00_width64_cosine,0.0,0,64,cosine,100,0.015,0.97275,0.9183333333333333,0.005535520151093711,0.18906802782673116
rho0_seed00_width64_cosine,0.0,0,64,cosine,120,0.014,0.97075,0.9183333333333333,0.004136476688619072,0.18835917658206128
rho0_seed00_width64_cosine,0.0,0,64,cosine,140,0.015333333333333332,0.9695,0.9193333333333333,0.0028722379872641217,0.18784484454135522
rho0_seed00_width64_cosine,0.0,0,64,cosine,160,0.014666666666666666,0.9715,0.919,0.0018677930330710667,0.1875840054287359
rho0_seed00_width64_cosine,0.0,0,64,cosine,180,0.013333333333333334,0.96775,0.921,0.0012224462977549774,0.18737525389931167
rho0_seed00_width64_cosine,0.0,0,64,cosine,200,0.014333333333333333,0.9685,0.9206666666666666,0.001,0.18723466812035536
rho0_seed00_width8_constant,0.0,0,8,constant,20,0.006666666666666667,0.99,0.9203333333333333,0.01,0.19801673005720724
rho0_seed00_width8_constant,0.0,0,8,constant,40,0.007333333333333333,0.98475,0.9183333333333333,0.01,0.19708242127994374
rho0_seed00_width8_constant,0.0,0,8,constant,60,0.009,0.9795,0.9176666666666666,0.01,0.19651623463243145
rho0_seed00_width8_constant,0.0,0,8,constant,80,0.007333333333333333,0.9785,0.918,0.01,0.19639678716915737
rho0_seed00_width8_constant,0.0,0,8,constant,100,0.009,0.9785,0.9166666666666666,0.01,0.19605449216545495
rho0_seed00_width8_constant,0.0,0,8,constant,120,0.010333333333333333,0.97775,0.9176666666666666,0.01,0.1961091156010739
rho0_seed00_width8_constant,0.0,0,8,constant,140,0.009666666666666667,0.97875,0.917,0.01,0.1960868539827437
rho0_seed00_width8_constant,0.0,0,8,constant,160,0.009666666666666667,0.9765,0.9163333333333333,0.01,0.19582254046495504
rho0_seed00_width8_constant,0.0,0,8,constant,180,0.011,0.974,0.9163333333333333,0.01,0.19590288740563133
rho0_seed00_width8_constant,0.0,0,8,constant,200,0.01,0.974,0.9173333333333333,0.01,0.19577221233006573
rho0_seed00_width8_cosine,0.0,0,8,cosine,20,0.006666666666666667,0.99,0.9203333333333333,0.009799079281818376,0.19801979238012174
rho0_seed00_width8_cosine,0.0,0,8,cosine,40,0.006333333333333333,0.98525,0.9183333333333333,0.009173690746364798,0.19707110913390916
rho0_seed00_width8_cosine,0.0,0,8,cosine,60,0.009,0.97975,0.9183333333333333,0.008185102697299853,0.1965699981966917
rho0_seed00_width8_cosine,0.0,0,8,cosine,80,0.007666666666666666,0.979,0.9166666666666666,0.006931051913076572,0.19637623362691262
rho0_seed00_width8_cosine,0.0,0,8,cosine,100,0.009,0.977,0.9173333333333333,0.005535520151093711,0.19618313570395265
rho0_seed00_width8_cosine,0.0,0,8,cosine,120,0.011,0.97825,0.9163333333333333,0.004136476688619072,0.19612107997609315
rho0_seed00_width8_cosine,0.0,0,8,cosine,140,0.01,0.97825,0.916,0.0028722379872641217,0.19602444316614326
rho0_seed00_width8_cosine,0.0,0,8,cosine,160,0.008333333333333333,0.97925,0.916,0.0018677930330710667,0.19600382887982987
rho0_seed00_width8_cosine,0.0,0,8,cosine,180,0.009666666666666667,0.97825,0.9156666666666666,0.0012224462977549774,0.19597099629488207
rho0_seed00_width8_cosine,0.0,0,8,cosine,200,0.010333333333333333,0.978,0.9156666666666666,0.001,0.19594558276922938
rho0_seed01_width512_constant,0.0,1,512,constant,20,0.015,0.97975,0.9023333333333333,0.01,0.20898829307418895
rho0_seed01_width512_constant,0.0,1,512,constant,40,0.023666666666666666,0.9795,0.9073333333333333,0.01,0.20117938391393136
rho0_seed01_width512_constant,0.0,1,512,constant,60,0.018333333333333333,0.9835,0.9066666666666666,0.01,0.19047285323302104
rho0_seed01_width512_constant,0.0,1,512,constant,80,0.02033333333333333,0.987,0.9076666666666666,0.01,0.1884518646514929
rho0_seed01_width512_constant,0.0,1,512,constant,100,0.036,0.986,0.9053333333333333,0.01,0.19398532949629047
rho0_seed01_width512_constant,0.0,1,512,constant,120,0.036333333333333336,0.9725,0.9003333333333333,0.01,0.19220386031790992
rho0_seed01_width512_constant,0.0,1,512,constant,140,0.036,0.9775,0.904,0.01,0.18019363600875388
rho0_seed01_width512_constant,0.0,1,512,constant,160,0.025,0.97175,0.902,0.01,0.17951842049270336
rho0_seed01_width512_constant,0.0,1,512,constant,180,0.036333333333333336,0.97725,0.904,0.01,0.17559187835598297
rho0_seed01_width512_constant,0.0,1,512,constant,200,0.034,0.9765,0.9013333333333333,0.01,0.17773814882069072
rho0_seed01_width512_cosine,0.0,1,512,cosine,20,0.014,0.9805,0.9036666666666666,0.009799079281818376,0.2079353939743575
rho0_seed01_width512_cosine,0.0,1,512,cosine,40,0.018,0.98025,0.9083333333333333,0.009173690746364798,0.19811828408392332
rho0_seed01_width512_cosine,0.0,1,512,cosine,60,0.018,0.98325,0.9056666666666666,0.008185102697299853,0.19069837735478665
rho0_seed01_width512_cosine,0.0,1,512,cosine,80,0.022333333333333334,0.98425,0.91,0.006931051913076572,0.19063632712345563
rho0_seed01_width512_cosine,0.0,1,512,cosine,100,0.029,0.989,0.905,0.005535520151093711,0.1897513873012173
rho0_seed01_width512_cosine,0.0,1,512,cosine,120,0.028,0.9825,0.907,0.004136476688619072,0.18524756456480576
rho0_seed01_width512_cosine,0.0,1,512,cosine,140,0.02266666666666667,0.987,0.9046666666666666,0.0028722379872641217,0.18286356875444004
rho0_seed01_width512_cosine,0.0,1,512,cosine,160,0.025333333333333333,0.98575,0.9043333333333333,0.0018677930330710667,0.18132694930149112
rho0_seed01_width512_cosine,0.0,1,512,cosine,180,0.024333333333333332,0.98625,0.9023333333333333,0.0012224462977549774,0.17978994830706302
rho0_seed01_width512_cosine,0.0,1,512,cosine,200,0.027,0.986,0.9036666666666666,0.001,0.17950607730741258
rho0_seed01_width64_constant,0.0,1,64,constant,20,0.015,0.9935,0.9093333333333333,0.01,0.19843092418815836
rho0_seed01_width64_constant,0.0,1,64,constant,40,0.011,0.989,0.9086666666666666,0.01,0.196697372742119
rho0_seed01_width64_constant,0.0,1,64,constant,60,0.015666666666666666,0.9895,0.9086666666666666,0.01,0.19525221718732838
rho0_seed01_width64_constant,0.0,1,64,constant,80,0.019666666666666666,0.9905,0.9083333333333333,0.01,0.1937879434539777
rho0_seed01_width64_constant,0.0,1,64,constant,100,0.018666666666666668,0.98525,0.9063333333333333,0.01,0.193527907598199
rho0_seed01_width64_constant,0.0,1,64,constant,120,0.023,0.98625,0.9066666666666666,0.01,0.19201956365624107
rho0_seed01_width64_constant,0.0,1,64,constant,140,0.02,0.98825,0.9033333333333333,0.01,0.19053187575369215
rho0_seed01_width64_constant,0.0,1,64,constant,160,0.026333333333333334,0.9855,0.9056666666666666,0.01,0.18945950635491052
rho0_seed01_width64_constant,0.0,1,64,constant,180,0.02,0.9875,0.903,0.01,0.18799716873205438
rho0_seed01_width64_constant,0.0,1,64,constant,200,0.032,0.984,0.9026666666666666,0.01,0.1881525417171577
rho0_seed01_width64_cosine,0.0,1,64,cosine,20,0.014666666666666666,0.99325,0.909,0.009799079281818376,0.19844131301706877
rho0_seed01_width64_cosine,0.0,1,64,cosine,40,0.011,0.9895,0.9083333333333333,0.009173690746364798,0.1966923308748124
rho0_seed01_width64_cosine,0.0,1,64,cosine,60,0.01633333333333333,0.9905,0.9083333333333333,0.008185102697299853,0.19521210059234148
rho0_seed01_width64_cosine,0.0,1,64,cosine,80,0.018,0.9905,0.9073333333333333,0.006931051913076572,0.1941818637731859
rho0_seed01_width64_cosine,0.0,1,64,cosine,100,0.015,0.98975,0.9063333333333333,0.005535520151093711,0.19299853444462198
rho0_seed01_width64_cosine,0.0,1,64,cosine,120,0.017666666666666667,0.989,0.9063333333333333,0.004136476688619072,0.1924991958763028
rho0_seed01_width64_cosine,0.0,1,64,cosine,140,0.018,0.9895,0.9046666666666666,0.0028722379872641217,0.1916882696352703
rho0_seed01_width64_cosine,0.0,1,64,cosine,160,0.018333333333333333,0.9895,0.9056666666666666,0.0018677930330710667,0.19139055479637174
rho0_seed01_width64_cosine,0.0,1,64,cosine,180,0.019,0.98975,0.9066666666666666,0.0012224462977549774,0.19122240794500625
rho0_seed01_width64_cosine,0.0,1,64,cosine,200,0.018666666666666668,0.98975,0.9053333333333333,0.001,0.19108584927340275
rho0_seed01_width8_constant,0.0,1,8,constant,20,0.013666666666666667,0.99025,0.9056666666666666,0.01,0.2003942058995319
rho0_seed01_width8_constant,0.0,1,8,constant,40,0.014666666666666666,0.99075,0.9106666666666666,0.01,0.19887053754031475
rho0_seed01_width8_constant,0.0,1,8,constant,60,0.019333333333333334,0.991,0.9083333333333333,0.01,0.1984252450124455
rho0_seed01_width8_constant,0.0,1,8,constant,80,0.019666666666666666,0.99025,0.9083333333333333,0.01,0.19805844195759773
rho0_seed01_width8_constant,0.0,1,8,constant,100,0.012666666666666666,0.9885,0.908,0.01,0.19832044898891557
rho0_seed01_width8_constant,0.0,1,8,constant,120,0.01633333333333333,0.98825,0.9106666666666666,0.01,0.19796281149952444
rho0_seed01_width8_constant,0.0,1,8,constant,140,0.013333333333333334,0.99225,0.9083333333333333,0.01,0.1974400595355098
rho0_seed01_width8_constant,0.0,1,8,constant,160,0.02,0.992,0.9076666666666666,0.01,0.19756919843180645
rho0_seed01_width8_constant,0.0,1,8,constant,180,0.014666666666666666,0.993,0.908,0.01,0.19737422879167235
rho0_seed01_width8_constant,0.0,1,8,constant,200,0.02,0.99175,0.909,0.01,0.1976398082039082
rho0_seed01_width8_cosine,0.0,1,8,cosine,20,0.014,0.99,0.9056666666666666,0.009799079281818376,0.2004652394624839
rho0_seed01_width8_cosine,0.0,1,8,cosine,40,0.015333333333333332,0.9905,0.9103333333333333,0.009173690746364798,0.19893810107880094
rho0_seed01_width8_cosine,0.0,1,8,cosine,60,0.018,0.99175,0.909,0.008185102697299853,0.19833198866458837
rho0_seed01_width8_cosine,0.0,1,8,cosine,80,0.02033333333333333,0.9905,0.9086666666666666,0.006931051913076572,0.19800853527255471
rho0_seed01_width8_cosine,0.0,1,8,cosine,100,0.015333333333333332,0.9895,0.908,0.005535520151093711,0.19798264709172314
rho0_seed01_width8_cosine,0.0,1,8,cosine,120,0.017333333333333333,0.991,0.9083333333333333,0.004136476688619072,0.1976697657984666
rho0_seed01_width8_cosine,0.0,1,8,cosine,140,0.01633333333333333,0.992,0.908,0.0028722379872641217,0.19754691402537805
rho0_seed01_width8_cosine,0.0,1,8,cosine,160,0.015333333333333332,0.99225,0.9083333333333333,0.0018677930330710667,0.19752411949646975
rho0_seed01_width8_cosine,0.0,1,8,cosine,180,0.017333333333333333,0.9915,0.908,0.0012224462977549774,0.1975110182883395
rho0_seed01_width8_cosine,0.0,1,8,cosine,200,0.017666666666666667,0.992,0.908,0.001,0.1974983800371798
rho0_seed02_width512_constant,0.0,2,512,constant,20,0.029666666666666668,0.976,0.9123333333333333,0.01,0.20797733471311822
rho0_seed02_width512_constant,0.0,2,512,constant,40,0.017,0.9835,0.92,0.01,0.19239863150994507
rho0_seed02_width512_constant,0.0,2,512,constant,60,0.018333333333333333,0.96025,0.9083333333333333,0.01,0.210720138314614
rho0_seed02_width512_constant,0.0,2,512,constant,80,0.024,0.976,0.9176666666666666,0.01,0.18996040572175288
rho0_seed02_width512_constant,0.0,2,512,constant,100,0.03233333333333333,0.98625,0.9176666666666666,0.01,0.18498236150868494
rho0_seed02_width512_constant,0.0,2,512,constant,120,0.024666666666666667,0.9765,0.916,0.01,0.19172850034617586
rho0_seed02_width512_constant,0.0,2,512,constant,140,0.028,0.9815,0.916,0.01,0.18408115374750725
rho0_seed02_width512_constant,0.0,2,512,constant,160,0.024666666666666667,0.98575,0.9193333333333333,0.01,0.17669506264883889
rho0_seed02_width512_constant,0.0,2,512,constant,180,0.027333333333333334,0.979,0.916,0.01,0.17756501390678905
rho0_seed02_width512_constant,0.0,2,512,constant,200,0.035666666666666666,0.97825,0.9163333333333333,0.01,0.17702244481309673
rho0_seed02_width512_cosine,0.0,2,512,cosine,20,0.030333333333333334,0.97525,0.9133333333333333,0.009799079281818376,0.20766564541111115
rho0_seed02_width512_cosine,0.0,2,512,cosine,40,0.017,0.98525,0.92,0.009173690746364798,0.19233837803636888
rho0_seed02_width512_cosine,0.0,2,512,cosine,60,0.021666666666666667,0.966,0.911,0.008185102697299853,0.20426249253641404
rho0_seed02_width512_cosine,0.0,2,512,cosine,80,0.019666666666666666,0.9795,0.92,0.006931051913076572,0.1887360436154713
rho0_seed02_width512_cosine,0.0,2,512,cosine,100,0.021666666666666667,0.985,0.9186666666666666,0.005535520151093711,0.1843729103393702
rho0_seed02_width512_cosine,0.0,2,512,cosine,120,0.025,0.9815,0.916,0.004136476688619072,0.184802556239358
rho0_seed02_width512_cosine,0.0,2,512,cosine,140,0.019666666666666666,0.985,0.9196666666666666,0.0028722379872641217,0.18219724024041567
rho0_seed02_width512_cosine,0.0,2,512,cosine,160,0.02,0.98575,0.9186666666666666,0.0018677930330710667,0.18169686226662807
rho0_seed02_width512_cosine,0.0,2,512,cosine,180,0.023333333333333334,0.984,0.9193333333333333,0.0012224462977549774,0.1809971993344203
rho0_seed02_width512_cosine,0.0,2,512,cosine,200,0.023,0.98375,0.921,0.001,0.18073119335420285
rho0_seed02_width64_constant,0.0,2,64,constant,20,0.015666666666666666,0.99025,0.921,0.01,0.19714299099718616
rho0_seed02_width64_constant,0.0,2,64,constant,40,0.019666666666666666,0.99125,0.921,0.01,0.19339560388474064
rho0_seed02_width64_constant,0.0,2,64,constant,60,0.018,0.98675,0.923,0.01,0.19185641966201178
rho0_seed02_width64_constant,0.0,2,64,constant,80,0.019,0.98925,0.923,0.01,0.19048569663511508
rho0_seed02_width64_constant,0.0,2,64,constant,100,0.021,0.98875,0.9203333333333333,0.01,0.18950455720822817
rho0_seed02_width64_constant,0.0,2,64,constant,120,0.019666666666666666,0.99,0.9203333333333333,0.01,0.18906593886915898
rho0_seed02_width64_constant,0.0,2,64,constant,140,0.021333333333333333,0.989,0.9203333333333333,0.01,0.18802912922839046
rho0_seed02_width64_constant,0.0,2,64,constant,160,0.02033333333333333,0.98475,0.9213333333333333,0.01,0.18796575239893146
rho0_seed02_width64_constant,0.0,2,64,constant,180,0.024,0.987,0.9196666666666666,0.01,0.18717082499365192
rho0_seed02_width64_constant,0.0,2,64,constant,200,0.021333333333333333,0.98625,0.9206666666666666,0.01,0.18700236276090867
rho0_seed02_width64_cosine,0.0,2,64,cosine,20,0.016,0.9905,0.921,0.009799079281818376,0.19706851868961991
rho0_seed02_width64_cosine,0.0,2,64,cosine,40,0.019,0.99125,0.9216666666666666,0.009173690746364798,0.19355464745095063
rho0_seed02_width64_cosine,0.0,2,64,cosine,60,0.017333333333333333,0.9885,0.921,0.008185102697299853,0.1917357447352095
rho0_seed02_width64_cosine,0.0,2,64,cosine,80,0.017,0.989,0.9233333333333333,0.006931051913076572,0.19071896878938036
rho0_seed02_width64_cosine,0.0,2,64,cosine,100,0.02,0.9885,0.9223333333333333,0.005535520151093711,0.19010155813197907
rho0_seed02_width64_cosine,0.0,2,64,cosine,120,0.019333333333333334,0.9905,0.9226666666666666,0.004136476688619072,0.189825773428732
rho0_seed02_width64_cosine,0.0,2,64,cosine,140,0.021666666666666667,0.98875,0.922,0.0028722379872641217,0.18937660911027118
rho0_seed02_width64_cosine,0.0,2,64,cosine,160,0.02033333333333333,0.989,0.9213333333333333,0.0018677930330710667,0.1891150156293313
rho0_seed02_width64_cosine,0.0,2,64,cosine,180,0.022,0.9895,0.9216666666666666,0.0012224462977549774,0.18894111336870742
rho0_seed02_width64_cosine,0.0,2,64,cosine,200,0.021666666666666667,0.9895,0.922,0.001,0.18882946123440808
rho0_seed02_width8_constant,0.0,2,8,constant,20,0.009333333333333334,0.99275,0.9226666666666666,0.01,0.20036805014209064
rho0_seed02_width8_constant,0.0,2,8,constant,40,0.01,0.9905,0.9236666666666666,0.01,0.19953656835216774
rho0_seed02_width8_constant,0.0,2,8,constant,60,0.01,0.99275,0.9236666666666666,0.01,0.19887879599351185
rho0_seed02_width8_constant,0.0,2,8,constant,80,0.009,0.9945,0.9223333333333333,0.01,0.198489691662764
rho0_seed02_width8_constant,0.0,2,8,constant,100,0.009,0.99275,0.9203333333333333,0.01,0.1981970226589745
rho0_seed02_width8_constant,0.0,2,8,constant,120,0.010333333333333333,0.995,0.9216666666666666,0.01,0.1981625280915973
rho0_seed02_width8_constant,0.0,2,8,constant,140,0.009333333333333334,0.9905,0.921,0.01,0.19798746735263623
rho0_seed02_width8_constant,0.0,2,8,constant,160,0.013,0.992,0.9223333333333333,0.01,0.19790773895094452
rho0_seed02_width8_constant,0.0,2,8,constant,180,0.013666666666666667,0.992,0.9226666666666666,0.01,0.19740462581573234
rho0_seed02_width8_constant,0.0,2,8,constant,200,0.011,0.987,0.9213333333333333,0.01,0.19759673051788446
rho0_seed02_width8_cosine,0.0,2,8,cosine,20,0.009,0.99275,0.9223333333333333,0.009799079281818376,0.20036539891788827
rho0_seed02_width8_cosine,0.0,2,8,cosine,40,0.010333333333333333,0.9915,0.9236666666666666,0.009173690746364798,0.19948237974496993
rho0_seed02_width8_cosine,0.0,2,8,cosine,60,0.011333333333333334,0.993,0.923,0.008185102697299853,0.19883721808653373
rho0_seed02_width8_cosine,0.0,2,8,cosine,80,0.010333333333333333,0.995,0.9223333333333333,0.006931051913076572,0.19849850565481386
rho0_seed02_width8_cosine,0.0,2,8,cosine,100,0.01,0.9935,0.922,0.005535520151093711,0.19831235116655105
rho0_seed02_width8_cosine,0.0,2,8,cosine,120,0.010666666666666666,0.9935,0.922,0.004136476688619072,0.19822782030331476
rho0_seed02_width8_cosine,0.0,2,8,cosine,140,0.009666666666666667,0.99375,0.922,0.0028722379872641217,0.1981229041390817
rho0_seed02_width8_cosine,0.0,2,8,cosine,160,0.009666666666666667,0.99375,0.9213333333333333,0.0018677930330710667,0.1980630756816015
rho0_seed02_width8_cosine,0.0,2,8,cosine,180,0.010333333333333333,0.9935,0.922,0.0012224462977549774,0.19798292536659054
rho0_seed02_width8_cosine,0.0,2,8,cosine,200,0.011,0.9935,0.9216666666666666,0.001,0.19795859328084042
rho0_seed03_width512_constant,0.0,3,512,constant,20,0.02,0.976,0.8996666666666666,0.01,0.1992961901074219
rho0_seed03_width512_constant,0.0,3,512,constant,40,0.029666666666666668,0.9765,0.8983333333333333,0.01,0.19648655354265182
rho0_seed03_width512_constant,0.0,3,512,constant,60,0.024333333333333332,0.975,0.9023333333333333,0.01,0.21001456002674226
rho0_seed03_width512_constant,0.0,3,512,constant,80,0.029,0.9645,0.8983333333333333,0.01,0.18490207213705553
rho0_seed03_width512_constant,0.0,3,512,constant,100,0.030666666666666665,0.9675,0.9016666666666666,0.01,0.1772758012132675
rho0_seed03_width512_constant,0.0,3,512,constant,120,0.027333333333333334,0.9805,0.902,0.01,0.18164981570841468
rho0_seed03_width512_constant,0.0,3,512,constant,140,0.03266666666666666,0.9785,0.901,0.01,0.17383571288027075
rho0_seed03_width512_constant,0.0,3,512,constant,160,0.03866666666666667,0.9695,0.9023333333333333,0.01,0.16979561248939462
rho0_seed03_width512_constant,0.0,3,512,constant,180,0.03966666666666667,0.9695,0.8973333333333333,0.01,0.16965287732328607
rho0_seed03_width512_constant,0.0,3,512,constant,200,0.04133333333333333,0.9815,0.8993333333333333,0.01,0.16744183725162537
rho0_seed03_width512_cosine,0.0,3,512,cosine,20,0.021666666666666667,0.9765,0.9,0.009799079281818376,0.19841110758902578
rho0_seed03_width512_cosine,0.0,3,512,cosine,40,0.031,0.9775,0.9,0.009173690746364798,0.19575217591049976
rho0_seed03_width512_cosine,0.0,3,512,cosine,60,0.023666666666666666,0.97525,0.9013333333333333,0.008185102697299853,0.20585322015311835
rho0_seed03_width512_cosine,0.0,3,512,cosine,80,0.027333333333333334,0.9675,0.8986666666666666,0.006931051913076572,0.1830780534086712
rho0_seed03_width512_cosine,0.0,3,512,cosine,100,0.032,0.972,0.901,0.005535520151093711,0.1798146019880979
rho0_seed03_width512_cosine,0.0,3,512,cosine,120,0.028,0.97775,0.9003333333333333,0.004136476688619072,0.17640161987803968
rho0_seed03_width512_cosine,0.0,3,512,cosine,140,0.034333333333333334,0.97775,0.9003333333333333,0.0028722379872641217,0.17732084853756708
rho0_seed03_width512_cosine,0.0,3,512,cosine,160,0.031,0.97525,0.903,0.0018677930330710667,0.1756024065876804
rho0_seed03_width512_cosine,0.0,3,512,cosine,180,0.030333333333333334,0.97225,0.9016666666666666,0.0012224462977549774,0.17412147943154305
rho0_seed03_width512_cosine,0.0,3,512,cosine,200,0.03233333333333333,0.976,0.9016666666666666,0.001,0.173036723032077
rho0_seed03_width64_constant,0.0,3,64,constant,20,0.016666666666666666,0.98275,0.8996666666666666,0.01,0.19521165965416307
rho0_seed03_width64_constant,0.0,3,64,constant,40,0.015,0.98725,0.9,0.01,0.19239680241130028
rho0_seed03_width64_constant,0.0,3,64,constant,60,0.016666666666666666,0.9835,0.9013333333333333,0.01,0.19000903611368491
rho0_seed03_width64_constant,0.0,3,64,constant,80,0.020666666666666667,0.9735,0.899,0.01,0.18839467551673883
rho0_seed03_width64_constant,0.0,3,64,constant,100,0.026333333333333334,0.97575,0.8996666666666666,0.01,0.1870405349375358
rho0_seed03_width64_constant,0.0,3,64,constant,120,0.019,0.9785,0.8996666666666666,0.01,0.18536441954712704
rho0_seed03_width64_constant,0.0,3,64,constant,140,0.026333333333333334,0.9755,0.8993333333333333,0.01,0.1844693828535569
rho0_seed03_width64_constant,0.0,3,64,constant,160,0.025333333333333333,0.9755,0.8993333333333333,0.01,0.18561422464802013
rho0_seed03_width64_constant,0.0,3,64,constant,180,0.023,0.968,0.9013333333333333,0.01,0.18410829960315706
rho0_seed03_width64_constant,0.0,3,64,constant,200,0.024,0.97425,0.9013333333333333,0.01,0.18177210743238376
rho0_seed03_width64_cosine,0.0,3,64,cosine,20,0.017,0.98275,0.9,0.009799079281818376,0.1952361285981157
rho0_seed03_width64_cosine,0.0,3,64,cosine,40,0.014666666666666666,0.988,0.9,0.009173690746364798,0.19249211086210197
rho0_seed03_width64_cosine,0.0,3,64,cosine,60,0.01633333333333333,0.98325,0.901,0.008185102697299853,0.18995199202958066
rho0_seed03_width64_cosine,0.0,3,64,cosine,80,0.019333333333333334,0.97775,0.9006666666666666,0.006931051913076572,0.1885432910128937
rho0_seed03_width64_cosine,0.0,3,64,cosine,100,0.02,0.98075,0.9003333333333333,0.005535520151093711,0.18757878089019356
rho0_seed03_width64_cosine,0.0,3,64,cosine,120,0.015333333333333332,0.9795,0.9016666666666666,0.004136476688619072,0.18670191146597884
rho0_seed03_width64_cosine,0.0,3,64,cosine,140,0.017333333333333333,0.9765,0.9006666666666666,0.0028722379872641217,0.18625054658062715
rho0_seed03_width64_cosine,0.0,3,64,cosine,160,0.018,0.978,0.9003333333333333,0.0018677930330710667,0.18590232660096853
rho0_seed03_width64_cosine,0.0,3,64,cosine,180,0.018666666666666668,0.97625,0.901,0.0012224462977549774,0.18568601467536636
rho0_seed03_width64_cosine,0.0,3,64,cosine,200,0.019333333333333334,0.97575,0.9013333333333333,0.001,0.18554538517087976
rho0_seed03_width8_constant,0.0,3,8,constant,20,0.008333333333333333,0.986,0.903,0.01,0.20068167517144425
rho0_seed03_width8_constant,0.0,3,8,constant,40,0.008,0.988,0.9013333333333333,0.01,0.1990160914349429
rho0_seed03_width8_constant,0.0,3,8,constant,60,0.010333333333333333,0.988,0.9016666666666666,0.01,0.19775698428500227
rho0_seed03_width8_constant,0.0,3,8,constant,80,0.015333333333333332,0.988,0.9006666666666666,0.01,0.19771947966318726
rho0_seed03_width8_constant,0.0,3,8,constant,100,0.015333333333333332,0.98775,0.9013333333333333,0.01,0.1972625910320956
rho0_seed03_width8_constant,0.0,3,8,constant,120,0.011,0.98975,0.9003333333333333,0.01,0.19650184045559507
rho0_seed03_width8_constant,0.0,3,8,constant,140,0.014666666666666666,0.98875,0.902,0.01,0.19633023561399013
rho0_seed03_width8_constant,0.0,3,8,constant,160,0.013,0.98825,0.9003333333333333,0.01,0.19636706527963885
rho0_seed03_width8_constant,0.0,3,8,constant,180,0.015333333333333332,0.9875,0.898,0.01,0.19733895518422764
rho0_seed03_width8_constant,0.0,3,8,constant,200,0.015,0.98875,0.8996666666666666,0.01,0.19557463442862405
rho0_seed03_width8_cosine,0.0,3,8,cosine,20,0.007666666666666666,0.98625,0.902,0.009799079281818376,0.20068765359681828
rho0_seed03_width8_cosine,0.0,3,8,cosine,40,0.009,0.98775,0.9013333333333333,0.009173690746364798,0.199064656844144
rho0_seed03_width8_cosine,0.0,3,8,cosine,60,0.009333333333333334,0.988,0.9013333333333333,0.008185102697299853,0.19788734278025932
rho0_seed03_width8_cosine,0.0,3,8,cosine,80,0.010666666666666666,0.989,0.901,0.006931051913076572,0.19746632395046707
rho0_seed03_width8_cosine,0.0,3,8,cosine,100,0.013,0.989,0.9006666666666666,0.005535520151093711,0.19700562887650402
rho0_seed03_width8_cosine,0.0,3,8,cosine,120,0.011666666666666667,0.98975,0.901,0.004136476688619072,0.19675978869378638
rho0_seed03_width8_cosine,0.0,3,8,cosine,140,0.010333333333333333,0.98975,0.9,0.0028722379872641217,0.19666307185794094
rho0_seed03_width8_cosine,0.0,3,8,cosine,160,0.012,0.9905,0.9,0.0018677930330710667,0.19656780338843519
rho0_seed03_width8_cosine,0.0,3,8,cosine,180,0.011333333333333334,0.99025,0.9,0.0012224462977549774,0.19651409108766973
rho0_seed03_width8_cosine,0.0,3,8,cosine,200,0.011666666666666667,0.98875,0.9,0.001,0.19647427264760703
rho0_seed04_width512_constant,0.0,4,512,constant,20,0.037,0.98325,0.9126666666666666,0.01,0.20320029661620992
rho0_seed04_width512_constant,0.0,4,512,constant,40,0.016,0.98325,0.9156666666666666,0.01,0.18447023160589474
rho0_seed04_width512_constant,0.0,4,512,constant,60,0.031,0.9835,0.9073333333333333,0.01,0.18459854854555474
rho0_seed04_width512_constant,0.0,4,512,constant,80,0.028,0.98075,0.917,0.01,0.18208280165798688
rho0_seed04_width512_constant,0.0,4,512,constant,100,0.027,0.976,0.916,0.01,0.1797200860774689
rho0_seed04_width512_constant,0.0,4,512,constant,120,0.03,0.9775,0.9173333333333333,0.01,0.17010996137480872
rho0_seed04_width512_constant,0.0,4,512,constant,140,0.033,0.97,0.912,0.01,0.1688325563953945
rho0_seed04_width512_constant,0.0,4,512,constant,160,0.03166666666666667,0.967,0.9123333333333333,0.01,0.1688086720581777
rho0_seed04_width512_constant,0.0,4,512,constant,180,0.038,0.9755,0.9126666666666666,0.01,0.16302125565078948
rho0_seed04_width512_constant,0.0,4,512,constant,200,0.035,0.9765,0.915,0.01,0.15978278215322406
rho0_seed04_width512_cosine,0.0,4,512,cosine,20,0.03666666666666667,0.98325,0.9123333333333333,0.009799079281818376,0.20271379048007868
rho0_seed04_width512_cosine,0.0,4,512,cosine,40,0.016666666666666666,0.98275,0.9156666666666666,0.009173690746364798,0.1838088498426773
rho0_seed04_width512_cosine,0.0,4,512,cosine,60,0.028,0.9835,0.9086666666666666,0.008185102697299853,0.18212776942537748
rho0_seed04_width512_cosine,0.0,4,512,cosine,80,0.024333333333333332,0.98,0.9166666666666666,0.006931051913076572,0.17976169582240317
rho0_seed04_width512_cosine,0.0,4,512,cosine,100,0.024,0.984,0.9143333333333333,0.005535520151093711,0.17355581521162936
rho0_seed04_width512_cosine,0.0,4,512,cosine,120,0.024333333333333332,0.97925,0.9173333333333333,0.004136476688619072,0.17221142960890043
rho0_seed04_width512_cosine,0.0,4,512,cosine,140,0.026,0.97425,0.9133333333333333,0.0028722379872641217,0.17195457459105826
rho0_seed04_width512_cosine,0.0,4,512,cosine,160,0.028666666666666667,0.9785,0.914,0.0018677930330710667,0.16978978968952252
rho0_seed04_width512_cosine,0.0,4,512,cosine,180,0.028666666666666667,0.97925,0.9163333333333333,0.0012224462977549774,0.16904061571419446
rho0_seed04_width512_cosine,0.0,4,512,cosine,200,0.026333333333333334,0.9795,0.917,0.001,0.16860189508525456
rho0_seed04_width64_constant,0.0,4,64,constant,20,0.009666666666666667,0.9915,0.9183333333333333,0.01,0.18713564160333448
rho0_seed04_width64_constant,0.0,4,64,constant,40,0.010333333333333333,0.9915,0.9186666666666666,0.01,0.1850186196073966
rho0_seed04_width64_constant,0.0,4,64,constant,60,0.01,0.98875,0.92,0.01,0.18367301255990817
rho0_seed04_width64_constant,0.0,4,64,constant,80,0.013333333333333334,0.98925,0.9196666666666666,0.01,0.1829949601820594
rho0_seed04_width64_constant,0.0,4,64,constant,100,0.017333333333333333,0.98925,0.917,0.01,0.18172902419186002
rho0_seed04_width64_constant,0.0,4,64,constant,120,0.018333333333333333,0.988,0.9183333333333333,0.01,0.1808587000286508
rho0_seed04_width64_constant,0.0,4,64,constant,140,0.017666666666666667,0.97975,0.9136666666666666,0.01,0.18221932164873916
rho0_seed04_width64_constant,0.0,4,64,constant,160,0.02033333333333333,0.98325,0.9143333333333333,0.01,0.17908986268403845
rho0_seed04_width64_constant,0.0,4,64,constant,180,0.029333333333333333,0.985,0.915,0.01,0.17961280560975765
rho0_seed04_width64_constant,0.0,4,64,constant,200,0.022333333333333334,0.9865,0.917,0.01,0.1777304630254036
rho0_seed04_width64_cosine,0.0,4,64,cosine,20,0.009666666666666667,0.99175,0.9183333333333333,0.009799079281818376,0.18714952841145588
rho0_seed04_width64_cosine,0.0,4,64,cosine,40,0.01,0.9915,0.919,0.009173690746364798,0.1851199727780489
rho0_seed04_width64_cosine,0.0,4,64,cosine,60,0.011666666666666667,0.99,0.9196666666666666,0.008185102697299853,0.18391246538506456
rho0_seed04_width64_cosine,0.0,4,64,cosine,80,0.010666666666666666,0.99,0.9196666666666666,0.006931051913076572,0.183104865849735
rho0_seed04_width64_cosine,0.0,4,64,cosine,100,0.012333333333333333,0.989,0.9186666666666666,0.005535520151093711,0.18215550146375387
rho0_seed04_width64_cosine,0.0,4,64,cosine,120,0.013333333333333334,0.989,0.9196666666666666,0.004136476688619072,0.1815967221196949
rho0_seed04_width64_cosine,0.0,4,64,cosine,140,0.014666666666666666,0.98575,0.9183333333333333,0.0028722379872641217,0.18144034925459135
rho0_seed04_width64_cosine,0.0,4,64,cosine,160,0.013333333333333334,0.98875,0.9186666666666666,0.0018677930330710667,0.18093010050741745
rho0_seed04_width64_cosine,0.0,4,64,cosine,180,0.015,0.988,0.9186666666666666,0.0012224462977549774,0.1807704741874674
rho0_seed04_width64_cosine,0.0,4,64,cosine,200,0.014666666666666666,0.9885,0.9183333333333333,0.001,0.18065458371584708
rho0_seed04_width8_constant,0.0,4,8,constant,20,0.006666666666666667,0.986,0.9203333333333333,0.01,0.19249999973853096
rho0_seed04_width8_constant,0.0,4,8,constant,40,0.005,0.99,0.9196666666666666,0.01,0.19143776576704286
rho0_seed04_width8_constant,0.0,4,8,constant,60,0.008,0.99525,0.922,0.01,0.1912533760886792
rho0_seed04_width8_constant,0.0,4,8,constant,80,0.011666666666666667,0.9955,0.92,0.01,0.1908382542669342
rho0_seed04_width8_constant,0.0,4,8,constant,100,0.01633333333333333,0.99675,0.92,0.01,0.1910030087653235
rho0_seed04_width8_constant,0.0,4,8,constant,120,0.01,0.9945,0.9196666666666666,0.01,0.19056210974955326
rho0_seed04_width8_constant,0.0,4,8,constant,140,0.014,0.97975,0.9173333333333333,0.01,0.19228459765478859
rho0_seed04_width8_constant,0.0,4,8,constant,160,0.009666666666666667,0.99425,0.9193333333333333,0.01,0.19019687171144914
rho0_seed04_width8_constant,0.0,4,8,constant,180,0.016666666666666666,0.99225,0.9203333333333333,0.01,0.19037110256536188
rho0_seed04_width8_constant,0.0,4,8,constant,200,0.011666666666666667,0.995,0.921,0.01,0.18984546360485524
rho0_seed04_width8_cosine,0.0,4,8,cosine,20,0.007,0.98575,0.9193333333333333,0.009799079281818376,0.19251484190085644
rho0_seed04_width8_cosine,0.0,4,8,cosine,40,0.005666666666666667,0.98975,0.9203333333333333,0.009173690746364798,0.19146473315113918
rho0_seed04_width8_cosine,0.0,4,8,cosine,60,0.008333333333333333,0.9955,0.9216666666666666,0.008185102697299853,0.19122467682380767
rho0_seed04_width8_cosine,0.0,4,8,cosine,80,0.01,0.9955,0.9203333333333333,0.006931051913076572,0.19083687247480408
rho0_seed04_width8_cosine,0.0,4,8,cosine,100,0.011666666666666667,0.996,0.9203333333333333,0.005535520151093711,0.19073725659393603
rho0_seed04_width8_cosine,0.0,4,8,cosine,120,0.008333333333333333,0.99475,0.9193333333333333,0.004136476688619072,0.19050132030011882
rho0_seed04_width8_cosine,0.0,4,8,cosine,140,0.009666666666666667,0.991,0.92,0.0028722379872641217,0.1905270054697394
rho0_seed04_width8_cosine,0.0,4,8,cosine,160,0.008333333333333333,0.996,0.9206666666666666,0.0018677930330710667,0.19039969467530737
rho0_seed04_width8_cosine,0.0,4,8,cosine,180,0.008666666666666666,0.99425,0.9196666666666666,0.0012224462977549774,0.19035686181024114
rho0_seed04_width8_cosine,0.0,4,8,cosine,200,0.008666666666666666,0.995,0.9196666666666666,0.001,0.1903389014731245
rho0_seed05_width512_constant,0.0,5,512,constant,20,0.013666666666666667,0.9805,0.9083333333333333,0.01,0.2021600838156257
rho0_seed05_width512_constant,0.0,5,512,constant,40,0.016666666666666666,0.97475,0.913,0.01,0.19772070698774713
rho0_seed05_width512_constant,0.0,5,512,constant,60,0.019333333333333334,0.9725,0.9146666666666666,0.01,0.18841251439641554
rho0_seed05_width512_constant,0.0,5,512,constant,80,0.023,0.9805,0.916,0.01,0.1856296226763374
rho0_seed05_width512_constant,0.0,5,512,constant,100,0.025,0.97725,0.9173333333333333,0.01,0.18085340152215176
rho0_seed05_width512_constant,0.0,5,512,constant,120,0.025333333333333333,0.968,0.9043333333333333,0.01,0.1873451943706633
rho0_seed05_width512_constant,0.0,5,512,constant,140,0.037333333333333336,0.968,0.9033333333333333,0.01,0.18825273499959744
rho0_seed05_width512_constant,0.0,5,512,constant,160,0.029,0.97525,0.9096666666666666,0.01,0.17420251658962332
rho0_seed05_width512_constant,0.0,5,512,constant,180,0.03266666666666666,0.97525,0.9106666666666666,0.01,0.16893031886366397
rho0_seed05_width512_constant,0.0,5,512,constant,200,0.031,0.97625,0.9106666666666666,0.01,0.1674804643214805
rho0_seed05_width512_cosine,0.0,5,512,cosine,20,0.013666666666666667,0.9805,0.908,0.009799079281818376,0.20238943737204287
rho0_seed05_width512_cosine,0.0,5,512,cosine,40,0.017,0.9765,0.9136666666666666,0.009173690746364798,0.19685050576843202
rho0_seed05_width512_cosine,0.0,5,512,cosine,60,0.019666666666666666,0.9795,0.9136666666666666,0.008185102697299853,0.18765947680960912
rho0_seed05_width512_cosine,0.0,5,512,cosine,80,0.023333333333333334,0.98,0.9116666666666666,0.006931051913076572,0.18670014216837544
rho0_seed05_width512_cosine,0.0,5,512,cosine,100,0.025,0.9815,0.9143333333333333,0.005535520151093711,0.1812561657752056
rho0_seed05_width512_cosine,0.0,5,512,cosine,120,0.023666666666666666,0.97775,0.9123333333333333,0.004136476688619072,0.1813371795622911
rho0_seed05_width512_cosine,0.0,5,512,cosine,140,0.028,0.98125,0.915,0.0028722379872641217,0.17888892082544372
rho0_seed05_width512_cosine,0.0,5,512,cosine,160,0.025,0.98125,0.9166666666666666,0.0018677930330710667,0.17665910917686595
rho0_seed05_width512_cosine,0.0,5,512,cosine,180,0.024666666666666667,0.97925,0.9153333333333333,0.0012224462977549774,0.17615225439211468
rho0_seed05_width512_cosine,0.0,5,512,cosine,200,0.025666666666666667,0.97975,0.915,0.001,0.17571988303708116
rho0_seed05_width64_constant,0.0,5,64,constant,20,0.02,0.98875,0.915,0.01,0.19795945403192355
rho0_seed05_width64_constant,0.0,5,64,constant,40,0.018,0.98925,0.9166666666666666,0.01,0.19510694928437616
rho0_seed05_width64_constant,0.0,5,64,constant,60,0.014666666666666666,0.988,0.9146666666666666,0.01,0.1933035570952265
rho0_seed05_width64_constant,0.0,5,64,constant,80,0.021333333333333333,0.98825,0.9173333333333333,0.01,0.1929173150528774
rho0_seed05_width64_constant,0.0,5,64,constant,100,0.015333333333333332,0.9875,0.9143333333333333,0.01,0.19126657584513282
rho0_seed05_width64_constant,0.0,5,64,constant,120,0.016666666666666666,0.98525,0.916,0.01,0.19052064283713807
rho0_seed05_width64_constant,0.0,5,64,constant,140,0.01633333333333333,0.98575,0.9146666666666666,0.01,0.18946904878818682
rho0_seed05_width64_constant,0.0,5,64,constant,160,0.017,0.9855,0.9153333333333333,0.01,0.18876926481845743
rho0_seed05_width64_constant,0.0,5,64,constant,180,0.022,0.984,0.917,0.01,0.1880956725384989
rho0_seed05_width64_constant,0.0,5,64,constant,200,0.021333333333333333,0.98425,0.9156666666666666,0.01,0.1871336559892174
rho0_seed05_width64_cosine,0.0,5,64,cosine,20,0.02,0.989,0.9146666666666666,0.009799079281818376,0.19794780630565173
rho0_seed05_width64_cosine,0.0,5,64,cosine,40,0.018,0.98925,0.917,0.009173690746364798,0.1951690291560653
rho0_seed05_width64_cosine,0.0,5,64,cosine,60,0.014333333333333333,0.98775,0.9156666666666666,0.008185102697299853,0.19358883063933058
rho0_seed05_width64_cosine,0.0,5,64,cosine,80,0.021,0.98925,0.9173333333333333,0.006931051913076572,0.19288611954003512
rho0_seed05_width64_cosine,0.0,5,64,cosine,100,0.018666666666666668,0.98775,0.9166666666666666,0.005535520151093711,0.19175522828534944
rho0_seed05_width64_cosine,0.0,5,64,cosine,120,0.018333333333333333,0.9875,0.9166666666666666,0.004136476688619072,0.19128625803117474
rho0_seed05_width64_cosine,0.0,5,64,cosine,140,0.02,0.98825,0.917,0.0028722379872641217,0.19092152885646782
rho0_seed05_width64_cosine,0.0,5,64,cosine,160,0.019666666666666666,0.9875,0.9163333333333333,0.0018677930330710667,0.19071781247720518
rho0_seed05_width64_cosine,0.0,5,64,cosine,180,0.019,0.9875,0.9173333333333333,0.0012224462977549774,0.19051430714511902
rho0_seed05_width64_cosine,0.0,5,64,cosine,200,0.018333333333333333,0.98775,0.9176666666666666,0.001,0.19042772553681275
rho0_seed05_width8_constant,0.0,5,8,constant,20,0.014,0.98975,0.9153333333333333,0.01,0.20254439737566812
rho0_seed05_width8_constant,0.0,5,8,constant,40,0.012333333333333333,0.9945,0.9166666666666666,0.01,0.20072217815441248
rho0_seed05_width8_constant,0.0,5,8,constant,60,0.007666666666666666,0.99525,0.9166666666666666,0.01,0.20021047960384403
rho0_seed05_width8_constant,0.0,5,8,constant,80,0.016666666666666666,0.98975,0.9176666666666666,0.01,0.20015747130772743
rho0_seed05_width8_constant,0.0,5,8,constant,100,0.012,0.99275,0.9166666666666666,0.01,0.19943294679619436
rho0_seed05_width8_constant,0.0,5,8,constant,120,0.013333333333333334,0.99325,0.915,0.01,0.19936158225224104
rho0_seed05_width8_constant,0.0,5,8,constant,140,0.014,0.98875,0.9173333333333333,0.01,0.19918155314233374
rho0_seed05_width8_constant,0.0,5,8,constant,160,0.013,0.99225,0.9153333333333333,0.01,0.1994784942626793
rho0_seed05_width8_constant,0.0,5,8,constant,180,0.014333333333333333,0.986,0.9156666666666666,0.01,0.19920578601191222
rho0_seed05_width8_constant,0.0,5,8,constant,200,0.02,0.9885,0.9166666666666666,0.01,0.1991755831144198
rho0_seed05_width8_cosine,0.0,5,8,cosine,20,0.013666666666666667,0.98975,0.9153333333333333,0.009799079281818376,0.20254685820475749
rho0_seed05_width8_cosine,0.0,5,8,cosine,40,0.012333333333333333,0.99475,0.9166666666666666,0.009173690746364798,0.20077418578439024
rho0_seed05_width8_cosine,0.0,5,8,cosine,60,0.008,0.9955,0.917,0.008185102697299853,0.20024896096517603
rho0_seed05_width8_cosine,0.0,5,8,cosine,80,0.016666666666666666,0.99325,0.9193333333333333,0.006931051913076572,0.20001984331173644
rho0_seed05_width8_cosine,0.0,5,8,cosine,100,0.012666666666666666,0.994,0.9166666666666666,0.005535520151093711,0.1996308022237953
rho0_seed05_width8_cosine,0.0,5,8,cosine,120,0.014333333333333333,0.9925,0.9176666666666666,0.004136476688619072,0.19950052788905856
rho0_seed05_width8_cosine,0.0,5,8,cosine,140,0.014,0.99075,0.9166666666666666,0.0028722379872641217,0.19942382005682374
rho0_seed05_width8_cosine,0.0,5,8,cosine,160,0.012666666666666666,0.9925,0.9166666666666666,0.0018677930330710667,0.19935851314105885
rho0_seed05_width8_cosine,0.0,5,8,cosine,180,0.012666666666666666,0.992,0.9166666666666666,0.0012224462977549774,0.1993269736003128
rho0_seed05_width8_cosine,0.0,5,8,cosine,200,0.013333333333333334,0.99175,0.916,0.001,0.19931268123841117
rho0_seed06_width512_constant,0.0,6,512,constant,20,0.03133333333333333,0.9795,0.9073333333333333,0.01,0.19888554881120568
rho0_seed06_width512_constant,0.0,6,512,constant,40,0.019,0.974,0.8993333333333333,0.01,0.20304880978439788
rho0_seed06_width512_constant,0.0,6,512,constant,60,0.018333333333333333,0.971,0.9066666666666666,0.01,0.19633072447831057
rho0_seed06_width512_constant,0.0,6,512,constant,80,0.021,0.98,0.909,0.01,0.18433632278849035
rho0_seed06_width512_constant,0.0,6,512,constant,100,0.023333333333333334,0.9785,0.9006666666666666,0.01,0.19066225837856074
rho0_seed06_width512_constant,0.0,6,512,constant,120,0.025,0.974,0.905,0.01,0.17836204604643172
rho0_seed06_width512_constant,0.0,6,512,constant,140,0.04066666666666666,0.97475,0.9056666666666666,0.01,0.18137117871871805
rho0_seed06_width512_constant,0.0,6,512,constant,160,0.034,0.97425,0.9106666666666666,0.01,0.17372972438151854
rho0_seed06_width512_constant,0.0,6,512,constant,180,0.041,0.966,0.9036666666666666,0.01,0.17274862588697623
rho0_seed06_width512_constant,0.0,6,512,constant,200,0.049,0.9735,0.902,0.01,0.16976500374310785
rho0_seed06_width512_cosine,0.0,6,512,cosine,20,0.030333333333333334,0.9805,0.907,0.009799079281818376,0.19864073337622798
rho0_seed06_width512_cosine,0.0,6,512,cosine,40,0.018,0.97525,0.9016666666666666,0.009173690746364798,0.20090298414198068
rho0_seed06_width512_cosine,0.0,6,512,cosine,60,0.019666666666666666,0.97175,0.9066666666666666,0.008185102697299853,0.19638231208845924
rho0_seed06_width512_cosine,0.0,6,512,cosine,80,0.021333333333333333,0.98175,0.91,0.006931051913076572,0.1836723811105841
rho0_seed06_width512_cosine,0.0,6,512,cosine,100,0.020666666666666667,0.97925,0.906,0.005535520151093711,0.1875053656100796
rho0_seed06_width512_cosine,0.0,6,512,cosine,120,0.024333333333333332,0.98075,0.9053333333333333,0.004136476688619072,0.18094362377043718
rho0_seed06_width512_cosine,0.0,6,512,cosine,140,0.025,0.979,0.9086666666666666,0.0028722379872641217,0.1791871856429911
rho0_seed06_width512_cosine,0.0,6,512,cosine,160,0.02666666666666667,0.97875,0.91,0.0018677930330710667,0.17772656936868447
rho0_seed06_width512_cosine,0.0,6,512,cosine,180,0.028,0.9775,0.908,0.0012224462977549774,0.1775562111499308
rho0_seed06_width512_cosine,0.0,6,512,cosine,200,0.025333333333333333,0.977,0.91,0.001,0.17684391741779967
rho0_seed06_width64_constant,0.0,6,64,constant,20,0.014,0.98825,0.912,0.01,0.19593966398581492
rho0_seed06_width64_constant,0.0,6,64,constant,40,0.015,0.99025,0.9076666666666666,0.01,0.19335690311313677
rho0_seed06_width64_constant,0.0,6,64,constant,60,0.018,0.99075,0.91,0.01,0.19125981688039956
rho0_seed06_width64_constant,0.0,6,64,constant,80,0.023,0.9895,0.913,0.01,0.19033514653823594
rho0_seed06_width64_constant,0.0,6,64,constant,100,0.018666666666666668,0.989,0.9106666666666666,0.01,0.18928183882609165
rho0_seed06_width64_constant,0.0,6,64,constant,120,0.022,0.98575,0.9103333333333333,0.01,0.18830265701815468
rho0_seed06_width64_constant,0.0,6,64,constant,140,0.024,0.98475,0.9106666666666666,0.01,0.18774995584659918
rho0_seed06_width64_constant,0.0,6,64,constant,160,0.024333333333333332,0.983,0.9103333333333333,0.01,0.18646011668322182
rho0_seed06_width64_constant,0.0,6,64,constant,180,0.02033333333333333,0.9795,0.9066666666666666,0.01,0.18721294019650714
rho0_seed06_width64_constant,0.0,6,64,constant,200,0.025,0.98375,0.9103333333333333,0.01,0.18522721521854918
rho0_seed06_width64_cosine,0.0,6,64,cosine,20,0.013333333333333334,0.9885,0.9123333333333333,0.009799079281818376,0.1959288731109256
rho0_seed06_width64_cosine,0.0,6,64,cosine,40,0.014666666666666666,0.9905,0.9083333333333333,0.009173690746364798,0.1933534669034878
rho0_seed06_width64_cosine,0.0,6,64,cosine,60,0.017,0.99075,0.9113333333333333,0.008185102697299853,0.19150612365172962
rho0_seed06_width64_cosine,0.0,6,64,cosine,80,0.019666666666666666,0.9905,0.9133333333333333,0.006931051913076572,0.19058067099768078
rho0_seed06_width64_cosine,0.0,6,64,cosine,100,0.01633333333333333,0.99075,0.912,0.005535520151093711,0.18955876787398196
rho0_seed06_width64_cosine,0.0,6,64,cosine,120,0.018,0.9875,0.9113333333333333,0.004136476688619072,0.18913055675963392
rho0_seed06_width64_cosine,0.0,6,64,cosine,140,0.02033333333333333,0.98925,0.91,0.0028722379872641217,0.1886362631949558
rho0_seed06_width64_cosine,0.0,6,64,cosine,160,0.02,0.98875,0.91,0.0018677930330710667,0.18843300656541495
rho0_seed06_width64_cosine,0.0,6,64,cosine,180,0.018,0.9885,0.9096666666666666,0.0012224462977549774,0.1882762661676052
rho0_seed06_width64_cosine,0.0,6,64,cosine,200,0.019333333333333334,0.9885,0.91,0.001,0.18818826458084303
rho0_seed06_width8_constant,0.0,6,8,constant,20,0.007666666666666666,0.9935,0.9113333333333333,0.01,0.2000288256093502
rho0_seed06_width8_constant,0.0,6,8,constant,40,0.005666666666666667,0.9945,0.9093333333333333,0.01,0.1989740336726374
rho0_seed06_width8_constant,0.0,6,8,constant,60,0.008333333333333333,0.99525,0.9103333333333333,0.01,0.198495776514567
rho0_seed06_width8_constant,0.0,6,8,constant,80,0.012,0.994,0.9126666666666666,0.01,0.19845638360510592
rho0_seed06_width8_constant,0.0,6,8,constant,100,0.007666666666666666,0.9925,0.912,0.01,0.1979706849059804
rho0_seed06_width8_constant,0.0,6,8,constant,120,0.009666666666666667,0.99075,0.909,0.01,0.19768574221704685
rho0_seed06_width8_constant,0.0,6,8,constant,140,0.009666666666666667,0.9955,0.9113333333333333,0.01,0.19709236542854192
rho0_seed06_width8_constant,0.0,6,8,constant,160,0.009,0.9955,0.9113333333333333,0.01,0.19674358240956893
rho0_seed06_width8_constant,0.0,6,8,constant,180,0.008,0.99275,0.9076666666666666,0.01,0.1974416278578439
rho0_seed06_width8_constant,0.0,6,8,constant,200,0.011,0.99375,0.912,0.01,0.1966405743325359
rho0_seed06_width8_cosine,0.0,6,8,cosine,20,0.007666666666666666,0.99375,0.9113333333333333,0.009799079281818376,0.20002566586184017
rho0_seed06_width8_cosine,0.0,6,8,cosine,40,0.005666666666666667,0.99475,0.9093333333333333,0.009173690746364798,0.19899014208251536
rho0_seed06_width8_cosine,0.0,6,8,cosine,60,0.007,0.996,0.911,0.008185102697299853,0.1985614631933628
rho0_seed06_width8_cosine,0.0,6,8,cosine,80,0.009,0.9955,0.9123333333333333,0.006931051913076572,0.19838108143192093
rho0_seed06_width8_cosine,0.0,6,8,cosine,100,0.008333333333333333,0.995,0.9113333333333333,0.005535520151093711,0.19801565063008983
rho0_seed06_width8_cosine,0.0,6,8,cosine,120,0.007333333333333333,0.995,0.9106666666666666,0.004136476688619072,0.19776666878804813
rho0_seed06_width8_cosine,0.0,6,8,cosine,140,0.006666666666666667,0.9955,0.9113333333333333,0.0028722379872641217,0.1976318482442105
rho0_seed06_width8_cosine,0.0,6,8,cosine,160,0.008333333333333333,0.99525,0.9113333333333333,0.0018677930330710667,0.1975483761342757
rho0_seed06_width8_cosine,0.0,6,8,cosine,180,0.007666666666666666,0.9955,0.9113333333333333,0.0012224462977549774,0.19747541368534616
rho0_seed06_width8_cosine,0.0,6,8,cosine,200,0.009,0.9955,0.9116666666666666,0.001,0.19743181937984944
rho0_seed07_width512_constant,0.0,7,512,constant,20,0.034333333333333334,0.98325,0.911,0.01,0.19797073718016064
rho0_seed07_width512_constant,0.0,7,512,constant,40,0.023666666666666666,0.98325,0.909,0.01,0.1931139536967152
rho0_seed07_width512_constant,0.0,7,512,constant,60,0.023,0.97125,0.9093333333333333,0.01,0.19270191395312466
rho0_seed07_width512_constant,0.0,7,512,constant,80,0.026333333333333334,0.978,0.912,0.01,0.18151519029772648
rho0_seed07_width512_constant,0.0,7,512,constant,100,0.04033333333333333,0.9825,0.9106666666666666,0.01,0.18315021763308978
rho0_seed07_width512_constant,0.0,7,512,constant,120,0.030666666666666665,0.977,0.9116666666666666,0.01,0.17908774714690148
rho0_seed07_width512_constant,0.0,7,512,constant,140,0.034,0.9745,0.908,0.01,0.1748317242720747
rho0_seed07_width512_constant,0.0,7,512,constant,160,0.034333333333333334,0.9745,0.91,0.01,0.17045987170701027
rho0_seed07_width512_constant,0.0,7,512,constant,180,0.03666666666666667,0.96525,0.911,0.01,0.17061697737301687
rho0_seed07_width512_constant,0.0,7,512,constant,200,0.043333333333333335,0.9765,0.913,0.01,0.165018264819331
rho0_seed07_width512_cosine,0.0,7,512,cosine,20,0.033666666666666664,0.98325,0.9106666666666666,0.009799079281818376,0.19772959924849598
rho0_seed07_width512_cosine,0.0,7,512,cosine,40,0.023333333333333334,0.983,0.9103333333333333,0.009173690746364798,0.19314244319253596
rho0_seed07_width512_cosine,0.0,7,512,cosine,60,0.020666666666666667,0.97425,0.9113333333333333,0.008185102697299853,0.1892543994486177
rho0_seed07_width512_cosine,0.0,7,512,cosine,80,0.027,0.97825,0.913,0.006931051913076572,0.18299659380533645
rho0_seed07_width512_cosine,0.0,7,512,cosine,100,0.031,0.9835,0.912,0.005535520151093711,0.1791282316555738
rho0_seed07_width512_cosine,0.0,7,512,cosine,120,0.02666666666666667,0.98275,0.9133333333333333,0.004136476688619072,0.17606410173120593
rho0_seed07_width512_cosine,0.0,7,512,cosine,140,0.027333333333333334,0.98275,0.9136666666666666,0.0028722379872641217,0.1750164388725393
rho0_seed07_width512_cosine,0.0,7,512,cosine,160,0.03,0.976,0.9113333333333333,0.0018677930330710667,0.17522692894382008
rho0_seed07_width512_cosine,0.0,7,512,cosine,180,0.026333333333333334,0.9785,0.912,0.0012224462977549774,0.1736510869038801
rho0_seed07_width512_cosine,0.0,7,512,cosine,200,0.029,0.9785,0.9116666666666666,0.001,0.17281110191047946
rho0_seed07_width64_constant,0.0,7,64,constant,20,0.02033333333333333,0.983,0.9123333333333333,0.01,0.18971449128899107
rho0_seed07_width64_constant,0.0,7,64,constant,40,0.019333333333333334,0.98975,0.9153333333333333,0.01,0.18731273644666388
rho0_seed07_width64_constant,0.0,7,64,constant,60,0.021333333333333333,0.987,0.9123333333333333,0.01,0.18621380064177662
rho0_seed07_width64_constant,0.0,7,64,constant,80,0.019333333333333334,0.99,0.9133333333333333,0.01,0.18566733800693608
rho0_seed07_width64_constant,0.0,7,64,constant,100,0.020666666666666667,0.988,0.9126666666666666,0.01,0.18415011677755275
rho0_seed07_width64_constant,0.0,7,64,constant,120,0.02266666666666667,0.983,0.912,0.01,0.183363684773367
rho0_seed07_width64_constant,0.0,7,64,constant,140,0.021666666666666667,0.98775,0.9153333333333333,0.01,0.18290256733210908
rho0_seed07_width64_constant,0.0,7,64,constant,160,0.023,0.978,0.912,0.01,0.18292723333855948
rho0_seed07_width64_constant,0.0,7,64,constant,180,0.026333333333333334,0.97475,0.9106666666666666,0.01,0.18225425448096444
rho0_seed07_width64_constant,0.0,7,64,constant,200,0.025666666666666667,0.9825,0.9136666666666666,0.01,0.18036356104883033
rho0_seed07_width64_cosine,0.0,7,64,cosine,20,0.020666666666666667,0.98275,0.9123333333333333,0.009799079281818376,0.18974850718844546
rho0_seed07_width64_cosine,0.0,7,64,cosine,40,0.019,0.98975,0.9153333333333333,0.009173690746364798,0.18734150176747835
rho0_seed07_width64_cosine,0.0,7,64,cosine,60,0.021,0.98675,0.913,0.008185102697299853,0.18626616697805434
rho0_seed07_width64_cosine,0.0,7,64,cosine,80,0.02033333333333333,0.98975,0.9146666666666666,0.006931051913076572,0.18531950053209248
rho0_seed07_width64_cosine,0.0,7,64,cosine,100,0.019666666666666666,0.98975,0.9143333333333333,0.005535520151093711,0.18474247665193116
rho0_seed07_width64_cosine,0.0,7,64,cosine,120,0.02033333333333333,0.98375,0.9133333333333333,0.004136476688619072,0.18392451398093695
rho0_seed07_width64_cosine,0.0,7,64,cosine,140,0.021,0.98725,0.9133333333333333,0.0028722379872641217,0.18359640050938345
rho0_seed07_width64_cosine,0.0,7,64,cosine,160,0.021666666666666667,0.9855,0.9136666666666666,0.0018677930330710667,0.18327148776371063
rho0_seed07_width64_cosine,0.0,7,64,cosine,180,0.021333333333333333,0.98525,0.9133333333333333,0.0012224462977549774,0.183108750237177
rho0_seed07_width64_cosine,0.0,7,64,cosine,200,0.022333333333333334,0.9855,0.913,0.001,0.18301569360810904
rho0_seed07_width8_constant,0.0,7,8,constant,20,0.014666666666666666,0.99475,0.9153333333333333,0.01,0.19549596826123414
rho0_seed07_width8_constant,0.0,7,8,constant,40,0.012,0.99575,0.9163333333333333,0.01,0.19375729125790198
rho0_seed07_width8_constant,0.0,7,8,constant,60,0.008333333333333333,0.99175,0.9156666666666666,0.01,0.19279288319999832
rho0_seed07_width8_constant,0.0,7,8,constant,80,0.008666666666666666,0.994,0.9156666666666666,0.01,0.1924512853043605
rho0_seed07_width8_constant,0.0,7,8,constant,100,0.009333333333333334,0.99325,0.9143333333333333,0.01,0.19246802904430416
rho0_seed07_width8_constant,0.0,7,8,constant,120,0.011,0.9915,0.9176666666666666,0.01,0.19174397919006697
rho0_seed07_width8_constant,0.0,7,8,constant,140,0.008333333333333333,0.99575,0.9153333333333333,0.01,0.1915023523173061
rho0_seed07_width8_constant,0.0,7,8,constant,160,0.012666666666666666,0.9895,0.9163333333333333,0.01,0.19131465959382385
rho0_seed07_width8_constant,0.0,7,8,constant,180,0.012,0.98825,0.916,0.01,0.19120925409365103
rho0_seed07_width8_constant,0.0,7,8,constant,200,0.013333333333333334,0.9905,0.916,0.01,0.19065550215093646
rho0_seed07_width8_cosine,0.0,7,8,cosine,20,0.014666666666666666,0.99475,0.9153333333333333,0.009799079281818376,0.19549112596152848
rho0_seed07_width8_cosine,0.0,7,8,cosine,40,0.011,0.99575,0.916,0.009173690746364798,0.19387955208122234
rho0_seed07_width8_cosine,0.0,7,8,cosine,60,0.008333333333333333,0.9925,0.917,0.008185102697299853,0.19294428544243128
rho0_seed07_width8_cosine,0.0,7,8,cosine,80,0.009,0.993,0.9153333333333333,0.006931051913076572,0.1923813973657628
rho0_seed07_width8_cosine,0.0,7,8,cosine,100,0.008666666666666666,0.99525,0.916,0.005535520151093711,0.1923518784762788
rho0_seed07_width8_cosine,0.0,7,8,cosine,120,0.006666666666666667,0.99275,0.9166666666666666,0.004136476688619072,0.19206588580846076
rho0_seed07_width8_cosine,0.0,7,8,cosine,140,0.008,0.993,0.9173333333333333,0.0028722379872641217,0.19197282469825577
rho0_seed07_width8_cosine,0.0,7,8,cosine,160,0.008,0.99425,0.9166666666666666,0.0018677930330710667,0.1918075147634549
rho0_seed07_width8_cosine,0.0,7,8,cosine,180,0.009333333333333334,0.9925,0.9163333333333333,0.0012224462977549774,0.19174635213837146
rho0_seed07_width8_cosine,0.0,7,8,cosine,200,0.008666666666666666,0.99275,0.917,0.001,0.19171529681991997
rho0_seed08_width512_constant,0.0,8,512,constant,20,0.03166666666666667,0.97875,0.904,0.01,0.20759880567407518
rho0_seed08_width512_constant,0.0,8,512,constant,40,0.027333333333333334,0.98,0.9066666666666666,0.01,0.18986014414051414
rho0_seed08_width512_constant,0.0,8,512,constant,60,0.037333333333333336,0.9705,0.905,0.01,0.18967860312802667
rho0_seed08_width512_constant,0.0,8,512,constant,80,0.037,0.9755,0.9076666666666666,0.01,0.1864051178410083
rho0_seed08_width512_constant,0.0,8,512,constant,100,0.03333333333333333,0.98125,0.9093333333333333,0.01,0.17720814114956257
rho0_seed08_width512_constant,0.0,8,512,constant,120,0.028,0.96425,0.909,0.01,0.17900296337968472
rho0_seed08_width512_constant,0.0,8,512,constant,140,0.04466666666666667,0.97825,0.9053333333333333,0.01,0.175168388611759
rho0_seed08_width512_constant,0.0,8,512,constant,160,0.034333333333333334,0.9675,0.9066666666666666,0.01,0.17174708791432516
rho0_seed08_width512_constant,0.0,8,512,constant,180,0.04066666666666666,0.973,0.9086666666666666,0.01,0.16867321673963628
rho0_seed08_width512_constant,0.0,8,512,constant,200,0.05333333333333334,0.976,0.908,0.01,0.16850156392226212
rho0_seed08_width512_cosine,0.0,8,512,cosine,20,0.03333333333333333,0.979,0.9046666666666666,0.009799079281818376,0.20692558507788752
rho0_seed08_width512_cosine,0.0,8,512,cosine,40,0.02666666666666667,0.981,0.9073333333333333,0.009173690746364798,0.18943709132683073
rho0_seed08_width512_cosine,0.0,8,512,cosine,60,0.03,0.971,0.907,0.008185102697299853,0.18911302251296333
rho0_seed08_width512_cosine,0.0,8,512,cosine,80,0.034,0.978,0.909,0.006931051913076572,0.184262081469767
rho0_seed08_width512_cosine,0.0,8,512,cosine,100,0.028666666666666667,0.9835,0.9113333333333333,0.005535520151093711,0.17776945049403792
rho0_seed08_width512_cosine,0.0,8,512,cosine,120,0.032,0.972,0.912,0.004136476688619072,0.1820277998484993
rho0_seed08_width512_cosine,0.0,8,512,cosine,140,0.037,0.97925,0.908,0.0028722379872641217,0.17523197340767316
rho0_seed08_width512_cosine,0.0,8,512,cosine,160,0.031,0.98225,0.909,0.0018677930330710667,0.17404369746849307
rho0_seed08_width512_cosine,0.0,8,512,cosine,180,0.030666666666666665,0.9805,0.9103333333333333,0.0012224462977549774,0.17353631252811244
rho0_seed08_width512_cosine,0.0,8,512,cosine,200,0.032,0.98,0.9083333333333333,0.001,0.17284179980730055
rho0_seed08_width64_constant,0.0,8,64,constant,20,0.02,0.9855,0.9116666666666666,0.01,0.1940752634981319
rho0_seed08_width64_constant,0.0,8,64,constant,40,0.015666666666666666,0.98375,0.913,0.01,0.19288719428764703
rho0_seed08_width64_constant,0.0,8,64,constant,60,0.015,0.9865,0.911,0.01,0.1895414359686226
rho0_seed08_width64_constant,0.0,8,64,constant,80,0.018,0.986,0.9133333333333333,0.01,0.18827272092052072
rho0_seed08_width64_constant,0.0,8,64,constant,100,0.019666666666666666,0.98375,0.9106666666666666,0.01,0.18732114272574904
rho0_seed08_width64_constant,0.0,8,64,constant,120,0.019333333333333334,0.9855,0.914,0.01,0.18759972344553225
rho0_seed08_width64_constant,0.0,8,64,constant,140,0.018666666666666668,0.985,0.9113333333333333,0.01,0.18545389597828266
rho0_seed08_width64_constant,0.0,8,64,constant,160,0.018666666666666668,0.983,0.9116666666666666,0.01,0.18420511802068118
rho0_seed08_width64_constant,0.0,8,64,constant,180,0.024333333333333332,0.98475,0.9113333333333333,0.01,0.18362908631717378
rho0_seed08_width64_constant,0.0,8,64,constant,200,0.023,0.98225,0.91,0.01,0.1834206203451776
rho0_seed08_width64_cosine,0.0,8,64,cosine,20,0.02,0.9855,0.9116666666666666,0.009799079281818376,0.19411842372638227
rho0_seed08_width64_cosine,0.0,8,64,cosine,40,0.015333333333333332,0.98375,0.914,0.009173690746364798,0.19289213616930542
rho0_seed08_width64_cosine,0.0,8,64,cosine,60,0.015,0.98675,0.9106666666666666,0.008185102697299853,0.1897519404182027
rho0_seed08_width64_cosine,0.0,8,64,cosine,80,0.01633333333333333,0.98725,0.9126666666666666,0.006931051913076572,0.1885984564764341
rho0_seed08_width64_cosine,0.0,8,64,cosine,100,0.018,0.98575,0.911,0.005535520151093711,0.1880406160398267
rho0_seed08_width64_cosine,0.0,8,64,cosine,120,0.02,0.9875,0.9133333333333333,0.004136476688619072,0.187495027336231
rho0_seed08_width64_cosine,0.0,8,64,cosine,140,0.018666666666666668,0.98575,0.911,0.0028722379872641217,0.18699643212017672
rho0_seed08_width64_cosine,0.0,8,64,cosine,160,0.019333333333333334,0.9855,0.9106666666666666,0.0018677930330710667,0.1867287931696384
rho0_seed08_width64_cosine,0.0,8,64,cosine,180,0.020666666666666667,0.98625,0.9116666666666666,0.0012224462977549774,0.18653094916172933
rho0_seed08_width64_cosine,0.0,8,64,cosine,200,0.02,0.98575,0.9126666666666666,0.001,0.18642793657124188
rho0_seed08_width8_constant,0.0,8,8,constant,20,0.01,0.9855,0.9133333333333333,0.01,0.19601460755475658
rho0_seed08_width8_constant,0.0,8,8,constant,40,0.012333333333333333,0.9845,0.9133333333333333,0.01,0.19523278738849179
rho0_seed08_width8_constant,0.0,8,8,constant,60,0.009,0.98625,0.912,0.01,0.19461276381065618
rho0_seed08_width8_constant,0.0,8,8,constant,80,0.015333333333333332,0.98675,0.9113333333333333,0.01,0.1941668104664462
rho0_seed08_width8_constant,0.0,8,8,constant,100,0.011666666666666667,0.98675,0.912,0.01,0.1937758972903853
rho0_seed08_width8_constant,0.0,8,8,constant,120,0.014,0.9875,0.91,0.01,0.19369487858552953
rho0_seed08_width8_constant,0.0,8,8,constant,140,0.013333333333333334,0.9875,0.9103333333333333,0.01,0.1932748290829557
rho0_seed08_width8_constant,0.0,8,8,constant,160,0.015,0.9865,0.9096666666666666,0.01,0.19307853347204146
rho0_seed08_width8_constant,0.0,8,8,constant,180,0.015333333333333332,0.986,0.91,0.01,0.19297304916860425
rho0_seed08_width8_constant,0.0,8,8,constant,200,0.01633333333333333,0.9855,0.9096666666666666,0.01,0.19273868585131862
rho0_seed08_width8_cosine,0.0,8,8,cosine,20,0.009666666666666667,0.986,0.9136666666666666,0.009799079281818376,0.19602172160620301
rho0_seed08_width8_cosine,0.0,8,8,cosine,40,0.011,0.98475,0.9136666666666666,0.009173690746364798,0.19514901510349927
rho0_seed08_width8_cosine,0.0,8,8,cosine,60,0.008666666666666666,0.9865,0.9116666666666666,0.008185102697299853,0.19462978998105765
rho0_seed08_width8_cosine,0.0,8,8,cosine,80,0.013,0.98675,0.9126666666666666,0.006931051913076572,0.1942774574914243
rho0_seed08_width8_cosine,0.0,8,8,cosine,100,0.011,0.98725,0.911,0.005535520151093711,0.19406666706924078
rho0_seed08_width8_cosine,0.0,8,8,cosine,120,0.013333333333333334,0.987,0.912,0.004136476688619072,0.193901807637111
rho0_seed08_width8_cosine,0.0,8,8,cosine,140,0.013666666666666667,0.986,0.911,0.0028722379872641217,0.1937624630242404
rho0_seed08_width8_cosine,0.0,8,8,cosine,160,0.013666666666666667,0.9865,0.911,0.0018677930330710667,0.19362837308795391
rho0_seed08_width8_cosine,0.0,8,8,cosine,180,0.013666666666666667,0.98575,0.91,0.0012224462977549774,0.1935448250529997
rho0_seed08_width8_cosine,0.0,8,8,cosine,200,0.013333333333333334,0.986,0.9103333333333333,0.001,0.19351560330610845
rho0_seed09_width512_constant,0.0,9,512,constant,20,0.021666666666666667,0.976,0.903,0.01,0.20743926875362076
rho0_seed09_width512_constant,0.0,9,512,constant,40,0.024333333333333332,0.97875,0.9063333333333333,0.01,0.20135133887883622
rho0_seed09_width512_constant,0.0,9,512,constant,60,0.023666666666666666,0.978,0.903,0.01,0.2040535194932757
rho0_seed09_width512_constant,0.0,9,512,constant,80,0.026,0.985,0.9063333333333333,0.01,0.19404951786176572
rho0_seed09_width512_constant,0.0,9,512,constant,100,0.027,0.9845,0.9066666666666666,0.01,0.18912380568657985
rho0_seed09_width512_constant,0.0,9,512,constant,120,0.027333333333333334,0.97425,0.905,0.01,0.18884429224249544
rho0_seed09_width512_constant,0.0,9,512,constant,140,0.03866666666666667,0.98125,0.9083333333333333,0.01,0.18618035283558684
rho0_seed09_width512_constant,0.0,9,512,constant,160,0.037,0.98125,0.9086666666666666,0.01,0.1766378595884924
rho0_seed09_width512_constant,0.0,9,512,constant,180,0.037333333333333336,0.98525,0.9056666666666666,0.01,0.17767808487029496
rho0_seed09_width512_constant,0.0,9,512,constant,200,0.04066666666666666,0.9825,0.9066666666666666,0.01,0.17452085323513794
rho0_seed09_width512_cosine,0.0,9,512,cosine,20,0.022,0.9765,0.9023333333333333,0.009799079281818376,0.2073783544644441
rho0_seed09_width512_cosine,0.0,9,512,cosine,40,0.023666666666666666,0.97975,0.907,0.009173690746364798,0.2001648253067833
rho0_seed09_width512_cosine,0.0,9,512,cosine,60,0.023333333333333334,0.97975,0.906,0.008185102697299853,0.20031512726938153
rho0_seed09_width512_cosine,0.0,9,512,cosine,80,0.023666666666666666,0.9885,0.9096666666666666,0.006931051913076572,0.19198479925454354
rho0_seed09_width512_cosine,0.0,9,512,cosine,100,0.027666666666666666,0.98575,0.9096666666666666,0.005535520151093711,0.18905768024641256
rho0_seed09_width512_cosine,0.0,9,512,cosine,120,0.034333333333333334,0.985,0.9106666666666666,0.004136476688619072,0.18516633140577854
rho0_seed09_width512_cosine,0.0,9,512,cosine,140,0.03,0.98225,0.9066666666666666,0.0028722379872641217,0.18484171268137156
rho0_seed09_width512_cosine,0.0,9,512,cosine,160,0.02666666666666667,0.985,0.9096666666666666,0.0018677930330710667,0.18304351236074434
rho0_seed09_width512_cosine,0.0,9,512,cosine,180,0.03,0.98575,0.9083333333333333,0.0012224462977549774,0.1823603161690726
rho0_seed09_width512_cosine,0.0,9,512,cosine,200,0.03333333333333333,0.98625,0.9093333333333333,0.001,0.18191880161553628
rho0_seed09_width64_constant,0.0,9,64,constant,20,0.015333333333333332,0.9915,0.9126666666666666,0.01,0.19915950501884294
rho0_seed09_width64_constant,0.0,9,64,constant,40,0.02033333333333333,0.99175,0.912,0.01,0.19683875213696866
rho0_seed09_width64_constant,0.0,9,64,constant,60,0.015,0.9895,0.9116666666666666,0.01,0.19568011301206842
rho0_seed09_width64_constant,0.0,9,64,constant,80,0.015666666666666666,0.98975,0.9093333333333333,0.01,0.1950825972329431
rho0_seed09_width64_constant,0.0,9,64,constant,100,0.019,0.9875,0.9106666666666666,0.01,0.19396920734046252
rho0_seed09_width64_constant,0.0,9,64,constant,120,0.025,0.9895,0.9093333333333333,0.01,0.19303615559009213
rho0_seed09_width64_constant,0.0,9,64,constant,140,0.024,0.98575,0.9106666666666666,0.01,0.19189408006533804
rho0_seed09_width64_constant,0.0,9,64,constant,160,0.023666666666666666,0.9865,0.911,0.01,0.19071655111226946
rho0_seed09_width64_constant,0.0,9,64,constant,180,0.025,0.9875,0.9113333333333333,0.01,0.18964602969756045
rho0_seed09_width64_constant,0.0,9,64,constant,200,0.028,0.98825,0.909,0.01,0.18947169238048675
rho0_seed09_width64_cosine,0.0,9,64,cosine,20,0.015,0.99175,0.912,0.009799079281818376,0.19917704778692863
rho0_seed09_width64_cosine,0.0,9,64,cosine,40,0.018333333333333333,0.99175,0.9113333333333333,0.009173690746364798,0.19693920142676752
rho0_seed09_width64_cosine,0.0,9,64,cosine,60,0.012666666666666666,0.99,0.9113333333333333,0.008185102697299853,0.19570392805703576
rho0_seed09_width64_cosine,0.0,9,64,cosine,80,0.014333333333333333,0.9905,0.9096666666666666,0.006931051913076572,0.1948867522800748
rho0_seed09_width64_cosine,0.0,9,64,cosine,100,0.017666666666666667,0.98875,0.9096666666666666,0.005535520151093711,0.19396597069088098
rho0_seed09_width64_cosine,0.0,9,64,cosine,120,0.019333333333333334,0.98875,0.9106666666666666,0.004136476688619072,0.1934071926923504
rho0_seed09_width64_cosine,0.0,9,64,cosine,140,0.021666666666666667,0.9875,0.911,0.0028722379872641217,0.19308702349315726
rho0_seed09_width64_cosine,0.0,9,64,cosine,160,0.019666666666666666,0.988,0.9113333333333333,0.0018677930330710667,0.19281402640925033
rho0_seed09_width64_cosine,0.0,9,64,cosine,180,0.021333333333333333,0.988,0.912,0.0012224462977549774,0.19265289868178673
rho0_seed09_width64_cosine,0.0,9,64,cosine,200,0.020666666666666667,0.9875,0.911,0.001,0.19253687608364015
rho0_seed09_width8_constant,0.0,9,8,constant,20,0.010666666666666666,0.9905,0.9143333333333333,0.01,0.20112139964660297
rho0_seed09_width8_constant,0.0,9,8,constant,40,0.014333333333333333,0.99175,0.9123333333333333,0.01,0.20003140005989245
rho0_seed09_width8_constant,0.0,9,8,constant,60,0.011333333333333334,0.98725,0.9133333333333333,0.01,0.19995233796839404
rho0_seed09_width8_constant,0.0,9,8,constant,80,0.008666666666666666,0.98875,0.9126666666666666,0.01,0.19959811391423415
rho0_seed09_width8_constant,0.0,9,8,constant,100,0.013,0.98675,0.9116666666666666,0.01,0.1991334156071089
rho0_seed09_width8_constant,0.0,9,8,constant,120,0.018,0.9865,0.9116666666666666,0.01,0.19908386811248452
rho0_seed09_width8_constant,0.0,9,8,constant,140,0.011,0.98625,0.911,0.01,0.19893780707077155
rho0_seed09_width8_constant,0.0,9,8,constant,160,0.010333333333333333,0.9855,0.912,0.01,0.19873247923456416
rho0_seed09_width8_constant,0.0,9,8,constant,180,0.012666666666666666,0.9865,0.912,0.01,0.19843049153111092
rho0_seed09_width8_constant,0.0,9,8,constant,200,0.014666666666666666,0.98725,0.9103333333333333,0.01,0.19845360148028754
rho0_seed09_width8_cosine,0.0,9,8,cosine,20,0.010666666666666666,0.9905,0.9143333333333333,0.009799079281818376,0.2011345037827694
rho0_seed09_width8_cosine,0.0,9,8,cosine,40,0.014333333333333333,0.9915,0.9133333333333333,0.009173690746364798,0.20002027694942476
rho0_seed09_width8_cosine,0.0,9,8,cosine,60,0.011333333333333334,0.98825,0.914,0.008185102697299853,0.19984005126392174
rho0_seed09_width8_cosine,0.0,9,8,cosine,80,0.010333333333333333,0.98875,0.9133333333333333,0.006931051913076572,0.19945518129648618
rho0_seed09_width8_cosine,0.0,9,8,cosine,100,0.012666666666666666,0.98775,0.9133333333333333,0.005535520151093711,0.1992122178355081
rho0_seed09_width8_cosine,0.0,9,8,cosine,120,0.014333333333333333,0.988,0.9133333333333333,0.004136476688619072,0.19911028368284864
rho0_seed09_width8_cosine,0.0,9,8,cosine,140,0.013666666666666667,0.988,0.912,0.0028722379872641217,0.19905822885358343
rho0_seed09_width8_cosine,0.0,9,8,cosine,160,0.013666666666666667,0.98775,0.9126666666666666,0.0018677930330710667,0.19901388184785
rho0_seed09_width8_cosine,0.0,9,8,cosine,180,0.013333333333333334,0.988,0.9123333333333333,0.0012224462977549774,0.1989869200632163
rho0_seed09_width8_cosine,0.0,9,8,cosine,200,0.013,0.9875,0.9126666666666666,0.001,0.19896391243469097
rho0_seed10_width512_constant,0.0,10,512,constant,20,0.012333333333333333,0.9805,0.9103333333333333,0.01,0.20144544804504852
rho0_seed10_width512_constant,0.0,10,512,constant,40,0.01633333333333333,0.9865,0.9066666666666666,0.01,0.19207409219872335
rho0_seed10_width512_constant,0.0,10,512,constant,60,0.017333333333333333,0.97425,0.9093333333333333,0.01,0.19114893964012916
rho0_seed10_width512_constant,0.0,10,512,constant,80,0.022,0.963,0.8926666666666667,0.01,0.20201065106972763
rho0_seed10_width512_constant,0.0,10,512,constant,100,0.023,0.9765,0.9053333333333333,0.01,0.19080475894803334
rho0_seed10_width512_constant,0.0,10,512,constant,120,0.021666666666666667,0.9775,0.9113333333333333,0.01,0.17934698188197107
rho0_seed10_width512_constant,0.0,10,512,constant,140,0.02666666666666667,0.971,0.9043333333333333,0.01,0.18258380183081907
rho0_seed10_width512_constant,0.0,10,512,constant,160,0.028,0.96625,0.903,0.01,0.17697173723145887
rho0_seed10_width512_constant,0.0,10,512,constant,180,0.034,0.97125,0.9076666666666666,0.01,0.18024576183653718
rho0_seed10_width512_constant,0.0,10,512,constant,200,0.025,0.96525,0.9053333333333333,0.01,0.1775299470777872
rho0_seed10_width512_cosine,0.0,10,512,cosine,20,0.011333333333333334,0.9805,0.911,0.009799079281818376,0.20122379316695102
rho0_seed10_width512_cosine,0.0,10,512,cosine,40,0.01633333333333333,0.986,0.9056666666666666,0.009173690746364798,0.1929554405592447
rho0_seed10_width512_cosine,0.0,10,512,cosine,60,0.019333333333333334,0.978,0.9083333333333333,0.008185102697299853,0.1907516537751804
rho0_seed10_width512_cosine,0.0,10,512,cosine,80,0.023333333333333334,0.96675,0.8963333333333333,0.006931051913076572,0.19939610594212326
rho0_seed10_width512_cosine,0.0,10,512,cosine,100,0.019666666666666666,0.984,0.9073333333333333,0.005535520151093711,0.18978993785226458
rho0_seed10_width512_cosine,0.0,10,512,cosine,120,0.021666666666666667,0.977,0.9063333333333333,0.004136476688619072,0.1851503224867339
rho0_seed10_width512_cosine,0.0,10,512,cosine,140,0.02033333333333333,0.978,0.91,0.0028722379872641217,0.18219290985155004
rho0_seed10_width512_cosine,0.0,10,512,cosine,160,0.022333333333333334,0.97625,0.9076666666666666,0.0018677930330710667,0.17994911027927757
rho0_seed10_width512_cosine,0.0,10,512,cosine,180,0.02,0.9775,0.9106666666666666,0.0012224462977549774,0.1791715549869432
rho0_seed10_width512_cosine,0.0,10,512,cosine,200,0.02033333333333333,0.976,0.91,0.001,0.17891807800567613
rho0_seed10_width64_constant,0.0,10,64,constant,20,0.010666666666666666,0.991,0.908,0.01,0.1984495964793211
rho0_seed10_width64_constant,0.0,10,64,constant,40,0.012333333333333333,0.99175,0.9066666666666666,0.01,0.1954501252098339
rho0_seed10_width64_constant,0.0,10,64,constant,60,0.018,0.97975,0.9083333333333333,0.01,0.19431564293616999
rho0_seed10_width64_constant,0.0,10,64,constant,80,0.018,0.98525,0.905,0.01,0.19183000164578398
rho0_seed10_width64_constant,0.0,10,64,constant,100,0.017,0.99025,0.909,0.01,0.19024947880108117
rho0_seed10_width64_constant,0.0,10,64,constant,120,0.016666666666666666,0.989,0.9053333333333333,0.01,0.1900948934742008
rho0_seed10_width64_constant,0.0,10,64,constant,140,0.016666666666666666,0.986,0.9093333333333333,0.01,0.18869586575154654
rho0_seed10_width64_constant,0.0,10,64,constant,160,0.017666666666666667,0.986,0.9063333333333333,0.01,0.1876467782640026
rho0_seed10_width64_constant,0.0,10,64,constant,180,0.02,0.98825,0.91,0.01,0.18673676361878025
rho0_seed10_width64_constant,0.0,10,64,constant,200,0.022,0.9835,0.908,0.01,0.18640194579797315
rho0_seed10_width64_cosine,0.0,10,64,cosine,20,0.010666666666666666,0.9905,0.908,0.009799079281818376,0.1984664834397908
rho0_seed10_width64_cosine,0.0,10,64,cosine,40,0.012,0.9915,0.907,0.009173690746364798,0.19556002217583573
rho0_seed10_width64_cosine,0.0,10,64,cosine,60,0.016,0.9815,0.907,0.008185102697299853,0.1942543424510283
rho0_seed10_width64_cosine,0.0,10,64,cosine,80,0.018333333333333333,0.987,0.9056666666666666,0.006931051913076572,0.19180872728523266
rho0_seed10_width64_cosine,0.0,10,64,cosine,100,0.016,0.99,0.9093333333333333,0.005535520151093711,0.19063105891207774
rho0_seed10_width64_cosine,0.0,10,64,cosine,120,0.015333333333333332,0.98925,0.9073333333333333,0.004136476688619072,0.19030119251374794
rho0_seed10_width64_cosine,0.0,10,64,cosine,140,0.015,0.98825,0.9093333333333333,0.0028722379872641217,0.18963390136148386
rho0_seed10_width64_cosine,0.0,10,64,cosine,160,0.017333333333333333,0.9895,0.9063333333333333,0.0018677930330710667,0.18941173142155002
rho0_seed10_width64_cosine,0.0,10,64,cosine,180,0.017333333333333333,0.989,0.9073333333333333,0.0012224462977549774,0.1892440513886361
rho0_seed10_width64_cosine,0.0,10,64,cosine,200,0.017,0.989,0.9083333333333333,0.001,0.18915528829097794
rho0_seed10_width8_constant,0.0,10,8,constant,20,0.007,0.99375,0.9103333333333333,0.01,0.20169414349916698
rho0_seed10_width8_constant,0.0,10,8,constant,40,0.007,0.995,0.9103333333333333,0.01,0.20036109196979718
rho0_seed10_width8_constant,0.0,10,8,constant,60,0.004333333333333333,0.991,0.908,0.01,0.20114565013357952
rho0_seed10_width8_constant,0.0,10,8,constant,80,0.01,0.9905,0.908,0.01,0.2006497004189564
rho0_seed10_width8_constant,0.0,10,8,constant,100,0.004,0.99175,0.911,0.01,0.2000209791023314
rho0_seed10_width8_constant,0.0,10,8,constant,120,0.0036666666666666666,0.98975,0.909,0.01,0.20033284960808292
rho0_seed10_width8_constant,0.0,10,8,constant,140,0.003,0.99225,0.9093333333333333,0.01,0.1999163779722323
rho0_seed10_width8_constant,0.0,10,8,constant,160,0.008,0.9895,0.9086666666666666,0.01,0.20018020103941694
rho0_seed10_width8_constant,0.0,10,8,constant,180,0.004,0.99125,0.9106666666666666,0.01,0.1996718381393744
rho0_seed10_width8_constant,0.0,10,8,constant,200,0.006,0.993,0.9093333333333333,0.01,0.19973098036236883
rho0_seed10_width8_cosine,0.0,10,8,cosine,20,0.006666666666666667,0.9935,0.9103333333333333,0.009799079281818376,0.20169377468931748
rho0_seed10_width8_cosine,0.0,10,8,cosine,40,0.006,0.995,0.9106666666666666,0.009173690746364798,0.20036536354639928
rho0_seed10_width8_cosine,0.0,10,8,cosine,60,0.004333333333333333,0.99225,0.908,0.008185102697299853,0.20092240778798945
rho0_seed10_width8_cosine,0.0,10,8,cosine,80,0.007333333333333333,0.99225,0.9083333333333333,0.006931051913076572,0.20016114317023354
rho0_seed10_width8_cosine,0.0,10,8,cosine,100,0.0036666666666666666,0.99225,0.9096666666666666,0.005535520151093711,0.1998924274712904
rho0_seed10_width8_cosine,0.0,10,8,cosine,120,0.007,0.993,0.9093333333333333,0.004136476688619072,0.199783282476406
rho0_seed10_width8_cosine,0.0,10,8,cosine,140,0.005666666666666667,0.993,0.91,0.0028722379872641217,0.1996973056062775
rho0_seed10_width8_cosine,0.0,10,8,cosine,160,0.006333333333333333,0.99225,0.91,0.0018677930330710667,0.19966332403128273
rho0_seed10_width8_cosine,0.0,10,8,cosine,180,0.006333333333333333,0.993,0.91,0.0012224462977549774,0.19963697959931173
rho0_seed10_width8_cosine,0.0,10,8,cosine,200,0.005,0.99275,0.91,0.001,0.19962394975871367
rho0_seed11_width512_constant,0.0,11,512,constant,20,0.012333333333333333,0.97425,0.9063333333333333,0.01,0.19283994396669232
rho0_seed11_width512_constant,0.0,11,512,constant,40,0.021,0.98175,0.9103333333333333,0.01,0.1802534795319174
rho0_seed11_width512_constant,0.0,11,512,constant,60,0.02,0.976,0.9053333333333333,0.01,0.17826086896152102
rho0_seed11_width512_constant,0.0,11,512,constant,80,0.023,0.974,0.9033333333333333,0.01,0.18124932270085695
rho0_seed11_width512_constant,0.0,11,512,constant,100,0.03333333333333333,0.97475,0.9056666666666666,0.01,0.1714846970964162
rho0_seed11_width512_constant,0.0,11,512,constant,120,0.039,0.9735,0.9,0.01,0.172254286996249
rho0_seed11_width512_constant,0.0,11,512,constant,140,0.033666666666666664,0.9765,0.905,0.01,0.16364671437151804
rho0_seed11_width512_constant,0.0,11,512,constant,160,0.029666666666666668,0.9695,0.9053333333333333,0.01,0.1620003130301905
rho0_seed11_width512_constant,0.0,11,512,constant,180,0.04,0.9695,0.9013333333333333,0.01,0.15961543892588262
rho0_seed11_width512_constant,0.0,11,512,constant,200,0.036333333333333336,0.9705,0.9013333333333333,0.01,0.16073259591894432
rho0_seed11_width512_cosine,0.0,11,512,cosine,20,0.011333333333333334,0.9745,0.9066666666666666,0.009799079281818376,0.1924833961918901
rho0_seed11_width512_cosine,0.0,11,512,cosine,40,0.019666666666666666,0.98175,0.9103333333333333,0.009173690746364798,0.18033708842675492
rho0_seed11_width512_cosine,0.0,11,512,cosine,60,0.018333333333333333,0.9805,0.9066666666666666,0.008185102697299853,0.1779938138737242
rho0_seed11_width512_cosine,0.0,11,512,cosine,80,0.025,0.977,0.908,0.006931051913076572,0.1786997033365169
rho0_seed11_width512_cosine,0.0,11,512,cosine,100,0.025666666666666667,0.9755,0.9063333333333333,0.005535520151093711,0.1731019372171608
rho0_seed11_width512_cosine,0.0,11,512,cosine,120,0.028666666666666667,0.98075,0.9076666666666666,0.004136476688619072,0.16879949303818598
rho0_seed11_width512_cosine,0.0,11,512,cosine,140,0.025333333333333333,0.97675,0.908,0.0028722379872641217,0.16845828029973622
rho0_seed11_width512_cosine,0.0,11,512,cosine,160,0.026333333333333334,0.975,0.9106666666666666,0.0018677930330710667,0.16717212995024192
rho0_seed11_width512_cosine,0.0,11,512,cosine,180,0.025666666666666667,0.978,0.9076666666666666,0.0012224462977549774,0.16570734105152105
rho0_seed11_width512_cosine,0.0,11,512,cosine,200,0.025666666666666667,0.978,0.907,0.001,0.1654275512653025
rho0_seed11_width64_constant,0.0,11,64,constant,20,0.012666666666666666,0.983,0.908,0.01,0.18526425895186163
rho0_seed11_width64_constant,0.0,11,64,constant,40,0.012666666666666666,0.98225,0.9116666666666666,0.01,0.18402074629182644
rho0_seed11_width64_constant,0.0,11,64,constant,60,0.015666666666666666,0.98625,0.9103333333333333,0.01,0.18287544870591402
rho0_seed11_width64_constant,0.0,11,64,constant,80,0.01633333333333333,0.977,0.9053333333333333,0.01,0.18208219806154707
rho0_seed11_width64_constant,0.0,11,64,constant,100,0.019666666666666666,0.9805,0.91,0.01,0.1795449403937151
rho0_seed11_width64_constant,0.0,11,64,constant,120,0.019,0.98175,0.9086666666666666,0.01,0.1777594748088942
rho0_seed11_width64_constant,0.0,11,64,constant,140,0.019666666666666666,0.9775,0.9083333333333333,0.01,0.17728588179129515
rho0_seed11_width64_constant,0.0,11,64,constant,160,0.02266666666666667,0.97375,0.9106666666666666,0.01,0.17741540726133315
rho0_seed11_width64_constant,0.0,11,64,constant,180,0.023,0.97775,0.91,0.01,0.17450450878406568
rho0_seed11_width64_constant,0.0,11,64,constant,200,0.02266666666666667,0.97725,0.9083333333333333,0.01,0.17375590602198906
rho0_seed11_width64_cosine,0.0,11,64,cosine,20,0.013333333333333334,0.98325,0.908,0.009799079281818376,0.18526752480335823
rho0_seed11_width64_cosine,0.0,11,64,cosine,40,0.012666666666666666,0.9815,0.911,0.009173690746364798,0.1838364168883721
rho0_seed11_width64_cosine,0.0,11,64,cosine,60,0.015,0.98575,0.9103333333333333,0.008185102697299853,0.1824558207872149
rho0_seed11_width64_cosine,0.0,11,64,cosine,80,0.015333333333333332,0.98025,0.9053333333333333,0.006931051913076572,0.18141578208086154
rho0_seed11_width64_cosine,0.0,11,64,cosine,100,0.018666666666666668,0.9825,0.9096666666666666,0.005535520151093711,0.17952311720547087
rho0_seed11_width64_cosine,0.0,11,64,cosine,120,0.018,0.98425,0.909,0.004136476688619072,0.1787727267847828
rho0_seed11_width64_cosine,0.0,11,64,cosine,140,0.017333333333333333,0.982,0.9093333333333333,0.0028722379872641217,0.17817047436396768
rho0_seed11_width64_cosine,0.0,11,64,cosine,160,0.018333333333333333,0.9815,0.9083333333333333,0.0018677930330710667,0.17785362818435158
rho0_seed11_width64_cosine,0.0,11,64,cosine,180,0.017666666666666667,0.983,0.9083333333333333,0.0012224462977549774,0.17763933473975566
rho0_seed11_width64_cosine,0.0,11,64,cosine,200,0.018,0.9815,0.908,0.001,0.1774767055784039
rho0_seed11_width8_constant,0.0,11,8,constant,20,0.01,0.98625,0.9073333333333333,0.01,0.18925979537984577
rho0_seed11_width8_constant,0.0,11,8,constant,40,0.008333333333333333,0.991,0.909,0.01,0.1880404299347892
rho0_seed11_width8_constant,0.0,11,8,constant,60,0.011666666666666667,0.99125,0.9083333333333333,0.01,0.18763506948266248
rho0_seed11_width8_constant,0.0,11,8,constant,80,0.012,0.98575,0.905,0.01,0.18703805218197098
rho0_seed11_width8_constant,0.0,11,8,constant,100,0.012,0.98875,0.9083333333333333,0.01,0.1864816798614915
rho0_seed11_width8_constant,0.0,11,8,constant,120,0.014333333333333333,0.9895,0.907,0.01,0.18633078323863242
rho0_seed11_width8_constant,0.0,11,8,constant,140,0.013333333333333334,0.9865,0.9076666666666666,0.01,0.1860812265029992
rho0_seed11_width8_constant,0.0,11,8,constant,160,0.012666666666666666,0.98675,0.907,0.01,0.18606541021967896
rho0_seed11_width8_constant,0.0,11,8,constant,180,0.014666666666666666,0.9855,0.906,0.01,0.18579914015421597
rho0_seed11_width8_constant,0.0,11,8,constant,200,0.013666666666666667,0.985,0.906,0.01,0.185681423209952
rho0_seed11_width8_cosine,0.0,11,8,cosine,20,0.010666666666666666,0.986,0.9073333333333333,0.009799079281818376,0.18923946054391821
rho0_seed11_width8_cosine,0.0,11,8,cosine,40,0.007,0.99075,0.9083333333333333,0.009173690746364798,0.18800263966299344
rho0_seed11_width8_cosine,0.0,11,8,cosine,60,0.009333333333333334,0.991,0.908,0.008185102697299853,0.18750722237566309
rho0_seed11_width8_cosine,0.0,11,8,cosine,80,0.011666666666666667,0.987,0.9053333333333333,0.006931051913076572,0.18712529481081666
rho0_seed11_width8_cosine,0.0,11,8,cosine,100,0.009666666666666667,0.9885,0.9066666666666666,0.005535520151093711,0.1867192182242333
rho0_seed11_width8_cosine,0.0,11,8,cosine,120,0.011333333333333334,0.98825,0.908,0.004136476688619072,0.1865291139567084
rho0_seed11_width8_cosine,0.0,11,8,cosine,140,0.013333333333333334,0.9885,0.9073333333333333,0.0028722379872641217,0.186437708008087
rho0_seed11_width8_cosine,0.0,11,8,cosine,160,0.011666666666666667,0.987,0.9073333333333333,0.0018677930330710667,0.1863459339920177
rho0_seed11_width8_cosine,0.0,11,8,cosine,180,0.012333333333333333,0.987,0.9063333333333333,0.0012224462977549774,0.1862964856621706
rho0_seed11_width8_cosine,0.0,11,8,cosine,200,0.012666666666666666,0.98725,0.9063333333333333,0.001,0.18625408898158577
rho0_seed12_width512_constant,0.0,12,512,constant,20,0.02033333333333333,0.98975,0.905,0.01,0.19380537052467106
rho0_seed12_width512_constant,0.0,12,512,constant,40,0.03,0.98475,0.9033333333333333,0.01,0.19446973809709944
rho0_seed12_width512_constant,0.0,12,512,constant,60,0.028,0.9825,0.9023333333333333,0.01,0.18694005404842556
rho0_seed12_width512_constant,0.0,12,512,constant,80,0.03233333333333333,0.981,0.904,0.01,0.19179752305216272
rho0_seed12_width512_constant,0.0,12,512,constant,100,0.034333333333333334,0.976,0.9046666666666666,0.01,0.1828617734543534
rho0_seed12_width512_constant,0.0,12,512,constant,120,0.04533333333333334,0.97525,0.9073333333333333,0.01,0.18258395503244934
rho0_seed12_width512_constant,0.0,12,512,constant,140,0.03166666666666667,0.973,0.9013333333333333,0.01,0.17773905136664112
rho0_seed12_width512_constant,0.0,12,512,constant,160,0.04,0.96725,0.9023333333333333,0.01,0.17645110597428024
rho0_seed12_width512_constant,0.0,12,512,constant,180,0.036,0.9725,0.9,0.01,0.17889835953217545
rho0_seed12_width512_constant,0.0,12,512,constant,200,0.039,0.9715,0.903,0.01,0.17035515982149405
rho0_seed12_width512_cosine,0.0,12,512,cosine,20,0.019333333333333334,0.99075,0.9053333333333333,0.009799079281818376,0.19359860536049797
rho0_seed12_width512_cosine,0.0,12,512,cosine,40,0.027666666666666666,0.98525,0.903,0.009173690746364798,0.193136426452865
rho0_seed12_width512_cosine,0.0,12,512,cosine,60,0.024333333333333332,0.988,0.906,0.008185102697299853,0.18572622722177567
rho0_seed12_width512_cosine,0.0,12,512,cosine,80,0.028333333333333332,0.98375,0.908,0.006931051913076572,0.18912034923885612
rho0_seed12_width512_cosine,0.0,12,512,cosine,100,0.024666666666666667,0.98175,0.9063333333333333,0.005535520151093711,0.182969438692239
rho0_seed12_width512_cosine,0.0,12,512,cosine,120,0.028333333333333332,0.98725,0.904,0.004136476688619072,0.179569024839007
rho0_seed12_width512_cosine,0.0,12,512,cosine,140,0.027333333333333334,0.98125,0.903,0.0028722379872641217,0.18200964122664373
rho0_seed12_width512_cosine,0.0,12,512,cosine,160,0.028333333333333332,0.97875,0.9056666666666666,0.0018677930330710667,0.178636313834869
rho0_seed12_width512_cosine,0.0,12,512,cosine,180,0.030666666666666665,0.98325,0.9033333333333333,0.0012224462977549774,0.17728686769084984
rho0_seed12_width512_cosine,0.0,12,512,cosine,200,0.029666666666666668,0.98225,0.9023333333333333,0.001,0.17719090871857948
rho0_seed12_width64_constant,0.0,12,64,constant,20,0.017,0.99125,0.9056666666666666,0.01,0.1966093620667721
rho0_seed12_width64_constant,0.0,12,64,constant,40,0.022333333333333334,0.989,0.901,0.01,0.19235574242463466
rho0_seed12_width64_constant,0.0,12,64,constant,60,0.023333333333333334,0.986,0.9026666666666666,0.01,0.19053128574331057
rho0_seed12_width64_constant,0.0,12,64,constant,80,0.025,0.988,0.9033333333333333,0.01,0.18858265898201146
rho0_seed12_width64_constant,0.0,12,64,constant,100,0.023666666666666666,0.987,0.9033333333333333,0.01,0.1880014968277887
rho0_seed12_width64_constant,0.0,12,64,constant,120,0.023666666666666666,0.9875,0.9046666666666666,0.01,0.18593856229732084
rho0_seed12_width64_constant,0.0,12,64,constant,140,0.027666666666666666,0.9855,0.9043333333333333,0.01,0.18707648981620104
rho0_seed12_width64_constant,0.0,12,64,constant,160,0.027666666666666666,0.983,0.9026666666666666,0.01,0.1847933576194462
rho0_seed12_width64_constant,0.0,12,64,constant,180,0.027666666666666666,0.985,0.9053333333333333,0.01,0.1833365790025315
rho0_seed12_width64_constant,0.0,12,64,constant,200,0.028666666666666667,0.98425,0.9023333333333333,0.01,0.18290945908711573
rho0_seed12_width64_cosine,0.0,12,64,cosine,20,0.017,0.991,0.9056666666666666,0.009799079281818376,0.19661310482416142
rho0_seed12_width64_cosine,0.0,12,64,cosine,40,0.021666666666666667,0.98875,0.901,0.009173690746364798,0.1924208755866912
rho0_seed12_width64_cosine,0.0,12,64,cosine,60,0.021666666666666667,0.9865,0.9026666666666666,0.008185102697299853,0.1907254081976239
rho0_seed12_width64_cosine,0.0,12,64,cosine,80,0.022,0.988,0.9046666666666666,0.006931051913076572,0.18879272310887504
rho0_seed12_width64_cosine,0.0,12,64,cosine,100,0.024,0.988,0.9033333333333333,0.005535520151093711,0.18833644529293073
rho0_seed12_width64_cosine,0.0,12,64,cosine,120,0.022,0.98875,0.9033333333333333,0.004136476688619072,0.1872221278412845
rho0_seed12_width64_cosine,0.0,12,64,cosine,140,0.025666666666666667,0.9875,0.9023333333333333,0.0028722379872641217,0.1868515708839576
rho0_seed12_width64_cosine,0.0,12,64,cosine,160,0.024,0.98875,0.9036666666666666,0.0018677930330710667,0.18644199392403388
rho0_seed12_width64_cosine,0.0,12,64,cosine,180,0.022333333333333334,0.9885,0.9043333333333333,0.0012224462977549774,0.18621312449107502
rho0_seed12_width64_cosine,0.0,12,64,cosine,200,0.023333333333333334,0.99,0.904,0.001,0.1860748124273039
rho0_seed12_width8_constant,0.0,12,8,constant,20,0.012,0.9905,0.9056666666666666,0.01,0.19654170744677404
rho0_seed12_width8_constant,0.0,12,8,constant,40,0.014333333333333333,0.9915,0.906,0.01,0.19622965507928694
rho0_seed12_width8_constant,0.0,12,8,constant,60,0.014333333333333333,0.994,0.9056666666666666,0.01,0.19571283056849384
rho0_seed12_width8_constant,0.0,12,8,constant,80,0.012,0.98975,0.9056666666666666,0.01,0.19547960521953772
rho0_seed12_width8_constant,0.0,12,8,constant,100,0.01633333333333333,0.993,0.9073333333333333,0.01,0.19560920202964036
rho0_seed12_width8_constant,0.0,12,8,constant,120,0.01633333333333333,0.9895,0.906,0.01,0.19520514124110372
rho0_seed12_width8_constant,0.0,12,8,constant,140,0.017333333333333333,0.99375,0.9053333333333333,0.01,0.1955996564848911
rho0_seed12_width8_constant,0.0,12,8,constant,160,0.016,0.99425,0.9053333333333333,0.01,0.19579278036272785
rho0_seed12_width8_constant,0.0,12,8,constant,180,0.015333333333333332,0.98525,0.9066666666666666,0.01,0.19537893272276746
rho0_seed12_width8_constant,0.0,12,8,constant,200,0.016666666666666666,0.99425,0.906,0.01,0.1952020938504765
rho0_seed12_width8_cosine,0.0,12,8,cosine,20,0.011666666666666667,0.991,0.9056666666666666,0.009799079281818376,0.19654077398321101
rho0_seed12_width8_cosine,0.0,12,8,cosine,40,0.013666666666666667,0.9915,0.9063333333333333,0.009173690746364798,0.1962054857278845
rho0_seed12_width8_cosine,0.0,12,8,cosine,60,0.015,0.99475,0.905,0.008185102697299853,0.1956451461870745
rho0_seed12_width8_cosine,0.0,12,8,cosine,80,0.013666666666666667,0.991,0.9056666666666666,0.006931051913076572,0.1954419931633579
rho0_seed12_width8_cosine,0.0,12,8,cosine,100,0.016,0.9945,0.9053333333333333,0.005535520151093711,0.1953075326675988
rho0_seed12_width8_cosine,0.0,12,8,cosine,120,0.01633333333333333,0.9915,0.905,0.004136476688619072,0.19521191487514467
rho0_seed12_width8_cosine,0.0,12,8,cosine,140,0.017666666666666667,0.99275,0.905,0.0028722379872641217,0.1951966465700307
rho0_seed12_width8_cosine,0.0,12,8,cosine,160,0.017666666666666667,0.993,0.9056666666666666,0.0018677930330710667,0.19516542569187437
rho0_seed12_width8_cosine,0.0,12,8,cosine,180,0.017333333333333333,0.99225,0.9053333333333333,0.0012224462977549774,0.19516115993154196
rho0_seed12_width8_cosine,0.0,12,8,cosine,200,0.016666666666666666,0.992,0.905,0.001,0.1951588363116849
rho0_seed13_width512_constant,0.0,13,512,constant,20,0.031,0.9835,0.8986666666666666,0.01,0.20567382172459125
rho0_seed13_width512_constant,0.0,13,512,constant,40,0.027,0.982,0.9013333333333333,0.01,0.19442970946493446
rho0_seed13_width512_constant,0.0,13,512,constant,60,0.03,0.97625,0.8983333333333333,0.01,0.19318295890615658
rho0_seed13_width512_constant,0.0,13,512,constant,80,0.027333333333333334,0.9775,0.902,0.01,0.18641030706064804
rho0_seed13_width512_constant,0.0,13,512,constant,100,0.04033333333333333,0.97675,0.9,0.01,0.18779845392204972
rho0_seed13_width512_constant,0.0,13,512,constant,120,0.03766666666666667,0.97475,0.9,0.01,0.1767442404437961
rho0_seed13_width512_constant,0.0,13,512,constant,140,0.06266666666666666,0.9755,0.893,0.01,0.18973707116939714
rho0_seed13_width512_constant,0.0,13,512,constant,160,0.048666666666666664,0.9595,0.8943333333333333,0.01,0.17500705711746115
rho0_seed13_width512_constant,0.0,13,512,constant,180,0.042,0.9645,0.8953333333333333,0.01,0.17264111213054661
rho0_seed13_width512_constant,0.0,13,512,constant,200,0.041,0.9545,0.8973333333333333,0.01,0.17364665032834078
rho0_seed13_width512_cosine,0.0,13,512,cosine,20,0.031,0.983,0.8983333333333333,0.009799079281818376,0.20579659009317303
rho0_seed13_width512_cosine,0.0,13,512,cosine,40,0.030666666666666665,0.98275,0.9026666666666666,0.009173690746364798,0.19431367410903794
rho0_seed13_width512_cosine,0.0,13,512,cosine,60,0.03133333333333333,0.97975,0.8996666666666666,0.008185102697299853,0.19062182332604433
rho0_seed13_width512_cosine,0.0,13,512,cosine,80,0.027333333333333334,0.98,0.899,0.006931051913076572,0.18557310542974131
rho0_seed13_width512_cosine,0.0,13,512,cosine,100,0.03866666666666667,0.98425,0.901,0.005535520151093711,0.1867194924976121
rho0_seed13_width512_cosine,0.0,13,512,cosine,120,0.04,0.97425,0.9006666666666666,0.004136476688619072,0.18246291199725057
rho0_seed13_width512_cosine,0.0,13,512,cosine,140,0.049666666666666665,0.9765,0.8976666666666666,0.0028722379872641217,0.1848594178173474
rho0_seed13_width512_cosine,0.0,13,512,cosine,160,0.041666666666666664,0.97825,0.8986666666666666,0.0018677930330710667,0.17897693473229676
rho0_seed13_width512_cosine,0.0,13,512,cosine,180,0.035,0.975,0.9016666666666666,0.0012224462977549774,0.17782704252964232
rho0_seed13_width512_cosine,0.0,13,512,cosine,200,0.03933333333333333,0.97675,0.901,0.001,0.17782314679918787
rho0_seed13_width64_constant,0.0,13,64,constant,20,0.019333333333333334,0.98675,0.899,0.01,0.20350225811930256
rho0_seed13_width64_constant,0.0,13,64,constant,40,0.017,0.99075,0.9043333333333333,0.01,0.19600703394199967
rho0_seed13_width64_constant,0.0,13,64,constant,60,0.015666666666666666,0.98275,0.9033333333333333,0.01,0.19563382724033349
rho0_seed13_width64_constant,0.0,13,64,constant,80,0.016666666666666666,0.99025,0.902,0.01,0.1938143771956009
rho0_seed13_width64_constant,0.0,13,64,constant,100,0.02033333333333333,0.98725,0.903,0.01,0.1924502115766439
rho0_seed13_width64_constant,0.0,13,64,constant,120,0.019666666666666666,0.9795,0.9036666666666666,0.01,0.19115956619270133
rho0_seed13_width64_constant,0.0,13,64,constant,140,0.02666666666666667,0.98725,0.8986666666666666,0.01,0.19159314767825936
rho0_seed13_width64_constant,0.0,13,64,constant,160,0.025333333333333333,0.985,0.9,0.01,0.18916974131953626
rho0_seed13_width64_constant,0.0,13,64,constant,180,0.024666666666666667,0.9765,0.901,0.01,0.1878185867637812
rho0_seed13_width64_constant,0.0,13,64,constant,200,0.024666666666666667,0.983,0.898,0.01,0.18917352044594452
rho0_seed13_width64_cosine,0.0,13,64,cosine,20,0.019666666666666666,0.98675,0.8986666666666666,0.009799079281818376,0.20335521138454804
rho0_seed13_width64_cosine,0.0,13,64,cosine,40,0.017,0.99125,0.904,0.009173690746364798,0.19608016161622155
rho0_seed13_width64_cosine,0.0,13,64,cosine,60,0.015,0.98425,0.905,0.008185102697299853,0.19539963764646703
rho0_seed13_width64_cosine,0.0,13,64,cosine,80,0.016,0.991,0.9023333333333333,0.006931051913076572,0.19409894288792479
rho0_seed13_width64_cosine,0.0,13,64,cosine,100,0.017666666666666667,0.9885,0.903,0.005535520151093711,0.19302181075165928
rho0_seed13_width64_cosine,0.0,13,64,cosine,120,0.017666666666666667,0.98275,0.9026666666666666,0.004136476688619072,0.192386669703991
rho0_seed13_width64_cosine,0.0,13,64,cosine,140,0.019,0.985,0.9026666666666666,0.0028722379872641217,0.19193103620225666
rho0_seed13_width64_cosine,0.0,13,64,cosine,160,0.018666666666666668,0.985,0.9033333333333333,0.0018677930330710667,0.19168303264319542
rho0_seed13_width64_cosine,0.0,13,64,cosine,180,0.019333333333333334,0.983,0.9036666666666666,0.0012224462977549774,0.1914450373844592
rho0_seed13_width64_cosine,0.0,13,64,cosine,200,0.02,0.98375,0.9016666666666666,0.001,0.19130787628267681
rho0_seed13_width8_constant,0.0,13,8,constant,20,0.013666666666666667,0.98875,0.9013333333333333,0.01,0.20197245745125028
rho0_seed13_width8_constant,0.0,13,8,constant,40,0.013333333333333334,0.99275,0.902,0.01,0.2000828434540794
rho0_seed13_width8_constant,0.0,13,8,constant,60,0.012,0.99125,0.904,0.01,0.20003618141802987
rho0_seed13_width8_constant,0.0,13,8,constant,80,0.010666666666666666,0.993,0.902,0.01,0.19972620905046956
rho0_seed13_width8_constant,0.0,13,8,constant,100,0.013,0.9955,0.9033333333333333,0.01,0.19935202616594588
rho0_seed13_width8_constant,0.0,13,8,constant,120,0.018333333333333333,0.99275,0.9056666666666666,0.01,0.19893501002513558
rho0_seed13_width8_constant,0.0,13,8,constant,140,0.018333333333333333,0.99025,0.902,0.01,0.1999128945389748
rho0_seed13_width8_constant,0.0,13,8,constant,160,0.014,0.99475,0.9006666666666666,0.01,0.1987108767437879
rho0_seed13_width8_constant,0.0,13,8,constant,180,0.014333333333333333,0.991,0.903,0.01,0.1985503609120606
rho0_seed13_width8_constant,0.0,13,8,constant,200,0.016666666666666666,0.994,0.9006666666666666,0.01,0.19912564069196592
rho0_seed13_width8_cosine,0.0,13,8,cosine,20,0.013333333333333334,0.98875,0.9016666666666666,0.009799079281818376,0.20195540692966396
rho0_seed13_width8_cosine,0.0,13,8,cosine,40,0.014,0.9925,0.9026666666666666,0.009173690746364798,0.20010296469086997
rho0_seed13_width8_cosine,0.0,13,8,cosine,60,0.012666666666666666,0.9925,0.9023333333333333,0.008185102697299853,0.19989212846686463
rho0_seed13_width8_cosine,0.0,13,8,cosine,80,0.011333333333333334,0.994,0.901,0.006931051913076572,0.19961427685428648
rho0_seed13_width8_cosine,0.0,13,8,cosine,100,0.012666666666666666,0.994,0.903,0.005535520151093711,0.19929477313155272
rho0_seed13_width8_cosine,0.0,13,8,cosine,120,0.01633333333333333,0.99425,0.903,0.004136476688619072,0.19904137925581067
rho0_seed13_width8_cosine,0.0,13,8,cosine,140,0.014333333333333333,0.9945,0.9023333333333333,0.0028722379872641217,0.19895414959175559
rho0_seed13_width8_cosine,0.0,13,8,cosine,160,0.015666666666666666,0.995,0.901,0.0018677930330710667,0.1988903140070107
rho0_seed13_width8_cosine,0.0,13,8,cosine,180,0.015333333333333332,0.9935,0.9026666666666666,0.0012224462977549774,0.19884045421035185
rho0_seed13_width8_cosine,0.0,13,8,cosine,200,0.015,0.995,0.9036666666666666,0.001,0.19881442194575988
rho0_seed14_width512_constant,0.0,14,512,constant,20,0.023333333333333334,0.962,0.8993333333333333,0.01,0.20711341105522446
rho0_seed14_width512_constant,0.0,14,512,constant,40,0.028333333333333332,0.97125,0.8986666666666666,0.01,0.19661920510921255
rho0_seed14_width512_constant,0.0,14,512,constant,60,0.02666666666666667,0.98,0.903,0.01,0.19339465122538255
rho0_seed14_width512_constant,0.0,14,512,constant,80,0.023333333333333334,0.96575,0.9,0.01,0.19297136606183227
rho0_seed14_width512_constant,0.0,14,512,constant,100,0.03133333333333333,0.97675,0.903,0.01,0.18654118790951396
rho0_seed14_width512_constant,0.0,14,512,constant,120,0.029,0.96675,0.9063333333333333,0.01,0.182875652370346
rho0_seed14_width512_constant,0.0,14,512,constant,140,0.03,0.9545,0.8976666666666666,0.01,0.1905119509089342
rho0_seed14_width512_constant,0.0,14,512,constant,160,0.034,0.972,0.8996666666666666,0.01,0.17985329501207695
rho0_seed14_width512_constant,0.0,14,512,constant,180,0.03166666666666667,0.9705,0.9013333333333333,0.01,0.1733747464564858
rho0_seed14_width512_constant,0.0,14,512,constant,200,0.03933333333333333,0.9815,0.9016666666666666,0.01,0.17367577174988122
rho0_seed14_width512_cosine,0.0,14,512,cosine,20,0.022333333333333334,0.962,0.8996666666666666,0.009799079281818376,0.20661376185382524
rho0_seed14_width512_cosine,0.0,14,512,cosine,40,0.028333333333333332,0.9705,0.8983333333333333,0.009173690746364798,0.1971930361484922
rho0_seed14_width512_cosine,0.0,14,512,cosine,60,0.021333333333333333,0.98125,0.9046666666666666,0.008185102697299853,0.19137311665731796
rho0_seed14_width512_cosine,0.0,14,512,cosine,80,0.025666666666666667,0.9675,0.9033333333333333,0.006931051913076572,0.18912897014607008
rho0_seed14_width512_cosine,0.0,14,512,cosine,100,0.025666666666666667,0.97925,0.9046666666666666,0.005535520151093711,0.18391184584664672
rho0_seed14_width512_cosine,0.0,14,512,cosine,120,0.029666666666666668,0.96725,0.903,0.004136476688619072,0.1842128316064375
rho0_seed14_width512_cosine,0.0,14,512,cosine,140,0.028666666666666667,0.973,0.9033333333333333,0.0028722379872641217,0.1816542922906525
rho0_seed14_width512_cosine,0.0,14,512,cosine,160,0.028333333333333332,0.978,0.904,0.0018677930330710667,0.18036271949448315
rho0_seed14_width512_cosine,0.0,14,512,cosine,180,0.027333333333333334,0.97825,0.9046666666666666,0.0012224462977549774,0.17954549752759577
rho0_seed14_width512_cosine,0.0,14,512,cosine,200,0.026,0.98,0.9046666666666666,0.001,0.17946985783870145
rho0_seed14_width64_constant,0.0,14,64,constant,20,0.02033333333333333,0.983,0.9116666666666666,0.01,0.1972014888165515
rho0_seed14_width64_constant,0.0,14,64,constant,40,0.017666666666666667,0.9835,0.908,0.01,0.19459194161538607
rho0_seed14_width64_constant,0.0,14,64,constant,60,0.019666666666666666,0.98175,0.908,0.01,0.19277979078613502
rho0_seed14_width64_constant,0.0,14,64,constant,80,0.019333333333333334,0.9825,0.908,0.01,0.1913697879211396
rho0_seed14_width64_constant,0.0,14,64,constant,100,0.019666666666666666,0.985,0.9086666666666666,0.01,0.1910589952274537
rho0_seed14_width64_constant,0.0,14,64,constant,120,0.020666666666666667,0.97775,0.9073333333333333,0.01,0.1904428484113387
rho0_seed14_width64_constant,0.0,14,64,constant,140,0.027,0.9795,0.9073333333333333,0.01,0.18892202530588842
rho0_seed14_width64_constant,0.0,14,64,constant,160,0.025,0.9795,0.9056666666666666,0.01,0.18845855120533966
rho0_seed14_width64_constant,0.0,14,64,constant,180,0.024,0.98075,0.909,0.01,0.1882543376797308
rho0_seed14_width64_constant,0.0,14,64,constant,200,0.023333333333333334,0.98275,0.908,0.01,0.189177209746658
rho0_seed14_width64_cosine,0.0,14,64,cosine,20,0.021,0.98325,0.911,0.009799079281818376,0.19718745495797352
rho0_seed14_width64_cosine,0.0,14,64,cosine,40,0.017666666666666667,0.98325,0.908,0.009173690746364798,0.1946309829709844
rho0_seed14_width64_cosine,0.0,14,64,cosine,60,0.02,0.98225,0.9083333333333333,0.008185102697299853,0.19296177052227545
rho0_seed14_width64_cosine,0.0,14,64,cosine,80,0.018,0.98275,0.9073333333333333,0.006931051913076572,0.1917423015193235
rho0_seed14_width64_cosine,0.0,14,64,cosine,100,0.018333333333333333,0.9835,0.9093333333333333,0.005535520151093711,0.1914188143236629
rho0_seed14_width64_cosine,0.0,14,64,cosine,120,0.019,0.98125,0.9083333333333333,0.004136476688619072,0.1905319893009993
rho0_seed14_width64_cosine,0.0,14,64,cosine,140,0.02033333333333333,0.9825,0.909,0.0028722379872641217,0.19019220656623795
rho0_seed14_width64_cosine,0.0,14,64,cosine,160,0.02033333333333333,0.983,0.909,0.0018677930330710667,0.18992293493915
rho0_seed14_width64_cosine,0.0,14,64,cosine,180,0.021666666666666667,0.983,0.9103333333333333,0.0012224462977549774,0.1897753797164841
rho0_seed14_width64_cosine,0.0,14,64,cosine,200,0.021333333333333333,0.983,0.91,0.001,0.1896591402166126
rho0_seed14_width8_constant,0.0,14,8,constant,20,0.007333333333333333,0.9875,0.9116666666666666,0.01,0.20046950782595782
rho0_seed14_width8_constant,0.0,14,8,constant,40,0.007333333333333333,0.9885,0.9096666666666666,0.01,0.19894786731862515
rho0_seed14_width8_constant,0.0,14,8,constant,60,0.011333333333333334,0.98725,0.9053333333333333,0.01,0.1980031471354828
rho0_seed14_width8_constant,0.0,14,8,constant,80,0.013333333333333334,0.98425,0.9056666666666666,0.01,0.1973154409845374
rho0_seed14_width8_constant,0.0,14,8,constant,100,0.012,0.98425,0.9046666666666666,0.01,0.19730174746379373
rho0_seed14_width8_constant,0.0,14,8,constant,120,0.017333333333333333,0.98225,0.9073333333333333,0.01,0.19693295557603402
rho0_seed14_width8_constant,0.0,14,8,constant,140,0.013,0.9825,0.9066666666666666,0.01,0.19658474062232403
rho0_seed14_width8_constant,0.0,14,8,constant,160,0.011666666666666667,0.98275,0.906,0.01,0.19647062859785921
rho0_seed14_width8_constant,0.0,14,8,constant,180,0.014666666666666666,0.9845,0.909,0.01,0.19645115468618682
rho0_seed14_width8_constant,0.0,14,8,constant,200,0.014,0.98275,0.9076666666666666,0.01,0.1973373592923034
rho0_seed14_width8_cosine,0.0,14,8,cosine,20,0.007333333333333333,0.98725,0.9123333333333333,0.009799079281818376,0.2004296241664661
rho0_seed14_width8_cosine,0.0,14,8,cosine,40,0.008333333333333333,0.9885,0.9096666666666666,0.009173690746364798,0.19893424232769544
rho0_seed14_width8_cosine,0.0,14,8,cosine,60,0.009666666666666667,0.98775,0.9056666666666666,0.008185102697299853,0.19804109637855544
rho0_seed14_width8_cosine,0.0,14,8,cosine,80,0.01,0.98475,0.906,0.006931051913076572,0.197416412693842
rho0_seed14_width8_cosine,0.0,14,8,cosine,100,0.009,0.98475,0.906,0.005535520151093711,0.19723836454053975
rho0_seed14_width8_cosine,0.0,14,8,cosine,120,0.01,0.98375,0.907,0.004136476688619072,0.1969136814999184
rho0_seed14_width8_cosine,0.0,14,8,cosine,140,0.01,0.98475,0.9073333333333333,0.0028722379872641217,0.19682895124865973
rho0_seed14_width8_cosine,0.0,14,8,cosine,160,0.011333333333333334,0.98325,0.906,0.0018677930330710667,0.19672613400271255
rho0_seed14_width8_cosine,0.0,14,8,cosine,180,0.010666666666666666,0.98375,0.907,0.0012224462977549774,0.19666183977586188
rho0_seed14_width8_cosine,0.0,14,8,cosine,200,0.011666666666666667,0.9835,0.9066666666666666,0.001,0.1966187803118754
rho0_seed15_width512_constant,0.0,15,512,constant,20,0.018333333333333333,0.97,0.9123333333333333,0.01,0.19883528974178452
rho0_seed15_width512_constant,0.0,15,512,constant,40,0.025666666666666667,0.98325,0.9083333333333333,0.01,0.20051608545269037
rho0_seed15_width512_constant,0.0,15,512,constant,60,0.021,0.9645,0.9093333333333333,0.01,0.20180523804517259
rho0_seed15_width512_constant,0.0,15,512,constant,80,0.028,0.97775,0.915,0.01,0.18297714928896588
rho0_seed15_width512_constant,0.0,15,512,constant,100,0.030333333333333334,0.98375,0.91,0.01,0.18456713932285915
rho0_seed15_width512_constant,0.0,15,512,constant,120,0.03833333333333333,0.98625,0.9126666666666666,0.01,0.17848063378883472
rho0_seed15_width512_constant,0.0,15,512,constant,140,0.025,0.98725,0.9146666666666666,0.01,0.1752602932021959
rho0_seed15_width512_constant,0.0,15,512,constant,160,0.028333333333333332,0.97725,0.9083333333333333,0.01,0.18360696206106358
rho0_seed15_width512_constant,0.0,15,512,constant,180,0.03,0.978,0.916,0.01,0.16924427404391015
rho0_seed15_width512_constant,0.0,15,512,constant,200,0.035,0.98225,0.9126666666666666,0.01,0.17305916880685554
rho0_seed15_width512_cosine,0.0,15,512,cosine,20,0.018,0.96925,0.9133333333333333,0.009799079281818376,0.19928933796120296
rho0_seed15_width512_cosine,0.0,15,512,cosine,40,0.025,0.985,0.9076666666666666,0.009173690746364798,0.19627260899085092
rho0_seed15_width512_cosine,0.0,15,512,cosine,60,0.02,0.9635,0.909,0.008185102697299853,0.20358903614335816
rho0_seed15_width512_cosine,0.0,15,512,cosine,80,0.029,0.979,0.9163333333333333,0.006931051913076572,0.1835691198017819
rho0_seed15_width512_cosine,0.0,15,512,cosine,100,0.020666666666666667,0.98375,0.918,0.005535520151093711,0.17954463277421887
rho0_seed15_width512_cosine,0.0,15,512,cosine,120,0.026333333333333334,0.98825,0.9163333333333333,0.004136476688619072,0.17847396641962288
rho0_seed15_width512_cosine,0.0,15,512,cosine,140,0.03,0.9865,0.915,0.0028722379872641217,0.17888236499184007
rho0_seed15_width512_cosine,0.0,15,512,cosine,160,0.025666666666666667,0.98425,0.918,0.0018677930330710667,0.1769841995812049
rho0_seed15_width512_cosine,0.0,15,512,cosine,180,0.025,0.984,0.9163333333333333,0.0012224462977549774,0.176229502220008
rho0_seed15_width512_cosine,0.0,15,512,cosine,200,0.028,0.98425,0.918,0.001,0.175250767593401
rho0_seed15_width64_constant,0.0,15,64,constant,20,0.014,0.989,0.9163333333333333,0.01,0.19398543474431396
rho0_seed15_width64_constant,0.0,15,64,constant,40,0.016666666666666666,0.98675,0.917,0.01,0.19213526816184712
rho0_seed15_width64_constant,0.0,15,64,constant,60,0.015666666666666666,0.98125,0.9186666666666666,0.01,0.19147706904401451
rho0_seed15_width64_constant,0.0,15,64,constant,80,0.013,0.9855,0.9143333333333333,0.01,0.18979202048692959
rho0_seed15_width64_constant,0.0,15,64,constant,100,0.014666666666666666,0.98225,0.916,0.01,0.1886377557157489
rho0_seed15_width64_constant,0.0,15,64,constant,120,0.013666666666666667,0.98125,0.9153333333333333,0.01,0.18781265177454276
rho0_seed15_width64_constant,0.0,15,64,constant,140,0.016666666666666666,0.98425,0.913,0.01,0.18749534530125547
rho0_seed15_width64_constant,0.0,15,64,constant,160,0.021333333333333333,0.9825,0.9153333333333333,0.01,0.18788589557191185
rho0_seed15_width64_constant,0.0,15,64,constant,180,0.016,0.982,0.9153333333333333,0.01,0.1866019165153529
rho0_seed15_width64_constant,0.0,15,64,constant,200,0.018333333333333333,0.982,0.916,0.01,0.18515010142388927
rho0_seed15_width64_cosine,0.0,15,64,cosine,20,0.014,0.98925,0.9163333333333333,0.009799079281818376,0.1939791078240314
rho0_seed15_width64_cosine,0.0,15,64,cosine,40,0.01633333333333333,0.98725,0.9173333333333333,0.009173690746364798,0.19203267314225023
rho0_seed15_width64_cosine,0.0,15,64,cosine,60,0.016666666666666666,0.98125,0.9186666666666666,0.008185102697299853,0.19153944316758292
rho0_seed15_width64_cosine,0.0,15,64,cosine,80,0.012,0.987,0.916,0.006931051913076572,0.19024929331035115
rho0_seed15_width64_cosine,0.0,15,64,cosine,100,0.01633333333333333,0.98425,0.9166666666666666,0.005535520151093711,0.18923150574593406
rho0_seed15_width64_cosine,0.0,15,64,cosine,120,0.015,0.98375,0.916,0.004136476688619072,0.18878822104568163
rho0_seed15_width64_cosine,0.0,15,64,cosine,140,0.016666666666666666,0.98225,0.9166666666666666,0.0028722379872641217,0.1885132178857532
rho0_seed15_width64_cosine,0.0,15,64,cosine,160,0.014666666666666666,0.98325,0.9166666666666666,0.0018677930330710667,0.18833558152021115
rho0_seed15_width64_cosine,0.0,15,64,cosine,180,0.016,0.98275,0.9166666666666666,0.0012224462977549774,0.18820556270861852
rho0_seed15_width64_cosine,0.0,15,64,cosine,200,0.01633333333333333,0.982,0.9166666666666666,0.001,0.18810817179379627
rho0_seed15_width8_constant,0.0,15,8,constant,20,0.007333333333333333,0.9895,0.9153333333333333,0.01,0.19631003089918703
rho0_seed15_width8_constant,0.0,15,8,constant,40,0.006,0.99125,0.917,0.01,0.19530796310618517
rho0_seed15_width8_constant,0.0,15,8,constant,60,0.009,0.98675,0.919,0.01,0.19533918036115427
rho0_seed15_width8_constant,0.0,15,8,constant,80,0.006666666666666667,0.9885,0.9153333333333333,0.01,0.1948524493442048
rho0_seed15_width8_constant,0.0,15,8,constant,100,0.007666666666666666,0.98975,0.9176666666666666,0.01,0.19431671691103267
rho0_seed15_width8_constant,0.0,15,8,constant,120,0.008666666666666666,0.98875,0.9173333333333333,0.01,0.1939280489853533
rho0_seed15_width8_constant,0.0,15,8,constant,140,0.010333333333333333,0.9905,0.9176666666666666,0.01,0.19373119900085403
rho0_seed15_width8_constant,0.0,15,8,constant,160,0.013666666666666667,0.9905,0.919,0.01,0.19382903121875894
rho0_seed15_width8_constant,0.0,15,8,constant,180,0.012,0.98825,0.9183333333333333,0.01,0.19420863384526132
rho0_seed15_width8_constant,0.0,15,8,constant,200,0.011666666666666667,0.9895,0.9176666666666666,0.01,0.19338119731096773
rho0_seed15_width8_cosine,0.0,15,8,cosine,20,0.007333333333333333,0.9895,0.9153333333333333,0.009799079281818376,0.1963148804154355
rho0_seed15_width8_cosine,0.0,15,8,cosine,40,0.006,0.99125,0.917,0.009173690746364798,0.19532395196161623
rho0_seed15_width8_cosine,0.0,15,8,cosine,60,0.008666666666666666,0.9875,0.9186666666666666,0.008185102697299853,0.19519205771562279
rho0_seed15_width8_cosine,0.0,15,8,cosine,80,0.006666666666666667,0.9895,0.916,0.006931051913076572,0.19480046987065874
rho0_seed15_width8_cosine,0.0,15,8,cosine,100,0.007333333333333333,0.98975,0.9183333333333333,0.005535520151093711,0.1945247672149506
rho0_seed15_width8_cosine,0.0,15,8,cosine,120,0.009,0.99,0.918,0.004136476688619072,0.19429143652235528
rho0_seed15_width8_cosine,0.0,15,8,cosine,140,0.009,0.98925,0.9173333333333333,0.0028722379872641217,0.19417020895540169
rho0_seed15_width8_cosine,0.0,15,8,cosine,160,0.009,0.991,0.9173333333333333,0.0018677930330710667,0.19410682884860544
rho0_seed15_width8_cosine,0.0,15,8,cosine,180,0.009666666666666667,0.98975,0.9173333333333333,0.0012224462977549774,0.194038488226624
rho0_seed15_width8_cosine,0.0,15,8,cosine,200,0.011666666666666667,0.991,0.9183333333333333,0.001,0.19399468486027996
rho0_seed16_width512_constant,0.0,16,512,constant,20,0.018,0.98625,0.9033333333333333,0.01,0.20215621820035706
rho0_seed16_width512_constant,0.0,16,512,constant,40,0.05366666666666667,0.97725,0.8956666666666667,0.01,0.2088477381342117
rho0_seed16_width512_constant,0.0,16,512,constant,60,0.034333333333333334,0.9775,0.9006666666666666,0.01,0.19838772226900642
rho0_seed16_width512_constant,0.0,16,512,constant,80,0.025333333333333333,0.98725,0.9043333333333333,0.01,0.1886907952106716
rho0_seed16_width512_constant,0.0,16,512,constant,100,0.029333333333333333,0.9795,0.9056666666666666,0.01,0.18781569193237937
rho0_seed16_width512_constant,0.0,16,512,constant,120,0.029666666666666668,0.9715,0.9033333333333333,0.01,0.19493905728309596
rho0_seed16_width512_constant,0.0,16,512,constant,140,0.035,0.97275,0.8973333333333333,0.01,0.18581476278424405
rho0_seed16_width512_constant,0.0,16,512,constant,160,0.03333333333333333,0.97825,0.904,0.01,0.17666901792165682
rho0_seed16_width512_constant,0.0,16,512,constant,180,0.042333333333333334,0.96575,0.905,0.01,0.17707487017112578
rho0_seed16_width512_constant,0.0,16,512,constant,200,0.041666666666666664,0.97025,0.9006666666666666,0.01,0.17925833399044294
rho0_seed16_width512_cosine,0.0,16,512,cosine,20,0.018,0.9865,0.903,0.009799079281818376,0.20197874177037103
rho0_seed16_width512_cosine,0.0,16,512,cosine,40,0.050666666666666665,0.9795,0.897,0.009173690746364798,0.2064947891772215
rho0_seed16_width512_cosine,0.0,16,512,cosine,60,0.030333333333333334,0.977,0.9006666666666666,0.008185102697299853,0.197365455138375
rho0_seed16_width512_cosine,0.0,16,512,cosine,80,0.019666666666666666,0.9845,0.9043333333333333,0.006931051913076572,0.18977707468770993
rho0_seed16_width512_cosine,0.0,16,512,cosine,100,0.02666666666666667,0.98525,0.9046666666666666,0.005535520151093711,0.1879596546869283
rho0_seed16_width512_cosine,0.0,16,512,cosine,120,0.026333333333333334,0.9785,0.903,0.004136476688619072,0.19264673425415596
rho0_seed16_width512_cosine,0.0,16,512,cosine,140,0.027333333333333334,0.9805,0.906,0.0028722379872641217,0.18655064517531209
rho0_seed16_width512_cosine,0.0,16,512,cosine,160,0.03166666666666667,0.981,0.902,0.0018677930330710667,0.18370630998068388
rho0_seed16_width512_cosine,0.0,16,512,cosine,180,0.03166666666666667,0.9805,0.904,0.0012224462977549774,0.18310693783721785
rho0_seed16_width512_cosine,0.0,16,512,cosine,200,0.031,0.982,0.9033333333333333,0.001,0.1828506462668778
rho0_seed16_width64_constant,0.0,16,64,constant,20,0.02,0.99075,0.9043333333333333,0.01,0.2004663193593386
rho0_seed16_width64_constant,0.0,16,64,constant,40,0.02033333333333333,0.9885,0.902,0.01,0.19826408951192664
rho0_seed16_width64_constant,0.0,16,64,constant,60,0.021666666666666667,0.985,0.902,0.01,0.19758082647763717
rho0_seed16_width64_constant,0.0,16,64,constant,80,0.022333333333333334,0.98525,0.9023333333333333,0.01,0.19475477445590209
rho0_seed16_width64_constant,0.0,16,64,constant,100,0.02266666666666667,0.9875,0.902,0.01,0.19371171587131095
rho0_seed16_width64_constant,0.0,16,64,constant,120,0.026,0.98725,0.904,0.01,0.1924902342651909
rho0_seed16_width64_constant,0.0,16,64,constant,140,0.029333333333333333,0.9835,0.9053333333333333,0.01,0.19410860405001787
rho0_seed16_width64_constant,0.0,16,64,constant,160,0.027333333333333334,0.984,0.902,0.01,0.19073110233306587
rho0_seed16_width64_constant,0.0,16,64,constant,180,0.031,0.98125,0.902,0.01,0.19063504244180732
rho0_seed16_width64_constant,0.0,16,64,constant,200,0.03,0.9855,0.901,0.01,0.1894985603185058
rho0_seed16_width64_cosine,0.0,16,64,cosine,20,0.019666666666666666,0.99075,0.9046666666666666,0.009799079281818376,0.2004443872549607
rho0_seed16_width64_cosine,0.0,16,64,cosine,40,0.02033333333333333,0.98875,0.9023333333333333,0.009173690746364798,0.1983774947525983
rho0_seed16_width64_cosine,0.0,16,64,cosine,60,0.018333333333333333,0.9865,0.9023333333333333,0.008185102697299853,0.19721917077866385
rho0_seed16_width64_cosine,0.0,16,64,cosine,80,0.022,0.98775,0.9036666666666666,0.006931051913076572,0.19507195189080884
rho0_seed16_width64_cosine,0.0,16,64,cosine,100,0.021333333333333333,0.98775,0.9023333333333333,0.005535520151093711,0.19415553001707977
rho0_seed16_width64_cosine,0.0,16,64,cosine,120,0.023,0.9875,0.903,0.004136476688619072,0.1935379005167906
rho0_seed16_width64_cosine,0.0,16,64,cosine,140,0.02266666666666667,0.98575,0.9036666666666666,0.0028722379872641217,0.19354586656982736
rho0_seed16_width64_cosine,0.0,16,64,cosine,160,0.024,0.98675,0.9026666666666666,0.0018677930330710667,0.1928349168344678
rho0_seed16_width64_cosine,0.0,16,64,cosine,180,0.024666666666666667,0.987,0.9033333333333333,0.0012224462977549774,0.19265823816139319
rho0_seed16_width64_cosine,0.0,16,64,cosine,200,0.024666666666666667,0.98675,0.9033333333333333,0.001,0.19252768142855645
rho0_seed16_width8_constant,0.0,16,8,constant,20,0.012,0.99175,0.9043333333333333,0.01,0.20470872216646843
rho0_seed16_width8_constant,0.0,16,8,constant,40,0.01,0.99025,0.9046666666666666,0.01,0.2033005313305795
rho0_seed16_width8_constant,0.0,16,8,constant,60,0.014,0.993,0.903,0.01,0.20251770674158018
rho0_seed16_width8_constant,0.0,16,8,constant,80,0.014,0.991,0.9033333333333333,0.01,0.2021655881616089
rho0_seed16_width8_constant,0.0,16,8,constant,100,0.013333333333333334,0.99275,0.9013333333333333,0.01,0.20169320748989944
rho0_seed16_width8_constant,0.0,16,8,constant,120,0.013666666666666667,0.99275,0.9046666666666666,0.01,0.20153993629005582
rho0_seed16_width8_constant,0.0,16,8,constant,140,0.011,0.985,0.9063333333333333,0.01,0.20320339122134978
rho0_seed16_width8_constant,0.0,16,8,constant,160,0.018,0.99125,0.902,0.01,0.20123810254469054
rho0_seed16_width8_constant,0.0,16,8,constant,180,0.018,0.988,0.9006666666666666,0.01,0.20127841941035543
rho0_seed16_width8_constant,0.0,16,8,constant,200,0.014666666666666666,0.989,0.9063333333333333,0.01,0.20141179730620912
rho0_seed16_width8_cosine,0.0,16,8,cosine,20,0.011666666666666667,0.99175,0.9046666666666666,0.009799079281818376,0.2046651358399935
rho0_seed16_width8_cosine,0.0,16,8,cosine,40,0.009666666666666667,0.9905,0.905,0.009173690746364798,0.20323180298878304
rho0_seed16_width8_cosine,0.0,16,8,cosine,60,0.014333333333333333,0.9925,0.9043333333333333,0.008185102697299853,0.20235057185027677
rho0_seed16_width8_cosine,0.0,16,8,cosine,80,0.014333333333333333,0.99275,0.905,0.006931051913076572,0.2020670448864418
rho0_seed16_width8_cosine,0.0,16,8,cosine,100,0.014333333333333333,0.993,0.9023333333333333,0.005535520151093711,0.2016823364210859
rho0_seed16_width8_cosine,0.0,16,8,cosine,120,0.012666666666666666,0.99275,0.904,0.004136476688619072,0.20157957786391126
rho0_seed16_width8_cosine,0.0,16,8,cosine,140,0.014,0.9915,0.9036666666666666,0.0028722379872641217,0.20169085785550384
rho0_seed16_width8_cosine,0.0,16,8,cosine,160,0.013666666666666667,0.99175,0.9026666666666666,0.0018677930330710667,0.2014471111467656
rho0_seed16_width8_cosine,0.0,16,8,cosine,180,0.013666666666666667,0.993,0.903,0.0012224462977549774,0.20142947569627573
rho0_seed16_width8_cosine,0.0,16,8,cosine,200,0.012333333333333333,0.99225,0.903,0.001,0.20140564272827954
rho0_seed17_width512_constant,0.0,17,512,constant,20,0.017,0.9745,0.9076666666666666,0.01,0.2127139593666303
rho0_seed17_width512_constant,0.0,17,512,constant,40,0.021,0.9815,0.9133333333333333,0.01,0.2104044658884241
rho0_seed17_width512_constant,0.0,17,512,constant,60,0.02666666666666667,0.982,0.9083333333333333,0.01,0.20441259759303532
rho0_seed17_width512_constant,0.0,17,512,constant,80,0.031,0.97775,0.9033333333333333,0.01,0.20252769009731045
rho0_seed17_width512_constant,0.0,17,512,constant,100,0.03233333333333333,0.978,0.9083333333333333,0.01,0.20277417597921385
rho0_seed17_width512_constant,0.0,17,512,constant,120,0.04033333333333333,0.984,0.908,0.01,0.19317872577955492
rho0_seed17_width512_constant,0.0,17,512,constant,140,0.04,0.9845,0.9076666666666666,0.01,0.19010119972806544
rho0_seed17_width512_constant,0.0,17,512,constant,160,0.032,0.9815,0.908,0.01,0.1891608193821316
rho0_seed17_width512_constant,0.0,17,512,constant,180,0.041666666666666664,0.97475,0.9046666666666666,0.01,0.19072320933305642
rho0_seed17_width512_constant,0.0,17,512,constant,200,0.036,0.98575,0.9076666666666666,0.01,0.18016923666968915
rho0_seed17_width512_cosine,0.0,17,512,cosine,20,0.016666666666666666,0.975,0.9083333333333333,0.009799079281818376,0.2123201676226141
rho0_seed17_width512_cosine,0.0,17,512,cosine,40,0.018666666666666668,0.9815,0.9136666666666666,0.009173690746364798,0.20846282864221877
rho0_seed17_width512_cosine,0.0,17,512,cosine,60,0.026333333333333334,0.98475,0.9063333333333333,0.008185102697299853,0.20386183925391954
rho0_seed17_width512_cosine,0.0,17,512,cosine,80,0.029333333333333333,0.982,0.9083333333333333,0.006931051913076572,0.19830683622709586
rho0_seed17_width512_cosine,0.0,17,512,cosine,100,0.027,0.97525,0.912,0.005535520151093711,0.20489792054137485
rho0_seed17_width512_cosine,0.0,17,512,cosine,120,0.033666666666666664,0.98625,0.9086666666666666,0.004136476688619072,0.19377521824378574
rho0_seed17_width512_cosine,0.0,17,512,cosine,140,0.03,0.987,0.907,0.0028722379872641217,0.1912586941918752
rho0_seed17_width512_cosine,0.0,17,512,cosine,160,0.034666666666666665,0.98925,0.9093333333333333,0.0018677930330710667,0.18863217022287773
rho0_seed17_width512_cosine,0.0,17,512,cosine,180,0.035,0.98925,0.908,0.0012224462977549774,0.18829300164747662
rho0_seed17_width512_cosine,0.0,17,512,cosine,200,0.034666666666666665,0.9885,0.9086666666666666,0.001,0.18796988321713562
rho0_seed17_width64_constant,0.0,17,64,constant,20,0.016,0.98775,0.91,0.01,0.20529727514414448
rho0_seed17_width64_constant,0.0,17,64,constant,40,0.018333333333333333,0.9915,0.9123333333333333,0.01,0.20275146419434759
rho0_seed17_width64_constant,0.0,17,64,constant,60,0.019666666666666666,0.985,0.9116666666666666,0.01,0.20192486054086822
rho0_seed17_width64_constant,0.0,17,64,constant,80,0.018666666666666668,0.9855,0.911,0.01,0.20093728453825832
rho0_seed17_width64_constant,0.0,17,64,constant,100,0.021,0.9825,0.9146666666666666,0.01,0.20259766925469627
rho0_seed17_width64_constant,0.0,17,64,constant,120,0.023333333333333334,0.9905,0.914,0.01,0.2002952510201935
rho0_seed17_width64_constant,0.0,17,64,constant,140,0.019666666666666666,0.98525,0.911,0.01,0.20074124014254033
rho0_seed17_width64_constant,0.0,17,64,constant,160,0.019333333333333334,0.9885,0.912,0.01,0.19777853573877283
rho0_seed17_width64_constant,0.0,17,64,constant,180,0.020666666666666667,0.984,0.9096666666666666,0.01,0.19836533063817402
rho0_seed17_width64_constant,0.0,17,64,constant,200,0.02266666666666667,0.9855,0.9106666666666666,0.01,0.19825080888936736
rho0_seed17_width64_cosine,0.0,17,64,cosine,20,0.01633333333333333,0.98775,0.91,0.009799079281818376,0.20531297712423346
rho0_seed17_width64_cosine,0.0,17,64,cosine,40,0.018333333333333333,0.99125,0.913,0.009173690746364798,0.2028048669390298
rho0_seed17_width64_cosine,0.0,17,64,cosine,60,0.018666666666666668,0.9845,0.9133333333333333,0.008185102697299853,0.20173690837595273
rho0_seed17_width64_cosine,0.0,17,64,cosine,80,0.017666666666666667,0.986,0.913,0.006931051913076572,0.20118827517450646
rho0_seed17_width64_cosine,0.0,17,64,cosine,100,0.021,0.9865,0.913,0.005535520151093711,0.20115621549945195
rho0_seed17_width64_cosine,0.0,17,64,cosine,120,0.019666666666666666,0.9875,0.9116666666666666,0.004136476688619072,0.19970762824273525
rho0_seed17_width64_cosine,0.0,17,64,cosine,140,0.018333333333333333,0.98775,0.9116666666666666,0.0028722379872641217,0.19944655729109018
rho0_seed17_width64_cosine,0.0,17,64,cosine,160,0.018666666666666668,0.98775,0.912,0.0018677930330710667,0.19919208652400233
rho0_seed17_width64_cosine,0.0,17,64,cosine,180,0.019,0.9885,0.912,0.0012224462977549774,0.19907735301189558
rho0_seed17_width64_cosine,0.0,17,64,cosine,200,0.019666666666666666,0.988,0.912,0.001,0.1990196755176482
rho0_seed17_width8_constant,0.0,17,8,constant,20,0.011333333333333334,0.99175,0.9113333333333333,0.01,0.2071186179514916
rho0_seed17_width8_constant,0.0,17,8,constant,40,0.01,0.9935,0.9123333333333333,0.01,0.2059713451487502
rho0_seed17_width8_constant,0.0,17,8,constant,60,0.012,0.99,0.9116666666666666,0.01,0.20555669986805278
rho0_seed17_width8_constant,0.0,17,8,constant,80,0.012666666666666666,0.9915,0.911,0.01,0.20590593150167433
rho0_seed17_width8_constant,0.0,17,8,constant,100,0.016,0.98975,0.9123333333333333,0.01,0.20562526155667923
rho0_seed17_width8_constant,0.0,17,8,constant,120,0.012,0.99375,0.913,0.01,0.20539270079288485
rho0_seed17_width8_constant,0.0,17,8,constant,140,0.010666666666666666,0.9915,0.9133333333333333,0.01,0.2052538192774547
rho0_seed17_width8_constant,0.0,17,8,constant,160,0.011333333333333334,0.99225,0.9126666666666666,0.01,0.20470997053288412
rho0_seed17_width8_constant,0.0,17,8,constant,180,0.01,0.9915,0.913,0.01,0.20479563294792605
rho0_seed17_width8_constant,0.0,17,8,constant,200,0.011,0.9925,0.9126666666666666,0.01,0.20480164521252003
rho0_seed17_width8_cosine,0.0,17,8,cosine,20,0.010333333333333333,0.99175,0.9113333333333333,0.009799079281818376,0.20710719352223564
rho0_seed17_width8_cosine,0.0,17,8,cosine,40,0.009666666666666667,0.99325,0.9133333333333333,0.009173690746364798,0.2059520706051438
rho0_seed17_width8_cosine,0.0,17,8,cosine,60,0.011,0.99025,0.912,0.008185102697299853,0.20554581207888323
rho0_seed17_width8_cosine,0.0,17,8,cosine,80,0.010333333333333333,0.9925,0.913,0.006931051913076572,0.20573082816891075
rho0_seed17_width8_cosine,0.0,17,8,cosine,100,0.013,0.99075,0.912,0.005535520151093711,0.20526563319233937
rho0_seed17_width8_cosine,0.0,17,8,cosine,120,0.009666666666666667,0.99175,0.914,0.004136476688619072,0.20507456101697527
rho0_seed17_width8_cosine,0.0,17,8,cosine,140,0.010666666666666666,0.9915,0.913,0.0028722379872641217,0.20501391889592033
rho0_seed17_width8_cosine,0.0,17,8,cosine,160,0.011,0.992,0.913,0.0018677930330710667,0.20496835884613473
rho0_seed17_width8_cosine,0.0,17,8,cosine,180,0.010666666666666666,0.99175,0.9133333333333333,0.0012224462977549774,0.2049486398267578
rho0_seed17_width8_cosine,0.0,17,8,cosine,200,0.011666666666666667,0.992,0.9133333333333333,0.001,0.20493669647061516
rho0_seed18_width512_constant,0.0,18,512,constant,20,0.024333333333333332,0.991,0.9143333333333333,0.01,0.20651211596519675
rho0_seed18_width512_constant,0.0,18,512,constant,40,0.039,0.9835,0.9103333333333333,0.01,0.20293307909026873
rho0_seed18_width512_constant,0.0,18,512,constant,60,0.016666666666666666,0.974,0.9086666666666666,0.01,0.20029600229625427
rho0_seed18_width512_constant,0.0,18,512,constant,80,0.026,0.98275,0.9143333333333333,0.01,0.19334287596553582
rho0_seed18_width512_constant,0.0,18,512,constant,100,0.029,0.982,0.9153333333333333,0.01,0.18844898678844343
rho0_seed18_width512_constant,0.0,18,512,constant,120,0.030666666666666665,0.97875,0.91,0.01,0.19172932082696115
rho0_seed18_width512_constant,0.0,18,512,constant,140,0.031,0.98275,0.9123333333333333,0.01,0.18385375564135578
rho0_seed18_width512_constant,0.0,18,512,constant,160,0.03133333333333333,0.96625,0.907,0.01,0.19313303901823048
rho0_seed18_width512_constant,0.0,18,512,constant,180,0.034,0.977,0.901,0.01,0.1932333633345302
rho0_seed18_width512_constant,0.0,18,512,constant,200,0.03833333333333333,0.97375,0.91,0.01,0.17627003876118724
rho0_seed18_width512_cosine,0.0,18,512,cosine,20,0.024333333333333332,0.9905,0.914,0.009799079281818376,0.2060420834763027
rho0_seed18_width512_cosine,0.0,18,512,cosine,40,0.034666666666666665,0.98575,0.9106666666666666,0.009173690746364798,0.20167242305612337
rho0_seed18_width512_cosine,0.0,18,512,cosine,60,0.015,0.97825,0.9093333333333333,0.008185102697299853,0.19970181850739818
rho0_seed18_width512_cosine,0.0,18,512,cosine,80,0.022333333333333334,0.984,0.9136666666666666,0.006931051913076572,0.19418053497419185
rho0_seed18_width512_cosine,0.0,18,512,cosine,100,0.025,0.9805,0.9146666666666666,0.005535520151093711,0.190082061887666
rho0_seed18_width512_cosine,0.0,18,512,cosine,120,0.034,0.96975,0.9056666666666666,0.004136476688619072,0.20236357891692683
rho0_seed18_width512_cosine,0.0,18,512,cosine,140,0.029333333333333333,0.98425,0.913,0.0028722379872641217,0.18666697870312837
rho0_seed18_width512_cosine,0.0,18,512,cosine,160,0.028,0.98325,0.9106666666666666,0.0018677930330710667,0.1860605443238909
rho0_seed18_width512_cosine,0.0,18,512,cosine,180,0.02666666666666667,0.98075,0.9136666666666666,0.0012224462977549774,0.18541557099802358
rho0_seed18_width512_cosine,0.0,18,512,cosine,200,0.028666666666666667,0.98125,0.9136666666666666,0.001,0.18503673962007258
rho0_seed18_width64_constant,0.0,18,64,constant,20,0.009,0.99025,0.9163333333333333,0.01,0.20319273879799668
rho0_seed18_width64_constant,0.0,18,64,constant,40,0.010666666666666666,0.992,0.9156666666666666,0.01,0.2001670249050519
rho0_seed18_width64_constant,0.0,18,64,constant,60,0.015333333333333332,0.9875,0.916,0.01,0.19882411198504954
rho0_seed18_width64_constant,0.0,18,64,constant,80,0.015333333333333332,0.9885,0.9146666666666666,0.01,0.19799863376173704
rho0_seed18_width64_constant,0.0,18,64,constant,100,0.013,0.9775,0.914,0.01,0.1991239452839167
rho0_seed18_width64_constant,0.0,18,64,constant,120,0.016,0.97975,0.915,0.01,0.19750465209095597
rho0_seed18_width64_constant,0.0,18,64,constant,140,0.017,0.99,0.917,0.01,0.1940282563854451
rho0_seed18_width64_constant,0.0,18,64,constant,160,0.016,0.9855,0.915,0.01,0.19357051884120494
rho0_seed18_width64_constant,0.0,18,64,constant,180,0.017666666666666667,0.9865,0.9163333333333333,0.01,0.19198791323033787
rho0_seed18_width64_constant,0.0,18,64,constant,200,0.019,0.9855,0.916,0.01,0.1916636415063578
rho0_seed18_width64_cosine,0.0,18,64,cosine,20,0.009,0.99,0.9163333333333333,0.009799079281818376,0.2032335332320865
rho0_seed18_width64_cosine,0.0,18,64,cosine,40,0.01,0.99225,0.916,0.009173690746364798,0.20021996980627177
rho0_seed18_width64_cosine,0.0,18,64,cosine,60,0.014333333333333333,0.98875,0.916,0.008185102697299853,0.19896698869975213
rho0_seed18_width64_cosine,0.0,18,64,cosine,80,0.014333333333333333,0.98875,0.914,0.006931051913076572,0.1983084643861306
rho0_seed18_width64_cosine,0.0,18,64,cosine,100,0.012,0.9825,0.9153333333333333,0.005535520151093711,0.19810080486896944
rho0_seed18_width64_cosine,0.0,18,64,cosine,120,0.015666666666666666,0.9875,0.9166666666666666,0.004136476688619072,0.19605498450521128
rho0_seed18_width64_cosine,0.0,18,64,cosine,140,0.016666666666666666,0.989,0.917,0.0028722379872641217,0.19562998351414684
rho0_seed18_width64_cosine,0.0,18,64,cosine,160,0.015333333333333332,0.99075,0.9166666666666666,0.0018677930330710667,0.19541439846808265
rho0_seed18_width64_cosine,0.0,18,64,cosine,180,0.01633333333333333,0.989,0.9176666666666666,0.0012224462977549774,0.19522644829596617
rho0_seed18_width64_cosine,0.0,18,64,cosine,200,0.014666666666666666,0.99075,0.9173333333333333,0.001,0.19513377150952102
rho0_seed18_width8_constant,0.0,18,8,constant,20,0.007,0.9925,0.9146666666666666,0.01,0.20511731385364823
rho0_seed18_width8_constant,0.0,18,8,constant,40,0.006333333333333333,0.992,0.9173333333333333,0.01,0.20423258095626526
rho0_seed18_width8_constant,0.0,18,8,constant,60,0.009666666666666667,0.9915,0.9153333333333333,0.01,0.20421682713361758
rho0_seed18_width8_constant,0.0,18,8,constant,80,0.007,0.98775,0.9153333333333333,0.01,0.20419782362825312
rho0_seed18_width8_constant,0.0,18,8,constant,100,0.008,0.98625,0.9166666666666666,0.01,0.2049626618383148
rho0_seed18_width8_constant,0.0,18,8,constant,120,0.007666666666666666,0.99,0.9163333333333333,0.01,0.20362876359029214
rho0_seed18_width8_constant,0.0,18,8,constant,140,0.007,0.9885,0.917,0.01,0.203502416169226
rho0_seed18_width8_constant,0.0,18,8,constant,160,0.009666666666666667,0.98625,0.9153333333333333,0.01,0.20359350473417118
rho0_seed18_width8_constant,0.0,18,8,constant,180,0.008666666666666666,0.99025,0.9166666666666666,0.01,0.20354392411500072
rho0_seed18_width8_constant,0.0,18,8,constant,200,0.008666666666666666,0.992,0.9173333333333333,0.01,0.20342972271655713
rho0_seed18_width8_cosine,0.0,18,8,cosine,20,0.006666666666666667,0.9925,0.915,0.009799079281818376,0.20510967966183666
rho0_seed18_width8_cosine,0.0,18,8,cosine,40,0.006333333333333333,0.99175,0.9173333333333333,0.009173690746364798,0.20422800717090314
rho0_seed18_width8_cosine,0.0,18,8,cosine,60,0.008333333333333333,0.992,0.9156666666666666,0.008185102697299853,0.2041284359461482
rho0_seed18_width8_cosine,0.0,18,8,cosine,80,0.005666666666666667,0.9875,0.9163333333333333,0.006931051913076572,0.20399613179019685
rho0_seed18_width8_cosine,0.0,18,8,cosine,100,0.006666666666666667,0.992,0.9153333333333333,0.005535520151093711,0.20400138548517718
rho0_seed18_width8_cosine,0.0,18,8,cosine,120,0.005666666666666667,0.9905,0.917,0.004136476688619072,0.20369330759307092
rho0_seed18_width8_cosine,0.0,18,8,cosine,140,0.007666666666666666,0.99125,0.9166666666666666,0.0028722379872641217,0.2036220490408326
rho0_seed18_width8_cosine,0.0,18,8,cosine,160,0.006333333333333333,0.98875,0.9166666666666666,0.0018677930330710667,0.20362147184145557
rho0_seed18_width8_cosine,0.0,18,8,cosine,180,0.007,0.9905,0.917,0.0012224462977549774,0.20355463293071033
rho0_seed18_width8_cosine,0.0,18,8,cosine,200,0.007666666666666666,0.989,0.917,0.001,0.20356546677823525
rho0_seed19_width512_constant,0.0,19,512,constant,20,0.018333333333333333,0.978,0.908,0.01,0.20118930580196942
rho0_seed19_width512_constant,0.0,19,512,constant,40,0.02033333333333333,0.989,0.9133333333333333,0.01,0.18458529796223264
rho0_seed19_width512_constant,0.0,19,512,constant,60,0.024666666666666667,0.984,0.913,0.01,0.1797044363595452
rho0_seed19_width512_constant,0.0,19,512,constant,80,0.027,0.983,0.912,0.01,0.1763537465521729
rho0_seed19_width512_constant,0.0,19,512,constant,100,0.027,0.97975,0.9146666666666666,0.01,0.1738936397983507
rho0_seed19_width512_constant,0.0,19,512,constant,120,0.03166666666666667,0.9845,0.9106666666666666,0.01,0.17130774557778303
rho0_seed19_width512_constant,0.0,19,512,constant,140,0.03166666666666667,0.98,0.9093333333333333,0.01,0.16864804000699518
rho0_seed19_width512_constant,0.0,19,512,constant,160,0.03166666666666667,0.9785,0.909,0.01,0.16535326116220989
rho0_seed19_width512_constant,0.0,19,512,constant,180,0.035666666666666666,0.96775,0.908,0.01,0.16744612850519947
rho0_seed19_width512_constant,0.0,19,512,constant,200,0.034333333333333334,0.97925,0.9066666666666666,0.01,0.1616065927255625
rho0_seed19_width512_cosine,0.0,19,512,cosine,20,0.019333333333333334,0.97875,0.9086666666666666,0.009799079281818376,0.20048078448661166
rho0_seed19_width512_cosine,0.0,19,512,cosine,40,0.020666666666666667,0.9885,0.914,0.009173690746364798,0.1840805166146027
rho0_seed19_width512_cosine,0.0,19,512,cosine,60,0.021333333333333333,0.988,0.9126666666666666,0.008185102697299853,0.17976659987754434
rho0_seed19_width512_cosine,0.0,19,512,cosine,80,0.021333333333333333,0.98275,0.9136666666666666,0.006931051913076572,0.17598116367526143
rho0_seed19_width512_cosine,0.0,19,512,cosine,100,0.023666666666666666,0.985,0.916,0.005535520151093711,0.17329447857213542
rho0_seed19_width512_cosine,0.0,19,512,cosine,120,0.025,0.98325,0.9113333333333333,0.004136476688619072,0.17229662360547712
rho0_seed19_width512_cosine,0.0,19,512,cosine,140,0.02666666666666667,0.984,0.9123333333333333,0.0028722379872641217,0.1702588228490187
rho0_seed19_width512_cosine,0.0,19,512,cosine,160,0.028666666666666667,0.98575,0.913,0.0018677930330710667,0.1690694024187384
rho0_seed19_width512_cosine,0.0,19,512,cosine,180,0.027333333333333334,0.98325,0.9123333333333333,0.0012224462977549774,0.16922937518843897
rho0_seed19_width512_cosine,0.0,19,512,cosine,200,0.028666666666666667,0.98675,0.9123333333333333,0.001,0.16813916420088187
rho0_seed19_width64_constant,0.0,19,64,constant,20,0.018333333333333333,0.99225,0.9166666666666666,0.01,0.18661397114411987
rho0_seed19_width64_constant,0.0,19,64,constant,40,0.015333333333333332,0.987,0.9166666666666666,0.01,0.18323396705873068
rho0_seed19_width64_constant,0.0,19,64,constant,60,0.015333333333333332,0.9785,0.9153333333333333,0.01,0.18464633839780467
rho0_seed19_width64_constant,0.0,19,64,constant,80,0.01633333333333333,0.98175,0.916,0.01,0.18065788012507883
rho0_seed19_width64_constant,0.0,19,64,constant,100,0.02033333333333333,0.98425,0.919,0.01,0.17983007753865077
rho0_seed19_width64_constant,0.0,19,64,constant,120,0.02,0.98175,0.9146666666666666,0.01,0.17920136625611577
rho0_seed19_width64_constant,0.0,19,64,constant,140,0.021666666666666667,0.9805,0.9163333333333333,0.01,0.1778760646007404
rho0_seed19_width64_constant,0.0,19,64,constant,160,0.024333333333333332,0.9805,0.916,0.01,0.17705497727958464
rho0_seed19_width64_constant,0.0,19,64,constant,180,0.020666666666666667,0.97725,0.9116666666666666,0.01,0.1786338257473586
rho0_seed19_width64_constant,0.0,19,64,constant,200,0.024666666666666667,0.98025,0.915,0.01,0.17807442243700766
rho0_seed19_width64_cosine,0.0,19,64,cosine,20,0.018333333333333333,0.992,0.9163333333333333,0.009799079281818376,0.18664672321911363
rho0_seed19_width64_cosine,0.0,19,64,cosine,40,0.015,0.98675,0.9166666666666666,0.009173690746364798,0.18335160241503876
rho0_seed19_width64_cosine,0.0,19,64,cosine,60,0.013666666666666667,0.97925,0.916,0.008185102697299853,0.18448778744337654
rho0_seed19_width64_cosine,0.0,19,64,cosine,80,0.015666666666666666,0.982,0.917,0.006931051913076572,0.18106828098989786
rho0_seed19_width64_cosine,0.0,19,64,cosine,100,0.018666666666666668,0.98425,0.9186666666666666,0.005535520151093711,0.1798912734921127
rho0_seed19_width64_cosine,0.0,19,64,cosine,120,0.019333333333333334,0.984,0.9193333333333333,0.004136476688619072,0.17942301432179375
rho0_seed19_width64_cosine,0.0,19,64,cosine,140,0.019,0.983,0.919,0.0028722379872641217,0.17890446353212777
rho0_seed19_width64_cosine,0.0,19,64,cosine,160,0.021666666666666667,0.98275,0.9183333333333333,0.0018677930330710667,0.1787037220483943
rho0_seed19_width64_cosine,0.0,19,64,cosine,180,0.019333333333333334,0.982,0.918,0.0012224462977549774,0.1785834932292843
rho0_seed19_width64_cosine,0.0,19,64,cosine,200,0.019666666666666666,0.98225,0.9183333333333333,0.001,0.17845790555861388
rho0_seed19_width8_constant,0.0,19,8,constant,20,0.014,0.989,0.9193333333333333,0.01,0.19072423963168947
rho0_seed19_width8_constant,0.0,19,8,constant,40,0.012333333333333333,0.98675,0.9183333333333333,0.01,0.1894699340922635
rho0_seed19_width8_constant,0.0,19,8,constant,60,0.011333333333333334,0.98425,0.918,0.01,0.18949808059126175
rho0_seed19_width8_constant,0.0,19,8,constant,80,0.012,0.98375,0.9193333333333333,0.01,0.18897051555050248
rho0_seed19_width8_constant,0.0,19,8,constant,100,0.011666666666666667,0.98975,0.9196666666666666,0.01,0.1884407881729437
rho0_seed19_width8_constant,0.0,19,8,constant,120,0.012333333333333333,0.9905,0.9196666666666666,0.01,0.18845627475638008
rho0_seed19_width8_constant,0.0,19,8,constant,140,0.013666666666666667,0.988,0.919,0.01,0.18778685759374233
rho0_seed19_width8_constant,0.0,19,8,constant,160,0.013666666666666667,0.98875,0.9186666666666666,0.01,0.18758271363628318
rho0_seed19_width8_constant,0.0,19,8,constant,180,0.016,0.987,0.9183333333333333,0.01,0.18766172066484893
rho0_seed19_width8_constant,0.0,19,8,constant,200,0.015333333333333332,0.98875,0.9193333333333333,0.01,0.18732819652287952
rho0_seed19_width8_cosine,0.0,19,8,cosine,20,0.013,0.989,0.9193333333333333,0.009799079281818376,0.19067886146412297
rho0_seed19_width8_cosine,0.0,19,8,cosine,40,0.012,0.98675,0.9183333333333333,0.009173690746364798,0.18945957976393346
rho0_seed19_width8_cosine,0.0,19,8,cosine,60,0.012333333333333333,0.98475,0.9196666666666666,0.008185102697299853,0.1893152420210436
rho0_seed19_width8_cosine,0.0,19,8,cosine,80,0.012,0.986,0.92,0.006931051913076572,0.188922382390216
rho0_seed19_width8_cosine,0.0,19,8,cosine,100,0.014666666666666666,0.98825,0.92,0.005535520151093711,0.1886318801227626
rho0_seed19_width8_cosine,0.0,19,8,cosine,120,0.014333333333333333,0.9905,0.9183333333333333,0.004136476688619072,0.18851713440147586
rho0_seed19_width8_cosine,0.0,19,8,cosine,140,0.013666666666666667,0.989,0.9193333333333333,0.0028722379872641217,0.1882887176622118
rho0_seed19_width8_cosine,0.0,19,8,cosine,160,0.013333333333333334,0.98875,0.9193333333333333,0.0018677930330710667,0.18822367979383706
rho0_seed19_width8_cosine,0.0,19,8,cosine,180,0.013333333333333334,0.98825,0.9193333333333333,0.0012224462977549774,0.18819199742926826
rho0_seed19_width8_cosine,0.0,19,8,cosine,200,0.013333333333333334,0.9885,0.9196666666666666,0.001,0.18815468661064166
rho0p7_seed00_width512_constant,0.7,0,512,constant,20,0.2743333333333333,0.97225,0.954,0.01,0.10969148035122325
rho0p7_seed00_width512_constant,0.7,0,512,constant,40,0.285,0.97825,0.9533333333333334,0.01,0.1112731166608674
rho0p7_seed00_width512_constant,0.7,0,512,constant,60,0.24233333333333335,0.9745,0.9556666666666667,0.01,0.1058951430003681
rho0p7_seed00_width512_constant,0.7,0,512,constant,80,0.26566666666666666,0.97175,0.955,0.01,0.10254380293594435
rho0p7_seed00_width512_constant,0.7,0,512,constant,100,0.279,0.9585,0.9576666666666667,0.01,0.1026099893350274
rho0p7_seed00_width512_constant,0.7,0,512,constant,120,0.26566666666666666,0.95825,0.9573333333333334,0.01,0.10297257632606893
rho0p7_seed00_width512_constant,0.7,0,512,constant,140,0.2733333333333333,0.9755,0.952,0.01,0.10144804289933582
rho0p7_seed00_width512_constant,0.7,0,512,constant,160,0.265,0.9665,0.9573333333333334,0.01,0.0956131107644935
rho0p7_seed00_width512_constant,0.7,0,512,constant,180,0.281,0.95725,0.956,0.01,0.09719936369536543
rho0p7_seed00_width512_constant,0.7,0,512,constant,200,0.275,0.961,0.957,0.01,0.09298956175183017
rho0p7_seed00_width512_cosine,0.7,0,512,cosine,20,0.27466666666666667,0.97275,0.9543333333333334,0.009799079281818376,0.10967631972841904
rho0p7_seed00_width512_cosine,0.7,0,512,cosine,40,0.2826666666666667,0.97825,0.9543333333333334,0.009173690746364798,0.11062462432648967
rho0p7_seed00_width512_cosine,0.7,0,512,cosine,60,0.24466666666666667,0.97775,0.9556666666666667,0.008185102697299853,0.10556262615913951
rho0p7_seed00_width512_cosine,0.7,0,512,cosine,80,0.26666666666666666,0.972,0.9556666666666667,0.006931051913076572,0.10332070577491456
rho0p7_seed00_width512_cosine,0.7,0,512,cosine,100,0.2793333333333333,0.96375,0.9566666666666667,0.005535520151093711,0.10316955197429127
rho0p7_seed00_width512_cosine,0.7,0,512,cosine,120,0.26566666666666666,0.972,0.9563333333333334,0.004136476688619072,0.10066171328606223
rho0p7_seed00_width512_cosine,0.7,0,512,cosine,140,0.27366666666666667,0.97275,0.9566666666666667,0.0028722379872641217,0.10036481806255629
rho0p7_seed00_width512_cosine,0.7,0,512,cosine,160,0.26666666666666666,0.97,0.9566666666666667,0.0018677930330710667,0.09965451816984727
rho0p7_seed00_width512_cosine,0.7,0,512,cosine,180,0.262,0.97475,0.9556666666666667,0.0012224462977549774,0.09924557395554813
rho0p7_seed00_width512_cosine,0.7,0,512,cosine,200,0.2673333333333333,0.97025,0.9563333333333334,0.001,0.09905016360096648
rho0p7_seed00_width64_constant,0.7,0,64,constant,20,0.279,0.97725,0.9596666666666667,0.01,0.10945197728141845
rho0p7_seed00_width64_constant,0.7,0,64,constant,40,0.2743333333333333,0.97725,0.9586666666666667,0.01,0.10770825958042231
rho0p7_seed00_width64_constant,0.7,0,64,constant,60,0.264,0.97825,0.9576666666666667,0.01,0.10649876879020849
rho0p7_seed00_width64_constant,0.7,0,64,constant,80,0.272,0.9785,0.9573333333333334,0.01,0.10576640151875927
rho0p7_seed00_width64_constant,0.7,0,64,constant,100,0.272,0.9735,0.9576666666666667,0.01,0.1051785765538666
rho0p7_seed00_width64_constant,0.7,0,64,constant,120,0.2723333333333333,0.97725,0.9563333333333334,0.01,0.10428145238257484
rho0p7_seed00_width64_constant,0.7,0,64,constant,140,0.2753333333333333,0.971,0.9583333333333334,0.01,0.10401768245149001
rho0p7_seed00_width64_constant,0.7,0,64,constant,160,0.2733333333333333,0.9735,0.959,0.01,0.10317368552837033
rho0p7_seed00_width64_constant,0.7,0,64,constant,180,0.27,0.977,0.9563333333333334,0.01,0.10268314302206581
rho0p7_seed00_width64_constant,0.7,0,64,constant,200,0.274,0.9735,0.9586666666666667,0.01,0.10220096261024157
rho0p7_seed00_width64_cosine,0.7,0,64,cosine,20,0.2783333333333333,0.97725,0.9593333333333334,0.009799079281818376,0.10946261227206847
rho0p7_seed00_width64_cosine,0.7,0,64,cosine,40,0.27466666666666667,0.9775,0.9586666666666667,0.009173690746364798,0.10776333393108359
rho0p7_seed00_width64_cosine,0.7,0,64,cosine,60,0.26666666666666666,0.9785,0.9583333333333334,0.008185102697299853,0.10667665031666211
rho0p7_seed00_width64_cosine,0.7,0,64,cosine,80,0.27066666666666667,0.979,0.9576666666666667,0.006931051913076572,0.10602074656499316
rho0p7_seed00_width64_cosine,0.7,0,64,cosine,100,0.27,0.97775,0.958,0.005535520151093711,0.10547785103788399
rho0p7_seed00_width64_cosine,0.7,0,64,cosine,120,0.274,0.978,0.958,0.004136476688619072,0.10510354117522275
rho0p7_seed00_width64_cosine,0.7,0,64,cosine,140,0.2723333333333333,0.97725,0.9583333333333334,0.0028722379872641217,0.10486855384571668
rho0p7_seed00_width64_cosine,0.7,0,64,cosine,160,0.273,0.978,0.9576666666666667,0.0018677930330710667,0.10469883974569955
rho0p7_seed00_width64_cosine,0.7,0,64,cosine,180,0.271,0.97825,0.9576666666666667,0.0012224462977549774,0.10459692295070251
rho0p7_seed00_width64_cosine,0.7,0,64,cosine,200,0.273,0.97825,0.9576666666666667,0.001,0.10452992653064377
rho0p7_seed00_width8_constant,0.7,0,8,constant,20,0.271,0.985,0.9583333333333334,0.01,0.11252520630563345
rho0p7_seed00_width8_constant,0.7,0,8,constant,40,0.27066666666666667,0.9825,0.9593333333333334,0.01,0.11152608224490781
rho0p7_seed00_width8_constant,0.7,0,8,constant,60,0.26666666666666666,0.9845,0.957,0.01,0.1109330400985861
rho0p7_seed00_width8_constant,0.7,0,8,constant,80,0.2693333333333333,0.98525,0.9563333333333334,0.01,0.1105794208988109
rho0p7_seed00_width8_constant,0.7,0,8,constant,100,0.2673333333333333,0.98275,0.957,0.01,0.11032568153039292
rho0p7_seed00_width8_constant,0.7,0,8,constant,120,0.2723333333333333,0.98475,0.9566666666666667,0.01,0.10998696616528425
rho0p7_seed00_width8_constant,0.7,0,8,constant,140,0.26766666666666666,0.97475,0.9576666666666667,0.01,0.11007712295374729
rho0p7_seed00_width8_constant,0.7,0,8,constant,160,0.2683333333333333,0.9805,0.9566666666666667,0.01,0.10958165350123668
rho0p7_seed00_width8_constant,0.7,0,8,constant,180,0.267,0.98375,0.9556666666666667,0.01,0.10935981930887369
rho0p7_seed00_width8_constant,0.7,0,8,constant,200,0.27,0.97975,0.9563333333333334,0.01,0.10932403126285514
rho0p7_seed00_width8_cosine,0.7,0,8,cosine,20,0.271,0.985,0.9583333333333334,0.009799079281818376,0.11253563382706253
rho0p7_seed00_width8_cosine,0.7,0,8,cosine,40,0.27,0.9825,0.9593333333333334,0.009173690746364798,0.11155780656390446
rho0p7_seed00_width8_cosine,0.7,0,8,cosine,60,0.266,0.98475,0.958,0.008185102697299853,0.11101692053285701
rho0p7_seed00_width8_cosine,0.7,0,8,cosine,80,0.2693333333333333,0.98525,0.957,0.006931051913076572,0.11064605753053804
rho0p7_seed00_width8_cosine,0.7,0,8,cosine,100,0.2673333333333333,0.9845,0.956,0.005535520151093711,0.11045611115840366
rho0p7_seed00_width8_cosine,0.7,0,8,cosine,120,0.26866666666666666,0.985,0.956,0.004136476688619072,0.11034371636918076
rho0p7_seed00_width8_cosine,0.7,0,8,cosine,140,0.27,0.984,0.957,0.0028722379872641217,0.11025544181297266
rho0p7_seed00_width8_cosine,0.7,0,8,cosine,160,0.27,0.985,0.9563333333333334,0.0018677930330710667,0.11019006893028745
rho0p7_seed00_width8_cosine,0.7,0,8,cosine,180,0.2663333333333333,0.98475,0.956,0.0012224462977549774,0.11015186195387545
rho0p7_seed00_width8_cosine,0.7,0,8,cosine,200,0.2683333333333333,0.985,0.956,0.001,0.110125384683315
rho0p7_seed01_width512_constant,0.7,1,512,constant,20,0.2743333333333333,0.98575,0.9516666666666667,0.01,0.11623675469667755
rho0p7_seed01_width512_constant,0.7,1,512,constant,40,0.284,0.98775,0.9523333333333334,0.01,0.11355071275806326
rho0p7_seed01_width512_constant,0.7,1,512,constant,60,0.29033333333333333,0.991,0.9503333333333334,0.01,0.11034757190251492
rho0p7_seed01_width512_constant,0.7,1,512,constant,80,0.253,0.97925,0.9536666666666667,0.01,0.10991656141694607
rho0p7_seed01_width512_constant,0.7,1,512,constant,100,0.25433333333333336,0.984,0.9503333333333334,0.01,0.10866180168136677
rho0p7_seed01_width512_constant,0.7,1,512,constant,120,0.2743333333333333,0.98825,0.9526666666666667,0.01,0.10317069888075389
rho0p7_seed01_width512_constant,0.7,1,512,constant,140,0.2866666666666667,0.9895,0.9526666666666667,0.01,0.10275667812569052
rho0p7_seed01_width512_constant,0.7,1,512,constant,160,0.27666666666666667,0.97275,0.9503333333333334,0.01,0.10445611596732181
rho0p7_seed01_width512_constant,0.7,1,512,constant,180,0.25633333333333336,0.98475,0.9503333333333334,0.01,0.10051980513699176
rho0p7_seed01_width512_constant,0.7,1,512,constant,200,0.2763333333333333,0.97375,0.952,0.01,0.09875664890271077
rho0p7_seed01_width512_cosine,0.7,1,512,cosine,20,0.27566666666666667,0.98625,0.9516666666666667,0.009799079281818376,0.11612631330290378
rho0p7_seed01_width512_cosine,0.7,1,512,cosine,40,0.284,0.9885,0.9516666666666667,0.009173690746364798,0.11347653074135801
rho0p7_seed01_width512_cosine,0.7,1,512,cosine,60,0.29,0.995,0.9513333333333334,0.008185102697299853,0.10985144351730912
rho0p7_seed01_width512_cosine,0.7,1,512,cosine,80,0.2643333333333333,0.9835,0.9523333333333334,0.006931051913076572,0.10937678961497972
rho0p7_seed01_width512_cosine,0.7,1,512,cosine,100,0.26866666666666666,0.9775,0.952,0.005535520151093711,0.11090119535187695
rho0p7_seed01_width512_cosine,0.7,1,512,cosine,120,0.278,0.99025,0.9526666666666667,0.004136476688619072,0.10561167064263843
rho0p7_seed01_width512_cosine,0.7,1,512,cosine,140,0.2786666666666667,0.98775,0.9523333333333334,0.0028722379872641217,0.1057659185446525
rho0p7_seed01_width512_cosine,0.7,1,512,cosine,160,0.2793333333333333,0.9895,0.952,0.0018677930330710667,0.10414186513317746
rho0p7_seed01_width512_cosine,0.7,1,512,cosine,180,0.279,0.99025,0.9536666666666667,0.0012224462977549774,0.10384027698414111
rho0p7_seed01_width512_cosine,0.7,1,512,cosine,200,0.2783333333333333,0.99,0.9526666666666667,0.001,0.10354179328928005
rho0p7_seed01_width64_constant,0.7,1,64,constant,20,0.28733333333333333,0.98875,0.953,0.01,0.11667424261977814
rho0p7_seed01_width64_constant,0.7,1,64,constant,40,0.282,0.99025,0.9533333333333334,0.01,0.11481967045532322
rho0p7_seed01_width64_constant,0.7,1,64,constant,60,0.283,0.992,0.952,0.01,0.11337538952057032
rho0p7_seed01_width64_constant,0.7,1,64,constant,80,0.2846666666666667,0.9885,0.955,0.01,0.1129614599523631
rho0p7_seed01_width64_constant,0.7,1,64,constant,100,0.284,0.9895,0.9543333333333334,0.01,0.11267988689057049
rho0p7_seed01_width64_constant,0.7,1,64,constant,120,0.282,0.9895,0.9503333333333334,0.01,0.11117222123898436
rho0p7_seed01_width64_constant,0.7,1,64,constant,140,0.2793333333333333,0.983,0.952,0.01,0.11127595892094796
rho0p7_seed01_width64_constant,0.7,1,64,constant,160,0.2796666666666667,0.9875,0.9523333333333334,0.01,0.11001623011078145
rho0p7_seed01_width64_constant,0.7,1,64,constant,180,0.277,0.98575,0.9506666666666667,0.01,0.10968581590206611
rho0p7_seed01_width64_constant,0.7,1,64,constant,200,0.2813333333333333,0.98675,0.9526666666666667,0.01,0.10882763142652821
rho0p7_seed01_width64_cosine,0.7,1,64,cosine,20,0.2876666666666667,0.9885,0.953,0.009799079281818376,0.11669076897438993
rho0p7_seed01_width64_cosine,0.7,1,64,cosine,40,0.2826666666666667,0.991,0.9533333333333334,0.009173690746364798,0.11479013006308623
rho0p7_seed01_width64_cosine,0.7,1,64,cosine,60,0.2813333333333333,0.99175,0.9523333333333334,0.008185102697299853,0.1135251215124882
rho0p7_seed01_width64_cosine,0.7,1,64,cosine,80,0.28633333333333333,0.99025,0.9546666666666667,0.006931051913076572,0.11304118094960172
rho0p7_seed01_width64_cosine,0.7,1,64,cosine,100,0.285,0.991,0.954,0.005535520151093711,0.11246486983179586
rho0p7_seed01_width64_cosine,0.7,1,64,cosine,120,0.2843333333333333,0.991,0.9506666666666667,0.004136476688619072,0.11190273040197744
rho0p7_seed01_width64_cosine,0.7,1,64,cosine,140,0.2793333333333333,0.99,0.9513333333333334,0.0028722379872641217,0.11166623315737081
rho0p7_seed01_width64_cosine,0.7,1,64,cosine,160,0.2833333333333333,0.9915,0.9516666666666667,0.0018677930330710667,0.1114294308142602
rho0p7_seed01_width64_cosine,0.7,1,64,cosine,180,0.2833333333333333,0.9915,0.9526666666666667,0.0012224462977549774,0.11132364869110323
rho0p7_seed01_width64_cosine,0.7,1,64,cosine,200,0.282,0.99125,0.9523333333333334,0.001,0.11124494520303599
rho0p7_seed01_width8_constant,0.7,1,8,constant,20,0.297,0.996,0.9536666666666667,0.01,0.11888461300894558
rho0p7_seed01_width8_constant,0.7,1,8,constant,40,0.296,0.99525,0.9533333333333334,0.01,0.1177042841718902
rho0p7_seed01_width8_constant,0.7,1,8,constant,60,0.2966666666666667,0.99475,0.953,0.01,0.11734344829349252
rho0p7_seed01_width8_constant,0.7,1,8,constant,80,0.292,0.98975,0.9553333333333334,0.01,0.11736752906923174
rho0p7_seed01_width8_constant,0.7,1,8,constant,100,0.286,0.98875,0.9556666666666667,0.01,0.11721296837391974
rho0p7_seed01_width8_constant,0.7,1,8,constant,120,0.2916666666666667,0.9915,0.9516666666666667,0.01,0.11654288934870681
rho0p7_seed01_width8_constant,0.7,1,8,constant,140,0.29233333333333333,0.98875,0.952,0.01,0.11686357363731013
rho0p7_seed01_width8_constant,0.7,1,8,constant,160,0.28633333333333333,0.9915,0.954,0.01,0.11634876106764687
rho0p7_seed01_width8_constant,0.7,1,8,constant,180,0.28733333333333333,0.99025,0.953,0.01,0.11627571010476186
rho0p7_seed01_width8_constant,0.7,1,8,constant,200,0.2866666666666667,0.99025,0.9536666666666667,0.01,0.11624116422456489
rho0p7_seed01_width8_cosine,0.7,1,8,cosine,20,0.297,0.99625,0.9536666666666667,0.009799079281818376,0.11890198288297038
rho0p7_seed01_width8_cosine,0.7,1,8,cosine,40,0.29633333333333334,0.995,0.9536666666666667,0.009173690746364798,0.11781558089450547
rho0p7_seed01_width8_cosine,0.7,1,8,cosine,60,0.2926666666666667,0.9965,0.9533333333333334,0.008185102697299853,0.11753566130827894
rho0p7_seed01_width8_cosine,0.7,1,8,cosine,80,0.29533333333333334,0.99425,0.9533333333333334,0.006931051913076572,0.11743932655470253
rho0p7_seed01_width8_cosine,0.7,1,8,cosine,100,0.294,0.99175,0.954,0.005535520151093711,0.11732335670760713
rho0p7_seed01_width8_cosine,0.7,1,8,cosine,120,0.29333333333333333,0.99125,0.9516666666666667,0.004136476688619072,0.11723009417676872
rho0p7_seed01_width8_cosine,0.7,1,8,cosine,140,0.293,0.99175,0.952,0.0028722379872641217,0.11716937743396531
rho0p7_seed01_width8_cosine,0.7,1,8,cosine,160,0.29233333333333333,0.992,0.9523333333333334,0.0018677930330710667,0.11713648510509879
rho0p7_seed01_width8_cosine,0.7,1,8,cosine,180,0.29233333333333333,0.9925,0.9533333333333334,0.0012224462977549774,0.11712283510357127
rho0p7_seed01_width8_cosine,0.7,1,8,cosine,200,0.292,0.992,0.9526666666666667,0.001,0.11711200718731793
rho0p7_seed02_width512_constant,0.7,2,512,constant,20,0.27366666666666667,0.98425,0.961,0.01,0.10122061667021616
rho0p7_seed02_width512_constant,0.7,2,512,constant,40,0.2816666666666667,0.9875,0.9583333333333334,0.01,0.09869272148715642
rho0p7_seed02_width512_constant,0.7,2,512,constant,60,0.288,0.98025,0.9593333333333334,0.01,0.09793818873119857
rho0p7_seed02_width512_constant,0.7,2,512,constant,80,0.2723333333333333,0.98075,0.9586666666666667,0.01,0.09567349508508201
rho0p7_seed02_width512_constant,0.7,2,512,constant,100,0.2896666666666667,0.974,0.9586666666666667,0.01,0.09652050824181223
rho0p7_seed02_width512_constant,0.7,2,512,constant,120,0.257,0.96475,0.9573333333333334,0.01,0.09941227146827097
rho0p7_seed02_width512_constant,0.7,2,512,constant,140,0.29,0.96825,0.9543333333333334,0.01,0.09435855965420858
rho0p7_seed02_width512_constant,0.7,2,512,constant,160,0.27066666666666667,0.98175,0.9576666666666667,0.01,0.08933857590889112
rho0p7_seed02_width512_constant,0.7,2,512,constant,180,0.2833333333333333,0.9795,0.9563333333333334,0.01,0.08769929887153033
rho0p7_seed02_width512_constant,0.7,2,512,constant,200,0.2826666666666667,0.9775,0.957,0.01,0.08653102077561323
rho0p7_seed02_width512_cosine,0.7,2,512,cosine,20,0.274,0.98425,0.961,0.009799079281818376,0.1012187300333182
rho0p7_seed02_width512_cosine,0.7,2,512,cosine,40,0.2813333333333333,0.986,0.959,0.009173690746364798,0.0988516429387982
rho0p7_seed02_width512_cosine,0.7,2,512,cosine,60,0.291,0.98375,0.9593333333333334,0.008185102697299853,0.0974748983402989
rho0p7_seed02_width512_cosine,0.7,2,512,cosine,80,0.2806666666666667,0.987,0.9573333333333334,0.006931051913076572,0.09610466811244368
rho0p7_seed02_width512_cosine,0.7,2,512,cosine,100,0.2853333333333333,0.9775,0.9583333333333334,0.005535520151093711,0.09667956075874404
rho0p7_seed02_width512_cosine,0.7,2,512,cosine,120,0.268,0.97625,0.958,0.004136476688619072,0.09535106188706638
rho0p7_seed02_width512_cosine,0.7,2,512,cosine,140,0.281,0.982,0.9573333333333334,0.0028722379872641217,0.09381057098201123
rho0p7_seed02_width512_cosine,0.7,2,512,cosine,160,0.275,0.98575,0.9583333333333334,0.0018677930330710667,0.09318969449435452
rho0p7_seed02_width512_cosine,0.7,2,512,cosine,180,0.284,0.985,0.957,0.0012224462977549774,0.09292195186316218
rho0p7_seed02_width512_cosine,0.7,2,512,cosine,200,0.27666666666666667,0.98325,0.958,0.001,0.09276504421823185
rho0p7_seed02_width64_constant,0.7,2,64,constant,20,0.28933333333333333,0.98425,0.9563333333333334,0.01,0.10347545098995913
rho0p7_seed02_width64_constant,0.7,2,64,constant,40,0.2866666666666667,0.986,0.9546666666666667,0.01,0.10161015323968965
rho0p7_seed02_width64_constant,0.7,2,64,constant,60,0.2906666666666667,0.98275,0.9563333333333334,0.01,0.10044101700820646
rho0p7_seed02_width64_constant,0.7,2,64,constant,80,0.2823333333333333,0.98275,0.9553333333333334,0.01,0.09971764655075802
rho0p7_seed02_width64_constant,0.7,2,64,constant,100,0.276,0.98075,0.9596666666666667,0.01,0.09916345594104699
rho0p7_seed02_width64_constant,0.7,2,64,constant,120,0.27266666666666667,0.98075,0.9593333333333334,0.01,0.0985076473943415
rho0p7_seed02_width64_constant,0.7,2,64,constant,140,0.2753333333333333,0.9835,0.9583333333333334,0.01,0.0978038739374844
rho0p7_seed02_width64_constant,0.7,2,64,constant,160,0.2763333333333333,0.9815,0.9576666666666667,0.01,0.09720210600141586
rho0p7_seed02_width64_constant,0.7,2,64,constant,180,0.2806666666666667,0.982,0.956,0.01,0.09685373988526914
rho0p7_seed02_width64_constant,0.7,2,64,constant,200,0.277,0.98125,0.9576666666666667,0.01,0.09641624599126428
rho0p7_seed02_width64_cosine,0.7,2,64,cosine,20,0.29033333333333333,0.98425,0.9563333333333334,0.009799079281818376,0.10350156120255026
rho0p7_seed02_width64_cosine,0.7,2,64,cosine,40,0.286,0.9855,0.9546666666666667,0.009173690746364798,0.1016693665742188
rho0p7_seed02_width64_cosine,0.7,2,64,cosine,60,0.29,0.98325,0.9563333333333334,0.008185102697299853,0.10056760964094899
rho0p7_seed02_width64_cosine,0.7,2,64,cosine,80,0.282,0.9835,0.9563333333333334,0.006931051913076572,0.09994383483275333
rho0p7_seed02_width64_cosine,0.7,2,64,cosine,100,0.2796666666666667,0.98375,0.957,0.005535520151093711,0.09950670545083647
rho0p7_seed02_width64_cosine,0.7,2,64,cosine,120,0.2786666666666667,0.984,0.9583333333333334,0.004136476688619072,0.09911469304561629
rho0p7_seed02_width64_cosine,0.7,2,64,cosine,140,0.2786666666666667,0.98375,0.9586666666666667,0.0028722379872641217,0.09885117686948462
rho0p7_seed02_width64_cosine,0.7,2,64,cosine,160,0.2786666666666667,0.9835,0.9583333333333334,0.0018677930330710667,0.09870555193790176
rho0p7_seed02_width64_cosine,0.7,2,64,cosine,180,0.279,0.98375,0.9583333333333334,0.0012224462977549774,0.09860104023290744
rho0p7_seed02_width64_cosine,0.7,2,64,cosine,200,0.2783333333333333,0.985,0.9583333333333334,0.001,0.09853816801701991
rho0p7_seed02_width8_constant,0.7,2,8,constant,20,0.2833333333333333,0.98725,0.957,0.01,0.10434820881107378
rho0p7_seed02_width8_constant,0.7,2,8,constant,40,0.2803333333333333,0.98575,0.956,0.01,0.1034619575691474
rho0p7_seed02_width8_constant,0.7,2,8,constant,60,0.28633333333333333,0.98275,0.9573333333333334,0.01,0.10305713821199065
rho0p7_seed02_width8_constant,0.7,2,8,constant,80,0.2786666666666667,0.9845,0.9563333333333334,0.01,0.10281669720625852
rho0p7_seed02_width8_constant,0.7,2,8,constant,100,0.2856666666666667,0.97925,0.956,0.01,0.10268935266308997
rho0p7_seed02_width8_constant,0.7,2,8,constant,120,0.2786666666666667,0.97875,0.9576666666666667,0.01,0.10266222576385862
rho0p7_seed02_width8_constant,0.7,2,8,constant,140,0.2826666666666667,0.9795,0.957,0.01,0.10235029927118483
rho0p7_seed02_width8_constant,0.7,2,8,constant,160,0.2823333333333333,0.9795,0.9563333333333334,0.01,0.10221173009429259
rho0p7_seed02_width8_constant,0.7,2,8,constant,180,0.2856666666666667,0.98225,0.9553333333333334,0.01,0.10210614087022661
rho0p7_seed02_width8_constant,0.7,2,8,constant,200,0.2823333333333333,0.98075,0.9553333333333334,0.01,0.10194171123579224
rho0p7_seed02_width8_cosine,0.7,2,8,cosine,20,0.283,0.9875,0.957,0.009799079281818376,0.10435704122508101
rho0p7_seed02_width8_cosine,0.7,2,8,cosine,40,0.28,0.985,0.956,0.009173690746364798,0.10347036413579276
rho0p7_seed02_width8_cosine,0.7,2,8,cosine,60,0.28633333333333333,0.98325,0.9576666666666667,0.008185102697299853,0.10307456197619211
rho0p7_seed02_width8_cosine,0.7,2,8,cosine,80,0.2776666666666667,0.98325,0.9563333333333334,0.006931051913076572,0.10285814986003948
rho0p7_seed02_width8_cosine,0.7,2,8,cosine,100,0.2823333333333333,0.982,0.9553333333333334,0.005535520151093711,0.10282913475710648
rho0p7_seed02_width8_cosine,0.7,2,8,cosine,120,0.279,0.983,0.9573333333333334,0.004136476688619072,0.10271578951151342
rho0p7_seed02_width8_cosine,0.7,2,8,cosine,140,0.2813333333333333,0.98225,0.957,0.0028722379872641217,0.10261916203209162
rho0p7_seed02_width8_cosine,0.7,2,8,cosine,160,0.2813333333333333,0.98125,0.957,0.0018677930330710667,0.10258316303573599
rho0p7_seed02_width8_cosine,0.7,2,8,cosine,180,0.2826666666666667,0.9815,0.9566666666666667,0.0012224462977549774,0.10255677133573468
rho0p7_seed02_width8_cosine,0.7,2,8,cosine,200,0.2816666666666667,0.982,0.9573333333333334,0.001,0.10254478467043077
rho0p7_seed03_width512_constant,0.7,3,512,constant,20,0.27466666666666667,0.983,0.9523333333333334,0.01,0.11164909078643463
rho0p7_seed03_width512_constant,0.7,3,512,constant,40,0.2796666666666667,0.98375,0.954,0.01,0.10561821922419568
rho0p7_seed03_width512_constant,0.7,3,512,constant,60,0.2633333333333333,0.976,0.953,0.01,0.1036224709154875
rho0p7_seed03_width512_constant,0.7,3,512,constant,80,0.25466666666666665,0.97675,0.953,0.01,0.10157701960521531
rho0p7_seed03_width512_constant,0.7,3,512,constant,100,0.25166666666666665,0.9605,0.9466666666666667,0.01,0.11140022874921442
rho0p7_seed03_width512_constant,0.7,3,512,constant,120,0.2826666666666667,0.97575,0.9523333333333334,0.01,0.09992067872318924
rho0p7_seed03_width512_constant,0.7,3,512,constant,140,0.274,0.96525,0.9493333333333334,0.01,0.10098435325275408
rho0p7_seed03_width512_constant,0.7,3,512,constant,160,0.25933333333333336,0.972,0.951,0.01,0.09409932707832568
rho0p7_seed03_width512_constant,0.7,3,512,constant,180,0.27366666666666667,0.9715,0.952,0.01,0.09467405365673452
rho0p7_seed03_width512_constant,0.7,3,512,constant,200,0.281,0.973,0.952,0.01,0.09218023710059865
rho0p7_seed03_width512_cosine,0.7,3,512,cosine,20,0.275,0.98325,0.9523333333333334,0.009799079281818376,0.11175804515808331
rho0p7_seed03_width512_cosine,0.7,3,512,cosine,40,0.2776666666666667,0.98325,0.953,0.009173690746364798,0.10577366726428614
rho0p7_seed03_width512_cosine,0.7,3,512,cosine,60,0.2643333333333333,0.9775,0.9536666666666667,0.008185102697299853,0.10373107803948915
rho0p7_seed03_width512_cosine,0.7,3,512,cosine,80,0.257,0.9755,0.9506666666666667,0.006931051913076572,0.10440373759101226
rho0p7_seed03_width512_cosine,0.7,3,512,cosine,100,0.26033333333333336,0.9745,0.9526666666666667,0.005535520151093711,0.10193185698739762
rho0p7_seed03_width512_cosine,0.7,3,512,cosine,120,0.269,0.97725,0.953,0.004136476688619072,0.09971345361776966
rho0p7_seed03_width512_cosine,0.7,3,512,cosine,140,0.26966666666666667,0.97475,0.953,0.0028722379872641217,0.09930141624952057
rho0p7_seed03_width512_cosine,0.7,3,512,cosine,160,0.275,0.9755,0.9536666666666667,0.0018677930330710667,0.09798287563083932
rho0p7_seed03_width512_cosine,0.7,3,512,cosine,180,0.26866666666666666,0.97425,0.953,0.0012224462977549774,0.09761800430202923
rho0p7_seed03_width512_cosine,0.7,3,512,cosine,200,0.2733333333333333,0.974,0.9533333333333334,0.001,0.09739287109716636
rho0p7_seed03_width64_constant,0.7,3,64,constant,20,0.277,0.98575,0.955,0.01,0.10974549416242389
rho0p7_seed03_width64_constant,0.7,3,64,constant,40,0.279,0.9835,0.9553333333333334,0.01,0.10803936853575749
rho0p7_seed03_width64_constant,0.7,3,64,constant,60,0.27466666666666667,0.98225,0.954,0.01,0.1064882866065672
rho0p7_seed03_width64_constant,0.7,3,64,constant,80,0.2723333333333333,0.982,0.953,0.01,0.10541800465524855
rho0p7_seed03_width64_constant,0.7,3,64,constant,100,0.2753333333333333,0.981,0.9546666666666667,0.01,0.10441595365482154
rho0p7_seed03_width64_constant,0.7,3,64,constant,120,0.273,0.978,0.9523333333333334,0.01,0.10401681828305638
rho0p7_seed03_width64_constant,0.7,3,64,constant,140,0.2786666666666667,0.97675,0.9523333333333334,0.01,0.10355058132135173
rho0p7_seed03_width64_constant,0.7,3,64,constant,160,0.2806666666666667,0.97675,0.9513333333333334,0.01,0.10275936251511039
rho0p7_seed03_width64_constant,0.7,3,64,constant,180,0.2733333333333333,0.97775,0.9523333333333334,0.01,0.10227483495980695
rho0p7_seed03_width64_constant,0.7,3,64,constant,200,0.284,0.9775,0.9516666666666667,0.01,0.10186185475670251
rho0p7_seed03_width64_cosine,0.7,3,64,cosine,20,0.2773333333333333,0.98575,0.955,0.009799079281818376,0.10974440260869446
rho0p7_seed03_width64_cosine,0.7,3,64,cosine,40,0.2793333333333333,0.98275,0.955,0.009173690746364798,0.10803739263110473
rho0p7_seed03_width64_cosine,0.7,3,64,cosine,60,0.27466666666666667,0.98225,0.9543333333333334,0.008185102697299853,0.10669938849705213
rho0p7_seed03_width64_cosine,0.7,3,64,cosine,80,0.27466666666666667,0.98225,0.9533333333333334,0.006931051913076572,0.10577882989910777
rho0p7_seed03_width64_cosine,0.7,3,64,cosine,100,0.27566666666666667,0.9825,0.9536666666666667,0.005535520151093711,0.10512337717422209
rho0p7_seed03_width64_cosine,0.7,3,64,cosine,120,0.2763333333333333,0.9805,0.9536666666666667,0.004136476688619072,0.10478657885867812
rho0p7_seed03_width64_cosine,0.7,3,64,cosine,140,0.278,0.9815,0.9536666666666667,0.0028722379872641217,0.10437788509819208
rho0p7_seed03_width64_cosine,0.7,3,64,cosine,160,0.2803333333333333,0.9805,0.9543333333333334,0.0018677930330710667,0.10416327099488844
rho0p7_seed03_width64_cosine,0.7,3,64,cosine,180,0.2783333333333333,0.98075,0.9543333333333334,0.0012224462977549774,0.10403499423054036
rho0p7_seed03_width64_cosine,0.7,3,64,cosine,200,0.281,0.98025,0.9536666666666667,0.001,0.10395907625480627
rho0p7_seed03_width8_constant,0.7,3,8,constant,20,0.274,0.9915,0.9536666666666667,0.01,0.11257484025889374
rho0p7_seed03_width8_constant,0.7,3,8,constant,40,0.2763333333333333,0.9885,0.9526666666666667,0.01,0.11159677593509873
rho0p7_seed03_width8_constant,0.7,3,8,constant,60,0.27566666666666667,0.988,0.9536666666666667,0.01,0.1111098225388268
rho0p7_seed03_width8_constant,0.7,3,8,constant,80,0.2773333333333333,0.98675,0.9543333333333334,0.01,0.11083151963645033
rho0p7_seed03_width8_constant,0.7,3,8,constant,100,0.2733333333333333,0.9855,0.9533333333333334,0.01,0.11054589318718062
rho0p7_seed03_width8_constant,0.7,3,8,constant,120,0.2713333333333333,0.98625,0.9546666666666667,0.01,0.11027158169107973
rho0p7_seed03_width8_constant,0.7,3,8,constant,140,0.27466666666666667,0.986,0.9536666666666667,0.01,0.11003997604628935
rho0p7_seed03_width8_constant,0.7,3,8,constant,160,0.2783333333333333,0.98675,0.953,0.01,0.10982101422725443
rho0p7_seed03_width8_constant,0.7,3,8,constant,180,0.277,0.9845,0.9526666666666667,0.01,0.10958791404523335
rho0p7_seed03_width8_constant,0.7,3,8,constant,200,0.281,0.98325,0.9533333333333334,0.01,0.10933088531342136
rho0p7_seed03_width8_cosine,0.7,3,8,cosine,20,0.2743333333333333,0.9915,0.9536666666666667,0.009799079281818376,0.1125823613990709
rho0p7_seed03_width8_cosine,0.7,3,8,cosine,40,0.27666666666666667,0.9885,0.9533333333333334,0.009173690746364798,0.11160516566993178
rho0p7_seed03_width8_cosine,0.7,3,8,cosine,60,0.2763333333333333,0.988,0.9533333333333334,0.008185102697299853,0.11114754776857083
rho0p7_seed03_width8_cosine,0.7,3,8,cosine,80,0.2773333333333333,0.98675,0.9536666666666667,0.006931051913076572,0.1109159361193309
rho0p7_seed03_width8_cosine,0.7,3,8,cosine,100,0.2763333333333333,0.98525,0.9536666666666667,0.005535520151093711,0.11085868563761664
rho0p7_seed03_width8_cosine,0.7,3,8,cosine,120,0.2733333333333333,0.98625,0.9536666666666667,0.004136476688619072,0.1107066767527148
rho0p7_seed03_width8_cosine,0.7,3,8,cosine,140,0.277,0.9855,0.954,0.0028722379872641217,0.11057014933542542
rho0p7_seed03_width8_cosine,0.7,3,8,cosine,160,0.279,0.9855,0.9533333333333334,0.0018677930330710667,0.11047590298250957
rho0p7_seed03_width8_cosine,0.7,3,8,cosine,180,0.277,0.9855,0.954,0.0012224462977549774,0.11040102894823658
rho0p7_seed03_width8_cosine,0.7,3,8,cosine,200,0.278,0.98525,0.9533333333333334,0.001,0.11036517560553484
rho0p7_seed04_width512_constant,0.7,4,512,constant,20,0.248,0.9775,0.954,0.01,0.09886900410112567
rho0p7_seed04_width512_constant,0.7,4,512,constant,40,0.253,0.975,0.952,0.01,0.09979173263753667
rho0p7_seed04_width512_constant,0.7,4,512,constant,60,0.23933333333333334,0.9635,0.9516666666666667,0.01,0.09836046434364852
rho0p7_seed04_width512_constant,0.7,4,512,constant,80,0.244,0.9825,0.957,0.01,0.09478415739289107
rho0p7_seed04_width512_constant,0.7,4,512,constant,100,0.26166666666666666,0.97625,0.9556666666666667,0.01,0.0918326600580329
rho0p7_seed04_width512_constant,0.7,4,512,constant,120,0.24166666666666667,0.98075,0.9586666666666667,0.01,0.08994083486767997
rho0p7_seed04_width512_constant,0.7,4,512,constant,140,0.248,0.97025,0.953,0.01,0.0897295525036147
rho0p7_seed04_width512_constant,0.7,4,512,constant,160,0.23866666666666667,0.97575,0.9553333333333334,0.01,0.08890968871836158
rho0p7_seed04_width512_constant,0.7,4,512,constant,180,0.259,0.9755,0.957,0.01,0.08881756498898596
rho0p7_seed04_width512_constant,0.7,4,512,constant,200,0.2623333333333333,0.97275,0.954,0.01,0.08779748652099428
rho0p7_seed04_width512_cosine,0.7,4,512,cosine,20,0.24766666666666667,0.97775,0.954,0.009799079281818376,0.09885975840010436
rho0p7_seed04_width512_cosine,0.7,4,512,cosine,40,0.24933333333333332,0.977,0.9526666666666667,0.009173690746364798,0.09893119167768095
rho0p7_seed04_width512_cosine,0.7,4,512,cosine,60,0.24133333333333334,0.9665,0.9526666666666667,0.008185102697299853,0.09692525630217198
rho0p7_seed04_width512_cosine,0.7,4,512,cosine,80,0.24733333333333332,0.98275,0.9563333333333334,0.006931051913076572,0.09413863208115858
rho0p7_seed04_width512_cosine,0.7,4,512,cosine,100,0.25533333333333336,0.9795,0.9566666666666667,0.005535520151093711,0.09256730722221737
rho0p7_seed04_width512_cosine,0.7,4,512,cosine,120,0.24333333333333335,0.97925,0.9546666666666667,0.004136476688619072,0.09132775750263412
rho0p7_seed04_width512_cosine,0.7,4,512,cosine,140,0.245,0.97525,0.9526666666666667,0.0028722379872641217,0.09099089507018578
rho0p7_seed04_width512_cosine,0.7,4,512,cosine,160,0.24533333333333332,0.97675,0.9533333333333334,0.0018677930330710667,0.09034213532094618
rho0p7_seed04_width512_cosine,0.7,4,512,cosine,180,0.24866666666666667,0.977,0.9543333333333334,0.0012224462977549774,0.08997137907106392
rho0p7_seed04_width512_cosine,0.7,4,512,cosine,200,0.24566666666666667,0.9765,0.955,0.001,0.08982429379561681
rho0p7_seed04_width64_constant,0.7,4,64,constant,20,0.257,0.985,0.9556666666666667,0.01,0.10143988567964998
rho0p7_seed04_width64_constant,0.7,4,64,constant,40,0.253,0.98675,0.9563333333333334,0.01,0.09948698703278447
rho0p7_seed04_width64_constant,0.7,4,64,constant,60,0.254,0.98675,0.9546666666666667,0.01,0.09827548555810907
rho0p7_seed04_width64_constant,0.7,4,64,constant,80,0.25333333333333335,0.98825,0.9553333333333334,0.01,0.09716319300657615
rho0p7_seed04_width64_constant,0.7,4,64,constant,100,0.254,0.987,0.955,0.01,0.09653552126615007
rho0p7_seed04_width64_constant,0.7,4,64,constant,120,0.24833333333333332,0.98675,0.9553333333333334,0.01,0.09591721919214925
rho0p7_seed04_width64_constant,0.7,4,64,constant,140,0.253,0.9835,0.9536666666666667,0.01,0.09551481219898146
rho0p7_seed04_width64_constant,0.7,4,64,constant,160,0.24966666666666668,0.98175,0.9546666666666667,0.01,0.09518659376249075
rho0p7_seed04_width64_constant,0.7,4,64,constant,180,0.25166666666666665,0.9855,0.9546666666666667,0.01,0.09440906178444752
rho0p7_seed04_width64_constant,0.7,4,64,constant,200,0.24866666666666667,0.982,0.955,0.01,0.09428668081653947
rho0p7_seed04_width64_cosine,0.7,4,64,cosine,20,0.25733333333333336,0.98525,0.9556666666666667,0.009799079281818376,0.10145754352152483
rho0p7_seed04_width64_cosine,0.7,4,64,cosine,40,0.25266666666666665,0.98725,0.9556666666666667,0.009173690746364798,0.09956121438220353
rho0p7_seed04_width64_cosine,0.7,4,64,cosine,60,0.25466666666666665,0.988,0.955,0.008185102697299853,0.09838220256197884
rho0p7_seed04_width64_cosine,0.7,4,64,cosine,80,0.25333333333333335,0.9885,0.956,0.006931051913076572,0.09759100846150082
rho0p7_seed04_width64_cosine,0.7,4,64,cosine,100,0.25366666666666665,0.9885,0.9556666666666667,0.005535520151093711,0.09704565675465028
rho0p7_seed04_width64_cosine,0.7,4,64,cosine,120,0.24966666666666668,0.988,0.9553333333333334,0.004136476688619072,0.09664908440735927
rho0p7_seed04_width64_cosine,0.7,4,64,cosine,140,0.25166666666666665,0.9875,0.955,0.0028722379872641217,0.09638619991546697
rho0p7_seed04_width64_cosine,0.7,4,64,cosine,160,0.25,0.9875,0.9553333333333334,0.0018677930330710667,0.09622529607965173
rho0p7_seed04_width64_cosine,0.7,4,64,cosine,180,0.24933333333333332,0.9875,0.9553333333333334,0.0012224462977549774,0.09612566104495308
rho0p7_seed04_width64_cosine,0.7,4,64,cosine,200,0.25066666666666665,0.988,0.9556666666666667,0.001,0.09605138884264834
rho0p7_seed04_width8_constant,0.7,4,8,constant,20,0.258,0.974,0.9486666666666667,0.01,0.10625421252071082
rho0p7_seed04_width8_constant,0.7,4,8,constant,40,0.25566666666666665,0.9795,0.9506666666666667,0.01,0.1044796327181042
rho0p7_seed04_width8_constant,0.7,4,8,constant,60,0.25233333333333335,0.98225,0.9523333333333334,0.01,0.10355719649928251
rho0p7_seed04_width8_constant,0.7,4,8,constant,80,0.249,0.98175,0.952,0.01,0.10318658572783118
rho0p7_seed04_width8_constant,0.7,4,8,constant,100,0.25233333333333335,0.9805,0.953,0.01,0.10304908101335641
rho0p7_seed04_width8_constant,0.7,4,8,constant,120,0.24733333333333332,0.982,0.952,0.01,0.10291302720040375
rho0p7_seed04_width8_constant,0.7,4,8,constant,140,0.24933333333333332,0.98075,0.9536666666666667,0.01,0.10275804827891168
rho0p7_seed04_width8_constant,0.7,4,8,constant,160,0.249,0.979,0.953,0.01,0.10257690316297617
rho0p7_seed04_width8_constant,0.7,4,8,constant,180,0.25,0.98025,0.954,0.01,0.10219102860074201
rho0p7_seed04_width8_constant,0.7,4,8,constant,200,0.24733333333333332,0.97975,0.954,0.01,0.10202167255477643
rho0p7_seed04_width8_cosine,0.7,4,8,cosine,20,0.25833333333333336,0.974,0.9486666666666667,0.009799079281818376,0.10627560800383372
rho0p7_seed04_width8_cosine,0.7,4,8,cosine,40,0.25633333333333336,0.9795,0.9506666666666667,0.009173690746364798,0.10454278518738727
rho0p7_seed04_width8_cosine,0.7,4,8,cosine,60,0.25466666666666665,0.9825,0.9516666666666667,0.008185102697299853,0.10369810463926651
rho0p7_seed04_width8_cosine,0.7,4,8,cosine,80,0.251,0.9815,0.9523333333333334,0.006931051913076572,0.10328234073323818
rho0p7_seed04_width8_cosine,0.7,4,8,cosine,100,0.24933333333333332,0.9815,0.953,0.005535520151093711,0.10315051462659039
rho0p7_seed04_width8_cosine,0.7,4,8,cosine,120,0.24833333333333332,0.9805,0.9523333333333334,0.004136476688619072,0.1030710424777996
rho0p7_seed04_width8_cosine,0.7,4,8,cosine,140,0.25033333333333335,0.98,0.953,0.0028722379872641217,0.10302078333653385
rho0p7_seed04_width8_cosine,0.7,4,8,cosine,160,0.25033333333333335,0.98025,0.9533333333333334,0.0018677930330710667,0.1029852687534606
rho0p7_seed04_width8_cosine,0.7,4,8,cosine,180,0.24933333333333332,0.9805,0.9526666666666667,0.0012224462977549774,0.10295827086621508
rho0p7_seed04_width8_cosine,0.7,4,8,cosine,200,0.24933333333333332,0.98175,0.953,0.001,0.10294170964292598
rho0p7_seed05_width512_constant,0.7,5,512,constant,20,0.24333333333333335,0.98875,0.9533333333333334,0.01,0.11559672130988947
rho0p7_seed05_width512_constant,0.7,5,512,constant,40,0.23833333333333334,0.97175,0.9516666666666667,0.01,0.11460235228745409
rho0p7_seed05_width512_constant,0.7,5,512,constant,60,0.226,0.97875,0.9486666666666667,0.01,0.1113082866384314
rho0p7_seed05_width512_constant,0.7,5,512,constant,80,0.23833333333333334,0.97725,0.95,0.01,0.11232038749956537
rho0p7_seed05_width512_constant,0.7,5,512,constant,100,0.226,0.97,0.95,0.01,0.10883601543869523
rho0p7_seed05_width512_constant,0.7,5,512,constant,120,0.231,0.9815,0.9493333333333334,0.01,0.1046587097285901
rho0p7_seed05_width512_constant,0.7,5,512,constant,140,0.258,0.97175,0.9483333333333334,0.01,0.10704417347484886
rho0p7_seed05_width512_constant,0.7,5,512,constant,160,0.23733333333333334,0.97325,0.9493333333333334,0.01,0.10566791971910171
rho0p7_seed05_width512_constant,0.7,5,512,constant,180,0.25233333333333335,0.96625,0.9506666666666667,0.01,0.10238471870985547
rho0p7_seed05_width512_constant,0.7,5,512,constant,200,0.25,0.966,0.9526666666666667,0.01,0.09923098711635278
rho0p7_seed05_width512_cosine,0.7,5,512,cosine,20,0.24466666666666667,0.98875,0.9526666666666667,0.009799079281818376,0.1154355782133884
rho0p7_seed05_width512_cosine,0.7,5,512,cosine,40,0.24166666666666667,0.97225,0.9526666666666667,0.009173690746364798,0.11444479942043542
rho0p7_seed05_width512_cosine,0.7,5,512,cosine,60,0.22566666666666665,0.97925,0.9493333333333334,0.008185102697299853,0.11166155147929674
rho0p7_seed05_width512_cosine,0.7,5,512,cosine,80,0.24433333333333335,0.97625,0.9506666666666667,0.006931051913076572,0.1116766800205332
rho0p7_seed05_width512_cosine,0.7,5,512,cosine,100,0.246,0.9775,0.9513333333333334,0.005535520151093711,0.10767492674019943
rho0p7_seed05_width512_cosine,0.7,5,512,cosine,120,0.24566666666666667,0.98275,0.951,0.004136476688619072,0.10625205608413185
rho0p7_seed05_width512_cosine,0.7,5,512,cosine,140,0.25533333333333336,0.97975,0.9496666666666667,0.0028722379872641217,0.10633459860134381
rho0p7_seed05_width512_cosine,0.7,5,512,cosine,160,0.24633333333333332,0.9795,0.9523333333333334,0.0018677930330710667,0.1050805671302953
rho0p7_seed05_width512_cosine,0.7,5,512,cosine,180,0.249,0.97975,0.9523333333333334,0.0012224462977549774,0.10486152045994362
rho0p7_seed05_width512_cosine,0.7,5,512,cosine,200,0.24766666666666667,0.97825,0.9513333333333334,0.001,0.1046239214953577
rho0p7_seed05_width64_constant,0.7,5,64,constant,20,0.26066666666666666,0.985,0.95,0.01,0.11654944323552281
rho0p7_seed05_width64_constant,0.7,5,64,constant,40,0.256,0.973,0.951,0.01,0.11502383933163306
rho0p7_seed05_width64_constant,0.7,5,64,constant,60,0.25133333333333335,0.97825,0.9516666666666667,0.01,0.11348387432636152
rho0p7_seed05_width64_constant,0.7,5,64,constant,80,0.25233333333333335,0.976,0.9513333333333334,0.01,0.11295678350073284
rho0p7_seed05_width64_constant,0.7,5,64,constant,100,0.257,0.97375,0.9523333333333334,0.01,0.11201201267274878
rho0p7_seed05_width64_constant,0.7,5,64,constant,120,0.251,0.979,0.9523333333333334,0.01,0.11098415748059731
rho0p7_seed05_width64_constant,0.7,5,64,constant,140,0.254,0.98125,0.95,0.01,0.11040830213661988
rho0p7_seed05_width64_constant,0.7,5,64,constant,160,0.24833333333333332,0.982,0.9526666666666667,0.01,0.10952775013673995
rho0p7_seed05_width64_constant,0.7,5,64,constant,180,0.25066666666666665,0.98125,0.95,0.01,0.10916136280433861
rho0p7_seed05_width64_constant,0.7,5,64,constant,200,0.24766666666666667,0.97525,0.9516666666666667,0.01,0.108484540949507
rho0p7_seed05_width64_cosine,0.7,5,64,cosine,20,0.26066666666666666,0.985,0.95,0.009799079281818376,0.11656185155397841
rho0p7_seed05_width64_cosine,0.7,5,64,cosine,40,0.25566666666666665,0.9735,0.9516666666666667,0.009173690746364798,0.11498203301329797
rho0p7_seed05_width64_cosine,0.7,5,64,cosine,60,0.252,0.97775,0.952,0.008185102697299853,0.11363888620465135
rho0p7_seed05_width64_cosine,0.7,5,64,cosine,80,0.25333333333333335,0.97625,0.9526666666666667,0.006931051913076572,0.11297030521571401
rho0p7_seed05_width64_cosine,0.7,5,64,cosine,100,0.255,0.97775,0.9526666666666667,0.005535520151093711,0.11236702689409608
rho0p7_seed05_width64_cosine,0.7,5,64,cosine,120,0.25266666666666665,0.981,0.9523333333333334,0.004136476688619072,0.11183281781557153
rho0p7_seed05_width64_cosine,0.7,5,64,cosine,140,0.251,0.98075,0.9516666666666667,0.0028722379872641217,0.11153547198973074
rho0p7_seed05_width64_cosine,0.7,5,64,cosine,160,0.25233333333333335,0.97975,0.952,0.0018677930330710667,0.11133652165726467
rho0p7_seed05_width64_cosine,0.7,5,64,cosine,180,0.25266666666666665,0.97975,0.9516666666666667,0.0012224462977549774,0.1112242048042601
rho0p7_seed05_width64_cosine,0.7,5,64,cosine,200,0.25166666666666665,0.97975,0.952,0.001,0.11114667140134782
rho0p7_seed05_width8_constant,0.7,5,8,constant,20,0.26066666666666666,0.99025,0.951,0.01,0.11972949820298955
rho0p7_seed05_width8_constant,0.7,5,8,constant,40,0.26266666666666666,0.98825,0.9503333333333334,0.01,0.11897605892004276
rho0p7_seed05_width8_constant,0.7,5,8,constant,60,0.25933333333333336,0.991,0.9503333333333334,0.01,0.11823747178110443
rho0p7_seed05_width8_constant,0.7,5,8,constant,80,0.262,0.989,0.9513333333333334,0.01,0.1178982949728495
rho0p7_seed05_width8_constant,0.7,5,8,constant,100,0.264,0.98925,0.951,0.01,0.11756245422284735
rho0p7_seed05_width8_constant,0.7,5,8,constant,120,0.264,0.9875,0.9516666666666667,0.01,0.11725788658366983
rho0p7_seed05_width8_constant,0.7,5,8,constant,140,0.25966666666666666,0.9895,0.9516666666666667,0.01,0.11708809450625031
rho0p7_seed05_width8_constant,0.7,5,8,constant,160,0.25833333333333336,0.986,0.9516666666666667,0.01,0.11693379543291214
rho0p7_seed05_width8_constant,0.7,5,8,constant,180,0.2613333333333333,0.987,0.952,0.01,0.11696350899827494
rho0p7_seed05_width8_constant,0.7,5,8,constant,200,0.26033333333333336,0.9825,0.9513333333333334,0.01,0.11681078986139164
rho0p7_seed05_width8_cosine,0.7,5,8,cosine,20,0.26066666666666666,0.9905,0.951,0.009799079281818376,0.11973311583752211
rho0p7_seed05_width8_cosine,0.7,5,8,cosine,40,0.26366666666666666,0.9895,0.95,0.009173690746364798,0.11897621687228356
rho0p7_seed05_width8_cosine,0.7,5,8,cosine,60,0.261,0.99,0.9503333333333334,0.008185102697299853,0.11839806878337508
rho0p7_seed05_width8_cosine,0.7,5,8,cosine,80,0.26166666666666666,0.9905,0.9503333333333334,0.006931051913076572,0.11789661403003088
rho0p7_seed05_width8_cosine,0.7,5,8,cosine,100,0.264,0.993,0.9513333333333334,0.005535520151093711,0.11766169372751552
rho0p7_seed05_width8_cosine,0.7,5,8,cosine,120,0.26166666666666666,0.9905,0.9503333333333334,0.004136476688619072,0.1174861888779154
rho0p7_seed05_width8_cosine,0.7,5,8,cosine,140,0.26,0.992,0.951,0.0028722379872641217,0.11738522975411202
rho0p7_seed05_width8_cosine,0.7,5,8,cosine,160,0.26,0.99075,0.951,0.0018677930330710667,0.11732837061569099
rho0p7_seed05_width8_cosine,0.7,5,8,cosine,180,0.26,0.992,0.9513333333333334,0.0012224462977549774,0.11729447616501411
rho0p7_seed05_width8_cosine,0.7,5,8,cosine,200,0.26,0.99,0.951,0.001,0.11727348031974343
rho0p7_seed06_width512_constant,0.7,6,512,constant,20,0.282,0.9665,0.954,0.01,0.11445569048498636
rho0p7_seed06_width512_constant,0.7,6,512,constant,40,0.30666666666666664,0.965,0.955,0.01,0.10537909750666435
rho0p7_seed06_width512_constant,0.7,6,512,constant,60,0.272,0.96575,0.957,0.01,0.1044879694609567
rho0p7_seed06_width512_constant,0.7,6,512,constant,80,0.28933333333333333,0.9795,0.9556666666666667,0.01,0.09958141291294545
rho0p7_seed06_width512_constant,0.7,6,512,constant,100,0.283,0.98025,0.955,0.01,0.09810908050224953
rho0p7_seed06_width512_constant,0.7,6,512,constant,120,0.2916666666666667,0.9735,0.957,0.01,0.0960418220643527
rho0p7_seed06_width512_constant,0.7,6,512,constant,140,0.2976666666666667,0.9665,0.956,0.01,0.09472487611946233
rho0p7_seed06_width512_constant,0.7,6,512,constant,160,0.2843333333333333,0.97475,0.9546666666666667,0.01,0.09563783994646337
rho0p7_seed06_width512_constant,0.7,6,512,constant,180,0.273,0.9485,0.954,0.01,0.09958018993990111
rho0p7_seed06_width512_constant,0.7,6,512,constant,200,0.29933333333333334,0.97125,0.9563333333333334,0.01,0.08904266802705903
rho0p7_seed06_width512_cosine,0.7,6,512,cosine,20,0.2843333333333333,0.96725,0.955,0.009799079281818376,0.11415315996679824
rho0p7_seed06_width512_cosine,0.7,6,512,cosine,40,0.30433333333333334,0.96625,0.9566666666666667,0.009173690746364798,0.10487458714326808
rho0p7_seed06_width512_cosine,0.7,6,512,cosine,60,0.27466666666666667,0.9665,0.956,0.008185102697299853,0.10454327183378725
rho0p7_seed06_width512_cosine,0.7,6,512,cosine,80,0.2856666666666667,0.97675,0.956,0.006931051913076572,0.09973025390968916
rho0p7_seed06_width512_cosine,0.7,6,512,cosine,100,0.2856666666666667,0.98075,0.9553333333333334,0.005535520151093711,0.09849376292030788
rho0p7_seed06_width512_cosine,0.7,6,512,cosine,120,0.2846666666666667,0.97425,0.9576666666666667,0.004136476688619072,0.09660694430388905
rho0p7_seed06_width512_cosine,0.7,6,512,cosine,140,0.28933333333333333,0.974,0.9576666666666667,0.0028722379872641217,0.0962315088645946
rho0p7_seed06_width512_cosine,0.7,6,512,cosine,160,0.2853333333333333,0.9755,0.957,0.0018677930330710667,0.09573734567254918
rho0p7_seed06_width512_cosine,0.7,6,512,cosine,180,0.2853333333333333,0.97475,0.9576666666666667,0.0012224462977549774,0.09531047445928992
rho0p7_seed06_width512_cosine,0.7,6,512,cosine,200,0.2856666666666667,0.9745,0.9563333333333334,0.001,0.09514450141273348
rho0p7_seed06_width64_constant,0.7,6,64,constant,20,0.297,0.982,0.957,0.01,0.10700445042514448
rho0p7_seed06_width64_constant,0.7,6,64,constant,40,0.2966666666666667,0.98075,0.9566666666666667,0.01,0.10445705528908476
rho0p7_seed06_width64_constant,0.7,6,64,constant,60,0.2916666666666667,0.97975,0.956,0.01,0.10339664233067851
rho0p7_seed06_width64_constant,0.7,6,64,constant,80,0.288,0.9795,0.9563333333333334,0.01,0.10225616508474507
rho0p7_seed06_width64_constant,0.7,6,64,constant,100,0.29,0.98225,0.9573333333333334,0.01,0.10129048323745075
rho0p7_seed06_width64_constant,0.7,6,64,constant,120,0.28633333333333333,0.9785,0.9573333333333334,0.01,0.10066003384597778
rho0p7_seed06_width64_constant,0.7,6,64,constant,140,0.292,0.97975,0.9576666666666667,0.01,0.09972888815951299
rho0p7_seed06_width64_constant,0.7,6,64,constant,160,0.29333333333333333,0.982,0.9573333333333334,0.01,0.09926828019112972
rho0p7_seed06_width64_constant,0.7,6,64,constant,180,0.2906666666666667,0.97725,0.9576666666666667,0.01,0.09870913039538468
rho0p7_seed06_width64_constant,0.7,6,64,constant,200,0.2886666666666667,0.9745,0.9576666666666667,0.01,0.09782796370582603
rho0p7_seed06_width64_cosine,0.7,6,64,cosine,20,0.29733333333333334,0.9825,0.957,0.009799079281818376,0.10700696694151357
rho0p7_seed06_width64_cosine,0.7,6,64,cosine,40,0.2966666666666667,0.9815,0.9566666666666667,0.009173690746364798,0.10455821966327519
rho0p7_seed06_width64_cosine,0.7,6,64,cosine,60,0.29233333333333333,0.9805,0.956,0.008185102697299853,0.10341019958770555
rho0p7_seed06_width64_cosine,0.7,6,64,cosine,80,0.29,0.9815,0.9566666666666667,0.006931051913076572,0.1024231115554579
rho0p7_seed06_width64_cosine,0.7,6,64,cosine,100,0.2916666666666667,0.98125,0.9576666666666667,0.005535520151093711,0.10173493430378468
rho0p7_seed06_width64_cosine,0.7,6,64,cosine,120,0.2896666666666667,0.97975,0.9573333333333334,0.004136476688619072,0.10138603933478907
rho0p7_seed06_width64_cosine,0.7,6,64,cosine,140,0.29433333333333334,0.9805,0.957,0.0028722379872641217,0.10108011195806964
rho0p7_seed06_width64_cosine,0.7,6,64,cosine,160,0.2916666666666667,0.9815,0.9576666666666667,0.0018677930330710667,0.10094701483471048
rho0p7_seed06_width64_cosine,0.7,6,64,cosine,180,0.29433333333333334,0.9805,0.9576666666666667,0.0012224462977549774,0.10082748273541565
rho0p7_seed06_width64_cosine,0.7,6,64,cosine,200,0.2916666666666667,0.9805,0.9576666666666667,0.001,0.1007609377365315
rho0p7_seed06_width8_constant,0.7,6,8,constant,20,0.291,0.98875,0.9553333333333334,0.01,0.10943083196434636
rho0p7_seed06_width8_constant,0.7,6,8,constant,40,0.29033333333333333,0.98775,0.9563333333333334,0.01,0.10759037327950377
rho0p7_seed06_width8_constant,0.7,6,8,constant,60,0.29,0.98675,0.9573333333333334,0.01,0.1071664173015382
rho0p7_seed06_width8_constant,0.7,6,8,constant,80,0.289,0.98725,0.957,0.01,0.10696887057734146
rho0p7_seed06_width8_constant,0.7,6,8,constant,100,0.2916666666666667,0.98575,0.9566666666666667,0.01,0.10672520674728575
rho0p7_seed06_width8_constant,0.7,6,8,constant,120,0.291,0.98775,0.9566666666666667,0.01,0.1066181037201764
rho0p7_seed06_width8_constant,0.7,6,8,constant,140,0.293,0.9875,0.957,0.01,0.1064487000250504
rho0p7_seed06_width8_constant,0.7,6,8,constant,160,0.2926666666666667,0.98625,0.9566666666666667,0.01,0.10643401947346001
rho0p7_seed06_width8_constant,0.7,6,8,constant,180,0.29233333333333333,0.9865,0.9566666666666667,0.01,0.1063031016428918
rho0p7_seed06_width8_constant,0.7,6,8,constant,200,0.29133333333333333,0.9855,0.956,0.01,0.10635480783118041
rho0p7_seed06_width8_cosine,0.7,6,8,cosine,20,0.291,0.98875,0.9553333333333334,0.009799079281818376,0.10945618271506415
rho0p7_seed06_width8_cosine,0.7,6,8,cosine,40,0.29033333333333333,0.988,0.9563333333333334,0.009173690746364798,0.10762200417042786
rho0p7_seed06_width8_cosine,0.7,6,8,cosine,60,0.29033333333333333,0.98625,0.957,0.008185102697299853,0.10719922215047481
rho0p7_seed06_width8_cosine,0.7,6,8,cosine,80,0.2886666666666667,0.98675,0.9576666666666667,0.006931051913076572,0.1070302618636625
rho0p7_seed06_width8_cosine,0.7,6,8,cosine,100,0.293,0.98575,0.9573333333333334,0.005535520151093711,0.10690288693151852
rho0p7_seed06_width8_cosine,0.7,6,8,cosine,120,0.29133333333333333,0.9865,0.957,0.004136476688619072,0.10679703732722651
rho0p7_seed06_width8_cosine,0.7,6,8,cosine,140,0.2916666666666667,0.9865,0.957,0.0028722379872641217,0.10671412627024597
rho0p7_seed06_width8_cosine,0.7,6,8,cosine,160,0.29133333333333333,0.98625,0.9573333333333334,0.0018677930330710667,0.10667724355545943
rho0p7_seed06_width8_cosine,0.7,6,8,cosine,180,0.2916666666666667,0.986,0.957,0.0012224462977549774,0.10664472613046776
rho0p7_seed06_width8_cosine,0.7,6,8,cosine,200,0.29133333333333333,0.9855,0.9566666666666667,0.001,0.10663190536446347
rho0p7_seed07_width512_constant,0.7,7,512,constant,20,0.253,0.989,0.9553333333333334,0.01,0.10563481010145247
rho0p7_seed07_width512_constant,0.7,7,512,constant,40,0.264,0.98575,0.9566666666666667,0.01,0.10385495670050568
rho0p7_seed07_width512_constant,0.7,7,512,constant,60,0.2623333333333333,0.97925,0.9563333333333334,0.01,0.10678856157513969
rho0p7_seed07_width512_constant,0.7,7,512,constant,80,0.26166666666666666,0.97725,0.9563333333333334,0.01,0.10274393738307949
rho0p7_seed07_width512_constant,0.7,7,512,constant,100,0.242,0.98675,0.9563333333333334,0.01,0.10228324604772085
rho0p7_seed07_width512_constant,0.7,7,512,constant,120,0.24466666666666667,0.9745,0.9543333333333334,0.01,0.09958719967010056
rho0p7_seed07_width512_constant,0.7,7,512,constant,140,0.274,0.981,0.9553333333333334,0.01,0.09847476475389594
rho0p7_seed07_width512_constant,0.7,7,512,constant,160,0.249,0.97375,0.9543333333333334,0.01,0.0943965855432926
rho0p7_seed07_width512_constant,0.7,7,512,constant,180,0.281,0.9785,0.9566666666666667,0.01,0.09457581299544388
rho0p7_seed07_width512_constant,0.7,7,512,constant,200,0.269,0.9745,0.953,0.01,0.09270657602220522
rho0p7_seed07_width512_cosine,0.7,7,512,cosine,20,0.254,0.98875,0.9553333333333334,0.009799079281818376,0.10565066916985327
rho0p7_seed07_width512_cosine,0.7,7,512,cosine,40,0.263,0.98225,0.956,0.009173690746364798,0.10418569168162019
rho0p7_seed07_width512_cosine,0.7,7,512,cosine,60,0.268,0.98225,0.957,0.008185102697299853,0.10449197760283664
rho0p7_seed07_width512_cosine,0.7,7,512,cosine,80,0.26,0.9775,0.957,0.006931051913076572,0.10252004495818515
rho0p7_seed07_width512_cosine,0.7,7,512,cosine,100,0.25133333333333335,0.98775,0.958,0.005535520151093711,0.10127469921618087
rho0p7_seed07_width512_cosine,0.7,7,512,cosine,120,0.25833333333333336,0.98175,0.957,0.004136476688619072,0.09890056191776615
rho0p7_seed07_width512_cosine,0.7,7,512,cosine,140,0.26166666666666666,0.98175,0.9566666666666667,0.0028722379872641217,0.09807031972278976
rho0p7_seed07_width512_cosine,0.7,7,512,cosine,160,0.26066666666666666,0.981,0.956,0.0018677930330710667,0.09706363305846094
rho0p7_seed07_width512_cosine,0.7,7,512,cosine,180,0.266,0.98275,0.958,0.0012224462977549774,0.09681553941693048
rho0p7_seed07_width512_cosine,0.7,7,512,cosine,200,0.25966666666666666,0.98075,0.956,0.001,0.09663806130692669
rho0p7_seed07_width64_constant,0.7,7,64,constant,20,0.25733333333333336,0.9925,0.955,0.01,0.10686985896293076
rho0p7_seed07_width64_constant,0.7,7,64,constant,40,0.25366666666666665,0.9935,0.9553333333333334,0.01,0.10539758190247155
rho0p7_seed07_width64_constant,0.7,7,64,constant,60,0.258,0.99475,0.9553333333333334,0.01,0.1046463945282232
rho0p7_seed07_width64_constant,0.7,7,64,constant,80,0.25833333333333336,0.993,0.9553333333333334,0.01,0.10402300928926388
rho0p7_seed07_width64_constant,0.7,7,64,constant,100,0.25566666666666665,0.99325,0.9553333333333334,0.01,0.10351649632853974
rho0p7_seed07_width64_constant,0.7,7,64,constant,120,0.25366666666666665,0.99125,0.9553333333333334,0.01,0.10309358698452152
rho0p7_seed07_width64_constant,0.7,7,64,constant,140,0.25766666666666665,0.99225,0.9543333333333334,0.01,0.10283744615850524
rho0p7_seed07_width64_constant,0.7,7,64,constant,160,0.25366666666666665,0.989,0.9546666666666667,0.01,0.10225922917590309
rho0p7_seed07_width64_constant,0.7,7,64,constant,180,0.262,0.991,0.954,0.01,0.10207933646964175
rho0p7_seed07_width64_constant,0.7,7,64,constant,200,0.251,0.9885,0.9553333333333334,0.01,0.10189812619637023
rho0p7_seed07_width64_cosine,0.7,7,64,cosine,20,0.25733333333333336,0.9925,0.955,0.009799079281818376,0.10687320858349128
rho0p7_seed07_width64_cosine,0.7,7,64,cosine,40,0.25333333333333335,0.9935,0.9553333333333334,0.009173690746364798,0.1054447717050331
rho0p7_seed07_width64_cosine,0.7,7,64,cosine,60,0.257,0.995,0.956,0.008185102697299853,0.10473269912762749
rho0p7_seed07_width64_cosine,0.7,7,64,cosine,80,0.25866666666666666,0.9935,0.9556666666666667,0.006931051913076572,0.10425121268848486
rho0p7_seed07_width64_cosine,0.7,7,64,cosine,100,0.255,0.99275,0.9556666666666667,0.005535520151093711,0.10388500906075014
rho0p7_seed07_width64_cosine,0.7,7,64,cosine,120,0.25466666666666665,0.99275,0.9556666666666667,0.004136476688619072,0.10363753575311484
rho0p7_seed07_width64_cosine,0.7,7,64,cosine,140,0.25666666666666665,0.99275,0.9553333333333334,0.0028722379872641217,0.10348773412741476
rho0p7_seed07_width64_cosine,0.7,7,64,cosine,160,0.25566666666666665,0.99275,0.9553333333333334,0.0018677930330710667,0.10336187709590827
rho0p7_seed07_width64_cosine,0.7,7,64,cosine,180,0.257,0.99325,0.9553333333333334,0.0012224462977549774,0.10328900667000972
rho0p7_seed07_width64_cosine,0.7,7,64,cosine,200,0.25566666666666665,0.993,0.955,0.001,0.10323316548453529
rho0p7_seed07_width8_constant,0.7,7,8,constant,20,0.2673333333333333,0.98725,0.9573333333333334,0.01,0.10925142082550506
rho0p7_seed07_width8_constant,0.7,7,8,constant,40,0.26566666666666666,0.988,0.956,0.01,0.10830570186541984
rho0p7_seed07_width8_constant,0.7,7,8,constant,60,0.26766666666666666,0.98925,0.9566666666666667,0.01,0.10790803910689224
rho0p7_seed07_width8_constant,0.7,7,8,constant,80,0.2653333333333333,0.9895,0.9566666666666667,0.01,0.10756094440081956
rho0p7_seed07_width8_constant,0.7,7,8,constant,100,0.26266666666666666,0.9895,0.9573333333333334,0.01,0.1072282059156243
rho0p7_seed07_width8_constant,0.7,7,8,constant,120,0.261,0.98925,0.9566666666666667,0.01,0.1069888808027049
rho0p7_seed07_width8_constant,0.7,7,8,constant,140,0.26,0.989,0.957,0.01,0.10681717738437364
rho0p7_seed07_width8_constant,0.7,7,8,constant,160,0.255,0.9885,0.956,0.01,0.10664934813416792
rho0p7_seed07_width8_constant,0.7,7,8,constant,180,0.2643333333333333,0.99,0.9566666666666667,0.01,0.10657881776294963
rho0p7_seed07_width8_constant,0.7,7,8,constant,200,0.25866666666666666,0.989,0.9573333333333334,0.01,0.10643291456054803
rho0p7_seed07_width8_cosine,0.7,7,8,cosine,20,0.2673333333333333,0.98725,0.9573333333333334,0.009799079281818376,0.10925471587932675
rho0p7_seed07_width8_cosine,0.7,7,8,cosine,40,0.26566666666666666,0.9885,0.9563333333333334,0.009173690746364798,0.10832799634142512
rho0p7_seed07_width8_cosine,0.7,7,8,cosine,60,0.26866666666666666,0.99,0.957,0.008185102697299853,0.10797284788655279
rho0p7_seed07_width8_cosine,0.7,7,8,cosine,80,0.26566666666666666,0.98975,0.9566666666666667,0.006931051913076572,0.10772539793595319
rho0p7_seed07_width8_cosine,0.7,7,8,cosine,100,0.263,0.98875,0.9566666666666667,0.005535520151093711,0.1074970169579941
rho0p7_seed07_width8_cosine,0.7,7,8,cosine,120,0.2623333333333333,0.989,0.9566666666666667,0.004136476688619072,0.10730942430295937
rho0p7_seed07_width8_cosine,0.7,7,8,cosine,140,0.26266666666666666,0.99,0.957,0.0028722379872641217,0.10721088982653537
rho0p7_seed07_width8_cosine,0.7,7,8,cosine,160,0.264,0.99025,0.9573333333333334,0.0018677930330710667,0.10715562617643046
rho0p7_seed07_width8_cosine,0.7,7,8,cosine,180,0.263,0.99,0.9566666666666667,0.0012224462977549774,0.10711708918910415
rho0p7_seed07_width8_cosine,0.7,7,8,cosine,200,0.2623333333333333,0.98975,0.9573333333333334,0.001,0.10709044508910691
rho0p7_seed08_width512_constant,0.7,8,512,constant,20,0.24633333333333332,0.98125,0.957,0.01,0.11482176329614945
rho0p7_seed08_width512_constant,0.7,8,512,constant,40,0.254,0.98375,0.9593333333333334,0.01,0.11124531126306622
rho0p7_seed08_width512_constant,0.7,8,512,constant,60,0.238,0.97825,0.958,0.01,0.1079733685027667
rho0p7_seed08_width512_constant,0.7,8,512,constant,80,0.221,0.9705,0.953,0.01,0.11318358865194218
rho0p7_seed08_width512_constant,0.7,8,512,constant,100,0.255,0.97,0.9553333333333334,0.01,0.10849496000041259
rho0p7_seed08_width512_constant,0.7,8,512,constant,120,0.248,0.9775,0.9573333333333334,0.01,0.1034899115447682
rho0p7_seed08_width512_constant,0.7,8,512,constant,140,0.257,0.96125,0.955,0.01,0.10460251433611467
rho0p7_seed08_width512_constant,0.7,8,512,constant,160,0.25766666666666665,0.98025,0.958,0.01,0.10029488434654135
rho0p7_seed08_width512_constant,0.7,8,512,constant,180,0.23766666666666666,0.97675,0.9563333333333334,0.01,0.09859875117227612
rho0p7_seed08_width512_constant,0.7,8,512,constant,200,0.25733333333333336,0.97475,0.9566666666666667,0.01,0.09857490069980135
rho0p7_seed08_width512_cosine,0.7,8,512,cosine,20,0.24433333333333335,0.98125,0.9566666666666667,0.009799079281818376,0.11493896721624697
rho0p7_seed08_width512_cosine,0.7,8,512,cosine,40,0.25233333333333335,0.98325,0.9593333333333334,0.009173690746364798,0.11172571118182825
rho0p7_seed08_width512_cosine,0.7,8,512,cosine,60,0.23966666666666667,0.98025,0.9576666666666667,0.008185102697299853,0.10805972666207604
rho0p7_seed08_width512_cosine,0.7,8,512,cosine,80,0.22733333333333333,0.973,0.954,0.006931051913076572,0.11124262913497569
rho0p7_seed08_width512_cosine,0.7,8,512,cosine,100,0.24833333333333332,0.97675,0.957,0.005535520151093711,0.10606576458164407
rho0p7_seed08_width512_cosine,0.7,8,512,cosine,120,0.24766666666666667,0.97575,0.9573333333333334,0.004136476688619072,0.10573144032086493
rho0p7_seed08_width512_cosine,0.7,8,512,cosine,140,0.25233333333333335,0.974,0.9576666666666667,0.0028722379872641217,0.10499221664967791
rho0p7_seed08_width512_cosine,0.7,8,512,cosine,160,0.25166666666666665,0.97875,0.9576666666666667,0.0018677930330710667,0.10302975554069117
rho0p7_seed08_width512_cosine,0.7,8,512,cosine,180,0.249,0.98025,0.957,0.0012224462977549774,0.10281731885091222
rho0p7_seed08_width512_cosine,0.7,8,512,cosine,200,0.24266666666666667,0.9825,0.957,0.001,0.10278822773384363
rho0p7_seed08_width64_constant,0.7,8,64,constant,20,0.25533333333333336,0.98075,0.9586666666666667,0.01,0.11270988138377347
rho0p7_seed08_width64_constant,0.7,8,64,constant,40,0.25466666666666665,0.9765,0.9573333333333334,0.01,0.11169776793034367
rho0p7_seed08_width64_constant,0.7,8,64,constant,60,0.248,0.9815,0.9576666666666667,0.01,0.11041719660261183
rho0p7_seed08_width64_constant,0.7,8,64,constant,80,0.25166666666666665,0.97875,0.9583333333333334,0.01,0.10949721433460517
rho0p7_seed08_width64_constant,0.7,8,64,constant,100,0.251,0.97775,0.9573333333333334,0.01,0.10895732139868437
rho0p7_seed08_width64_constant,0.7,8,64,constant,120,0.251,0.97875,0.958,0.01,0.10830661008735198
rho0p7_seed08_width64_constant,0.7,8,64,constant,140,0.25266666666666665,0.976,0.958,0.01,0.10834827693160835
rho0p7_seed08_width64_constant,0.7,8,64,constant,160,0.25233333333333335,0.97725,0.9576666666666667,0.01,0.10740761973322281
rho0p7_seed08_width64_constant,0.7,8,64,constant,180,0.25033333333333335,0.97875,0.959,0.01,0.10685814554421322
rho0p7_seed08_width64_constant,0.7,8,64,constant,200,0.24433333333333335,0.979,0.9583333333333334,0.01,0.10687099090671165
rho0p7_seed08_width64_cosine,0.7,8,64,cosine,20,0.25533333333333336,0.9805,0.9586666666666667,0.009799079281818376,0.11271110053197772
rho0p7_seed08_width64_cosine,0.7,8,64,cosine,40,0.255,0.97725,0.958,0.009173690746364798,0.11168648749137963
rho0p7_seed08_width64_cosine,0.7,8,64,cosine,60,0.24966666666666668,0.9825,0.9583333333333334,0.008185102697299853,0.11049123510375475
rho0p7_seed08_width64_cosine,0.7,8,64,cosine,80,0.253,0.9785,0.9573333333333334,0.006931051913076572,0.10972461609310788
rho0p7_seed08_width64_cosine,0.7,8,64,cosine,100,0.25033333333333335,0.9795,0.9576666666666667,0.005535520151093711,0.10930158624309279
rho0p7_seed08_width64_cosine,0.7,8,64,cosine,120,0.25033333333333335,0.97975,0.9576666666666667,0.004136476688619072,0.10901064248449761
rho0p7_seed08_width64_cosine,0.7,8,64,cosine,140,0.249,0.98075,0.9573333333333334,0.0028722379872641217,0.10879961955010942
rho0p7_seed08_width64_cosine,0.7,8,64,cosine,160,0.25266666666666665,0.97875,0.9566666666666667,0.0018677930330710667,0.10863696324151559
rho0p7_seed08_width64_cosine,0.7,8,64,cosine,180,0.25066666666666665,0.97925,0.958,0.0012224462977549774,0.10855699125711833
rho0p7_seed08_width64_cosine,0.7,8,64,cosine,200,0.24966666666666668,0.979,0.9573333333333334,0.001,0.10851637449381514
rho0p7_seed08_width8_constant,0.7,8,8,constant,20,0.24833333333333332,0.98375,0.9586666666666667,0.01,0.1150208023737775
rho0p7_seed08_width8_constant,0.7,8,8,constant,40,0.24433333333333335,0.98675,0.96,0.01,0.11419801170313108
rho0p7_seed08_width8_constant,0.7,8,8,constant,60,0.24466666666666667,0.98625,0.9586666666666667,0.01,0.11388338486945115
rho0p7_seed08_width8_constant,0.7,8,8,constant,80,0.24333333333333335,0.98675,0.9596666666666667,0.01,0.1134555933882014
rho0p7_seed08_width8_constant,0.7,8,8,constant,100,0.23966666666666667,0.98775,0.9596666666666667,0.01,0.11317236846204805
rho0p7_seed08_width8_constant,0.7,8,8,constant,120,0.24066666666666667,0.988,0.959,0.01,0.1129931677789708
rho0p7_seed08_width8_constant,0.7,8,8,constant,140,0.24233333333333335,0.981,0.9586666666666667,0.01,0.11314582716757145
rho0p7_seed08_width8_constant,0.7,8,8,constant,160,0.24366666666666667,0.9855,0.959,0.01,0.11266351480447097
rho0p7_seed08_width8_constant,0.7,8,8,constant,180,0.24433333333333335,0.9845,0.9593333333333334,0.01,0.11259622631050129
rho0p7_seed08_width8_constant,0.7,8,8,constant,200,0.23933333333333334,0.9895,0.9593333333333334,0.01,0.11266789143815481
rho0p7_seed08_width8_cosine,0.7,8,8,cosine,20,0.24833333333333332,0.98375,0.959,0.009799079281818376,0.11501902256480316
rho0p7_seed08_width8_cosine,0.7,8,8,cosine,40,0.24366666666666667,0.987,0.9596666666666667,0.009173690746364798,0.11418828866389015
rho0p7_seed08_width8_cosine,0.7,8,8,cosine,60,0.24533333333333332,0.9865,0.9586666666666667,0.008185102697299853,0.11389501168464818
rho0p7_seed08_width8_cosine,0.7,8,8,cosine,80,0.24533333333333332,0.987,0.9596666666666667,0.006931051913076572,0.11357724277529237
rho0p7_seed08_width8_cosine,0.7,8,8,cosine,100,0.241,0.9885,0.9596666666666667,0.005535520151093711,0.11343535826247667
rho0p7_seed08_width8_cosine,0.7,8,8,cosine,120,0.23966666666666667,0.9895,0.9596666666666667,0.004136476688619072,0.11332833029355666
rho0p7_seed08_width8_cosine,0.7,8,8,cosine,140,0.23933333333333334,0.9885,0.9593333333333334,0.0028722379872641217,0.11323276300729435
rho0p7_seed08_width8_cosine,0.7,8,8,cosine,160,0.24233333333333335,0.98775,0.9593333333333334,0.0018677930330710667,0.11317684254266312
rho0p7_seed08_width8_cosine,0.7,8,8,cosine,180,0.24333333333333335,0.98875,0.959,0.0012224462977549774,0.11314516562171971
rho0p7_seed08_width8_cosine,0.7,8,8,cosine,200,0.24033333333333334,0.98825,0.9586666666666667,0.001,0.11312898847725136
rho0p7_seed09_width512_constant,0.7,9,512,constant,20,0.26866666666666666,0.9895,0.9573333333333334,0.01,0.10189793244505278
rho0p7_seed09_width512_constant,0.7,9,512,constant,40,0.28633333333333333,0.981,0.9546666666666667,0.01,0.10025345341579679
rho0p7_seed09_width512_constant,0.7,9,512,constant,60,0.28733333333333333,0.98625,0.956,0.01,0.09990665872326278
rho0p7_seed09_width512_constant,0.7,9,512,constant,80,0.27266666666666667,0.9755,0.9556666666666667,0.01,0.09736936489463266
rho0p7_seed09_width512_constant,0.7,9,512,constant,100,0.283,0.978,0.9543333333333334,0.01,0.09885573405795282
rho0p7_seed09_width512_constant,0.7,9,512,constant,120,0.28933333333333333,0.97875,0.9553333333333334,0.01,0.09510237424089742
rho0p7_seed09_width512_constant,0.7,9,512,constant,140,0.30733333333333335,0.97975,0.9546666666666667,0.01,0.09366157353939825
rho0p7_seed09_width512_constant,0.7,9,512,constant,160,0.2966666666666667,0.97,0.9533333333333334,0.01,0.09620307399146329
rho0p7_seed09_width512_constant,0.7,9,512,constant,180,0.291,0.971,0.956,0.01,0.08924079077998068
rho0p7_seed09_width512_constant,0.7,9,512,constant,200,0.30666666666666664,0.969,0.9546666666666667,0.01,0.08859620866959897
rho0p7_seed09_width512_cosine,0.7,9,512,cosine,20,0.2683333333333333,0.98975,0.9573333333333334,0.009799079281818376,0.10186553766294222
rho0p7_seed09_width512_cosine,0.7,9,512,cosine,40,0.2836666666666667,0.9805,0.9543333333333334,0.009173690746364798,0.10011533217244631
rho0p7_seed09_width512_cosine,0.7,9,512,cosine,60,0.28733333333333333,0.9855,0.9556666666666667,0.008185102697299853,0.0992995500106472
rho0p7_seed09_width512_cosine,0.7,9,512,cosine,80,0.272,0.9755,0.9553333333333334,0.006931051913076572,0.09772142993147295
rho0p7_seed09_width512_cosine,0.7,9,512,cosine,100,0.2843333333333333,0.985,0.9546666666666667,0.005535520151093711,0.09790215637806383
rho0p7_seed09_width512_cosine,0.7,9,512,cosine,120,0.2853333333333333,0.98525,0.9573333333333334,0.004136476688619072,0.09478940368876701
rho0p7_seed09_width512_cosine,0.7,9,512,cosine,140,0.294,0.984,0.9543333333333334,0.0028722379872641217,0.0943838253563759
rho0p7_seed09_width512_cosine,0.7,9,512,cosine,160,0.2833333333333333,0.983,0.9563333333333334,0.0018677930330710667,0.09370524908973585
rho0p7_seed09_width512_cosine,0.7,9,512,cosine,180,0.28633333333333333,0.983,0.9546666666666667,0.0012224462977549774,0.09342999060421177
rho0p7_seed09_width512_cosine,0.7,9,512,cosine,200,0.285,0.98225,0.9553333333333334,0.001,0.0932459520125927
rho0p7_seed09_width64_constant,0.7,9,64,constant,20,0.29133333333333333,0.9895,0.9563333333333334,0.01,0.10310572545302311
rho0p7_seed09_width64_constant,0.7,9,64,constant,40,0.283,0.98625,0.9556666666666667,0.01,0.10135400184934795
rho0p7_seed09_width64_constant,0.7,9,64,constant,60,0.2773333333333333,0.9875,0.957,0.01,0.10011143199145718
rho0p7_seed09_width64_constant,0.7,9,64,constant,80,0.2786666666666667,0.98375,0.956,0.01,0.09976317827896086
rho0p7_seed09_width64_constant,0.7,9,64,constant,100,0.2796666666666667,0.9885,0.9576666666666667,0.01,0.09920301573507374
rho0p7_seed09_width64_constant,0.7,9,64,constant,120,0.2783333333333333,0.987,0.9566666666666667,0.01,0.09855589005279161
rho0p7_seed09_width64_constant,0.7,9,64,constant,140,0.2813333333333333,0.988,0.956,0.01,0.09849001035129624
rho0p7_seed09_width64_constant,0.7,9,64,constant,160,0.2773333333333333,0.98475,0.9556666666666667,0.01,0.09768639469843547
rho0p7_seed09_width64_constant,0.7,9,64,constant,180,0.2816666666666667,0.986,0.9563333333333334,0.01,0.09722275145242183
rho0p7_seed09_width64_constant,0.7,9,64,constant,200,0.2783333333333333,0.9835,0.9563333333333334,0.01,0.09670359130675328
rho0p7_seed09_width64_cosine,0.7,9,64,cosine,20,0.291,0.9895,0.9563333333333334,0.009799079281818376,0.10311149235793593
rho0p7_seed09_width64_cosine,0.7,9,64,cosine,40,0.2823333333333333,0.98725,0.956,0.009173690746364798,0.10134473065152312
rho0p7_seed09_width64_cosine,0.7,9,64,cosine,60,0.2773333333333333,0.988,0.957,0.008185102697299853,0.1002535783597117
rho0p7_seed09_width64_cosine,0.7,9,64,cosine,80,0.2776666666666667,0.98625,0.9566666666666667,0.006931051913076572,0.09983583983749363
rho0p7_seed09_width64_cosine,0.7,9,64,cosine,100,0.2786666666666667,0.98775,0.956,0.005535520151093711,0.09939797750380217
rho0p7_seed09_width64_cosine,0.7,9,64,cosine,120,0.278,0.98675,0.956,0.004136476688619072,0.09913639266993687
rho0p7_seed09_width64_cosine,0.7,9,64,cosine,140,0.2783333333333333,0.987,0.9566666666666667,0.0028722379872641217,0.09898055839894859
rho0p7_seed09_width64_cosine,0.7,9,64,cosine,160,0.2773333333333333,0.987,0.9563333333333334,0.0018677930330710667,0.09883324046782044
rho0p7_seed09_width64_cosine,0.7,9,64,cosine,180,0.2763333333333333,0.987,0.9566666666666667,0.0012224462977549774,0.0987211333222261
rho0p7_seed09_width64_cosine,0.7,9,64,cosine,200,0.2763333333333333,0.98775,0.9566666666666667,0.001,0.0986670397740394
rho0p7_seed09_width8_constant,0.7,9,8,constant,20,0.2773333333333333,0.985,0.956,0.01,0.10555555439090736
rho0p7_seed09_width8_constant,0.7,9,8,constant,40,0.26666666666666666,0.9895,0.9563333333333334,0.01,0.10423195242241941
rho0p7_seed09_width8_constant,0.7,9,8,constant,60,0.2693333333333333,0.99175,0.9573333333333334,0.01,0.10366171490556281
rho0p7_seed09_width8_constant,0.7,9,8,constant,80,0.273,0.99175,0.9573333333333334,0.01,0.10355550596628868
rho0p7_seed09_width8_constant,0.7,9,8,constant,100,0.2723333333333333,0.991,0.9573333333333334,0.01,0.10324792778884735
rho0p7_seed09_width8_constant,0.7,9,8,constant,120,0.26966666666666667,0.99175,0.9583333333333334,0.01,0.10302219196431114
rho0p7_seed09_width8_constant,0.7,9,8,constant,140,0.27,0.99025,0.9563333333333334,0.01,0.10294373357583636
rho0p7_seed09_width8_constant,0.7,9,8,constant,160,0.2713333333333333,0.9905,0.957,0.01,0.10276473513805402
rho0p7_seed09_width8_constant,0.7,9,8,constant,180,0.2743333333333333,0.99125,0.9576666666666667,0.01,0.10255943034435025
rho0p7_seed09_width8_constant,0.7,9,8,constant,200,0.271,0.9925,0.9573333333333334,0.01,0.10236069242259023
rho0p7_seed09_width8_cosine,0.7,9,8,cosine,20,0.277,0.985,0.956,0.009799079281818376,0.10557239040504904
rho0p7_seed09_width8_cosine,0.7,9,8,cosine,40,0.267,0.98975,0.9563333333333334,0.009173690746364798,0.10426225533671943
rho0p7_seed09_width8_cosine,0.7,9,8,cosine,60,0.26966666666666667,0.9905,0.957,0.008185102697299853,0.10374656619249477
rho0p7_seed09_width8_cosine,0.7,9,8,cosine,80,0.2733333333333333,0.99075,0.957,0.006931051913076572,0.10358324995937435
rho0p7_seed09_width8_cosine,0.7,9,8,cosine,100,0.2703333333333333,0.99075,0.9566666666666667,0.005535520151093711,0.103393586303917
rho0p7_seed09_width8_cosine,0.7,9,8,cosine,120,0.269,0.9925,0.9576666666666667,0.004136476688619072,0.1032510780562796
rho0p7_seed09_width8_cosine,0.7,9,8,cosine,140,0.271,0.99125,0.957,0.0028722379872641217,0.10316715157864202
rho0p7_seed09_width8_cosine,0.7,9,8,cosine,160,0.26966666666666667,0.991,0.957,0.0018677930330710667,0.10309593109749958
rho0p7_seed09_width8_cosine,0.7,9,8,cosine,180,0.27066666666666667,0.991,0.957,0.0012224462977549774,0.10305369407457854
rho0p7_seed09_width8_cosine,0.7,9,8,cosine,200,0.2693333333333333,0.991,0.9566666666666667,0.001,0.10302895936097457
rho0p7_seed10_width512_constant,0.7,10,512,constant,20,0.2836666666666667,0.976,0.9546666666666667,0.01,0.10908982939342743
rho0p7_seed10_width512_constant,0.7,10,512,constant,40,0.2753333333333333,0.9885,0.9536666666666667,0.01,0.1070074928978248
rho0p7_seed10_width512_constant,0.7,10,512,constant,60,0.254,0.9805,0.9523333333333334,0.01,0.10374756671257462
rho0p7_seed10_width512_constant,0.7,10,512,constant,80,0.252,0.9875,0.9513333333333334,0.01,0.10505335450927239
rho0p7_seed10_width512_constant,0.7,10,512,constant,100,0.2763333333333333,0.9845,0.9526666666666667,0.01,0.10135767266401823
rho0p7_seed10_width512_constant,0.7,10,512,constant,120,0.2786666666666667,0.98475,0.9513333333333334,0.01,0.10091812513838762
rho0p7_seed10_width512_constant,0.7,10,512,constant,140,0.25466666666666665,0.97275,0.95,0.01,0.0987371194812577
rho0p7_seed10_width512_constant,0.7,10,512,constant,160,0.2763333333333333,0.981,0.953,0.01,0.09538399980744505
rho0p7_seed10_width512_constant,0.7,10,512,constant,180,0.2833333333333333,0.9715,0.951,0.01,0.09619374724956557
rho0p7_seed10_width512_constant,0.7,10,512,constant,200,0.2816666666666667,0.978,0.9546666666666667,0.01,0.09344895805519515
rho0p7_seed10_width512_cosine,0.7,10,512,cosine,20,0.2853333333333333,0.976,0.955,0.009799079281818376,0.10908401415613919
rho0p7_seed10_width512_cosine,0.7,10,512,cosine,40,0.275,0.9895,0.9533333333333334,0.009173690746364798,0.10706776881290553
rho0p7_seed10_width512_cosine,0.7,10,512,cosine,60,0.26033333333333336,0.98225,0.9536666666666667,0.008185102697299853,0.10361024672423036
rho0p7_seed10_width512_cosine,0.7,10,512,cosine,80,0.259,0.98825,0.9516666666666667,0.006931051913076572,0.10358176837699214
rho0p7_seed10_width512_cosine,0.7,10,512,cosine,100,0.2723333333333333,0.98725,0.9543333333333334,0.005535520151093711,0.10098729985158116
rho0p7_seed10_width512_cosine,0.7,10,512,cosine,120,0.2723333333333333,0.98675,0.953,0.004136476688619072,0.10031618081213721
rho0p7_seed10_width512_cosine,0.7,10,512,cosine,140,0.271,0.9855,0.9533333333333334,0.0028722379872641217,0.0994989735947029
rho0p7_seed10_width512_cosine,0.7,10,512,cosine,160,0.268,0.98775,0.9536666666666667,0.0018677930330710667,0.09903635187594753
rho0p7_seed10_width512_cosine,0.7,10,512,cosine,180,0.2683333333333333,0.98275,0.9533333333333334,0.0012224462977549774,0.09890143098377337
rho0p7_seed10_width512_cosine,0.7,10,512,cosine,200,0.26666666666666666,0.987,0.9533333333333334,0.001,0.09866742805798599
rho0p7_seed10_width64_constant,0.7,10,64,constant,20,0.2816666666666667,0.9855,0.9533333333333334,0.01,0.10912854891633485
rho0p7_seed10_width64_constant,0.7,10,64,constant,40,0.27666666666666667,0.9835,0.9533333333333334,0.01,0.10710604837513
rho0p7_seed10_width64_constant,0.7,10,64,constant,60,0.275,0.9865,0.954,0.01,0.10569355057132739
rho0p7_seed10_width64_constant,0.7,10,64,constant,80,0.2763333333333333,0.98725,0.954,0.01,0.10472474406617639
rho0p7_seed10_width64_constant,0.7,10,64,constant,100,0.2753333333333333,0.987,0.9533333333333334,0.01,0.10386803584804895
rho0p7_seed10_width64_constant,0.7,10,64,constant,120,0.274,0.98525,0.9526666666666667,0.01,0.10322418313134515
rho0p7_seed10_width64_constant,0.7,10,64,constant,140,0.2753333333333333,0.98625,0.9546666666666667,0.01,0.10242614405397278
rho0p7_seed10_width64_constant,0.7,10,64,constant,160,0.273,0.98625,0.9543333333333334,0.01,0.10187118043141476
rho0p7_seed10_width64_constant,0.7,10,64,constant,180,0.27466666666666667,0.98125,0.953,0.01,0.10162770405508434
rho0p7_seed10_width64_constant,0.7,10,64,constant,200,0.274,0.98625,0.9536666666666667,0.01,0.1011008360283316
rho0p7_seed10_width64_cosine,0.7,10,64,cosine,20,0.2816666666666667,0.98575,0.9533333333333334,0.009799079281818376,0.10914438935516033
rho0p7_seed10_width64_cosine,0.7,10,64,cosine,40,0.2773333333333333,0.9835,0.9533333333333334,0.009173690746364798,0.1071912365819463
rho0p7_seed10_width64_cosine,0.7,10,64,cosine,60,0.27566666666666667,0.9865,0.9533333333333334,0.008185102697299853,0.10590194176682372
rho0p7_seed10_width64_cosine,0.7,10,64,cosine,80,0.277,0.98725,0.9536666666666667,0.006931051913076572,0.10508514159580008
rho0p7_seed10_width64_cosine,0.7,10,64,cosine,100,0.27466666666666667,0.987,0.9533333333333334,0.005535520151093711,0.10451217675557432
rho0p7_seed10_width64_cosine,0.7,10,64,cosine,120,0.2743333333333333,0.987,0.9526666666666667,0.004136476688619072,0.10411416535206457
rho0p7_seed10_width64_cosine,0.7,10,64,cosine,140,0.2776666666666667,0.98725,0.9533333333333334,0.0028722379872641217,0.10379919573666216
rho0p7_seed10_width64_cosine,0.7,10,64,cosine,160,0.27366666666666667,0.98825,0.9533333333333334,0.0018677930330710667,0.10362186308719822
rho0p7_seed10_width64_cosine,0.7,10,64,cosine,180,0.2723333333333333,0.98775,0.9536666666666667,0.0012224462977549774,0.1035041305448734
rho0p7_seed10_width64_cosine,0.7,10,64,cosine,200,0.2723333333333333,0.98725,0.954,0.001,0.10342993302430964
rho0p7_seed10_width8_constant,0.7,10,8,constant,20,0.2723333333333333,0.98475,0.954,0.01,0.11312623843627358
rho0p7_seed10_width8_constant,0.7,10,8,constant,40,0.27466666666666667,0.99025,0.9523333333333334,0.01,0.1104226190247789
rho0p7_seed10_width8_constant,0.7,10,8,constant,60,0.2816666666666667,0.99125,0.953,0.01,0.10957679267103981
rho0p7_seed10_width8_constant,0.7,10,8,constant,80,0.2836666666666667,0.99,0.9533333333333334,0.01,0.1091601492228319
rho0p7_seed10_width8_constant,0.7,10,8,constant,100,0.284,0.99075,0.9536666666666667,0.01,0.10899847444057596
rho0p7_seed10_width8_constant,0.7,10,8,constant,120,0.2833333333333333,0.98875,0.9533333333333334,0.01,0.10887275380108635
rho0p7_seed10_width8_constant,0.7,10,8,constant,140,0.28733333333333333,0.98875,0.9523333333333334,0.01,0.10870300413317469
rho0p7_seed10_width8_constant,0.7,10,8,constant,160,0.2836666666666667,0.99075,0.953,0.01,0.10861391846702982
rho0p7_seed10_width8_constant,0.7,10,8,constant,180,0.2866666666666667,0.9865,0.9523333333333334,0.01,0.10854006535089247
rho0p7_seed10_width8_constant,0.7,10,8,constant,200,0.2826666666666667,0.992,0.9536666666666667,0.01,0.10834840815857902
rho0p7_seed10_width8_cosine,0.7,10,8,cosine,20,0.2723333333333333,0.9845,0.9543333333333334,0.009799079281818376,0.11314722288295424
rho0p7_seed10_width8_cosine,0.7,10,8,cosine,40,0.2743333333333333,0.99,0.9523333333333334,0.009173690746364798,0.11047000632493077
rho0p7_seed10_width8_cosine,0.7,10,8,cosine,60,0.2816666666666667,0.99125,0.9536666666666667,0.008185102697299853,0.10967517008838663
rho0p7_seed10_width8_cosine,0.7,10,8,cosine,80,0.283,0.99075,0.9536666666666667,0.006931051913076572,0.10926000267715526
rho0p7_seed10_width8_cosine,0.7,10,8,cosine,100,0.2813333333333333,0.9915,0.9536666666666667,0.005535520151093711,0.10910344133662256
rho0p7_seed10_width8_cosine,0.7,10,8,cosine,120,0.2803333333333333,0.98875,0.953,0.004136476688619072,0.10904034902917167
rho0p7_seed10_width8_cosine,0.7,10,8,cosine,140,0.2836666666666667,0.99,0.9533333333333334,0.0028722379872641217,0.10897193663789126
rho0p7_seed10_width8_cosine,0.7,10,8,cosine,160,0.284,0.98925,0.9526666666666667,0.0018677930330710667,0.10894769175893107
rho0p7_seed10_width8_cosine,0.7,10,8,cosine,180,0.283,0.9905,0.9536666666666667,0.0012224462977549774,0.1089343045570296
rho0p7_seed10_width8_cosine,0.7,10,8,cosine,200,0.2826666666666667,0.98975,0.9536666666666667,0.001,0.10892505410953893
rho0p7_seed11_width512_constant,0.7,11,512,constant,20,0.253,0.9655,0.9513333333333334,0.01,0.10389124352594709
rho0p7_seed11_width512_constant,0.7,11,512,constant,40,0.25566666666666665,0.96225,0.951,0.01,0.10157124888160465
rho0p7_seed11_width512_constant,0.7,11,512,constant,60,0.23966666666666667,0.979,0.956,0.01,0.09635545711695442
rho0p7_seed11_width512_constant,0.7,11,512,constant,80,0.24733333333333332,0.96825,0.954,0.01,0.09479395006273784
rho0p7_seed11_width512_constant,0.7,11,512,constant,100,0.25633333333333336,0.94525,0.9443333333333334,0.01,0.10421783316004517
rho0p7_seed11_width512_constant,0.7,11,512,constant,120,0.257,0.9715,0.954,0.01,0.09169511152310734
rho0p7_seed11_width512_constant,0.7,11,512,constant,140,0.24066666666666667,0.97725,0.9556666666666667,0.01,0.09072425378842087
rho0p7_seed11_width512_constant,0.7,11,512,constant,160,0.259,0.947,0.9503333333333334,0.01,0.09626498380991472
rho0p7_seed11_width512_constant,0.7,11,512,constant,180,0.25466666666666665,0.96375,0.9506666666666667,0.01,0.0871713121666213
rho0p7_seed11_width512_constant,0.7,11,512,constant,200,0.251,0.96675,0.952,0.01,0.08534086833468968
rho0p7_seed11_width512_cosine,0.7,11,512,cosine,20,0.25366666666666665,0.9655,0.9516666666666667,0.009799079281818376,0.1038343111435959
rho0p7_seed11_width512_cosine,0.7,11,512,cosine,40,0.25633333333333336,0.962,0.951,0.009173690746364798,0.10143045903378554
rho0p7_seed11_width512_cosine,0.7,11,512,cosine,60,0.24066666666666667,0.981,0.9563333333333334,0.008185102697299853,0.09646016314756248
rho0p7_seed11_width512_cosine,0.7,11,512,cosine,80,0.24966666666666668,0.97275,0.9543333333333334,0.006931051913076572,0.09526892326423894
rho0p7_seed11_width512_cosine,0.7,11,512,cosine,100,0.252,0.96075,0.95,0.005535520151093711,0.09783998901460002
rho0p7_seed11_width512_cosine,0.7,11,512,cosine,120,0.25566666666666665,0.977,0.9556666666666667,0.004136476688619072,0.09294831912638798
rho0p7_seed11_width512_cosine,0.7,11,512,cosine,140,0.25,0.97075,0.9546666666666667,0.0028722379872641217,0.0922877302698424
rho0p7_seed11_width512_cosine,0.7,11,512,cosine,160,0.254,0.9725,0.9556666666666667,0.0018677930330710667,0.09165162602088303
rho0p7_seed11_width512_cosine,0.7,11,512,cosine,180,0.255,0.9735,0.9556666666666667,0.0012224462977549774,0.09144499979829111
rho0p7_seed11_width512_cosine,0.7,11,512,cosine,200,0.253,0.973,0.955,0.001,0.0911952585022364
rho0p7_seed11_width64_constant,0.7,11,64,constant,20,0.25933333333333336,0.98125,0.9576666666666667,0.01,0.10198445178803263
rho0p7_seed11_width64_constant,0.7,11,64,constant,40,0.25,0.9685,0.9566666666666667,0.01,0.100296649600051
rho0p7_seed11_width64_constant,0.7,11,64,constant,60,0.24466666666666667,0.9725,0.957,0.01,0.0988298341594709
rho0p7_seed11_width64_constant,0.7,11,64,constant,80,0.251,0.9725,0.956,0.01,0.09759116627693427
rho0p7_seed11_width64_constant,0.7,11,64,constant,100,0.24366666666666667,0.97,0.9553333333333334,0.01,0.09662529683039991
rho0p7_seed11_width64_constant,0.7,11,64,constant,120,0.24466666666666667,0.97375,0.9566666666666667,0.01,0.09551800570338749
rho0p7_seed11_width64_constant,0.7,11,64,constant,140,0.24366666666666667,0.966,0.9556666666666667,0.01,0.09512150892497706
rho0p7_seed11_width64_constant,0.7,11,64,constant,160,0.244,0.96975,0.9573333333333334,0.01,0.09412095514491062
rho0p7_seed11_width64_constant,0.7,11,64,constant,180,0.24733333333333332,0.9735,0.9576666666666667,0.01,0.0935721491658068
rho0p7_seed11_width64_constant,0.7,11,64,constant,200,0.24633333333333332,0.97025,0.9563333333333334,0.01,0.09270803107693475
rho0p7_seed11_width64_cosine,0.7,11,64,cosine,20,0.259,0.98125,0.9576666666666667,0.009799079281818376,0.1020007491263824
rho0p7_seed11_width64_cosine,0.7,11,64,cosine,40,0.25,0.96925,0.9566666666666667,0.009173690746364798,0.10034643019049586
rho0p7_seed11_width64_cosine,0.7,11,64,cosine,60,0.246,0.9735,0.9573333333333334,0.008185102697299853,0.0990304378327241
rho0p7_seed11_width64_cosine,0.7,11,64,cosine,80,0.25033333333333335,0.97275,0.9556666666666667,0.006931051913076572,0.09807798879938091
rho0p7_seed11_width64_cosine,0.7,11,64,cosine,100,0.246,0.97275,0.957,0.005535520151093711,0.0973128784552465
rho0p7_seed11_width64_cosine,0.7,11,64,cosine,120,0.246,0.974,0.9573333333333334,0.004136476688619072,0.09677050907946512
rho0p7_seed11_width64_cosine,0.7,11,64,cosine,140,0.244,0.97175,0.9566666666666667,0.0028722379872641217,0.096460107341051
rho0p7_seed11_width64_cosine,0.7,11,64,cosine,160,0.245,0.9735,0.957,0.0018677930330710667,0.09620520888857939
rho0p7_seed11_width64_cosine,0.7,11,64,cosine,180,0.24366666666666667,0.97325,0.957,0.0012224462977549774,0.09605653468999469
rho0p7_seed11_width64_cosine,0.7,11,64,cosine,200,0.24433333333333335,0.97325,0.957,0.001,0.09595433894088012
rho0p7_seed11_width8_constant,0.7,11,8,constant,20,0.25433333333333336,0.99025,0.957,0.01,0.10554814996267813
rho0p7_seed11_width8_constant,0.7,11,8,constant,40,0.251,0.9845,0.956,0.01,0.10488452193037397
rho0p7_seed11_width8_constant,0.7,11,8,constant,60,0.25033333333333335,0.984,0.9563333333333334,0.01,0.10469861731501126
rho0p7_seed11_width8_constant,0.7,11,8,constant,80,0.25733333333333336,0.98375,0.9566666666666667,0.01,0.10450402339869706
rho0p7_seed11_width8_constant,0.7,11,8,constant,100,0.255,0.98175,0.9563333333333334,0.01,0.10442818263556392
rho0p7_seed11_width8_constant,0.7,11,8,constant,120,0.258,0.98225,0.957,0.01,0.10430864132026209
rho0p7_seed11_width8_constant,0.7,11,8,constant,140,0.25366666666666665,0.9785,0.9553333333333334,0.01,0.10439356434393217
rho0p7_seed11_width8_constant,0.7,11,8,constant,160,0.25433333333333336,0.9835,0.9573333333333334,0.01,0.10410203983876001
rho0p7_seed11_width8_constant,0.7,11,8,constant,180,0.25566666666666665,0.98175,0.9576666666666667,0.01,0.10403654556412799
rho0p7_seed11_width8_constant,0.7,11,8,constant,200,0.255,0.981,0.9563333333333334,0.01,0.10381771657906823
rho0p7_seed11_width8_cosine,0.7,11,8,cosine,20,0.25433333333333336,0.99025,0.957,0.009799079281818376,0.10556044206758707
rho0p7_seed11_width8_cosine,0.7,11,8,cosine,40,0.25133333333333335,0.9845,0.956,0.009173690746364798,0.10489166067387744
rho0p7_seed11_width8_cosine,0.7,11,8,cosine,60,0.25033333333333335,0.98425,0.9563333333333334,0.008185102697299853,0.1047077878650978
rho0p7_seed11_width8_cosine,0.7,11,8,cosine,80,0.25666666666666665,0.9845,0.957,0.006931051913076572,0.1045547133862979
rho0p7_seed11_width8_cosine,0.7,11,8,cosine,100,0.25466666666666665,0.98375,0.9573333333333334,0.005535520151093711,0.10445041421150968
rho0p7_seed11_width8_cosine,0.7,11,8,cosine,120,0.25466666666666665,0.98375,0.9573333333333334,0.004136476688619072,0.10442471694204986
rho0p7_seed11_width8_cosine,0.7,11,8,cosine,140,0.257,0.98375,0.9573333333333334,0.0028722379872641217,0.10438639062972178
rho0p7_seed11_width8_cosine,0.7,11,8,cosine,160,0.25633333333333336,0.98425,0.9573333333333334,0.0018677930330710667,0.1043585922210749
rho0p7_seed11_width8_cosine,0.7,11,8,cosine,180,0.25666666666666665,0.98375,0.9573333333333334,0.0012224462977549774,0.10433291554574735
rho0p7_seed11_width8_cosine,0.7,11,8,cosine,200,0.256,0.9835,0.9576666666666667,0.001,0.10431972495770114
rho0p7_seed12_width512_constant,0.7,12,512,constant,20,0.28733333333333333,0.98975,0.945,0.01,0.11150722580948852
rho0p7_seed12_width512_constant,0.7,12,512,constant,40,0.26566666666666666,0.97625,0.9436666666666667,0.01,0.11362469921160662
rho0p7_seed12_width512_constant,0.7,12,512,constant,60,0.256,0.9795,0.9456666666666667,0.01,0.10679502425192763
rho0p7_seed12_width512_constant,0.7,12,512,constant,80,0.272,0.98525,0.945,0.01,0.10216565104634609
rho0p7_seed12_width512_constant,0.7,12,512,constant,100,0.275,0.98925,0.9463333333333334,0.01,0.1014651256069242
rho0p7_seed12_width512_constant,0.7,12,512,constant,120,0.24833333333333332,0.9885,0.948,0.01,0.0999358017719431
rho0p7_seed12_width512_constant,0.7,12,512,constant,140,0.264,0.9875,0.9463333333333334,0.01,0.09818641112516702
rho0p7_seed12_width512_constant,0.7,12,512,constant,160,0.2783333333333333,0.978,0.947,0.01,0.09974935353850233
rho0p7_seed12_width512_constant,0.7,12,512,constant,180,0.2733333333333333,0.986,0.9456666666666667,0.01,0.09615385021691293
rho0p7_seed12_width512_constant,0.7,12,512,constant,200,0.251,0.9845,0.945,0.01,0.09354193734412042
rho0p7_seed12_width512_cosine,0.7,12,512,cosine,20,0.28833333333333333,0.9895,0.9446666666666667,0.009799079281818376,0.11151105324306773
rho0p7_seed12_width512_cosine,0.7,12,512,cosine,40,0.266,0.9785,0.9453333333333334,0.009173690746364798,0.11141595460203357
rho0p7_seed12_width512_cosine,0.7,12,512,cosine,60,0.25933333333333336,0.984,0.946,0.008185102697299853,0.10580163043181423
rho0p7_seed12_width512_cosine,0.7,12,512,cosine,80,0.27,0.987,0.9436666666666667,0.006931051913076572,0.1025005603749761
rho0p7_seed12_width512_cosine,0.7,12,512,cosine,100,0.281,0.99025,0.9466666666666667,0.005535520151093711,0.10223906377328433
rho0p7_seed12_width512_cosine,0.7,12,512,cosine,120,0.2643333333333333,0.98975,0.9466666666666667,0.004136476688619072,0.10090532847303917
rho0p7_seed12_width512_cosine,0.7,12,512,cosine,140,0.2613333333333333,0.98625,0.9456666666666667,0.0028722379872641217,0.1002572794456672
rho0p7_seed12_width512_cosine,0.7,12,512,cosine,160,0.269,0.98975,0.9446666666666667,0.0018677930330710667,0.09991409174858652
rho0p7_seed12_width512_cosine,0.7,12,512,cosine,180,0.265,0.987,0.9453333333333334,0.0012224462977549774,0.09985865373275031
rho0p7_seed12_width512_cosine,0.7,12,512,cosine,200,0.27066666666666667,0.98975,0.9466666666666667,0.001,0.09941416417241052
rho0p7_seed12_width64_constant,0.7,12,64,constant,20,0.2876666666666667,0.9905,0.9433333333333334,0.01,0.10927284149946691
rho0p7_seed12_width64_constant,0.7,12,64,constant,40,0.2833333333333333,0.99125,0.9443333333333334,0.01,0.1078662334545666
rho0p7_seed12_width64_constant,0.7,12,64,constant,60,0.2763333333333333,0.99275,0.9443333333333334,0.01,0.10717029340498534
rho0p7_seed12_width64_constant,0.7,12,64,constant,80,0.2793333333333333,0.9895,0.9456666666666667,0.01,0.10623205531346794
rho0p7_seed12_width64_constant,0.7,12,64,constant,100,0.285,0.99175,0.946,0.01,0.10555759286548028
rho0p7_seed12_width64_constant,0.7,12,64,constant,120,0.2783333333333333,0.9915,0.945,0.01,0.10499336506058789
rho0p7_seed12_width64_constant,0.7,12,64,constant,140,0.27166666666666667,0.991,0.947,0.01,0.10461029582085266
rho0p7_seed12_width64_constant,0.7,12,64,constant,160,0.2733333333333333,0.9935,0.9473333333333334,0.01,0.10427929619213964
rho0p7_seed12_width64_constant,0.7,12,64,constant,180,0.2816666666666667,0.98625,0.9466666666666667,0.01,0.1044933496970798
rho0p7_seed12_width64_constant,0.7,12,64,constant,200,0.2743333333333333,0.99375,0.9456666666666667,0.01,0.10384451315329281
rho0p7_seed12_width64_cosine,0.7,12,64,cosine,20,0.288,0.9905,0.9433333333333334,0.009799079281818376,0.10927335374008858
rho0p7_seed12_width64_cosine,0.7,12,64,cosine,40,0.2836666666666667,0.991,0.944,0.009173690746364798,0.10788894263693478
rho0p7_seed12_width64_cosine,0.7,12,64,cosine,60,0.27566666666666667,0.9925,0.9443333333333334,0.008185102697299853,0.10718439927928161
rho0p7_seed12_width64_cosine,0.7,12,64,cosine,80,0.28,0.991,0.9453333333333334,0.006931051913076572,0.10635212693119413
rho0p7_seed12_width64_cosine,0.7,12,64,cosine,100,0.282,0.99225,0.9443333333333334,0.005535520151093711,0.10590954576686738
rho0p7_seed12_width64_cosine,0.7,12,64,cosine,120,0.28,0.992,0.9446666666666667,0.004136476688619072,0.10562752543034701
rho0p7_seed12_width64_cosine,0.7,12,64,cosine,140,0.2776666666666667,0.992,0.945,0.0028722379872641217,0.1054628947166825
rho0p7_seed12_width64_cosine,0.7,12,64,cosine,160,0.276,0.992,0.946,0.0018677930330710667,0.10530091198765333
rho0p7_seed12_width64_cosine,0.7,12,64,cosine,180,0.277,0.99175,0.945,0.0012224462977549774,0.10522212952453754
rho0p7_seed12_width64_cosine,0.7,12,64,cosine,200,0.2763333333333333,0.9925,0.946,0.001,0.10516027172687173
rho0p7_seed12_width8_constant,0.7,12,8,constant,20,0.27166666666666667,0.989,0.9443333333333334,0.01,0.11235275579823376
rho0p7_seed12_width8_constant,0.7,12,8,constant,40,0.27666666666666667,0.9935,0.9456666666666667,0.01,0.11016542573946504
rho0p7_seed12_width8_constant,0.7,12,8,constant,60,0.2743333333333333,0.99175,0.9456666666666667,0.01,0.10953121351218792
rho0p7_seed12_width8_constant,0.7,12,8,constant,80,0.2803333333333333,0.99375,0.947,0.01,0.10890117409243048
rho0p7_seed12_width8_constant,0.7,12,8,constant,100,0.28733333333333333,0.994,0.9466666666666667,0.01,0.10862319500645286
rho0p7_seed12_width8_constant,0.7,12,8,constant,120,0.2806666666666667,0.9925,0.9466666666666667,0.01,0.10842078037685225
rho0p7_seed12_width8_constant,0.7,12,8,constant,140,0.2763333333333333,0.99325,0.9463333333333334,0.01,0.10821521645165931
rho0p7_seed12_width8_constant,0.7,12,8,constant,160,0.2796666666666667,0.991,0.946,0.01,0.10810612474258888
rho0p7_seed12_width8_constant,0.7,12,8,constant,180,0.278,0.99225,0.9456666666666667,0.01,0.1083045473024165
rho0p7_seed12_width8_constant,0.7,12,8,constant,200,0.2803333333333333,0.99225,0.9456666666666667,0.01,0.10791147931289784
rho0p7_seed12_width8_cosine,0.7,12,8,cosine,20,0.27166666666666667,0.989,0.9443333333333334,0.009799079281818376,0.11238355427700435
rho0p7_seed12_width8_cosine,0.7,12,8,cosine,40,0.2763333333333333,0.994,0.9456666666666667,0.009173690746364798,0.11020990648948159
rho0p7_seed12_width8_cosine,0.7,12,8,cosine,60,0.2743333333333333,0.99275,0.9456666666666667,0.008185102697299853,0.1095579798029988
rho0p7_seed12_width8_cosine,0.7,12,8,cosine,80,0.2776666666666667,0.99375,0.9466666666666667,0.006931051913076572,0.10910062369326093
rho0p7_seed12_width8_cosine,0.7,12,8,cosine,100,0.2823333333333333,0.9945,0.9463333333333334,0.005535520151093711,0.1087941725998407
rho0p7_seed12_width8_cosine,0.7,12,8,cosine,120,0.2803333333333333,0.994,0.946,0.004136476688619072,0.10866036033214871
rho0p7_seed12_width8_cosine,0.7,12,8,cosine,140,0.2776666666666667,0.9945,0.946,0.0028722379872641217,0.10861508426635447
rho0p7_seed12_width8_cosine,0.7,12,8,cosine,160,0.279,0.993,0.946,0.0018677930330710667,0.10855820075337475
rho0p7_seed12_width8_cosine,0.7,12,8,cosine,180,0.2816666666666667,0.994,0.9466666666666667,0.0012224462977549774,0.1085371530727412
rho0p7_seed12_width8_cosine,0.7,12,8,cosine,200,0.2806666666666667,0.9935,0.9463333333333334,0.001,0.10851301551268908
rho0p7_seed13_width512_constant,0.7,13,512,constant,20,0.2866666666666667,0.9745,0.953,0.01,0.10704768695879459
rho0p7_seed13_width512_constant,0.7,13,512,constant,40,0.2916666666666667,0.979,0.954,0.01,0.1046299972371814
rho0p7_seed13_width512_constant,0.7,13,512,constant,60,0.2753333333333333,0.97375,0.9533333333333334,0.01,0.10179771385976118
rho0p7_seed13_width512_constant,0.7,13,512,constant,80,0.29233333333333333,0.97725,0.9513333333333334,0.01,0.09934972270783263
rho0p7_seed13_width512_constant,0.7,13,512,constant,100,0.30833333333333335,0.97225,0.9523333333333334,0.01,0.0991353100470677
rho0p7_seed13_width512_constant,0.7,13,512,constant,120,0.295,0.97875,0.952,0.01,0.09477447441195214
rho0p7_seed13_width512_constant,0.7,13,512,constant,140,0.29433333333333334,0.96675,0.951,0.01,0.09386719772847069
rho0p7_seed13_width512_constant,0.7,13,512,constant,160,0.292,0.97375,0.9503333333333334,0.01,0.09659497879309666
rho0p7_seed13_width512_constant,0.7,13,512,constant,180,0.29233333333333333,0.9735,0.9506666666666667,0.01,0.0900126585951264
rho0p7_seed13_width512_constant,0.7,13,512,constant,200,0.255,0.956,0.949,0.01,0.0918339978769523
rho0p7_seed13_width512_cosine,0.7,13,512,cosine,20,0.28633333333333333,0.9745,0.953,0.009799079281818376,0.10697926432559098
rho0p7_seed13_width512_cosine,0.7,13,512,cosine,40,0.2906666666666667,0.9785,0.954,0.009173690746364798,0.10489854692327749
rho0p7_seed13_width512_cosine,0.7,13,512,cosine,60,0.276,0.97375,0.953,0.008185102697299853,0.10266608010469262
rho0p7_seed13_width512_cosine,0.7,13,512,cosine,80,0.291,0.977,0.952,0.006931051913076572,0.1000728510680328
rho0p7_seed13_width512_cosine,0.7,13,512,cosine,100,0.2976666666666667,0.97625,0.954,0.005535520151093711,0.09889833837852965
rho0p7_seed13_width512_cosine,0.7,13,512,cosine,120,0.291,0.97925,0.9516666666666667,0.004136476688619072,0.09705661284249864
rho0p7_seed13_width512_cosine,0.7,13,512,cosine,140,0.2896666666666667,0.9825,0.9526666666666667,0.0028722379872641217,0.09656568821364987
rho0p7_seed13_width512_cosine,0.7,13,512,cosine,160,0.286,0.97675,0.951,0.0018677930330710667,0.0959267046505713
rho0p7_seed13_width512_cosine,0.7,13,512,cosine,180,0.292,0.98075,0.952,0.0012224462977549774,0.09565632018480363
rho0p7_seed13_width512_cosine,0.7,13,512,cosine,200,0.283,0.9785,0.951,0.001,0.09534812253996401
rho0p7_seed13_width64_constant,0.7,13,64,constant,20,0.28633333333333333,0.98425,0.956,0.01,0.10856864708018661
rho0p7_seed13_width64_constant,0.7,13,64,constant,40,0.2833333333333333,0.98575,0.957,0.01,0.10725879400355093
rho0p7_seed13_width64_constant,0.7,13,64,constant,60,0.2836666666666667,0.9835,0.957,0.01,0.10568932038091032
rho0p7_seed13_width64_constant,0.7,13,64,constant,80,0.2853333333333333,0.98075,0.9553333333333334,0.01,0.1050030279435786
rho0p7_seed13_width64_constant,0.7,13,64,constant,100,0.286,0.98225,0.9553333333333334,0.01,0.10365982638534277
rho0p7_seed13_width64_constant,0.7,13,64,constant,120,0.2836666666666667,0.9845,0.9553333333333334,0.01,0.10284068537601557
rho0p7_seed13_width64_constant,0.7,13,64,constant,140,0.285,0.98575,0.9566666666666667,0.01,0.1022173466179184
rho0p7_seed13_width64_constant,0.7,13,64,constant,160,0.2846666666666667,0.98125,0.9553333333333334,0.01,0.10167279193303211
rho0p7_seed13_width64_constant,0.7,13,64,constant,180,0.289,0.984,0.9546666666666667,0.01,0.10106045019901151
rho0p7_seed13_width64_constant,0.7,13,64,constant,200,0.2816666666666667,0.98375,0.955,0.01,0.10030697284224267
rho0p7_seed13_width64_cosine,0.7,13,64,cosine,20,0.28633333333333333,0.984,0.956,0.009799079281818376,0.10857833339303799
rho0p7_seed13_width64_cosine,0.7,13,64,cosine,40,0.2826666666666667,0.98575,0.9573333333333334,0.009173690746364798,0.1072835359577628
rho0p7_seed13_width64_cosine,0.7,13,64,cosine,60,0.284,0.984,0.9566666666666667,0.008185102697299853,0.10591296908733852
rho0p7_seed13_width64_cosine,0.7,13,64,cosine,80,0.285,0.98125,0.9553333333333334,0.006931051913076572,0.10519069547909307
rho0p7_seed13_width64_cosine,0.7,13,64,cosine,100,0.284,0.986,0.9556666666666667,0.005535520151093711,0.10426111953065596
rho0p7_seed13_width64_cosine,0.7,13,64,cosine,120,0.2823333333333333,0.98475,0.9556666666666667,0.004136476688619072,0.10375422388714339
rho0p7_seed13_width64_cosine,0.7,13,64,cosine,140,0.28633333333333333,0.98425,0.956,0.0028722379872641217,0.10348143531258848
rho0p7_seed13_width64_cosine,0.7,13,64,cosine,160,0.285,0.9855,0.9553333333333334,0.0018677930330710667,0.10329220387857727
rho0p7_seed13_width64_cosine,0.7,13,64,cosine,180,0.2856666666666667,0.98575,0.9556666666666667,0.0012224462977549774,0.10318004423395016
rho0p7_seed13_width64_cosine,0.7,13,64,cosine,200,0.2836666666666667,0.98525,0.9556666666666667,0.001,0.10309905171516903
rho0p7_seed13_width8_constant,0.7,13,8,constant,20,0.2803333333333333,0.98975,0.9553333333333334,0.01,0.11057558117792714
rho0p7_seed13_width8_constant,0.7,13,8,constant,40,0.282,0.98925,0.9546666666666667,0.01,0.10966970567000912
rho0p7_seed13_width8_constant,0.7,13,8,constant,60,0.2836666666666667,0.98525,0.9553333333333334,0.01,0.109014332950799
rho0p7_seed13_width8_constant,0.7,13,8,constant,80,0.284,0.98825,0.9563333333333334,0.01,0.10884215342539894
rho0p7_seed13_width8_constant,0.7,13,8,constant,100,0.2843333333333333,0.98925,0.9553333333333334,0.01,0.10844868018749848
rho0p7_seed13_width8_constant,0.7,13,8,constant,120,0.2846666666666667,0.98875,0.956,0.01,0.10828021432674487
rho0p7_seed13_width8_constant,0.7,13,8,constant,140,0.2866666666666667,0.98825,0.9543333333333334,0.01,0.10798598455957402
rho0p7_seed13_width8_constant,0.7,13,8,constant,160,0.2876666666666667,0.98525,0.9543333333333334,0.01,0.1078870582947986
rho0p7_seed13_width8_constant,0.7,13,8,constant,180,0.29033333333333333,0.9865,0.9543333333333334,0.01,0.1077032051482764
rho0p7_seed13_width8_constant,0.7,13,8,constant,200,0.2826666666666667,0.9865,0.9546666666666667,0.01,0.10755424631834856
rho0p7_seed13_width8_cosine,0.7,13,8,cosine,20,0.2803333333333333,0.98975,0.9553333333333334,0.009799079281818376,0.11058344692193073
rho0p7_seed13_width8_cosine,0.7,13,8,cosine,40,0.2816666666666667,0.98875,0.9546666666666667,0.009173690746364798,0.10967381168555107
rho0p7_seed13_width8_cosine,0.7,13,8,cosine,60,0.284,0.98575,0.956,0.008185102697299853,0.10906398823216423
rho0p7_seed13_width8_cosine,0.7,13,8,cosine,80,0.2836666666666667,0.9885,0.955,0.006931051913076572,0.10883878133740886
rho0p7_seed13_width8_cosine,0.7,13,8,cosine,100,0.2843333333333333,0.98725,0.9553333333333334,0.005535520151093711,0.10859139427601854
rho0p7_seed13_width8_cosine,0.7,13,8,cosine,120,0.284,0.988,0.9543333333333334,0.004136476688619072,0.10848088467853129
rho0p7_seed13_width8_cosine,0.7,13,8,cosine,140,0.2866666666666667,0.98725,0.955,0.0028722379872641217,0.1083971371144697
rho0p7_seed13_width8_cosine,0.7,13,8,cosine,160,0.286,0.9875,0.9546666666666667,0.0018677930330710667,0.10832452762081143
rho0p7_seed13_width8_cosine,0.7,13,8,cosine,180,0.2866666666666667,0.98775,0.9546666666666667,0.0012224462977549774,0.10828537882527164
rho0p7_seed13_width8_cosine,0.7,13,8,cosine,200,0.286,0.98725,0.9543333333333334,0.001,0.10825512825085552
rho0p7_seed14_width512_constant,0.7,14,512,constant,20,0.285,0.978,0.9543333333333334,0.01,0.11152043083030219
rho0p7_seed14_width512_constant,0.7,14,512,constant,40,0.3006666666666667,0.96925,0.9546666666666667,0.01,0.11061087436007497
rho0p7_seed14_width512_constant,0.7,14,512,constant,60,0.272,0.97325,0.9546666666666667,0.01,0.10649551331777525
rho0p7_seed14_width512_constant,0.7,14,512,constant,80,0.2796666666666667,0.9715,0.9543333333333334,0.01,0.10398096224712594
rho0p7_seed14_width512_constant,0.7,14,512,constant,100,0.293,0.97275,0.9566666666666667,0.01,0.1018587753547637
rho0p7_seed14_width512_constant,0.7,14,512,constant,120,0.329,0.964,0.957,0.01,0.10567466820955833
rho0p7_seed14_width512_constant,0.7,14,512,constant,140,0.268,0.9685,0.9546666666666667,0.01,0.10024321592512252
rho0p7_seed14_width512_constant,0.7,14,512,constant,160,0.292,0.968,0.9553333333333334,0.01,0.09741104757863338
rho0p7_seed14_width512_constant,0.7,14,512,constant,180,0.276,0.9635,0.953,0.01,0.09627203858440198
rho0p7_seed14_width512_constant,0.7,14,512,constant,200,0.30533333333333335,0.962,0.9546666666666667,0.01,0.098544049533449
rho0p7_seed14_width512_cosine,0.7,14,512,cosine,20,0.2846666666666667,0.97825,0.9543333333333334,0.009799079281818376,0.11134614334180708
rho0p7_seed14_width512_cosine,0.7,14,512,cosine,40,0.3,0.9695,0.9543333333333334,0.009173690746364798,0.11086600949697781
rho0p7_seed14_width512_cosine,0.7,14,512,cosine,60,0.27666666666666667,0.97375,0.954,0.008185102697299853,0.10684752469886034
rho0p7_seed14_width512_cosine,0.7,14,512,cosine,80,0.2853333333333333,0.97275,0.9546666666666667,0.006931051913076572,0.10451317686997491
rho0p7_seed14_width512_cosine,0.7,14,512,cosine,100,0.2846666666666667,0.975,0.955,0.005535520151093711,0.10344401511829654
rho0p7_seed14_width512_cosine,0.7,14,512,cosine,120,0.3016666666666667,0.9635,0.9566666666666667,0.004136476688619072,0.10433540686820784
rho0p7_seed14_width512_cosine,0.7,14,512,cosine,140,0.2853333333333333,0.9675,0.9573333333333334,0.0028722379872641217,0.10195548512331737
rho0p7_seed14_width512_cosine,0.7,14,512,cosine,160,0.28833333333333333,0.96975,0.9576666666666667,0.0018677930330710667,0.10109923509935793
rho0p7_seed14_width512_cosine,0.7,14,512,cosine,180,0.2853333333333333,0.97175,0.9556666666666667,0.0012224462977549774,0.10083787655302134
rho0p7_seed14_width512_cosine,0.7,14,512,cosine,200,0.2856666666666667,0.9705,0.9556666666666667,0.001,0.10049335261377132
rho0p7_seed14_width64_constant,0.7,14,64,constant,20,0.2856666666666667,0.989,0.9546666666666667,0.01,0.11257818622810553
rho0p7_seed14_width64_constant,0.7,14,64,constant,40,0.289,0.98875,0.9553333333333334,0.01,0.11143458352405637
rho0p7_seed14_width64_constant,0.7,14,64,constant,60,0.281,0.9875,0.955,0.01,0.11038589452694082
rho0p7_seed14_width64_constant,0.7,14,64,constant,80,0.2886666666666667,0.98675,0.955,0.01,0.10943906817532864
rho0p7_seed14_width64_constant,0.7,14,64,constant,100,0.285,0.98425,0.9553333333333334,0.01,0.1089001006211849
rho0p7_seed14_width64_constant,0.7,14,64,constant,120,0.2853333333333333,0.9855,0.9553333333333334,0.01,0.10828719256369286
rho0p7_seed14_width64_constant,0.7,14,64,constant,140,0.28633333333333333,0.985,0.9563333333333334,0.01,0.1076827056216512
rho0p7_seed14_width64_constant,0.7,14,64,constant,160,0.28933333333333333,0.98575,0.9546666666666667,0.01,0.10687640296224109
rho0p7_seed14_width64_constant,0.7,14,64,constant,180,0.2826666666666667,0.9835,0.9563333333333334,0.01,0.10641420790122472
rho0p7_seed14_width64_constant,0.7,14,64,constant,200,0.2836666666666667,0.984,0.9543333333333334,0.01,0.10556776720387662
rho0p7_seed14_width64_cosine,0.7,14,64,cosine,20,0.2856666666666667,0.989,0.9546666666666667,0.009799079281818376,0.11257494162068875
rho0p7_seed14_width64_cosine,0.7,14,64,cosine,40,0.2876666666666667,0.98925,0.955,0.009173690746364798,0.1114032677076631
rho0p7_seed14_width64_cosine,0.7,14,64,cosine,60,0.2816666666666667,0.986,0.9546666666666667,0.008185102697299853,0.11046794255752115
rho0p7_seed14_width64_cosine,0.7,14,64,cosine,80,0.286,0.988,0.9553333333333334,0.006931051913076572,0.10977176278147979
rho0p7_seed14_width64_cosine,0.7,14,64,cosine,100,0.2876666666666667,0.98725,0.9556666666666667,0.005535520151093711,0.10925567589339956
rho0p7_seed14_width64_cosine,0.7,14,64,cosine,120,0.287,0.9875,0.9553333333333334,0.004136476688619072,0.10893341628831406
rho0p7_seed14_width64_cosine,0.7,14,64,cosine,140,0.28833333333333333,0.9875,0.9556666666666667,0.0028722379872641217,0.1087116015379423
rho0p7_seed14_width64_cosine,0.7,14,64,cosine,160,0.2866666666666667,0.987,0.956,0.0018677930330710667,0.10856865954920998
rho0p7_seed14_width64_cosine,0.7,14,64,cosine,180,0.28733333333333333,0.98725,0.956,0.0012224462977549774,0.10844923779798328
rho0p7_seed14_width64_cosine,0.7,14,64,cosine,200,0.2866666666666667,0.9865,0.9553333333333334,0.001,0.108396166917651
rho0p7_seed14_width8_constant,0.7,14,8,constant,20,0.2793333333333333,0.99,0.9546666666666667,0.01,0.11577494965744972
rho0p7_seed14_width8_constant,0.7,14,8,constant,40,0.28933333333333333,0.99125,0.9553333333333334,0.01,0.1143249860430696
rho0p7_seed14_width8_constant,0.7,14,8,constant,60,0.2866666666666667,0.99375,0.9543333333333334,0.01,0.1139338009002096
rho0p7_seed14_width8_constant,0.7,14,8,constant,80,0.29233333333333333,0.993,0.955,0.01,0.11362550524155644
rho0p7_seed14_width8_constant,0.7,14,8,constant,100,0.2896666666666667,0.9965,0.954,0.01,0.11350510121991522
rho0p7_seed14_width8_constant,0.7,14,8,constant,120,0.2916666666666667,0.99375,0.9553333333333334,0.01,0.11342967710015346
rho0p7_seed14_width8_constant,0.7,14,8,constant,140,0.2926666666666667,0.98925,0.9543333333333334,0.01,0.11357594723858173
rho0p7_seed14_width8_constant,0.7,14,8,constant,160,0.2936666666666667,0.99125,0.9546666666666667,0.01,0.11336831626281937
rho0p7_seed14_width8_constant,0.7,14,8,constant,180,0.2906666666666667,0.99025,0.9533333333333334,0.01,0.11332847397867822
rho0p7_seed14_width8_constant,0.7,14,8,constant,200,0.292,0.991,0.9543333333333334,0.01,0.11294110177993164
rho0p7_seed14_width8_cosine,0.7,14,8,cosine,20,0.28,0.98975,0.9546666666666667,0.009799079281818376,0.11584518358146881
rho0p7_seed14_width8_cosine,0.7,14,8,cosine,40,0.2896666666666667,0.9915,0.9553333333333334,0.009173690746364798,0.11435154738265592
rho0p7_seed14_width8_cosine,0.7,14,8,cosine,60,0.2846666666666667,0.994,0.954,0.008185102697299853,0.11397116537503625
rho0p7_seed14_width8_cosine,0.7,14,8,cosine,80,0.292,0.993,0.9553333333333334,0.006931051913076572,0.1136842873811453
rho0p7_seed14_width8_cosine,0.7,14,8,cosine,100,0.29,0.99525,0.9546666666666667,0.005535520151093711,0.11355331984571135
rho0p7_seed14_width8_cosine,0.7,14,8,cosine,120,0.289,0.99475,0.9546666666666667,0.004136476688619072,0.11350389942114442
rho0p7_seed14_width8_cosine,0.7,14,8,cosine,140,0.2916666666666667,0.99525,0.9543333333333334,0.0028722379872641217,0.11345813530493333
rho0p7_seed14_width8_cosine,0.7,14,8,cosine,160,0.291,0.9955,0.9546666666666667,0.0018677930330710667,0.11344435841673763
rho0p7_seed14_width8_cosine,0.7,14,8,cosine,180,0.29033333333333333,0.995,0.9543333333333334,0.0012224462977549774,0.11341846303238412
rho0p7_seed14_width8_cosine,0.7,14,8,cosine,200,0.289,0.9955,0.954,0.001,0.113420900849124
rho0p7_seed15_width512_constant,0.7,15,512,constant,20,0.31633333333333336,0.9935,0.9583333333333334,0.01,0.10187569739926325
rho0p7_seed15_width512_constant,0.7,15,512,constant,40,0.26366666666666666,0.9785,0.9596666666666667,0.01,0.09933059357241279
rho0p7_seed15_width512_constant,0.7,15,512,constant,60,0.25633333333333336,0.9865,0.957,0.01,0.09900673692165766
rho0p7_seed15_width512_constant,0.7,15,512,constant,80,0.2643333333333333,0.98225,0.9596666666666667,0.01,0.0959653369046084
rho0p7_seed15_width512_constant,0.7,15,512,constant,100,0.25033333333333335,0.978,0.9576666666666667,0.01,0.09433875084330448
rho0p7_seed15_width512_constant,0.7,15,512,constant,120,0.29133333333333333,0.97825,0.9566666666666667,0.01,0.09481327455236244
rho0p7_seed15_width512_constant,0.7,15,512,constant,140,0.2796666666666667,0.97825,0.959,0.01,0.09260878261985825
rho0p7_seed15_width512_constant,0.7,15,512,constant,160,0.2673333333333333,0.97775,0.9566666666666667,0.01,0.09109017658671344
rho0p7_seed15_width512_constant,0.7,15,512,constant,180,0.25333333333333335,0.971,0.9573333333333334,0.01,0.09120538030086037
rho0p7_seed15_width512_constant,0.7,15,512,constant,200,0.26166666666666666,0.97925,0.9576666666666667,0.01,0.08801980017197497
rho0p7_seed15_width512_cosine,0.7,15,512,cosine,20,0.31466666666666665,0.99325,0.9583333333333334,0.009799079281818376,0.10176739668639398
rho0p7_seed15_width512_cosine,0.7,15,512,cosine,40,0.2633333333333333,0.9795,0.9596666666666667,0.009173690746364798,0.09920864511937559
rho0p7_seed15_width512_cosine,0.7,15,512,cosine,60,0.25833333333333336,0.987,0.9576666666666667,0.008185102697299853,0.0988846137798508
rho0p7_seed15_width512_cosine,0.7,15,512,cosine,80,0.26166666666666666,0.981,0.9603333333333334,0.006931051913076572,0.0964307401873122
rho0p7_seed15_width512_cosine,0.7,15,512,cosine,100,0.257,0.9825,0.958,0.005535520151093711,0.09502713854666464
rho0p7_seed15_width512_cosine,0.7,15,512,cosine,120,0.274,0.9875,0.9576666666666667,0.004136476688619072,0.0947187157912097
rho0p7_seed15_width512_cosine,0.7,15,512,cosine,140,0.269,0.98125,0.9596666666666667,0.0028722379872641217,0.09355227671624408
rho0p7_seed15_width512_cosine,0.7,15,512,cosine,160,0.26166666666666666,0.98325,0.958,0.0018677930330710667,0.09327335810712017
rho0p7_seed15_width512_cosine,0.7,15,512,cosine,180,0.265,0.9845,0.958,0.0012224462977549774,0.09323962817868903
rho0p7_seed15_width512_cosine,0.7,15,512,cosine,200,0.26166666666666666,0.98175,0.959,0.001,0.09280315180367957
rho0p7_seed15_width64_constant,0.7,15,64,constant,20,0.27266666666666667,0.9865,0.959,0.01,0.10192884566547034
rho0p7_seed15_width64_constant,0.7,15,64,constant,40,0.26966666666666667,0.98475,0.9603333333333334,0.01,0.10098479242450133
rho0p7_seed15_width64_constant,0.7,15,64,constant,60,0.2733333333333333,0.99075,0.959,0.01,0.10056066154471757
rho0p7_seed15_width64_constant,0.7,15,64,constant,80,0.267,0.98775,0.9613333333333334,0.01,0.09949491005345996
rho0p7_seed15_width64_constant,0.7,15,64,constant,100,0.2673333333333333,0.98875,0.9613333333333334,0.01,0.09896029736302714
rho0p7_seed15_width64_constant,0.7,15,64,constant,120,0.27266666666666667,0.991,0.959,0.01,0.09864661971188768
rho0p7_seed15_width64_constant,0.7,15,64,constant,140,0.2733333333333333,0.98725,0.9616666666666667,0.01,0.09803454512084238
rho0p7_seed15_width64_constant,0.7,15,64,constant,160,0.26966666666666667,0.98925,0.96,0.01,0.09762542163205405
rho0p7_seed15_width64_constant,0.7,15,64,constant,180,0.26666666666666666,0.99,0.9593333333333334,0.01,0.09762424232191391
rho0p7_seed15_width64_constant,0.7,15,64,constant,200,0.27,0.98725,0.96,0.01,0.09649354603773334
rho0p7_seed15_width64_cosine,0.7,15,64,cosine,20,0.2723333333333333,0.9865,0.959,0.009799079281818376,0.10193285107182878
rho0p7_seed15_width64_cosine,0.7,15,64,cosine,40,0.268,0.9845,0.9603333333333334,0.009173690746364798,0.10097737264371348
rho0p7_seed15_width64_cosine,0.7,15,64,cosine,60,0.2723333333333333,0.98975,0.9586666666666667,0.008185102697299853,0.1004938065363366
rho0p7_seed15_width64_cosine,0.7,15,64,cosine,80,0.2673333333333333,0.98775,0.9613333333333334,0.006931051913076572,0.09973935481981222
rho0p7_seed15_width64_cosine,0.7,15,64,cosine,100,0.26766666666666666,0.9885,0.961,0.005535520151093711,0.0993461505371842
rho0p7_seed15_width64_cosine,0.7,15,64,cosine,120,0.271,0.98975,0.961,0.004136476688619072,0.09909211794102012
rho0p7_seed15_width64_cosine,0.7,15,64,cosine,140,0.27066666666666667,0.98875,0.9613333333333334,0.0028722379872641217,0.09890832132519217
rho0p7_seed15_width64_cosine,0.7,15,64,cosine,160,0.26966666666666667,0.9895,0.961,0.0018677930330710667,0.0988212426529551
rho0p7_seed15_width64_cosine,0.7,15,64,cosine,180,0.26766666666666666,0.98925,0.9613333333333334,0.0012224462977549774,0.09872730895757297
rho0p7_seed15_width64_cosine,0.7,15,64,cosine,200,0.2703333333333333,0.9895,0.9613333333333334,0.001,0.09867433390248898
rho0p7_seed15_width8_constant,0.7,15,8,constant,20,0.26466666666666666,0.9905,0.9603333333333334,0.01,0.10177423167093083
rho0p7_seed15_width8_constant,0.7,15,8,constant,40,0.2653333333333333,0.98925,0.9596666666666667,0.01,0.10103271039905325
rho0p7_seed15_width8_constant,0.7,15,8,constant,60,0.2623333333333333,0.99275,0.9586666666666667,0.01,0.10077268729725504
rho0p7_seed15_width8_constant,0.7,15,8,constant,80,0.261,0.99075,0.9593333333333334,0.01,0.10053323995755588
rho0p7_seed15_width8_constant,0.7,15,8,constant,100,0.26033333333333336,0.9915,0.9586666666666667,0.01,0.10042374908567583
rho0p7_seed15_width8_constant,0.7,15,8,constant,120,0.26266666666666666,0.99325,0.9593333333333334,0.01,0.10034097914709025
rho0p7_seed15_width8_constant,0.7,15,8,constant,140,0.2653333333333333,0.99025,0.9596666666666667,0.01,0.10020224227522569
rho0p7_seed15_width8_constant,0.7,15,8,constant,160,0.25966666666666666,0.9935,0.958,0.01,0.10014994740248921
rho0p7_seed15_width8_constant,0.7,15,8,constant,180,0.262,0.995,0.9593333333333334,0.01,0.10014136375210703
rho0p7_seed15_width8_constant,0.7,15,8,constant,200,0.2653333333333333,0.993,0.9596666666666667,0.01,0.09994362761218535
rho0p7_seed15_width8_cosine,0.7,15,8,cosine,20,0.26466666666666666,0.9905,0.9603333333333334,0.009799079281818376,0.1017820341148071
rho0p7_seed15_width8_cosine,0.7,15,8,cosine,40,0.26466666666666666,0.98975,0.96,0.009173690746364798,0.10104580628790008
rho0p7_seed15_width8_cosine,0.7,15,8,cosine,60,0.2653333333333333,0.99275,0.9593333333333334,0.008185102697299853,0.1007801167299532
rho0p7_seed15_width8_cosine,0.7,15,8,cosine,80,0.26266666666666666,0.9915,0.9593333333333334,0.006931051913076572,0.10054589492314481
rho0p7_seed15_width8_cosine,0.7,15,8,cosine,100,0.262,0.99175,0.9583333333333334,0.005535520151093711,0.10045306121852436
rho0p7_seed15_width8_cosine,0.7,15,8,cosine,120,0.26366666666666666,0.9915,0.9593333333333334,0.004136476688619072,0.10035939879950583
rho0p7_seed15_width8_cosine,0.7,15,8,cosine,140,0.2643333333333333,0.9915,0.9596666666666667,0.0028722379872641217,0.10031801436692353
rho0p7_seed15_width8_cosine,0.7,15,8,cosine,160,0.2633333333333333,0.992,0.9583333333333334,0.0018677930330710667,0.10029586896413525
rho0p7_seed15_width8_cosine,0.7,15,8,cosine,180,0.26166666666666666,0.99175,0.9586666666666667,0.0012224462977549774,0.10027076808739302
rho0p7_seed15_width8_cosine,0.7,15,8,cosine,200,0.26166666666666666,0.992,0.9583333333333334,0.001,0.10025430588759827
rho0p7_seed16_width512_constant,0.7,16,512,constant,20,0.3016666666666667,0.981,0.946,0.01,0.10982886510257656
rho0p7_seed16_width512_constant,0.7,16,512,constant,40,0.306,0.9805,0.9473333333333334,0.01,0.10634522070697479
rho0p7_seed16_width512_constant,0.7,16,512,constant,60,0.2866666666666667,0.98375,0.9486666666666667,0.01,0.1030515705049201
rho0p7_seed16_width512_constant,0.7,16,512,constant,80,0.303,0.979,0.9443333333333334,0.01,0.10392184335265114
rho0p7_seed16_width512_constant,0.7,16,512,constant,100,0.2966666666666667,0.9835,0.9423333333333334,0.01,0.09906394329277099
rho0p7_seed16_width512_constant,0.7,16,512,constant,120,0.2946666666666667,0.97825,0.9456666666666667,0.01,0.09760428117189819
rho0p7_seed16_width512_constant,0.7,16,512,constant,140,0.31033333333333335,0.97075,0.9456666666666667,0.01,0.0975860237050195
rho0p7_seed16_width512_constant,0.7,16,512,constant,160,0.296,0.972,0.9473333333333334,0.01,0.09377471128678219
rho0p7_seed16_width512_constant,0.7,16,512,constant,180,0.271,0.9775,0.9416666666666667,0.01,0.09636217111248982
rho0p7_seed16_width512_constant,0.7,16,512,constant,200,0.326,0.97125,0.9466666666666667,0.01,0.09145830572476293
rho0p7_seed16_width512_cosine,0.7,16,512,cosine,20,0.3016666666666667,0.9815,0.946,0.009799079281818376,0.10959231788060726
rho0p7_seed16_width512_cosine,0.7,16,512,cosine,40,0.30666666666666664,0.98175,0.9483333333333334,0.009173690746364798,0.10541792969793437
rho0p7_seed16_width512_cosine,0.7,16,512,cosine,60,0.29333333333333333,0.985,0.949,0.008185102697299853,0.1017125084301501
rho0p7_seed16_width512_cosine,0.7,16,512,cosine,80,0.304,0.97975,0.9443333333333334,0.006931051913076572,0.10359286189359745
rho0p7_seed16_width512_cosine,0.7,16,512,cosine,100,0.30133333333333334,0.98625,0.9446666666666667,0.005535520151093711,0.09903766949530379
rho0p7_seed16_width512_cosine,0.7,16,512,cosine,120,0.29833333333333334,0.97925,0.9463333333333334,0.004136476688619072,0.09919229097282832
rho0p7_seed16_width512_cosine,0.7,16,512,cosine,140,0.302,0.9835,0.9463333333333334,0.0028722379872641217,0.09731181470846144
rho0p7_seed16_width512_cosine,0.7,16,512,cosine,160,0.29933333333333334,0.98425,0.9466666666666667,0.0018677930330710667,0.09690246269530485
rho0p7_seed16_width512_cosine,0.7,16,512,cosine,180,0.2996666666666667,0.98275,0.945,0.0012224462977549774,0.09635197187495646
rho0p7_seed16_width512_cosine,0.7,16,512,cosine,200,0.29933333333333334,0.98175,0.9473333333333334,0.001,0.09615193515810981
rho0p7_seed16_width64_constant,0.7,16,64,constant,20,0.29433333333333334,0.986,0.9486666666666667,0.01,0.10798121056611108
rho0p7_seed16_width64_constant,0.7,16,64,constant,40,0.2896666666666667,0.986,0.9486666666666667,0.01,0.10608351915129047
rho0p7_seed16_width64_constant,0.7,16,64,constant,60,0.301,0.98875,0.947,0.01,0.10487290673198611
rho0p7_seed16_width64_constant,0.7,16,64,constant,80,0.302,0.98825,0.948,0.01,0.10397557603695912
rho0p7_seed16_width64_constant,0.7,16,64,constant,100,0.29633333333333334,0.98625,0.9486666666666667,0.01,0.10293023121152019
rho0p7_seed16_width64_constant,0.7,16,64,constant,120,0.296,0.98625,0.9483333333333334,0.01,0.10262429992488094
rho0p7_seed16_width64_constant,0.7,16,64,constant,140,0.29733333333333334,0.9855,0.949,0.01,0.10209332700531407
rho0p7_seed16_width64_constant,0.7,16,64,constant,160,0.29633333333333334,0.98425,0.948,0.01,0.10159430063031792
rho0p7_seed16_width64_constant,0.7,16,64,constant,180,0.2956666666666667,0.9865,0.9486666666666667,0.01,0.10092437387990681
rho0p7_seed16_width64_constant,0.7,16,64,constant,200,0.303,0.987,0.9476666666666667,0.01,0.10032284028019695
rho0p7_seed16_width64_cosine,0.7,16,64,cosine,20,0.29433333333333334,0.986,0.9486666666666667,0.009799079281818376,0.10798451935424405
rho0p7_seed16_width64_cosine,0.7,16,64,cosine,40,0.2906666666666667,0.98625,0.9486666666666667,0.009173690746364798,0.10614907217638066
rho0p7_seed16_width64_cosine,0.7,16,64,cosine,60,0.2996666666666667,0.98875,0.9476666666666667,0.008185102697299853,0.10503631823201036
rho0p7_seed16_width64_cosine,0.7,16,64,cosine,80,0.3006666666666667,0.9875,0.9486666666666667,0.006931051913076572,0.10422190452475812
rho0p7_seed16_width64_cosine,0.7,16,64,cosine,100,0.295,0.98675,0.9486666666666667,0.005535520151093711,0.10351122944700691
rho0p7_seed16_width64_cosine,0.7,16,64,cosine,120,0.297,0.98625,0.9483333333333334,0.004136476688619072,0.10316876126255961
rho0p7_seed16_width64_cosine,0.7,16,64,cosine,140,0.2926666666666667,0.98575,0.948,0.0028722379872641217,0.10288811031608211
rho0p7_seed16_width64_cosine,0.7,16,64,cosine,160,0.296,0.9855,0.9483333333333334,0.0018677930330710667,0.10271902823552288
rho0p7_seed16_width64_cosine,0.7,16,64,cosine,180,0.2956666666666667,0.98575,0.9483333333333334,0.0012224462977549774,0.10263438401670744
rho0p7_seed16_width64_cosine,0.7,16,64,cosine,200,0.2966666666666667,0.98525,0.9483333333333334,0.001,0.10255257774847616
rho0p7_seed16_width8_constant,0.7,16,8,constant,20,0.306,0.99025,0.953,0.01,0.11203120101221516
rho0p7_seed16_width8_constant,0.7,16,8,constant,40,0.30033333333333334,0.9915,0.9516666666666667,0.01,0.11076961221561678
rho0p7_seed16_width8_constant,0.7,16,8,constant,60,0.301,0.9905,0.9513333333333334,0.01,0.11023274358780837
rho0p7_seed16_width8_constant,0.7,16,8,constant,80,0.301,0.99125,0.952,0.01,0.10998247920201588
rho0p7_seed16_width8_constant,0.7,16,8,constant,100,0.2986666666666667,0.99,0.952,0.01,0.10974760310912475
rho0p7_seed16_width8_constant,0.7,16,8,constant,120,0.2996666666666667,0.99125,0.9516666666666667,0.01,0.10969638573748228
rho0p7_seed16_width8_constant,0.7,16,8,constant,140,0.297,0.99,0.9516666666666667,0.01,0.10960061836556383
rho0p7_seed16_width8_constant,0.7,16,8,constant,160,0.299,0.98975,0.951,0.01,0.10958323210205136
rho0p7_seed16_width8_constant,0.7,16,8,constant,180,0.2986666666666667,0.99075,0.9516666666666667,0.01,0.10946017355097941
rho0p7_seed16_width8_constant,0.7,16,8,constant,200,0.3,0.988,0.952,0.01,0.1094305633300984
rho0p7_seed16_width8_cosine,0.7,16,8,cosine,20,0.30566666666666664,0.99,0.953,0.009799079281818376,0.11204587849638824
rho0p7_seed16_width8_cosine,0.7,16,8,cosine,40,0.3006666666666667,0.99175,0.952,0.009173690746364798,0.1107945675479722
rho0p7_seed16_width8_cosine,0.7,16,8,cosine,60,0.3006666666666667,0.99075,0.9516666666666667,0.008185102697299853,0.1103035291979703
rho0p7_seed16_width8_cosine,0.7,16,8,cosine,80,0.301,0.99,0.952,0.006931051913076572,0.11006789187688405
rho0p7_seed16_width8_cosine,0.7,16,8,cosine,100,0.2976666666666667,0.9905,0.952,0.005535520151093711,0.10988755195708107
rho0p7_seed16_width8_cosine,0.7,16,8,cosine,120,0.298,0.9915,0.9516666666666667,0.004136476688619072,0.10979135834301779
rho0p7_seed16_width8_cosine,0.7,16,8,cosine,140,0.2966666666666667,0.99,0.9516666666666667,0.0028722379872641217,0.10972376025088158
rho0p7_seed16_width8_cosine,0.7,16,8,cosine,160,0.29933333333333334,0.99025,0.9523333333333334,0.0018677930330710667,0.10969314786037035
rho0p7_seed16_width8_cosine,0.7,16,8,cosine,180,0.30033333333333334,0.9905,0.9513333333333334,0.0012224462977549774,0.10968151702500095
rho0p7_seed16_width8_cosine,0.7,16,8,cosine,200,0.2996666666666667,0.9905,0.952,0.001,0.1096644543928343
rho0p7_seed17_width512_constant,0.7,17,512,constant,20,0.2623333333333333,0.9785,0.946,0.01,0.11347761680543995
rho0p7_seed17_width512_constant,0.7,17,512,constant,40,0.272,0.989,0.9486666666666667,0.01,0.10680821159087268
rho0p7_seed17_width512_constant,0.7,17,512,constant,60,0.2886666666666667,0.96825,0.9456666666666667,0.01,0.11536505967751153
rho0p7_seed17_width512_constant,0.7,17,512,constant,80,0.2793333333333333,0.97975,0.9466666666666667,0.01,0.10513637606044918
rho0p7_seed17_width512_constant,0.7,17,512,constant,100,0.2623333333333333,0.9905,0.947,0.01,0.10108289271633673
rho0p7_seed17_width512_constant,0.7,17,512,constant,120,0.269,0.98575,0.9466666666666667,0.01,0.10222561175932934
rho0p7_seed17_width512_constant,0.7,17,512,constant,140,0.255,0.9855,0.9456666666666667,0.01,0.10076250657137507
rho0p7_seed17_width512_constant,0.7,17,512,constant,160,0.277,0.986,0.948,0.01,0.09726650259311162
rho0p7_seed17_width512_constant,0.7,17,512,constant,180,0.26766666666666666,0.986,0.9486666666666667,0.01,0.09553764456595984
rho0p7_seed17_width512_constant,0.7,17,512,constant,200,0.26766666666666666,0.9855,0.9466666666666667,0.01,0.09430314622027303
rho0p7_seed17_width512_cosine,0.7,17,512,cosine,20,0.26266666666666666,0.97925,0.946,0.009799079281818376,0.11321343122321986
rho0p7_seed17_width512_cosine,0.7,17,512,cosine,40,0.272,0.99,0.948,0.009173690746364798,0.10658715941853543
rho0p7_seed17_width512_cosine,0.7,17,512,cosine,60,0.2806666666666667,0.978,0.9483333333333334,0.008185102697299853,0.11089304405044373
rho0p7_seed17_width512_cosine,0.7,17,512,cosine,80,0.2773333333333333,0.98175,0.9476666666666667,0.006931051913076572,0.10421718348840131
rho0p7_seed17_width512_cosine,0.7,17,512,cosine,100,0.27066666666666667,0.99025,0.948,0.005535520151093711,0.10204583177090654
rho0p7_seed17_width512_cosine,0.7,17,512,cosine,120,0.276,0.98975,0.9466666666666667,0.004136476688619072,0.1021013670281859
rho0p7_seed17_width512_cosine,0.7,17,512,cosine,140,0.2723333333333333,0.98625,0.9496666666666667,0.0028722379872641217,0.1010974681133474
rho0p7_seed17_width512_cosine,0.7,17,512,cosine,160,0.2743333333333333,0.98925,0.9493333333333334,0.0018677930330710667,0.10049333510578155
rho0p7_seed17_width512_cosine,0.7,17,512,cosine,180,0.26766666666666666,0.98925,0.949,0.0012224462977549774,0.10020993403966998
rho0p7_seed17_width512_cosine,0.7,17,512,cosine,200,0.274,0.99025,0.9476666666666667,0.001,0.09998873150215247
rho0p7_seed17_width64_constant,0.7,17,64,constant,20,0.273,0.99075,0.9486666666666667,0.01,0.1099565322079063
rho0p7_seed17_width64_constant,0.7,17,64,constant,40,0.27366666666666667,0.993,0.949,0.01,0.107511716678584
rho0p7_seed17_width64_constant,0.7,17,64,constant,60,0.2743333333333333,0.98625,0.9486666666666667,0.01,0.10711765530825364
rho0p7_seed17_width64_constant,0.7,17,64,constant,80,0.2713333333333333,0.9935,0.9476666666666667,0.01,0.10538611140942081
rho0p7_seed17_width64_constant,0.7,17,64,constant,100,0.276,0.99175,0.9476666666666667,0.01,0.10502230958895305
rho0p7_seed17_width64_constant,0.7,17,64,constant,120,0.272,0.99375,0.9483333333333334,0.01,0.10442796630922467
rho0p7_seed17_width64_constant,0.7,17,64,constant,140,0.2683333333333333,0.986,0.9496666666666667,0.01,0.10417241106103409
rho0p7_seed17_width64_constant,0.7,17,64,constant,160,0.268,0.98875,0.9493333333333334,0.01,0.10343609319776215
rho0p7_seed17_width64_constant,0.7,17,64,constant,180,0.26066666666666666,0.98625,0.9496666666666667,0.01,0.10298034182135678
rho0p7_seed17_width64_constant,0.7,17,64,constant,200,0.2663333333333333,0.98875,0.9456666666666667,0.01,0.10244766084197081
rho0p7_seed17_width64_cosine,0.7,17,64,cosine,20,0.27366666666666667,0.99025,0.9486666666666667,0.009799079281818376,0.10997076254863548
rho0p7_seed17_width64_cosine,0.7,17,64,cosine,40,0.274,0.993,0.949,0.009173690746364798,0.10757728448718003
rho0p7_seed17_width64_cosine,0.7,17,64,cosine,60,0.275,0.98575,0.9486666666666667,0.008185102697299853,0.10720746473817658
rho0p7_seed17_width64_cosine,0.7,17,64,cosine,80,0.272,0.99375,0.948,0.006931051913076572,0.10560532008891033
rho0p7_seed17_width64_cosine,0.7,17,64,cosine,100,0.273,0.993,0.9476666666666667,0.005535520151093711,0.10532956368993542
rho0p7_seed17_width64_cosine,0.7,17,64,cosine,120,0.2693333333333333,0.99375,0.947,0.004136476688619072,0.1049066768043036
rho0p7_seed17_width64_cosine,0.7,17,64,cosine,140,0.269,0.99175,0.947,0.0028722379872641217,0.10471902864398112
rho0p7_seed17_width64_cosine,0.7,17,64,cosine,160,0.26866666666666666,0.99275,0.9466666666666667,0.0018677930330710667,0.10457962456964985
rho0p7_seed17_width64_cosine,0.7,17,64,cosine,180,0.2673333333333333,0.993,0.947,0.0012224462977549774,0.10446238188557365
rho0p7_seed17_width64_cosine,0.7,17,64,cosine,200,0.26766666666666666,0.99275,0.947,0.001,0.10440490589090054
rho0p7_seed17_width8_constant,0.7,17,8,constant,20,0.26966666666666667,0.9955,0.951,0.01,0.11318811318770294
rho0p7_seed17_width8_constant,0.7,17,8,constant,40,0.2723333333333333,0.994,0.9503333333333334,0.01,0.11201455552120687
rho0p7_seed17_width8_constant,0.7,17,8,constant,60,0.2753333333333333,0.9925,0.949,0.01,0.11185163771792793
rho0p7_seed17_width8_constant,0.7,17,8,constant,80,0.2773333333333333,0.995,0.95,0.01,0.11101481368158989
rho0p7_seed17_width8_constant,0.7,17,8,constant,100,0.2806666666666667,0.99475,0.9503333333333334,0.01,0.11060625554436761
rho0p7_seed17_width8_constant,0.7,17,8,constant,120,0.2776666666666667,0.996,0.951,0.01,0.11019332877852613
rho0p7_seed17_width8_constant,0.7,17,8,constant,140,0.2753333333333333,0.99225,0.9483333333333334,0.01,0.11013585530040973
rho0p7_seed17_width8_constant,0.7,17,8,constant,160,0.2796666666666667,0.99525,0.9503333333333334,0.01,0.1098495458042853
rho0p7_seed17_width8_constant,0.7,17,8,constant,180,0.27366666666666667,0.99475,0.9496666666666667,0.01,0.10971922382567217
rho0p7_seed17_width8_constant,0.7,17,8,constant,200,0.2763333333333333,0.995,0.9496666666666667,0.01,0.1095664637860818
rho0p7_seed17_width8_cosine,0.7,17,8,cosine,20,0.27,0.9955,0.951,0.009799079281818376,0.11319579727332593
rho0p7_seed17_width8_cosine,0.7,17,8,cosine,40,0.273,0.9945,0.95,0.009173690746364798,0.11203395869910274
rho0p7_seed17_width8_cosine,0.7,17,8,cosine,60,0.27466666666666667,0.99375,0.949,0.008185102697299853,0.11183086566422298
rho0p7_seed17_width8_cosine,0.7,17,8,cosine,80,0.27466666666666667,0.99575,0.9486666666666667,0.006931051913076572,0.11121801501335749
rho0p7_seed17_width8_cosine,0.7,17,8,cosine,100,0.2793333333333333,0.9955,0.95,0.005535520151093711,0.1108734424470346
rho0p7_seed17_width8_cosine,0.7,17,8,cosine,120,0.27666666666666667,0.996,0.9493333333333334,0.004136476688619072,0.11055813973541385
rho0p7_seed17_width8_cosine,0.7,17,8,cosine,140,0.277,0.9965,0.95,0.0028722379872641217,0.11038677207396859
rho0p7_seed17_width8_cosine,0.7,17,8,cosine,160,0.276,0.996,0.9496666666666667,0.0018677930330710667,0.11029384343403226
rho0p7_seed17_width8_cosine,0.7,17,8,cosine,180,0.277,0.99625,0.9496666666666667,0.0012224462977549774,0.11023146385795012
rho0p7_seed17_width8_cosine,0.7,17,8,cosine,200,0.276,0.99625,0.9493333333333334,0.001,0.11019574677761756
rho0p7_seed18_width512_constant,0.7,18,512,constant,20,0.2673333333333333,0.98275,0.957,0.01,0.1185889657979391
rho0p7_seed18_width512_constant,0.7,18,512,constant,40,0.28733333333333333,0.9745,0.9553333333333334,0.01,0.11669329353430621
rho0p7_seed18_width512_constant,0.7,18,512,constant,60,0.255,0.9775,0.954,0.01,0.11002797908269875
rho0p7_seed18_width512_constant,0.7,18,512,constant,80,0.259,0.983,0.957,0.01,0.10799711101640797
rho0p7_seed18_width512_constant,0.7,18,512,constant,100,0.2733333333333333,0.97625,0.9556666666666667,0.01,0.10800349874804915
rho0p7_seed18_width512_constant,0.7,18,512,constant,120,0.24966666666666668,0.97975,0.957,0.01,0.10489393024118394
rho0p7_seed18_width512_constant,0.7,18,512,constant,140,0.248,0.979,0.9556666666666667,0.01,0.10314330539949511
rho0p7_seed18_width512_constant,0.7,18,512,constant,160,0.2663333333333333,0.97275,0.953,0.01,0.10228309887717271
rho0p7_seed18_width512_constant,0.7,18,512,constant,180,0.26266666666666666,0.972,0.9543333333333334,0.01,0.10422207468042591
rho0p7_seed18_width512_constant,0.7,18,512,constant,200,0.26466666666666666,0.96825,0.9523333333333334,0.01,0.10135671656584089
rho0p7_seed18_width512_cosine,0.7,18,512,cosine,20,0.2673333333333333,0.9825,0.957,0.009799079281818376,0.11837118825119679
rho0p7_seed18_width512_cosine,0.7,18,512,cosine,40,0.2853333333333333,0.97725,0.9556666666666667,0.009173690746364798,0.11598672904725958
rho0p7_seed18_width512_cosine,0.7,18,512,cosine,60,0.25133333333333335,0.98075,0.955,0.008185102697299853,0.10995791117685651
rho0p7_seed18_width512_cosine,0.7,18,512,cosine,80,0.262,0.98025,0.9563333333333334,0.006931051913076572,0.10966964587511861
rho0p7_seed18_width512_cosine,0.7,18,512,cosine,100,0.27066666666666667,0.97775,0.955,0.005535520151093711,0.1098946075976095
rho0p7_seed18_width512_cosine,0.7,18,512,cosine,120,0.258,0.97825,0.9566666666666667,0.004136476688619072,0.10669357422123542
rho0p7_seed18_width512_cosine,0.7,18,512,cosine,140,0.25833333333333336,0.9805,0.957,0.0028722379872641217,0.10600152431713386
rho0p7_seed18_width512_cosine,0.7,18,512,cosine,160,0.265,0.98075,0.9553333333333334,0.0018677930330710667,0.10516513830156742
rho0p7_seed18_width512_cosine,0.7,18,512,cosine,180,0.262,0.98175,0.9553333333333334,0.0012224462977549774,0.10474880375867184
rho0p7_seed18_width512_cosine,0.7,18,512,cosine,200,0.2663333333333333,0.97975,0.9543333333333334,0.001,0.10461784766094524
rho0p7_seed18_width64_constant,0.7,18,64,constant,20,0.268,0.987,0.9593333333333334,0.01,0.11640210271445954
rho0p7_seed18_width64_constant,0.7,18,64,constant,40,0.266,0.99,0.9566666666666667,0.01,0.11499783206518664
rho0p7_seed18_width64_constant,0.7,18,64,constant,60,0.25766666666666665,0.988,0.958,0.01,0.1130723996222598
rho0p7_seed18_width64_constant,0.7,18,64,constant,80,0.26966666666666667,0.984,0.957,0.01,0.11339752244676925
rho0p7_seed18_width64_constant,0.7,18,64,constant,100,0.262,0.98275,0.9553333333333334,0.01,0.11150517307753792
rho0p7_seed18_width64_constant,0.7,18,64,constant,120,0.263,0.98175,0.9576666666666667,0.01,0.11059590509219885
rho0p7_seed18_width64_constant,0.7,18,64,constant,140,0.26366666666666666,0.9835,0.9573333333333334,0.01,0.10971128256424831
rho0p7_seed18_width64_constant,0.7,18,64,constant,160,0.2673333333333333,0.98125,0.9566666666666667,0.01,0.10927975979010066
rho0p7_seed18_width64_constant,0.7,18,64,constant,180,0.2633333333333333,0.98175,0.957,0.01,0.10856580647696544
rho0p7_seed18_width64_constant,0.7,18,64,constant,200,0.2683333333333333,0.9805,0.9573333333333334,0.01,0.10810286482033168
rho0p7_seed18_width64_cosine,0.7,18,64,cosine,20,0.268,0.98725,0.9593333333333334,0.009799079281818376,0.11641894719109872
rho0p7_seed18_width64_cosine,0.7,18,64,cosine,40,0.26666666666666666,0.991,0.957,0.009173690746364798,0.11497360361085862
rho0p7_seed18_width64_cosine,0.7,18,64,cosine,60,0.258,0.98775,0.958,0.008185102697299853,0.11329393220217047
rho0p7_seed18_width64_cosine,0.7,18,64,cosine,80,0.2683333333333333,0.98575,0.9573333333333334,0.006931051913076572,0.11307021720213488
rho0p7_seed18_width64_cosine,0.7,18,64,cosine,100,0.26033333333333336,0.9845,0.9566666666666667,0.005535520151093711,0.11184614402041289
rho0p7_seed18_width64_cosine,0.7,18,64,cosine,120,0.2623333333333333,0.9855,0.9583333333333334,0.004136476688619072,0.11134809619914003
rho0p7_seed18_width64_cosine,0.7,18,64,cosine,140,0.26166666666666666,0.985,0.9566666666666667,0.0028722379872641217,0.11103687539081905
rho0p7_seed18_width64_cosine,0.7,18,64,cosine,160,0.26166666666666666,0.9855,0.9576666666666667,0.0018677930330710667,0.11083622399370352
rho0p7_seed18_width64_cosine,0.7,18,64,cosine,180,0.26366666666666666,0.98425,0.9573333333333334,0.0012224462977549774,0.11071014701205913
rho0p7_seed18_width64_cosine,0.7,18,64,cosine,200,0.263,0.98425,0.9576666666666667,0.001,0.11062657134769936
rho0p7_seed18_width8_constant,0.7,18,8,constant,20,0.2623333333333333,0.9905,0.957,0.01,0.1184520954622872
rho0p7_seed18_width8_constant,0.7,18,8,constant,40,0.25533333333333336,0.99275,0.9586666666666667,0.01,0.11770275724749704
rho0p7_seed18_width8_constant,0.7,18,8,constant,60,0.24966666666666668,0.99325,0.9593333333333334,0.01,0.11739933003287446
rho0p7_seed18_width8_constant,0.7,18,8,constant,80,0.259,0.992,0.96,0.01,0.11756831085834346
rho0p7_seed18_width8_constant,0.7,18,8,constant,100,0.26166666666666666,0.9915,0.958,0.01,0.11718136930746711
rho0p7_seed18_width8_constant,0.7,18,8,constant,120,0.25833333333333336,0.99075,0.958,0.01,0.11692677001991833
rho0p7_seed18_width8_constant,0.7,18,8,constant,140,0.25633333333333336,0.99125,0.958,0.01,0.11653537788718205
rho0p7_seed18_width8_constant,0.7,18,8,constant,160,0.26366666666666666,0.992,0.957,0.01,0.11641427509473924
rho0p7_seed18_width8_constant,0.7,18,8,constant,180,0.25866666666666666,0.9905,0.958,0.01,0.1162518199716654
rho0p7_seed18_width8_constant,0.7,18,8,constant,200,0.2613333333333333,0.9935,0.9573333333333334,0.01,0.11616373172871108
rho0p7_seed18_width8_cosine,0.7,18,8,cosine,20,0.2623333333333333,0.9905,0.957,0.009799079281818376,0.11846044799636835
rho0p7_seed18_width8_cosine,0.7,18,8,cosine,40,0.25566666666666665,0.992,0.9586666666666667,0.009173690746364798,0.11770538671533705
rho0p7_seed18_width8_cosine,0.7,18,8,cosine,60,0.249,0.994,0.9593333333333334,0.008185102697299853,0.11741359327884597
rho0p7_seed18_width8_cosine,0.7,18,8,cosine,80,0.258,0.994,0.9596666666666667,0.006931051913076572,0.11735598530637503
rho0p7_seed18_width8_cosine,0.7,18,8,cosine,100,0.25733333333333336,0.99225,0.958,0.005535520151093711,0.11709934805908224
rho0p7_seed18_width8_cosine,0.7,18,8,cosine,120,0.25766666666666665,0.99175,0.9576666666666667,0.004136476688619072,0.11701520722211033
rho0p7_seed18_width8_cosine,0.7,18,8,cosine,140,0.25766666666666665,0.9925,0.9586666666666667,0.0028722379872641217,0.11694099918578686
rho0p7_seed18_width8_cosine,0.7,18,8,cosine,160,0.25533333333333336,0.9915,0.9586666666666667,0.0018677930330710667,0.11687186369368827
rho0p7_seed18_width8_cosine,0.7,18,8,cosine,180,0.256,0.9925,0.9583333333333334,0.0012224462977549774,0.11681914488788063
rho0p7_seed18_width8_cosine,0.7,18,8,cosine,200,0.25666666666666665,0.99275,0.9583333333333334,0.001,0.11677898088050874
rho0p7_seed19_width512_constant,0.7,19,512,constant,20,0.2996666666666667,0.97975,0.958,0.01,0.10227261494228282
rho0p7_seed19_width512_constant,0.7,19,512,constant,40,0.2836666666666667,0.982,0.956,0.01,0.10159507384801908
rho0p7_seed19_width512_constant,0.7,19,512,constant,60,0.2926666666666667,0.98525,0.956,0.01,0.09854875993731121
rho0p7_seed19_width512_constant,0.7,19,512,constant,80,0.287,0.979,0.9553333333333334,0.01,0.09630543733429324
rho0p7_seed19_width512_constant,0.7,19,512,constant,100,0.29833333333333334,0.964,0.949,0.01,0.09853427100455332
rho0p7_seed19_width512_constant,0.7,19,512,constant,120,0.30866666666666664,0.975,0.9563333333333334,0.01,0.09441608010773123
rho0p7_seed19_width512_constant,0.7,19,512,constant,140,0.2936666666666667,0.97725,0.9553333333333334,0.01,0.09235748079863249
rho0p7_seed19_width512_constant,0.7,19,512,constant,160,0.31433333333333335,0.97425,0.9553333333333334,0.01,0.0960994023728781
rho0p7_seed19_width512_constant,0.7,19,512,constant,180,0.28,0.96175,0.9486666666666667,0.01,0.09285739518467756
rho0p7_seed19_width512_constant,0.7,19,512,constant,200,0.31166666666666665,0.9735,0.954,0.01,0.08934611043125126
rho0p7_seed19_width512_cosine,0.7,19,512,cosine,20,0.2996666666666667,0.97875,0.958,0.009799079281818376,0.1023291834072855
rho0p7_seed19_width512_cosine,0.7,19,512,cosine,40,0.2843333333333333,0.9825,0.9566666666666667,0.009173690746364798,0.1014897940842001
rho0p7_seed19_width512_cosine,0.7,19,512,cosine,60,0.2916666666666667,0.9845,0.9563333333333334,0.008185102697299853,0.0989325279855158
rho0p7_seed19_width512_cosine,0.7,19,512,cosine,80,0.2916666666666667,0.9805,0.9546666666666667,0.006931051913076572,0.09712123394882878
rho0p7_seed19_width512_cosine,0.7,19,512,cosine,100,0.2946666666666667,0.974,0.9546666666666667,0.005535520151093711,0.09619013307705303
rho0p7_seed19_width512_cosine,0.7,19,512,cosine,120,0.30366666666666664,0.98275,0.955,0.004136476688619072,0.09575174962241886
rho0p7_seed19_width512_cosine,0.7,19,512,cosine,140,0.2906666666666667,0.98075,0.956,0.0028722379872641217,0.09384548406827288
rho0p7_seed19_width512_cosine,0.7,19,512,cosine,160,0.29133333333333333,0.9815,0.9563333333333334,0.0018677930330710667,0.0937280937202778
rho0p7_seed19_width512_cosine,0.7,19,512,cosine,180,0.28833333333333333,0.98075,0.9563333333333334,0.0012224462977549774,0.09307408684565643
rho0p7_seed19_width512_cosine,0.7,19,512,cosine,200,0.288,0.9805,0.9553333333333334,0.001,0.09293058875075162
rho0p7_seed19_width64_constant,0.7,19,64,constant,20,0.2896666666666667,0.9785,0.9543333333333334,0.01,0.10371386171941
rho0p7_seed19_width64_constant,0.7,19,64,constant,40,0.2936666666666667,0.981,0.9583333333333334,0.01,0.1010848046745496
rho0p7_seed19_width64_constant,0.7,19,64,constant,60,0.28633333333333333,0.982,0.9563333333333334,0.01,0.1003759928121544
rho0p7_seed19_width64_constant,0.7,19,64,constant,80,0.2886666666666667,0.98025,0.9576666666666667,0.01,0.09937852295022985
rho0p7_seed19_width64_constant,0.7,19,64,constant,100,0.2896666666666667,0.9795,0.9566666666666667,0.01,0.09866147333654328
rho0p7_seed19_width64_constant,0.7,19,64,constant,120,0.295,0.9825,0.9573333333333334,0.01,0.09818287225777844
rho0p7_seed19_width64_constant,0.7,19,64,constant,140,0.289,0.98,0.9556666666666667,0.01,0.09762085696025966
rho0p7_seed19_width64_constant,0.7,19,64,constant,160,0.29333333333333333,0.98025,0.955,0.01,0.09732736514589692
rho0p7_seed19_width64_constant,0.7,19,64,constant,180,0.28833333333333333,0.98,0.9556666666666667,0.01,0.0966059952127909
rho0p7_seed19_width64_constant,0.7,19,64,constant,200,0.2853333333333333,0.9795,0.954,0.01,0.09628247276116164
rho0p7_seed19_width64_cosine,0.7,19,64,cosine,20,0.2896666666666667,0.97825,0.9543333333333334,0.009799079281818376,0.10369590644071368
rho0p7_seed19_width64_cosine,0.7,19,64,cosine,40,0.2936666666666667,0.98175,0.9583333333333334,0.009173690746364798,0.101143000426035
rho0p7_seed19_width64_cosine,0.7,19,64,cosine,60,0.2866666666666667,0.9825,0.9566666666666667,0.008185102697299853,0.1004201662161119
rho0p7_seed19_width64_cosine,0.7,19,64,cosine,80,0.287,0.9815,0.9576666666666667,0.006931051913076572,0.09959096468751781
rho0p7_seed19_width64_cosine,0.7,19,64,cosine,100,0.28633333333333333,0.981,0.9566666666666667,0.005535520151093711,0.09912342764011653
rho0p7_seed19_width64_cosine,0.7,19,64,cosine,120,0.29033333333333333,0.9815,0.9566666666666667,0.004136476688619072,0.09884416738711532
rho0p7_seed19_width64_cosine,0.7,19,64,cosine,140,0.289,0.98025,0.9563333333333334,0.0028722379872641217,0.09859204884565398
rho0p7_seed19_width64_cosine,0.7,19,64,cosine,160,0.2876666666666667,0.98025,0.956,0.0018677930330710667,0.09842088889547802
rho0p7_seed19_width64_cosine,0.7,19,64,cosine,180,0.28833333333333333,0.981,0.956,0.0012224462977549774,0.09831354960552989
rho0p7_seed19_width64_cosine,0.7,19,64,cosine,200,0.2876666666666667,0.981,0.956,0.001,0.09824144476708559
rho0p7_seed19_width8_constant,0.7,19,8,constant,20,0.2843333333333333,0.98325,0.957,0.01,0.10470225820264986
rho0p7_seed19_width8_constant,0.7,19,8,constant,40,0.2843333333333333,0.9835,0.958,0.01,0.10347643543986469
rho0p7_seed19_width8_constant,0.7,19,8,constant,60,0.2846666666666667,0.9815,0.9586666666666667,0.01,0.1030650312060543
rho0p7_seed19_width8_constant,0.7,19,8,constant,80,0.2886666666666667,0.98175,0.9586666666666667,0.01,0.10281231318045807
rho0p7_seed19_width8_constant,0.7,19,8,constant,100,0.29,0.982,0.9586666666666667,0.01,0.10258151205168001
rho0p7_seed19_width8_constant,0.7,19,8,constant,120,0.293,0.98375,0.959,0.01,0.1025323212839684
rho0p7_seed19_width8_constant,0.7,19,8,constant,140,0.29133333333333333,0.98225,0.9586666666666667,0.01,0.10240230158699326
rho0p7_seed19_width8_constant,0.7,19,8,constant,160,0.29333333333333333,0.98225,0.9573333333333334,0.01,0.10245529228285805
rho0p7_seed19_width8_constant,0.7,19,8,constant,180,0.291,0.98125,0.959,0.01,0.10234105136481954
rho0p7_seed19_width8_constant,0.7,19,8,constant,200,0.2916666666666667,0.978,0.9576666666666667,0.01,0.10235268387459535
rho0p7_seed19_width8_cosine,0.7,19,8,cosine,20,0.2846666666666667,0.9835,0.9566666666666667,0.009799079281818376,0.10471071099424867
rho0p7_seed19_width8_cosine,0.7,19,8,cosine,40,0.2843333333333333,0.9835,0.958,0.009173690746364798,0.10353152400058721
rho0p7_seed19_width8_cosine,0.7,19,8,cosine,60,0.2843333333333333,0.98075,0.9586666666666667,0.008185102697299853,0.1030636184561169
rho0p7_seed19_width8_cosine,0.7,19,8,cosine,80,0.286,0.98125,0.9583333333333334,0.006931051913076572,0.102860785166544
rho0p7_seed19_width8_cosine,0.7,19,8,cosine,100,0.2856666666666667,0.98325,0.9593333333333334,0.005535520151093711,0.10269123203435952
rho0p7_seed19_width8_cosine,0.7,19,8,cosine,120,0.28933333333333333,0.9845,0.959,0.004136476688619072,0.10263178142205065
rho0p7_seed19_width8_cosine,0.7,19,8,cosine,140,0.2896666666666667,0.983,0.9583333333333334,0.0028722379872641217,0.1025524852092279
rho0p7_seed19_width8_cosine,0.7,19,8,cosine,160,0.28833333333333333,0.983,0.9586666666666667,0.0018677930330710667,0.10253149559136938
rho0p7_seed19_width8_cosine,0.7,19,8,cosine,180,0.28933333333333333,0.98275,0.9586666666666667,0.0012224462977549774,0.10251863312643507
rho0p7_seed19_width8_cosine,0.7,19,8,cosine,200,0.288,0.983,0.9586666666666667,0.001,0.10250611391938137
rho0p9_seed00_width512_constant,0.9,0,512,constant,20,0.7283333333333334,0.9675,0.9923333333333333,0.01,0.015023767504068627
rho0p9_seed00_width512_constant,0.9,0,512,constant,40,0.737,0.97025,0.9923333333333333,0.01,0.014368595439223185
rho0p9_seed00_width512_constant,0.9,0,512,constant,60,0.722,0.95625,0.992,0.01,0.013995447611272055
rho0p9_seed00_width512_constant,0.9,0,512,constant,80,0.729,0.963,0.992,0.01,0.013445850052082533
rho0p9_seed00_width512_constant,0.9,0,512,constant,100,0.726,0.96625,0.9916666666666667,0.01,0.013084375584724682
rho0p9_seed00_width512_constant,0.9,0,512,constant,120,0.7226666666666667,0.962,0.9916666666666667,0.01,0.012814225379993872
rho0p9_seed00_width512_constant,0.9,0,512,constant,140,0.7233333333333334,0.95875,0.992,0.01,0.012482630080351451
rho0p9_seed00_width512_constant,0.9,0,512,constant,160,0.7226666666666667,0.9555,0.9916666666666667,0.01,0.01228848831456887
rho0p9_seed00_width512_constant,0.9,0,512,constant,180,0.723,0.9575,0.9916666666666667,0.01,0.01201316052762865
rho0p9_seed00_width512_constant,0.9,0,512,constant,200,0.731,0.9585,0.9913333333333333,0.01,0.011755730354335985
rho0p9_seed00_width512_cosine,0.9,0,512,cosine,20,0.7283333333333334,0.9675,0.9923333333333333,0.009799079281818376,0.015027756616377503
rho0p9_seed00_width512_cosine,0.9,0,512,cosine,40,0.737,0.97025,0.9923333333333333,0.009173690746364798,0.014384781198673903
rho0p9_seed00_width512_cosine,0.9,0,512,cosine,60,0.7226666666666667,0.9575,0.992,0.008185102697299853,0.014023642889486553
rho0p9_seed00_width512_cosine,0.9,0,512,cosine,80,0.729,0.962,0.9916666666666667,0.006931051913076572,0.013618265130190464
rho0p9_seed00_width512_cosine,0.9,0,512,cosine,100,0.7263333333333334,0.9685,0.9916666666666667,0.005535520151093711,0.013364289742116313
rho0p9_seed00_width512_cosine,0.9,0,512,cosine,120,0.725,0.9635,0.9916666666666667,0.004136476688619072,0.013195083550944696
rho0p9_seed00_width512_cosine,0.9,0,512,cosine,140,0.7246666666666667,0.96375,0.9916666666666667,0.0028722379872641217,0.013078816440456626
rho0p9_seed00_width512_cosine,0.9,0,512,cosine,160,0.7246666666666667,0.96525,0.9916666666666667,0.0018677930330710667,0.013001225316708493
rho0p9_seed00_width512_cosine,0.9,0,512,cosine,180,0.7256666666666667,0.96575,0.9916666666666667,0.0012224462977549774,0.012952577925889755
rho0p9_seed00_width512_cosine,0.9,0,512,cosine,200,0.7276666666666667,0.966,0.9913333333333333,0.001,0.012921215652923672
rho0p9_seed00_width64_constant,0.9,0,64,constant,20,0.7686666666666667,0.97175,0.992,0.01,0.016947889622890296
rho0p9_seed00_width64_constant,0.9,0,64,constant,40,0.7556666666666667,0.97375,0.9926666666666667,0.01,0.015314659995143143
rho0p9_seed00_width64_constant,0.9,0,64,constant,60,0.75,0.96875,0.993,0.01,0.01468567850118975
rho0p9_seed00_width64_constant,0.9,0,64,constant,80,0.7443333333333333,0.962,0.9926666666666667,0.01,0.014342022182535039
rho0p9_seed00_width64_constant,0.9,0,64,constant,100,0.7396666666666667,0.96525,0.993,0.01,0.014023092733127651
rho0p9_seed00_width64_constant,0.9,0,64,constant,120,0.738,0.964,0.9926666666666667,0.01,0.01377926431892689
rho0p9_seed00_width64_constant,0.9,0,64,constant,140,0.7366666666666667,0.96275,0.9926666666666667,0.01,0.01355796494583899
rho0p9_seed00_width64_constant,0.9,0,64,constant,160,0.7376666666666667,0.96275,0.993,0.01,0.013362014405057479
rho0p9_seed00_width64_constant,0.9,0,64,constant,180,0.7363333333333333,0.96275,0.993,0.01,0.013193982710394158
rho0p9_seed00_width64_constant,0.9,0,64,constant,200,0.742,0.96225,0.993,0.01,0.013058856496659268
rho0p9_seed00_width64_cosine,0.9,0,64,cosine,20,0.7683333333333333,0.9715,0.992,0.009799079281818376,0.01697059251774586
rho0p9_seed00_width64_cosine,0.9,0,64,cosine,40,0.756,0.97425,0.9926666666666667,0.009173690746364798,0.015369754906052663
rho0p9_seed00_width64_cosine,0.9,0,64,cosine,60,0.7506666666666667,0.96925,0.9926666666666667,0.008185102697299853,0.014770088902495303
rho0p9_seed00_width64_cosine,0.9,0,64,cosine,80,0.7466666666666667,0.965,0.9926666666666667,0.006931051913076572,0.014478048770907597
rho0p9_seed00_width64_cosine,0.9,0,64,cosine,100,0.7406666666666667,0.96625,0.993,0.005535520151093711,0.014258481028808069
rho0p9_seed00_width64_cosine,0.9,0,64,cosine,120,0.74,0.964,0.9926666666666667,0.004136476688619072,0.014119971512123795
rho0p9_seed00_width64_cosine,0.9,0,64,cosine,140,0.739,0.965,0.9926666666666667,0.0028722379872641217,0.01402043558666544
rho0p9_seed00_width64_cosine,0.9,0,64,cosine,160,0.7393333333333333,0.9655,0.993,0.0018677930330710667,0.01395836458696983
rho0p9_seed00_width64_cosine,0.9,0,64,cosine,180,0.7393333333333333,0.9655,0.993,0.0012224462977549774,0.013920471145963668
rho0p9_seed00_width64_cosine,0.9,0,64,cosine,200,0.7396666666666667,0.96475,0.993,0.001,0.01389410401318645
rho0p9_seed00_width8_constant,0.9,0,8,constant,20,0.75,0.977,0.993,0.01,0.017628200019004458
rho0p9_seed00_width8_constant,0.9,0,8,constant,40,0.7353333333333333,0.97925,0.9926666666666667,0.01,0.016917345350244684
rho0p9_seed00_width8_constant,0.9,0,8,constant,60,0.7316666666666667,0.9805,0.9926666666666667,0.01,0.016708824301213926
rho0p9_seed00_width8_constant,0.9,0,8,constant,80,0.7316666666666667,0.97525,0.9926666666666667,0.01,0.016622502559198525
rho0p9_seed00_width8_constant,0.9,0,8,constant,100,0.7286666666666667,0.98075,0.9926666666666667,0.01,0.01651830522516
rho0p9_seed00_width8_constant,0.9,0,8,constant,120,0.729,0.979,0.9926666666666667,0.01,0.016446830206786816
rho0p9_seed00_width8_constant,0.9,0,8,constant,140,0.7276666666666667,0.98075,0.9926666666666667,0.01,0.01637487121567392
rho0p9_seed00_width8_constant,0.9,0,8,constant,160,0.7266666666666667,0.981,0.993,0.01,0.016314460890485286
rho0p9_seed00_width8_constant,0.9,0,8,constant,180,0.725,0.979,0.993,0.01,0.01625417722602362
rho0p9_seed00_width8_constant,0.9,0,8,constant,200,0.7303333333333333,0.982,0.993,0.01,0.016212476690405105
rho0p9_seed00_width8_cosine,0.9,0,8,cosine,20,0.75,0.977,0.993,0.009799079281818376,0.017639071523872205
rho0p9_seed00_width8_cosine,0.9,0,8,cosine,40,0.7356666666666667,0.9795,0.9926666666666667,0.009173690746364798,0.016936434189394795
rho0p9_seed00_width8_cosine,0.9,0,8,cosine,60,0.7316666666666667,0.98,0.9926666666666667,0.008185102697299853,0.016733774750025795
rho0p9_seed00_width8_cosine,0.9,0,8,cosine,80,0.732,0.97625,0.9926666666666667,0.006931051913076572,0.016654263940739832
rho0p9_seed00_width8_cosine,0.9,0,8,cosine,100,0.7293333333333333,0.98,0.9926666666666667,0.005535520151093711,0.016580890625486563
rho0p9_seed00_width8_cosine,0.9,0,8,cosine,120,0.7306666666666667,0.9785,0.9923333333333333,0.004136476688619072,0.016545975683912133
rho0p9_seed00_width8_cosine,0.9,0,8,cosine,140,0.7286666666666667,0.98025,0.9926666666666667,0.0028722379872641217,0.016515966310852108
rho0p9_seed00_width8_cosine,0.9,0,8,cosine,160,0.728,0.97975,0.993,0.0018677930330710667,0.016498467329619997
rho0p9_seed00_width8_cosine,0.9,0,8,cosine,180,0.7276666666666667,0.98,0.993,0.0012224462977549774,0.016489935955995752
rho0p9_seed00_width8_cosine,0.9,0,8,cosine,200,0.728,0.98025,0.993,0.001,0.016481175685845815
rho0p9_seed01_width512_constant,0.9,1,512,constant,20,0.765,0.94425,0.9896666666666667,0.01,0.016341028098995656
rho0p9_seed01_width512_constant,0.9,1,512,constant,40,0.7666666666666667,0.92475,0.9906666666666667,0.01,0.015975724039540933
rho0p9_seed01_width512_constant,0.9,1,512,constant,60,0.7596666666666667,0.9365,0.9893333333333333,0.01,0.015047210737082855
rho0p9_seed01_width512_constant,0.9,1,512,constant,80,0.7643333333333333,0.92775,0.9893333333333333,0.01,0.014713550700740149
rho0p9_seed01_width512_constant,0.9,1,512,constant,100,0.7573333333333333,0.92575,0.988,0.01,0.014304156772829825
rho0p9_seed01_width512_constant,0.9,1,512,constant,120,0.7563333333333333,0.9245,0.989,0.01,0.014013077767137548
rho0p9_seed01_width512_constant,0.9,1,512,constant,140,0.7643333333333333,0.92925,0.9893333333333333,0.01,0.013685066251686771
rho0p9_seed01_width512_constant,0.9,1,512,constant,160,0.759,0.91425,0.99,0.01,0.01379761242793216
rho0p9_seed01_width512_constant,0.9,1,512,constant,180,0.7623333333333333,0.92325,0.989,0.01,0.013136605989331135
rho0p9_seed01_width512_constant,0.9,1,512,constant,200,0.7663333333333333,0.92575,0.989,0.01,0.013008742676331687
rho0p9_seed01_width512_cosine,0.9,1,512,cosine,20,0.765,0.9445,0.9896666666666667,0.009799079281818376,0.01634610017897889
rho0p9_seed01_width512_cosine,0.9,1,512,cosine,40,0.7663333333333333,0.927,0.99,0.009173690746364798,0.015910896134988656
rho0p9_seed01_width512_cosine,0.9,1,512,cosine,60,0.7616666666666667,0.93575,0.989,0.008185102697299853,0.015133853475739364
rho0p9_seed01_width512_cosine,0.9,1,512,cosine,80,0.7656666666666667,0.931,0.989,0.006931051913076572,0.014841066552784471
rho0p9_seed01_width512_cosine,0.9,1,512,cosine,100,0.759,0.92925,0.9893333333333333,0.005535520151093711,0.014567733506986301
rho0p9_seed01_width512_cosine,0.9,1,512,cosine,120,0.76,0.933,0.9893333333333333,0.004136476688619072,0.014373136669481866
rho0p9_seed01_width512_cosine,0.9,1,512,cosine,140,0.7606666666666667,0.93225,0.9893333333333333,0.0028722379872641217,0.014258270725041955
rho0p9_seed01_width512_cosine,0.9,1,512,cosine,160,0.7603333333333333,0.92825,0.989,0.0018677930330710667,0.014186571178085085
rho0p9_seed01_width512_cosine,0.9,1,512,cosine,180,0.762,0.93025,0.9893333333333333,0.0012224462977549774,0.014136872258837002
rho0p9_seed01_width512_cosine,0.9,1,512,cosine,200,0.7616666666666667,0.93025,0.989,0.001,0.014105461189262695
rho0p9_seed01_width64_constant,0.9,1,64,constant,20,0.7556666666666667,0.964,0.9903333333333333,0.01,0.01899778438005663
rho0p9_seed01_width64_constant,0.9,1,64,constant,40,0.7636666666666667,0.949,0.9893333333333333,0.01,0.017349863621397402
rho0p9_seed01_width64_constant,0.9,1,64,constant,60,0.7633333333333333,0.94075,0.9893333333333333,0.01,0.016592655914879323
rho0p9_seed01_width64_constant,0.9,1,64,constant,80,0.766,0.9365,0.9896666666666667,0.01,0.016115152087850217
rho0p9_seed01_width64_constant,0.9,1,64,constant,100,0.762,0.93625,0.9896666666666667,0.01,0.015749738387715484
rho0p9_seed01_width64_constant,0.9,1,64,constant,120,0.76,0.937,0.9893333333333333,0.01,0.015459926221423873
rho0p9_seed01_width64_constant,0.9,1,64,constant,140,0.7596666666666667,0.93375,0.9893333333333333,0.01,0.015205745905814727
rho0p9_seed01_width64_constant,0.9,1,64,constant,160,0.7573333333333333,0.92925,0.9893333333333333,0.01,0.014981801009628638
rho0p9_seed01_width64_constant,0.9,1,64,constant,180,0.7563333333333333,0.93025,0.989,0.01,0.014765945797257117
rho0p9_seed01_width64_constant,0.9,1,64,constant,200,0.7553333333333333,0.9275,0.9886666666666667,0.01,0.014548661999718979
rho0p9_seed01_width64_cosine,0.9,1,64,cosine,20,0.7556666666666667,0.9645,0.9903333333333333,0.009799079281818376,0.019018459601072422
rho0p9_seed01_width64_cosine,0.9,1,64,cosine,40,0.7633333333333333,0.94975,0.9893333333333333,0.009173690746364798,0.017407241882581848
rho0p9_seed01_width64_cosine,0.9,1,64,cosine,60,0.7636666666666667,0.9425,0.9893333333333333,0.008185102697299853,0.016702560899244923
rho0p9_seed01_width64_cosine,0.9,1,64,cosine,80,0.7656666666666667,0.93825,0.9893333333333333,0.006931051913076572,0.016307947813039257
rho0p9_seed01_width64_cosine,0.9,1,64,cosine,100,0.7623333333333333,0.9375,0.9893333333333333,0.005535520151093711,0.016023867667943375
rho0p9_seed01_width64_cosine,0.9,1,64,cosine,120,0.762,0.93725,0.9893333333333333,0.004136476688619072,0.01585422703746248
rho0p9_seed01_width64_cosine,0.9,1,64,cosine,140,0.7623333333333333,0.937,0.9893333333333333,0.0028722379872641217,0.015741011758395554
rho0p9_seed01_width64_cosine,0.9,1,64,cosine,160,0.762,0.9375,0.989,0.0018677930330710667,0.015669205224137818
rho0p9_seed01_width64_cosine,0.9,1,64,cosine,180,0.762,0.9365,0.9893333333333333,0.0012224462977549774,0.015625266077601677
rho0p9_seed01_width64_cosine,0.9,1,64,cosine,200,0.7613333333333333,0.93625,0.989,0.001,0.015595262980843034
rho0p9_seed01_width8_constant,0.9,1,8,constant,20,0.7606666666666667,0.97025,0.991,0.01,0.0193362692016837
rho0p9_seed01_width8_constant,0.9,1,8,constant,40,0.763,0.9685,0.991,0.01,0.018382225095325038
rho0p9_seed01_width8_constant,0.9,1,8,constant,60,0.76,0.964,0.9903333333333333,0.01,0.018016234833991028
rho0p9_seed01_width8_constant,0.9,1,8,constant,80,0.7653333333333333,0.96175,0.9903333333333333,0.01,0.01778069224454963
rho0p9_seed01_width8_constant,0.9,1,8,constant,100,0.7643333333333333,0.96075,0.9903333333333333,0.01,0.017542015113457442
rho0p9_seed01_width8_constant,0.9,1,8,constant,120,0.7646666666666667,0.9615,0.99,0.01,0.0173696498252742
rho0p9_seed01_width8_constant,0.9,1,8,constant,140,0.7666666666666667,0.95725,0.99,0.01,0.017205470092874185
rho0p9_seed01_width8_constant,0.9,1,8,constant,160,0.7673333333333333,0.952,0.99,0.01,0.017048189313587068
rho0p9_seed01_width8_constant,0.9,1,8,constant,180,0.7696666666666667,0.95075,0.9903333333333333,0.01,0.016892683286009874
rho0p9_seed01_width8_constant,0.9,1,8,constant,200,0.7713333333333333,0.94925,0.99,0.01,0.016782199674733947
rho0p9_seed01_width8_cosine,0.9,1,8,cosine,20,0.7606666666666667,0.97025,0.991,0.009799079281818376,0.01934955238047937
rho0p9_seed01_width8_cosine,0.9,1,8,cosine,40,0.7623333333333333,0.96875,0.9906666666666667,0.009173690746364798,0.018414591127962666
rho0p9_seed01_width8_cosine,0.9,1,8,cosine,60,0.761,0.96425,0.9903333333333333,0.008185102697299853,0.018066009471262266
rho0p9_seed01_width8_cosine,0.9,1,8,cosine,80,0.765,0.963,0.9903333333333333,0.006931051913076572,0.017889459806115802
rho0p9_seed01_width8_cosine,0.9,1,8,cosine,100,0.7633333333333333,0.96375,0.9903333333333333,0.005535520151093711,0.01772257823425548
rho0p9_seed01_width8_cosine,0.9,1,8,cosine,120,0.7633333333333333,0.9635,0.99,0.004136476688619072,0.017612064116355398
rho0p9_seed01_width8_cosine,0.9,1,8,cosine,140,0.7636666666666667,0.96225,0.9903333333333333,0.0028722379872641217,0.01754039707530103
rho0p9_seed01_width8_cosine,0.9,1,8,cosine,160,0.765,0.9615,0.99,0.0018677930330710667,0.017484444646946002
rho0p9_seed01_width8_cosine,0.9,1,8,cosine,180,0.765,0.96175,0.99,0.0012224462977549774,0.017453006450114883
rho0p9_seed01_width8_cosine,0.9,1,8,cosine,200,0.7663333333333333,0.9615,0.99,0.001,0.017436898964968958
rho0p9_seed02_width512_constant,0.9,2,512,constant,20,0.7493333333333333,0.956,0.994,0.01,0.013333764019032754
rho0p9_seed02_width512_constant,0.9,2,512,constant,40,0.748,0.96025,0.994,0.01,0.012200713973337341
rho0p9_seed02_width512_constant,0.9,2,512,constant,60,0.75,0.95675,0.994,0.01,0.011794415324924507
rho0p9_seed02_width512_constant,0.9,2,512,constant,80,0.7543333333333333,0.96325,0.9946666666666667,0.01,0.011589002809610002
rho0p9_seed02_width512_constant,0.9,2,512,constant,100,0.7513333333333333,0.954,0.994,0.01,0.011357819645941245
rho0p9_seed02_width512_constant,0.9,2,512,constant,120,0.752,0.95975,0.9943333333333333,0.01,0.010938198558811566
rho0p9_seed02_width512_constant,0.9,2,512,constant,140,0.7486666666666667,0.96175,0.9943333333333333,0.01,0.010773500939108291
rho0p9_seed02_width512_constant,0.9,2,512,constant,160,0.7553333333333333,0.956,0.9936666666666667,0.01,0.010612426349601287
rho0p9_seed02_width512_constant,0.9,2,512,constant,180,0.7603333333333333,0.9585,0.9943333333333333,0.01,0.010406089526874655
rho0p9_seed02_width512_constant,0.9,2,512,constant,200,0.757,0.95375,0.994,0.01,0.010331181810674236
rho0p9_seed02_width512_cosine,0.9,2,512,cosine,20,0.7493333333333333,0.957,0.994,0.009799079281818376,0.013305063927662297
rho0p9_seed02_width512_cosine,0.9,2,512,cosine,40,0.7476666666666667,0.96075,0.994,0.009173690746364798,0.012216441872526474
rho0p9_seed02_width512_cosine,0.9,2,512,cosine,60,0.7496666666666667,0.958,0.994,0.008185102697299853,0.01184169567097652
rho0p9_seed02_width512_cosine,0.9,2,512,cosine,80,0.7533333333333333,0.96475,0.9943333333333333,0.006931051913076572,0.0116106672625147
rho0p9_seed02_width512_cosine,0.9,2,512,cosine,100,0.752,0.95875,0.9936666666666667,0.005535520151093711,0.011428618201529513
rho0p9_seed02_width512_cosine,0.9,2,512,cosine,120,0.751,0.96325,0.9943333333333333,0.004136476688619072,0.01126511809472288
rho0p9_seed02_width512_cosine,0.9,2,512,cosine,140,0.748,0.96375,0.994,0.0028722379872641217,0.01116492227561107
rho0p9_seed02_width512_cosine,0.9,2,512,cosine,160,0.7526666666666667,0.963,0.994,0.0018677930330710667,0.011098790685102413
rho0p9_seed02_width512_cosine,0.9,2,512,cosine,180,0.755,0.9615,0.994,0.0012224462977549774,0.011062728002951133
rho0p9_seed02_width512_cosine,0.9,2,512,cosine,200,0.7556666666666667,0.96175,0.994,0.001,0.01103938041765937
rho0p9_seed02_width64_constant,0.9,2,64,constant,20,0.7476666666666667,0.96675,0.9936666666666667,0.01,0.015302540201253746
rho0p9_seed02_width64_constant,0.9,2,64,constant,40,0.755,0.9625,0.9943333333333333,0.01,0.013752740431208235
rho0p9_seed02_width64_constant,0.9,2,64,constant,60,0.7536666666666667,0.962,0.9946666666666667,0.01,0.01315933888585323
rho0p9_seed02_width64_constant,0.9,2,64,constant,80,0.7556666666666667,0.962,0.9943333333333333,0.01,0.012747350242553164
rho0p9_seed02_width64_constant,0.9,2,64,constant,100,0.7563333333333333,0.961,0.9946666666666667,0.01,0.012463599428922436
rho0p9_seed02_width64_constant,0.9,2,64,constant,120,0.7523333333333333,0.9615,0.9946666666666667,0.01,0.012259613960930563
rho0p9_seed02_width64_constant,0.9,2,64,constant,140,0.7483333333333333,0.96075,0.9943333333333333,0.01,0.012083116065087914
rho0p9_seed02_width64_constant,0.9,2,64,constant,160,0.7523333333333333,0.96025,0.9943333333333333,0.01,0.011938844719224071
rho0p9_seed02_width64_constant,0.9,2,64,constant,180,0.7543333333333333,0.96025,0.9946666666666667,0.01,0.011816022846161562
rho0p9_seed02_width64_constant,0.9,2,64,constant,200,0.755,0.9585,0.9946666666666667,0.01,0.011716687168511833
rho0p9_seed02_width64_cosine,0.9,2,64,cosine,20,0.7476666666666667,0.96675,0.9936666666666667,0.009799079281818376,0.015323138773213198
rho0p9_seed02_width64_cosine,0.9,2,64,cosine,40,0.755,0.9625,0.9943333333333333,0.009173690746364798,0.01379977077307214
rho0p9_seed02_width64_cosine,0.9,2,64,cosine,60,0.7536666666666667,0.96275,0.9946666666666667,0.008185102697299853,0.01325040993471367
rho0p9_seed02_width64_cosine,0.9,2,64,cosine,80,0.7543333333333333,0.962,0.9943333333333333,0.006931051913076572,0.012903130729732698
rho0p9_seed02_width64_cosine,0.9,2,64,cosine,100,0.7546666666666667,0.96275,0.9946666666666667,0.005535520151093711,0.012693187930394426
rho0p9_seed02_width64_cosine,0.9,2,64,cosine,120,0.7556666666666667,0.963,0.9946666666666667,0.004136476688619072,0.01254103157024845
rho0p9_seed02_width64_cosine,0.9,2,64,cosine,140,0.7543333333333333,0.961,0.9946666666666667,0.0028722379872641217,0.012447785804340632
rho0p9_seed02_width64_cosine,0.9,2,64,cosine,160,0.755,0.961,0.9946666666666667,0.0018677930330710667,0.01239546275894887
rho0p9_seed02_width64_cosine,0.9,2,64,cosine,180,0.755,0.961,0.9946666666666667,0.0012224462977549774,0.012363942279940457
rho0p9_seed02_width64_cosine,0.9,2,64,cosine,200,0.755,0.9615,0.9946666666666667,0.001,0.012343293249447131
rho0p9_seed02_width8_constant,0.9,2,8,constant,20,0.7133333333333334,0.96625,0.9946666666666667,0.01,0.015141938540397075
rho0p9_seed02_width8_constant,0.9,2,8,constant,40,0.728,0.96375,0.9943333333333333,0.01,0.014141152209754124
rho0p9_seed02_width8_constant,0.9,2,8,constant,60,0.7336666666666667,0.9655,0.9943333333333333,0.01,0.01386800513047042
rho0p9_seed02_width8_constant,0.9,2,8,constant,80,0.7346666666666667,0.96825,0.9943333333333333,0.01,0.013670846660865987
rho0p9_seed02_width8_constant,0.9,2,8,constant,100,0.7353333333333333,0.96825,0.9946666666666667,0.01,0.013586707279021537
rho0p9_seed02_width8_constant,0.9,2,8,constant,120,0.734,0.96825,0.9943333333333333,0.01,0.013514791979599577
rho0p9_seed02_width8_constant,0.9,2,8,constant,140,0.7316666666666667,0.96875,0.9936666666666667,0.01,0.013465237691522566
rho0p9_seed02_width8_constant,0.9,2,8,constant,160,0.7356666666666667,0.96725,0.994,0.01,0.013404803562452923
rho0p9_seed02_width8_constant,0.9,2,8,constant,180,0.7396666666666667,0.97,0.9943333333333333,0.01,0.013365891218560973
rho0p9_seed02_width8_constant,0.9,2,8,constant,200,0.7403333333333333,0.96925,0.994,0.01,0.013332227327486151
rho0p9_seed02_width8_cosine,0.9,2,8,cosine,20,0.7133333333333334,0.9665,0.9946666666666667,0.009799079281818376,0.015156988514472744
rho0p9_seed02_width8_cosine,0.9,2,8,cosine,40,0.727,0.9635,0.9943333333333333,0.009173690746364798,0.014166834961435606
rho0p9_seed02_width8_cosine,0.9,2,8,cosine,60,0.7336666666666667,0.9655,0.9943333333333333,0.008185102697299853,0.013911184323616136
rho0p9_seed02_width8_cosine,0.9,2,8,cosine,80,0.7346666666666667,0.96675,0.994,0.006931051913076572,0.013751467744276468
rho0p9_seed02_width8_cosine,0.9,2,8,cosine,100,0.735,0.96825,0.9946666666666667,0.005535520151093711,0.013658303359573059
rho0p9_seed02_width8_cosine,0.9,2,8,cosine,120,0.7343333333333333,0.96875,0.9943333333333333,0.004136476688619072,0.013602149717545645
rho0p9_seed02_width8_cosine,0.9,2,8,cosine,140,0.7333333333333333,0.96675,0.994,0.0028722379872641217,0.013575732360499138
rho0p9_seed02_width8_cosine,0.9,2,8,cosine,160,0.733,0.96625,0.994,0.0018677930330710667,0.013555459997560814
rho0p9_seed02_width8_cosine,0.9,2,8,cosine,180,0.7343333333333333,0.96675,0.994,0.0012224462977549774,0.013543728378086487
rho0p9_seed02_width8_cosine,0.9,2,8,cosine,200,0.7343333333333333,0.96725,0.994,0.001,0.01353711142727901
rho0p9_seed03_width512_constant,0.9,3,512,constant,20,0.7173333333333334,0.964,0.9926666666666667,0.01,0.014262219490037188
rho0p9_seed03_width512_constant,0.9,3,512,constant,40,0.718,0.963,0.9926666666666667,0.01,0.013649850643714316
rho0p9_seed03_width512_constant,0.9,3,512,constant,60,0.7156666666666667,0.9605,0.9923333333333333,0.01,0.013234252213712272
rho0p9_seed03_width512_constant,0.9,3,512,constant,80,0.722,0.95675,0.9926666666666667,0.01,0.013229031693796365
rho0p9_seed03_width512_constant,0.9,3,512,constant,100,0.7183333333333334,0.9595,0.9926666666666667,0.01,0.012543223530448967
rho0p9_seed03_width512_constant,0.9,3,512,constant,120,0.717,0.958,0.9923333333333333,0.01,0.012099039979054486
rho0p9_seed03_width512_constant,0.9,3,512,constant,140,0.716,0.9585,0.9923333333333333,0.01,0.011786082405233031
rho0p9_seed03_width512_constant,0.9,3,512,constant,160,0.7173333333333334,0.9595,0.9923333333333333,0.01,0.011440029064980975
rho0p9_seed03_width512_constant,0.9,3,512,constant,180,0.719,0.95975,0.9923333333333333,0.01,0.011691788249454655
rho0p9_seed03_width512_constant,0.9,3,512,constant,200,0.7223333333333334,0.96225,0.9923333333333333,0.01,0.010882478017933125
rho0p9_seed03_width512_cosine,0.9,3,512,cosine,20,0.7173333333333334,0.964,0.9926666666666667,0.009799079281818376,0.014265235176623661
rho0p9_seed03_width512_cosine,0.9,3,512,cosine,40,0.7173333333333334,0.96325,0.9926666666666667,0.009173690746364798,0.01367351792033848
rho0p9_seed03_width512_cosine,0.9,3,512,cosine,60,0.716,0.96125,0.9923333333333333,0.008185102697299853,0.0132723473131633
rho0p9_seed03_width512_cosine,0.9,3,512,cosine,80,0.72,0.95775,0.993,0.006931051913076572,0.013134274273151237
rho0p9_seed03_width512_cosine,0.9,3,512,cosine,100,0.718,0.95975,0.9923333333333333,0.005535520151093711,0.012663607874083658
rho0p9_seed03_width512_cosine,0.9,3,512,cosine,120,0.7166666666666667,0.96,0.9926666666666667,0.004136476688619072,0.012644734308458012
rho0p9_seed03_width512_cosine,0.9,3,512,cosine,140,0.7163333333333334,0.96175,0.9923333333333333,0.0028722379872641217,0.012320840347868744
rho0p9_seed03_width512_cosine,0.9,3,512,cosine,160,0.7186666666666667,0.96075,0.9923333333333333,0.0018677930330710667,0.01224668981138525
rho0p9_seed03_width512_cosine,0.9,3,512,cosine,180,0.7203333333333334,0.961,0.9923333333333333,0.0012224462977549774,0.012189723710080603
rho0p9_seed03_width512_cosine,0.9,3,512,cosine,200,0.7203333333333334,0.96125,0.9923333333333333,0.001,0.012151801340373303
rho0p9_seed03_width64_constant,0.9,3,64,constant,20,0.7546666666666667,0.964,0.9933333333333333,0.01,0.016338190965742842
rho0p9_seed03_width64_constant,0.9,3,64,constant,40,0.7433333333333333,0.96525,0.9933333333333333,0.01,0.01477580359375505
rho0p9_seed03_width64_constant,0.9,3,64,constant,60,0.7376666666666667,0.962,0.9933333333333333,0.01,0.014061479657799447
rho0p9_seed03_width64_constant,0.9,3,64,constant,80,0.7316666666666667,0.9615,0.993,0.01,0.013574207490982843
rho0p9_seed03_width64_constant,0.9,3,64,constant,100,0.7286666666666667,0.95875,0.993,0.01,0.013189022957131471
rho0p9_seed03_width64_constant,0.9,3,64,constant,120,0.7263333333333334,0.95925,0.9933333333333333,0.01,0.012980801416124786
rho0p9_seed03_width64_constant,0.9,3,64,constant,140,0.723,0.96075,0.993,0.01,0.012619069259919458
rho0p9_seed03_width64_constant,0.9,3,64,constant,160,0.725,0.9585,0.993,0.01,0.012414909637246563
rho0p9_seed03_width64_constant,0.9,3,64,constant,180,0.724,0.959,0.993,0.01,0.012208436076199003
rho0p9_seed03_width64_constant,0.9,3,64,constant,200,0.721,0.95975,0.993,0.01,0.012058484346762986
rho0p9_seed03_width64_cosine,0.9,3,64,cosine,20,0.7546666666666667,0.964,0.9933333333333333,0.009799079281818376,0.01635622015809813
rho0p9_seed03_width64_cosine,0.9,3,64,cosine,40,0.7433333333333333,0.96475,0.9933333333333333,0.009173690746364798,0.014829839014606043
rho0p9_seed03_width64_cosine,0.9,3,64,cosine,60,0.7383333333333333,0.96275,0.9933333333333333,0.008185102697299853,0.014170995547204456
rho0p9_seed03_width64_cosine,0.9,3,64,cosine,80,0.734,0.96175,0.9933333333333333,0.006931051913076572,0.01375736714224233
rho0p9_seed03_width64_cosine,0.9,3,64,cosine,100,0.7296666666666667,0.96025,0.993,0.005535520151093711,0.013486353398401969
rho0p9_seed03_width64_cosine,0.9,3,64,cosine,120,0.73,0.96225,0.9933333333333333,0.004136476688619072,0.013350710938057066
rho0p9_seed03_width64_cosine,0.9,3,64,cosine,140,0.7283333333333334,0.96125,0.993,0.0028722379872641217,0.013189548851809216
rho0p9_seed03_width64_cosine,0.9,3,64,cosine,160,0.7283333333333334,0.95975,0.993,0.0018677930330710667,0.013100741635181998
rho0p9_seed03_width64_cosine,0.9,3,64,cosine,180,0.7293333333333333,0.95975,0.993,0.0012224462977549774,0.013048170154299996
rho0p9_seed03_width64_cosine,0.9,3,64,cosine,200,0.728,0.95975,0.993,0.001,0.013014180169772623
rho0p9_seed03_width8_constant,0.9,3,8,constant,20,0.7513333333333333,0.976,0.9916666666666667,0.01,0.016996540683544267
rho0p9_seed03_width8_constant,0.9,3,8,constant,40,0.736,0.976,0.992,0.01,0.01614650174175954
rho0p9_seed03_width8_constant,0.9,3,8,constant,60,0.7306666666666667,0.97625,0.992,0.01,0.015882452388636715
rho0p9_seed03_width8_constant,0.9,3,8,constant,80,0.7276666666666667,0.97375,0.992,0.01,0.015686358709014775
rho0p9_seed03_width8_constant,0.9,3,8,constant,100,0.7253333333333334,0.9745,0.9923333333333333,0.01,0.015513246012960783
rho0p9_seed03_width8_constant,0.9,3,8,constant,120,0.724,0.9715,0.992,0.01,0.015535668955092617
rho0p9_seed03_width8_constant,0.9,3,8,constant,140,0.7243333333333334,0.97475,0.9923333333333333,0.01,0.01523870813868679
rho0p9_seed03_width8_constant,0.9,3,8,constant,160,0.7273333333333334,0.9715,0.9926666666666667,0.01,0.01511848482367301
rho0p9_seed03_width8_constant,0.9,3,8,constant,180,0.7306666666666667,0.973,0.9926666666666667,0.01,0.0149991622680464
rho0p9_seed03_width8_constant,0.9,3,8,constant,200,0.7283333333333334,0.972,0.993,0.01,0.01491381095991958
rho0p9_seed03_width8_cosine,0.9,3,8,cosine,20,0.7513333333333333,0.976,0.9916666666666667,0.009799079281818376,0.01700778977294455
rho0p9_seed03_width8_cosine,0.9,3,8,cosine,40,0.736,0.976,0.992,0.009173690746364798,0.01616599141327217
rho0p9_seed03_width8_cosine,0.9,3,8,cosine,60,0.7313333333333333,0.97675,0.992,0.008185102697299853,0.015923900496293924
rho0p9_seed03_width8_cosine,0.9,3,8,cosine,80,0.729,0.97525,0.992,0.006931051913076572,0.015760560474915017
rho0p9_seed03_width8_cosine,0.9,3,8,cosine,100,0.726,0.97525,0.992,0.005535520151093711,0.015644511394785333
rho0p9_seed03_width8_cosine,0.9,3,8,cosine,120,0.7253333333333334,0.97325,0.9916666666666667,0.004136476688619072,0.015623496773635514
rho0p9_seed03_width8_cosine,0.9,3,8,cosine,140,0.725,0.976,0.992,0.0028722379872641217,0.015516893685929753
rho0p9_seed03_width8_cosine,0.9,3,8,cosine,160,0.7263333333333334,0.97425,0.9923333333333333,0.0018677930330710667,0.015472933011423749
rho0p9_seed03_width8_cosine,0.9,3,8,cosine,180,0.7263333333333334,0.97425,0.992,0.0012224462977549774,0.015449109512412617
rho0p9_seed03_width8_cosine,0.9,3,8,cosine,200,0.7263333333333334,0.97425,0.992,0.001,0.015432566762669074
rho0p9_seed04_width512_constant,0.9,4,512,constant,20,0.7506666666666667,0.965,0.9943333333333333,0.01,0.012009990749784415
rho0p9_seed04_width512_constant,0.9,4,512,constant,40,0.7523333333333333,0.9675,0.9943333333333333,0.01,0.011465023003429897
rho0p9_seed04_width512_constant,0.9,4,512,constant,60,0.7473333333333333,0.9635,0.9943333333333333,0.01,0.011046235160665921
rho0p9_seed04_width512_constant,0.9,4,512,constant,80,0.7516666666666667,0.97025,0.9946666666666667,0.01,0.010892692546400686
rho0p9_seed04_width512_constant,0.9,4,512,constant,100,0.75,0.9665,0.9943333333333333,0.01,0.010484505646457379
rho0p9_seed04_width512_constant,0.9,4,512,constant,120,0.74,0.96275,0.9943333333333333,0.01,0.010185878915397436
rho0p9_seed04_width512_constant,0.9,4,512,constant,140,0.7463333333333333,0.9665,0.9946666666666667,0.01,0.009952419365898977
rho0p9_seed04_width512_constant,0.9,4,512,constant,160,0.741,0.96075,0.9943333333333333,0.01,0.009749960988940782
rho0p9_seed04_width512_constant,0.9,4,512,constant,180,0.745,0.968,0.9946666666666667,0.01,0.009562709596304973
rho0p9_seed04_width512_constant,0.9,4,512,constant,200,0.7386666666666667,0.9675,0.9946666666666667,0.01,0.009418980710858171
rho0p9_seed04_width512_cosine,0.9,4,512,cosine,20,0.751,0.965,0.9943333333333333,0.009799079281818376,0.012014898114228904
rho0p9_seed04_width512_cosine,0.9,4,512,cosine,40,0.7523333333333333,0.96675,0.9943333333333333,0.009173690746364798,0.011481358339650433
rho0p9_seed04_width512_cosine,0.9,4,512,cosine,60,0.7473333333333333,0.96425,0.9943333333333333,0.008185102697299853,0.011104853934304817
rho0p9_seed04_width512_cosine,0.9,4,512,cosine,80,0.7516666666666667,0.9685,0.9943333333333333,0.006931051913076572,0.010895388185280165
rho0p9_seed04_width512_cosine,0.9,4,512,cosine,100,0.7466666666666667,0.9665,0.9943333333333333,0.005535520151093711,0.010651639900780774
rho0p9_seed04_width512_cosine,0.9,4,512,cosine,120,0.7406666666666667,0.96625,0.994,0.004136476688619072,0.01051080753368868
rho0p9_seed04_width512_cosine,0.9,4,512,cosine,140,0.7436666666666667,0.96575,0.9946666666666667,0.0028722379872641217,0.010417485384196718
rho0p9_seed04_width512_cosine,0.9,4,512,cosine,160,0.743,0.96475,0.9946666666666667,0.0018677930330710667,0.010362007923300621
rho0p9_seed04_width512_cosine,0.9,4,512,cosine,180,0.7446666666666667,0.9665,0.9943333333333333,0.0012224462977549774,0.010321674612186997
rho0p9_seed04_width512_cosine,0.9,4,512,cosine,200,0.743,0.96675,0.9946666666666667,0.001,0.01029702252475465
rho0p9_seed04_width64_constant,0.9,4,64,constant,20,0.7406666666666667,0.9695,0.994,0.01,0.014753456294165222
rho0p9_seed04_width64_constant,0.9,4,64,constant,40,0.7456666666666667,0.9705,0.994,0.01,0.013243758996461356
rho0p9_seed04_width64_constant,0.9,4,64,constant,60,0.7483333333333333,0.9705,0.994,0.01,0.012570785746904919
rho0p9_seed04_width64_constant,0.9,4,64,constant,80,0.7516666666666667,0.97425,0.9943333333333333,0.01,0.012109418145582447
rho0p9_seed04_width64_constant,0.9,4,64,constant,100,0.7476666666666667,0.97325,0.9943333333333333,0.01,0.011800903228601242
rho0p9_seed04_width64_constant,0.9,4,64,constant,120,0.7453333333333333,0.9725,0.9943333333333333,0.01,0.011546500500699792
rho0p9_seed04_width64_constant,0.9,4,64,constant,140,0.7486666666666667,0.9715,0.9943333333333333,0.01,0.011321937045851138
rho0p9_seed04_width64_constant,0.9,4,64,constant,160,0.7473333333333333,0.97025,0.994,0.01,0.011123356344899346
rho0p9_seed04_width64_constant,0.9,4,64,constant,180,0.7493333333333333,0.97125,0.9943333333333333,0.01,0.010938108052578187
rho0p9_seed04_width64_constant,0.9,4,64,constant,200,0.7453333333333333,0.971,0.9943333333333333,0.01,0.010804720715299664
rho0p9_seed04_width64_cosine,0.9,4,64,cosine,20,0.7406666666666667,0.9695,0.994,0.009799079281818376,0.014773406175134295
rho0p9_seed04_width64_cosine,0.9,4,64,cosine,40,0.7446666666666667,0.9705,0.994,0.009173690746364798,0.013295488081386074
rho0p9_seed04_width64_cosine,0.9,4,64,cosine,60,0.7466666666666667,0.97075,0.994,0.008185102697299853,0.012666523490042424
rho0p9_seed04_width64_cosine,0.9,4,64,cosine,80,0.7513333333333333,0.9725,0.9943333333333333,0.006931051913076572,0.01228665360255224
rho0p9_seed04_width64_cosine,0.9,4,64,cosine,100,0.7493333333333333,0.97275,0.9943333333333333,0.005535520151093711,0.012046508410487537
rho0p9_seed04_width64_cosine,0.9,4,64,cosine,120,0.7466666666666667,0.97375,0.9943333333333333,0.004136476688619072,0.011902710949751592
rho0p9_seed04_width64_cosine,0.9,4,64,cosine,140,0.746,0.97175,0.9943333333333333,0.0028722379872641217,0.011801572418826694
rho0p9_seed04_width64_cosine,0.9,4,64,cosine,160,0.7453333333333333,0.972,0.9943333333333333,0.0018677930330710667,0.011743370709855995
rho0p9_seed04_width64_cosine,0.9,4,64,cosine,180,0.7473333333333333,0.97275,0.9943333333333333,0.0012224462977549774,0.011703502845891113
rho0p9_seed04_width64_cosine,0.9,4,64,cosine,200,0.747,0.97325,0.9943333333333333,0.001,0.0116746734828819
rho0p9_seed04_width8_constant,0.9,4,8,constant,20,0.7373333333333333,0.97525,0.9946666666666667,0.01,0.014378027316482342
rho0p9_seed04_width8_constant,0.9,4,8,constant,40,0.7456666666666667,0.97675,0.9946666666666667,0.01,0.01334773051484363
rho0p9_seed04_width8_constant,0.9,4,8,constant,60,0.7476666666666667,0.97425,0.9943333333333333,0.01,0.012966578173293511
rho0p9_seed04_width8_constant,0.9,4,8,constant,80,0.748,0.974,0.9946666666666667,0.01,0.012792931166331713
rho0p9_seed04_width8_constant,0.9,4,8,constant,100,0.7476666666666667,0.97375,0.9943333333333333,0.01,0.012684008233503768
rho0p9_seed04_width8_constant,0.9,4,8,constant,120,0.7423333333333333,0.97375,0.9943333333333333,0.01,0.012613979787217495
rho0p9_seed04_width8_constant,0.9,4,8,constant,140,0.7453333333333333,0.97275,0.9943333333333333,0.01,0.01255808084113725
rho0p9_seed04_width8_constant,0.9,4,8,constant,160,0.7433333333333333,0.97375,0.9943333333333333,0.01,0.01252700268584129
rho0p9_seed04_width8_constant,0.9,4,8,constant,180,0.7443333333333333,0.9725,0.9943333333333333,0.01,0.012480191957448823
rho0p9_seed04_width8_constant,0.9,4,8,constant,200,0.7413333333333333,0.97275,0.9943333333333333,0.01,0.012460711390092468
rho0p9_seed04_width8_cosine,0.9,4,8,cosine,20,0.737,0.9755,0.9946666666666667,0.009799079281818376,0.01439202483025515
rho0p9_seed04_width8_cosine,0.9,4,8,cosine,40,0.746,0.9775,0.9946666666666667,0.009173690746364798,0.013374110079769116
rho0p9_seed04_width8_cosine,0.9,4,8,cosine,60,0.747,0.97625,0.9943333333333333,0.008185102697299853,0.013020867112421146
rho0p9_seed04_width8_cosine,0.9,4,8,cosine,80,0.7486666666666667,0.97475,0.9946666666666667,0.006931051913076572,0.012849816883291888
rho0p9_seed04_width8_cosine,0.9,4,8,cosine,100,0.7473333333333333,0.97425,0.9943333333333333,0.005535520151093711,0.012764894363540065
rho0p9_seed04_width8_cosine,0.9,4,8,cosine,120,0.7453333333333333,0.975,0.9943333333333333,0.004136476688619072,0.01271858652324759
rho0p9_seed04_width8_cosine,0.9,4,8,cosine,140,0.746,0.974,0.9943333333333333,0.0028722379872641217,0.012684838293361318
rho0p9_seed04_width8_cosine,0.9,4,8,cosine,160,0.7463333333333333,0.97375,0.9943333333333333,0.0018677930330710667,0.012665346575655352
rho0p9_seed04_width8_cosine,0.9,4,8,cosine,180,0.7463333333333333,0.97375,0.9943333333333333,0.0012224462977549774,0.012652558688028785
rho0p9_seed04_width8_cosine,0.9,4,8,cosine,200,0.7456666666666667,0.97425,0.9943333333333333,0.001,0.012644355034003171
rho0p9_seed05_width512_constant,0.9,5,512,constant,20,0.7326666666666667,0.96625,0.993,0.01,0.017204851301078797
rho0p9_seed05_width512_constant,0.9,5,512,constant,40,0.7336666666666667,0.933,0.992,0.01,0.016764895915970173
rho0p9_seed05_width512_constant,0.9,5,512,constant,60,0.7396666666666667,0.95575,0.9933333333333333,0.01,0.015493420288712954
rho0p9_seed05_width512_constant,0.9,5,512,constant,80,0.7323333333333333,0.95375,0.9933333333333333,0.01,0.015042748747226824
rho0p9_seed05_width512_constant,0.9,5,512,constant,100,0.745,0.9505,0.9933333333333333,0.01,0.014635756481359676
rho0p9_seed05_width512_constant,0.9,5,512,constant,120,0.7343333333333333,0.9625,0.9926666666666667,0.01,0.014499780731380037
rho0p9_seed05_width512_constant,0.9,5,512,constant,140,0.733,0.96175,0.993,0.01,0.014270913980457581
rho0p9_seed05_width512_constant,0.9,5,512,constant,160,0.725,0.94575,0.993,0.01,0.013592206502886853
rho0p9_seed05_width512_constant,0.9,5,512,constant,180,0.729,0.952,0.993,0.01,0.01333091173015841
rho0p9_seed05_width512_constant,0.9,5,512,constant,200,0.7283333333333334,0.944,0.9933333333333333,0.01,0.013071046364066103
rho0p9_seed05_width512_cosine,0.9,5,512,cosine,20,0.7326666666666667,0.96625,0.993,0.009799079281818376,0.017213291406635037
rho0p9_seed05_width512_cosine,0.9,5,512,cosine,40,0.7333333333333333,0.93525,0.993,0.009173690746364798,0.016650676146580758
rho0p9_seed05_width512_cosine,0.9,5,512,cosine,60,0.7376666666666667,0.9555,0.9933333333333333,0.008185102697299853,0.015586867497117103
rho0p9_seed05_width512_cosine,0.9,5,512,cosine,80,0.7346666666666667,0.9525,0.9933333333333333,0.006931051913076572,0.01520251543879934
rho0p9_seed05_width512_cosine,0.9,5,512,cosine,100,0.74,0.95,0.9933333333333333,0.005535520151093711,0.01492803383190609
rho0p9_seed05_width512_cosine,0.9,5,512,cosine,120,0.7333333333333333,0.95425,0.9933333333333333,0.004136476688619072,0.014713035208587286
rho0p9_seed05_width512_cosine,0.9,5,512,cosine,140,0.7323333333333333,0.95325,0.9933333333333333,0.0028722379872641217,0.014575772249523325
rho0p9_seed05_width512_cosine,0.9,5,512,cosine,160,0.7303333333333333,0.95,0.993,0.0018677930330710667,0.014471367629138086
rho0p9_seed05_width512_cosine,0.9,5,512,cosine,180,0.7303333333333333,0.94925,0.993,0.0012224462977549774,0.014418070560634232
rho0p9_seed05_width512_cosine,0.9,5,512,cosine,200,0.7303333333333333,0.94875,0.993,0.001,0.014382504679476051
rho0p9_seed05_width64_constant,0.9,5,64,constant,20,0.739,0.979,0.992,0.01,0.01922246895300321
rho0p9_seed05_width64_constant,0.9,5,64,constant,40,0.7403333333333333,0.97,0.993,0.01,0.01779418686786143
rho0p9_seed05_width64_constant,0.9,5,64,constant,60,0.744,0.9695,0.993,0.01,0.017144138907584955
rho0p9_seed05_width64_constant,0.9,5,64,constant,80,0.7363333333333333,0.964,0.9933333333333333,0.01,0.016703815823858225
rho0p9_seed05_width64_constant,0.9,5,64,constant,100,0.7443333333333333,0.966,0.9926666666666667,0.01,0.01645922052387865
rho0p9_seed05_width64_constant,0.9,5,64,constant,120,0.7386666666666667,0.96325,0.993,0.01,0.016117377901847228
rho0p9_seed05_width64_constant,0.9,5,64,constant,140,0.737,0.9645,0.993,0.01,0.015894002503440374
rho0p9_seed05_width64_constant,0.9,5,64,constant,160,0.7313333333333333,0.96175,0.9923333333333333,0.01,0.01568561134510469
rho0p9_seed05_width64_constant,0.9,5,64,constant,180,0.734,0.9605,0.9926666666666667,0.01,0.015483516636766791
rho0p9_seed05_width64_constant,0.9,5,64,constant,200,0.7346666666666667,0.958,0.9926666666666667,0.01,0.015315338453421503
rho0p9_seed05_width64_cosine,0.9,5,64,cosine,20,0.739,0.97925,0.992,0.009799079281818376,0.01923929990461637
rho0p9_seed05_width64_cosine,0.9,5,64,cosine,40,0.7406666666666667,0.97,0.993,0.009173690746364798,0.017844031154895912
rho0p9_seed05_width64_cosine,0.9,5,64,cosine,60,0.745,0.97025,0.9926666666666667,0.008185102697299853,0.01724661304005367
rho0p9_seed05_width64_cosine,0.9,5,64,cosine,80,0.7376666666666667,0.96575,0.9933333333333333,0.006931051913076572,0.016872589292397575
rho0p9_seed05_width64_cosine,0.9,5,64,cosine,100,0.742,0.9675,0.993,0.005535520151093711,0.01668296928265567
rho0p9_seed05_width64_cosine,0.9,5,64,cosine,120,0.7386666666666667,0.965,0.993,0.004136476688619072,0.016465466102781677
rho0p9_seed05_width64_cosine,0.9,5,64,cosine,140,0.738,0.96425,0.993,0.0028722379872641217,0.016356491837666354
rho0p9_seed05_width64_cosine,0.9,5,64,cosine,160,0.736,0.9645,0.9926666666666667,0.0018677930330710667,0.01629178200370308
rho0p9_seed05_width64_cosine,0.9,5,64,cosine,180,0.7353333333333333,0.964,0.9926666666666667,0.0012224462977549774,0.016250563161814995
rho0p9_seed05_width64_cosine,0.9,5,64,cosine,200,0.7346666666666667,0.96375,0.9926666666666667,0.001,0.01622259425411053
rho0p9_seed05_width8_constant,0.9,5,8,constant,20,0.7673333333333333,0.98025,0.9933333333333333,0.01,0.019820894186040876
rho0p9_seed05_width8_constant,0.9,5,8,constant,40,0.7546666666666667,0.97625,0.9933333333333333,0.01,0.019068737766610576
rho0p9_seed05_width8_constant,0.9,5,8,constant,60,0.756,0.977,0.9933333333333333,0.01,0.018847449904281596
rho0p9_seed05_width8_constant,0.9,5,8,constant,80,0.7486666666666667,0.971,0.9933333333333333,0.01,0.018684919731695025
rho0p9_seed05_width8_constant,0.9,5,8,constant,100,0.755,0.9765,0.993,0.01,0.018619699483375343
rho0p9_seed05_width8_constant,0.9,5,8,constant,120,0.751,0.97375,0.9936666666666667,0.01,0.01839206349730081
rho0p9_seed05_width8_constant,0.9,5,8,constant,140,0.746,0.97275,0.9936666666666667,0.01,0.01823159459225578
rho0p9_seed05_width8_constant,0.9,5,8,constant,160,0.7413333333333333,0.97575,0.9933333333333333,0.01,0.018032178091595737
rho0p9_seed05_width8_constant,0.9,5,8,constant,180,0.7423333333333333,0.97025,0.9933333333333333,0.01,0.017855923455826147
rho0p9_seed05_width8_constant,0.9,5,8,constant,200,0.7426666666666667,0.96475,0.993,0.01,0.017763296659429953
rho0p9_seed05_width8_cosine,0.9,5,8,cosine,20,0.7673333333333333,0.98025,0.9933333333333333,0.009799079281818376,0.019832034170526584
rho0p9_seed05_width8_cosine,0.9,5,8,cosine,40,0.7553333333333333,0.97625,0.9933333333333333,0.009173690746364798,0.01908967551970004
rho0p9_seed05_width8_cosine,0.9,5,8,cosine,60,0.7556666666666667,0.97775,0.9933333333333333,0.008185102697299853,0.018884396523933894
rho0p9_seed05_width8_cosine,0.9,5,8,cosine,80,0.7493333333333333,0.973,0.9933333333333333,0.006931051913076572,0.018738712262042292
rho0p9_seed05_width8_cosine,0.9,5,8,cosine,100,0.7523333333333333,0.9765,0.9933333333333333,0.005535520151093711,0.018695529154050046
rho0p9_seed05_width8_cosine,0.9,5,8,cosine,120,0.7506666666666667,0.97475,0.9936666666666667,0.004136476688619072,0.018575291699680026
rho0p9_seed05_width8_cosine,0.9,5,8,cosine,140,0.75,0.9735,0.9936666666666667,0.0028722379872641217,0.018517485378893195
rho0p9_seed05_width8_cosine,0.9,5,8,cosine,160,0.7456666666666667,0.97475,0.9936666666666667,0.0018677930330710667,0.01848478243673294
rho0p9_seed05_width8_cosine,0.9,5,8,cosine,180,0.746,0.97375,0.9936666666666667,0.0012224462977549774,0.018461762833046725
rho0p9_seed05_width8_cosine,0.9,5,8,cosine,200,0.746,0.9735,0.9936666666666667,0.001,0.018446859087840245
rho0p9_seed06_width512_constant,0.9,6,512,constant,20,0.7416666666666667,0.98025,0.995,0.01,0.016196539910534238
rho0p9_seed06_width512_constant,0.9,6,512,constant,40,0.738,0.97275,0.9953333333333333,0.01,0.015402311682808664
rho0p9_seed06_width512_constant,0.9,6,512,constant,60,0.7296666666666667,0.9755,0.9953333333333333,0.01,0.014936372646301793
rho0p9_seed06_width512_constant,0.9,6,512,constant,80,0.7383333333333333,0.97725,0.9953333333333333,0.01,0.01445390308181163
rho0p9_seed06_width512_constant,0.9,6,512,constant,100,0.7396666666666667,0.96925,0.995,0.01,0.014129499520588215
rho0p9_seed06_width512_constant,0.9,6,512,constant,120,0.7366666666666667,0.96875,0.994,0.01,0.014393762500177286
rho0p9_seed06_width512_constant,0.9,6,512,constant,140,0.7333333333333333,0.96625,0.9953333333333333,0.01,0.013456574978655397
rho0p9_seed06_width512_constant,0.9,6,512,constant,160,0.7393333333333333,0.9715,0.9946666666666667,0.01,0.013306886752288898
rho0p9_seed06_width512_constant,0.9,6,512,constant,180,0.738,0.9675,0.995,0.01,0.012873238887072307
rho0p9_seed06_width512_constant,0.9,6,512,constant,200,0.7353333333333333,0.96875,0.9953333333333333,0.01,0.012676090322599413
rho0p9_seed06_width512_cosine,0.9,6,512,cosine,20,0.7416666666666667,0.98025,0.995,0.009799079281818376,0.01619977044667147
rho0p9_seed06_width512_cosine,0.9,6,512,cosine,40,0.7373333333333333,0.9745,0.9953333333333333,0.009173690746364798,0.01542718904424521
rho0p9_seed06_width512_cosine,0.9,6,512,cosine,60,0.73,0.977,0.9953333333333333,0.008185102697299853,0.015001988239187011
rho0p9_seed06_width512_cosine,0.9,6,512,cosine,80,0.7376666666666667,0.9785,0.9953333333333333,0.006931051913076572,0.01463173415808816
rho0p9_seed06_width512_cosine,0.9,6,512,cosine,100,0.738,0.97175,0.995,0.005535520151093711,0.014385489171855942
rho0p9_seed06_width512_cosine,0.9,6,512,cosine,120,0.7383333333333333,0.976,0.9946666666666667,0.004136476688619072,0.014293186846519288
rho0p9_seed06_width512_cosine,0.9,6,512,cosine,140,0.7366666666666667,0.97275,0.9953333333333333,0.0028722379872641217,0.014062385626935497
rho0p9_seed06_width512_cosine,0.9,6,512,cosine,160,0.7356666666666667,0.97275,0.9953333333333333,0.0018677930330710667,0.013981164593940127
rho0p9_seed06_width512_cosine,0.9,6,512,cosine,180,0.7356666666666667,0.9725,0.995,0.0012224462977549774,0.013932707590829454
rho0p9_seed06_width512_cosine,0.9,6,512,cosine,200,0.7363333333333333,0.9725,0.995,0.001,0.013897811678293903
rho0p9_seed06_width64_constant,0.9,6,64,constant,20,0.7693333333333333,0.97625,0.9953333333333333,0.01,0.017938606571973655
rho0p9_seed06_width64_constant,0.9,6,64,constant,40,0.758,0.9735,0.995,0.01,0.016675585951623193
rho0p9_seed06_width64_constant,0.9,6,64,constant,60,0.752,0.976,0.9953333333333333,0.01,0.016108580130787944
rho0p9_seed06_width64_constant,0.9,6,64,constant,80,0.7526666666666667,0.97425,0.9953333333333333,0.01,0.015679221803722696
rho0p9_seed06_width64_constant,0.9,6,64,constant,100,0.7523333333333333,0.97275,0.9953333333333333,0.01,0.0153390408271237
rho0p9_seed06_width64_constant,0.9,6,64,constant,120,0.7526666666666667,0.97325,0.9953333333333333,0.01,0.01507004068728595
rho0p9_seed06_width64_constant,0.9,6,64,constant,140,0.7523333333333333,0.9725,0.9956666666666667,0.01,0.01480853999146815
rho0p9_seed06_width64_constant,0.9,6,64,constant,160,0.752,0.97275,0.9956666666666667,0.01,0.014618416817662665
rho0p9_seed06_width64_constant,0.9,6,64,constant,180,0.7513333333333333,0.97375,0.9956666666666667,0.01,0.014446380685583685
rho0p9_seed06_width64_constant,0.9,6,64,constant,200,0.75,0.9725,0.9956666666666667,0.01,0.014284876306982981
rho0p9_seed06_width64_cosine,0.9,6,64,cosine,20,0.7696666666666667,0.97575,0.9953333333333333,0.009799079281818376,0.017954340817723624
rho0p9_seed06_width64_cosine,0.9,6,64,cosine,40,0.7583333333333333,0.97375,0.995,0.009173690746364798,0.01671735076801181
rho0p9_seed06_width64_cosine,0.9,6,64,cosine,60,0.7523333333333333,0.975,0.9953333333333333,0.008185102697299853,0.016200273480078617
rho0p9_seed06_width64_cosine,0.9,6,64,cosine,80,0.7523333333333333,0.97475,0.9953333333333333,0.006931051913076572,0.015839509669622918
rho0p9_seed06_width64_cosine,0.9,6,64,cosine,100,0.7533333333333333,0.974,0.9953333333333333,0.005535520151093711,0.015613978507639023
rho0p9_seed06_width64_cosine,0.9,6,64,cosine,120,0.7543333333333333,0.97325,0.9953333333333333,0.004136476688619072,0.015431569527306625
rho0p9_seed06_width64_cosine,0.9,6,64,cosine,140,0.7536666666666667,0.973,0.9953333333333333,0.0028722379872641217,0.015313794378887115
rho0p9_seed06_width64_cosine,0.9,6,64,cosine,160,0.753,0.97325,0.9953333333333333,0.0018677930330710667,0.015244160668587022
rho0p9_seed06_width64_cosine,0.9,6,64,cosine,180,0.7533333333333333,0.974,0.9953333333333333,0.0012224462977549774,0.015199362598024926
rho0p9_seed06_width64_cosine,0.9,6,64,cosine,200,0.7526666666666667,0.97325,0.9953333333333333,0.001,0.015168113746784815
rho0p9_seed06_width8_constant,0.9,6,8,constant,20,0.7146666666666667,0.98575,0.9943333333333333,0.01,0.018388346816163005
rho0p9_seed06_width8_constant,0.9,6,8,constant,40,0.7293333333333333,0.9845,0.9946666666666667,0.01,0.017514047158318936
rho0p9_seed06_width8_constant,0.9,6,8,constant,60,0.734,0.986,0.995,0.01,0.017297880181806148
rho0p9_seed06_width8_constant,0.9,6,8,constant,80,0.7356666666666667,0.984,0.9953333333333333,0.01,0.01718503798424926
rho0p9_seed06_width8_constant,0.9,6,8,constant,100,0.7366666666666667,0.9845,0.995,0.01,0.017118182965881114
rho0p9_seed06_width8_constant,0.9,6,8,constant,120,0.7363333333333333,0.98475,0.995,0.01,0.01703341411124761
rho0p9_seed06_width8_constant,0.9,6,8,constant,140,0.734,0.9825,0.995,0.01,0.01691637183018118
rho0p9_seed06_width8_constant,0.9,6,8,constant,160,0.733,0.9815,0.9953333333333333,0.01,0.01680809433325598
rho0p9_seed06_width8_constant,0.9,6,8,constant,180,0.7336666666666667,0.98325,0.9953333333333333,0.01,0.01673029962864993
rho0p9_seed06_width8_constant,0.9,6,8,constant,200,0.733,0.984,0.995,0.01,0.016654929989266366
rho0p9_seed06_width8_cosine,0.9,6,8,cosine,20,0.7146666666666667,0.9855,0.9943333333333333,0.009799079281818376,0.018402859721609738
rho0p9_seed06_width8_cosine,0.9,6,8,cosine,40,0.7286666666666667,0.985,0.9946666666666667,0.009173690746364798,0.0175280413162882
rho0p9_seed06_width8_cosine,0.9,6,8,cosine,60,0.734,0.986,0.9946666666666667,0.008185102697299853,0.017322488416962583
rho0p9_seed06_width8_cosine,0.9,6,8,cosine,80,0.7356666666666667,0.9845,0.995,0.006931051913076572,0.017226373082259203
rho0p9_seed06_width8_cosine,0.9,6,8,cosine,100,0.736,0.98625,0.995,0.005535520151093711,0.01718102269693628
rho0p9_seed06_width8_cosine,0.9,6,8,cosine,120,0.7366666666666667,0.98575,0.995,0.004136476688619072,0.017134064284391896
rho0p9_seed06_width8_cosine,0.9,6,8,cosine,140,0.7373333333333333,0.985,0.995,0.0028722379872641217,0.01710696259540518
rho0p9_seed06_width8_cosine,0.9,6,8,cosine,160,0.7363333333333333,0.98325,0.9953333333333333,0.0018677930330710667,0.01709114215438414
rho0p9_seed06_width8_cosine,0.9,6,8,cosine,180,0.737,0.98375,0.9953333333333333,0.0012224462977549774,0.017080575404565125
rho0p9_seed06_width8_cosine,0.9,6,8,cosine,200,0.737,0.9835,0.995,0.001,0.01707439450634372
rho0p9_seed07_width512_constant,0.9,7,512,constant,20,0.7166666666666667,0.98075,0.9946666666666667,0.01,0.018784570068082873
rho0p9_seed07_width512_constant,0.9,7,512,constant,40,0.721,0.99025,0.996,0.01,0.017879694982164233
rho0p9_seed07_width512_constant,0.9,7,512,constant,60,0.7226666666666667,0.98375,0.9953333333333333,0.01,0.017446012936315113
rho0p9_seed07_width512_constant,0.9,7,512,constant,80,0.7236666666666667,0.9865,0.9946666666666667,0.01,0.01738308025933657
rho0p9_seed07_width512_constant,0.9,7,512,constant,100,0.7273333333333334,0.98525,0.9953333333333333,0.01,0.016967540558417683
rho0p9_seed07_width512_constant,0.9,7,512,constant,120,0.7256666666666667,0.98725,0.9953333333333333,0.01,0.016567073077782008
rho0p9_seed07_width512_constant,0.9,7,512,constant,140,0.7283333333333334,0.98375,0.9953333333333333,0.01,0.01654679468018719
rho0p9_seed07_width512_constant,0.9,7,512,constant,160,0.7283333333333334,0.98425,0.9956666666666667,0.01,0.016023250149024153
rho0p9_seed07_width512_constant,0.9,7,512,constant,180,0.7153333333333334,0.97775,0.9953333333333333,0.01,0.01601680029639674
rho0p9_seed07_width512_constant,0.9,7,512,constant,200,0.7313333333333333,0.98275,0.9956666666666667,0.01,0.015591498997388868
rho0p9_seed07_width512_cosine,0.9,7,512,cosine,20,0.7163333333333334,0.98075,0.9946666666666667,0.009799079281818376,0.01877308663546456
rho0p9_seed07_width512_cosine,0.9,7,512,cosine,40,0.7206666666666667,0.9905,0.996,0.009173690746364798,0.01788807125442619
rho0p9_seed07_width512_cosine,0.9,7,512,cosine,60,0.7216666666666667,0.9855,0.9953333333333333,0.008185102697299853,0.01749449231900516
rho0p9_seed07_width512_cosine,0.9,7,512,cosine,80,0.725,0.989,0.9953333333333333,0.006931051913076572,0.01735945215298458
rho0p9_seed07_width512_cosine,0.9,7,512,cosine,100,0.7253333333333334,0.9895,0.9953333333333333,0.005535520151093711,0.017036975439270866
rho0p9_seed07_width512_cosine,0.9,7,512,cosine,120,0.7263333333333334,0.9865,0.9956666666666667,0.004136476688619072,0.01688535348895939
rho0p9_seed07_width512_cosine,0.9,7,512,cosine,140,0.7273333333333334,0.98775,0.9953333333333333,0.0028722379872641217,0.01678902854499552
rho0p9_seed07_width512_cosine,0.9,7,512,cosine,160,0.7236666666666667,0.9865,0.9956666666666667,0.0018677930330710667,0.01671339724369948
rho0p9_seed07_width512_cosine,0.9,7,512,cosine,180,0.7216666666666667,0.98625,0.9956666666666667,0.0012224462977549774,0.016675425639631675
rho0p9_seed07_width512_cosine,0.9,7,512,cosine,200,0.7246666666666667,0.9865,0.9956666666666667,0.001,0.01665486257330926
rho0p9_seed07_width64_constant,0.9,7,64,constant,20,0.7253333333333334,0.98425,0.9956666666666667,0.01,0.019904006374350434
rho0p9_seed07_width64_constant,0.9,7,64,constant,40,0.7163333333333334,0.9845,0.995,0.01,0.018763984814358352
rho0p9_seed07_width64_constant,0.9,7,64,constant,60,0.7093333333333334,0.98675,0.9946666666666667,0.01,0.01829934033907934
rho0p9_seed07_width64_constant,0.9,7,64,constant,80,0.711,0.98825,0.9946666666666667,0.01,0.018007752643655943
rho0p9_seed07_width64_constant,0.9,7,64,constant,100,0.7123333333333334,0.988,0.995,0.01,0.01777122175708028
rho0p9_seed07_width64_constant,0.9,7,64,constant,120,0.712,0.9885,0.9946666666666667,0.01,0.01759684112153115
rho0p9_seed07_width64_constant,0.9,7,64,constant,140,0.712,0.99,0.9946666666666667,0.01,0.017435988811348363
rho0p9_seed07_width64_constant,0.9,7,64,constant,160,0.7113333333333334,0.98775,0.995,0.01,0.017286666743115586
rho0p9_seed07_width64_constant,0.9,7,64,constant,180,0.708,0.9885,0.9946666666666667,0.01,0.017159551851245226
rho0p9_seed07_width64_constant,0.9,7,64,constant,200,0.7123333333333334,0.98875,0.995,0.01,0.017036552365612887
rho0p9_seed07_width64_cosine,0.9,7,64,cosine,20,0.7253333333333334,0.984,0.9956666666666667,0.009799079281818376,0.019917840748559394
rho0p9_seed07_width64_cosine,0.9,7,64,cosine,40,0.7163333333333334,0.9845,0.995,0.009173690746364798,0.018800008524510827
rho0p9_seed07_width64_cosine,0.9,7,64,cosine,60,0.7096666666666667,0.9865,0.9946666666666667,0.008185102697299853,0.0183701416369257
rho0p9_seed07_width64_cosine,0.9,7,64,cosine,80,0.712,0.988,0.9946666666666667,0.006931051913076572,0.018117131166390327
rho0p9_seed07_width64_cosine,0.9,7,64,cosine,100,0.7113333333333334,0.987,0.9946666666666667,0.005535520151093711,0.017950099106347393
rho0p9_seed07_width64_cosine,0.9,7,64,cosine,120,0.711,0.9875,0.9946666666666667,0.004136476688619072,0.01784267774910921
rho0p9_seed07_width64_cosine,0.9,7,64,cosine,140,0.712,0.98825,0.9946666666666667,0.0028722379872641217,0.017770290062850087
rho0p9_seed07_width64_cosine,0.9,7,64,cosine,160,0.7116666666666667,0.98775,0.9946666666666667,0.0018677930330710667,0.017723139029004808
rho0p9_seed07_width64_cosine,0.9,7,64,cosine,180,0.71,0.98825,0.9946666666666667,0.0012224462977549774,0.017696259030346363
rho0p9_seed07_width64_cosine,0.9,7,64,cosine,200,0.7106666666666667,0.988,0.9946666666666667,0.001,0.01767838147315697
rho0p9_seed07_width8_constant,0.9,7,8,constant,20,0.702,0.98,0.995,0.01,0.021282922858997654
rho0p9_seed07_width8_constant,0.9,7,8,constant,40,0.705,0.98575,0.9953333333333333,0.01,0.01981207396781586
rho0p9_seed07_width8_constant,0.9,7,8,constant,60,0.7026666666666667,0.986,0.996,0.01,0.01930318924264033
rho0p9_seed07_width8_constant,0.9,7,8,constant,80,0.707,0.985,0.9963333333333333,0.01,0.01908144488157761
rho0p9_seed07_width8_constant,0.9,7,8,constant,100,0.708,0.9845,0.9963333333333333,0.01,0.018888998086273943
rho0p9_seed07_width8_constant,0.9,7,8,constant,120,0.7086666666666667,0.9835,0.9963333333333333,0.01,0.018772983956583725
rho0p9_seed07_width8_constant,0.9,7,8,constant,140,0.71,0.98225,0.9963333333333333,0.01,0.01868937943180792
rho0p9_seed07_width8_constant,0.9,7,8,constant,160,0.708,0.98225,0.996,0.01,0.018616649130067255
rho0p9_seed07_width8_constant,0.9,7,8,constant,180,0.706,0.981,0.9956666666666667,0.01,0.01857442518634379
rho0p9_seed07_width8_constant,0.9,7,8,constant,200,0.7093333333333334,0.98075,0.996,0.01,0.018499056471460773
rho0p9_seed07_width8_cosine,0.9,7,8,cosine,20,0.702,0.9795,0.995,0.009799079281818376,0.02130336851725614
rho0p9_seed07_width8_cosine,0.9,7,8,cosine,40,0.7046666666666667,0.98525,0.9953333333333333,0.009173690746364798,0.019847359583131628
rho0p9_seed07_width8_cosine,0.9,7,8,cosine,60,0.702,0.9865,0.9956666666666667,0.008185102697299853,0.019364930725025493
rho0p9_seed07_width8_cosine,0.9,7,8,cosine,80,0.706,0.98525,0.9963333333333333,0.006931051913076572,0.01915227514208922
rho0p9_seed07_width8_cosine,0.9,7,8,cosine,100,0.707,0.98475,0.9963333333333333,0.005535520151093711,0.01902281086674046
rho0p9_seed07_width8_cosine,0.9,7,8,cosine,120,0.7083333333333334,0.98525,0.9963333333333333,0.004136476688619072,0.018937176745453116
rho0p9_seed07_width8_cosine,0.9,7,8,cosine,140,0.7086666666666667,0.98425,0.9963333333333333,0.0028722379872641217,0.018880177804917235
rho0p9_seed07_width8_cosine,0.9,7,8,cosine,160,0.7086666666666667,0.984,0.9963333333333333,0.0018677930330710667,0.01884731088785481
rho0p9_seed07_width8_cosine,0.9,7,8,cosine,180,0.7076666666666667,0.98375,0.9963333333333333,0.0012224462977549774,0.018829659357888107
rho0p9_seed07_width8_cosine,0.9,7,8,cosine,200,0.707,0.98425,0.9963333333333333,0.001,0.018815980140301412
rho0p9_seed08_width512_constant,0.9,8,512,constant,20,0.699,0.97075,0.9936666666666667,0.01,0.01686975968657258
rho0p9_seed08_width512_constant,0.9,8,512,constant,40,0.6996666666666667,0.979,0.9943333333333333,0.01,0.01619430585531256
rho0p9_seed08_width512_constant,0.9,8,512,constant,60,0.707,0.97675,0.9946666666666667,0.01,0.015834201233975758
rho0p9_seed08_width512_constant,0.9,8,512,constant,80,0.6956666666666667,0.97625,0.994,0.01,0.015516708430504855
rho0p9_seed08_width512_constant,0.9,8,512,constant,100,0.7033333333333334,0.97075,0.9943333333333333,0.01,0.015241898585764815
rho0p9_seed08_width512_constant,0.9,8,512,constant,120,0.7023333333333334,0.97475,0.994,0.01,0.014988983703937924
rho0p9_seed08_width512_constant,0.9,8,512,constant,140,0.6993333333333334,0.97175,0.9946666666666667,0.01,0.01473499587882182
rho0p9_seed08_width512_constant,0.9,8,512,constant,160,0.7043333333333334,0.971,0.994,0.01,0.014554518752983773
rho0p9_seed08_width512_constant,0.9,8,512,constant,180,0.7066666666666667,0.97025,0.994,0.01,0.014375297915116483
rho0p9_seed08_width512_constant,0.9,8,512,constant,200,0.6953333333333334,0.9605,0.9946666666666667,0.01,0.014378292778305041
rho0p9_seed08_width512_cosine,0.9,8,512,cosine,20,0.6986666666666667,0.97125,0.994,0.009799079281818376,0.016859832185988678
rho0p9_seed08_width512_cosine,0.9,8,512,cosine,40,0.6993333333333334,0.97875,0.9943333333333333,0.009173690746364798,0.01621013374620399
rho0p9_seed08_width512_cosine,0.9,8,512,cosine,60,0.7076666666666667,0.9785,0.9946666666666667,0.008185102697299853,0.01589510466482281
rho0p9_seed08_width512_cosine,0.9,8,512,cosine,80,0.695,0.9755,0.994,0.006931051913076572,0.015611941696018419
rho0p9_seed08_width512_cosine,0.9,8,512,cosine,100,0.7006666666666667,0.97125,0.9943333333333333,0.005535520151093711,0.015428623039326541
rho0p9_seed08_width512_cosine,0.9,8,512,cosine,120,0.7006666666666667,0.97275,0.9943333333333333,0.004136476688619072,0.015273547463367265
rho0p9_seed08_width512_cosine,0.9,8,512,cosine,140,0.6983333333333334,0.97175,0.994,0.0028722379872641217,0.015181455889952815
rho0p9_seed08_width512_cosine,0.9,8,512,cosine,160,0.701,0.97125,0.9943333333333333,0.0018677930330710667,0.015125499472683922
rho0p9_seed08_width512_cosine,0.9,8,512,cosine,180,0.7,0.97125,0.9943333333333333,0.0012224462977549774,0.015086531468184342
rho0p9_seed08_width512_cosine,0.9,8,512,cosine,200,0.6986666666666667,0.97125,0.9943333333333333,0.001,0.015059973762110644
rho0p9_seed08_width64_constant,0.9,8,64,constant,20,0.7366666666666667,0.98,0.9946666666666667,0.01,0.018526765030077545
rho0p9_seed08_width64_constant,0.9,8,64,constant,40,0.726,0.97775,0.9946666666666667,0.01,0.017315065586851468
rho0p9_seed08_width64_constant,0.9,8,64,constant,60,0.7236666666666667,0.98025,0.9946666666666667,0.01,0.016923681938879793
rho0p9_seed08_width64_constant,0.9,8,64,constant,80,0.7173333333333334,0.97575,0.9943333333333333,0.01,0.016587183535165514
rho0p9_seed08_width64_constant,0.9,8,64,constant,100,0.712,0.97425,0.994,0.01,0.016396879351683744
rho0p9_seed08_width64_constant,0.9,8,64,constant,120,0.7126666666666667,0.975,0.994,0.01,0.0162307141595553
rho0p9_seed08_width64_constant,0.9,8,64,constant,140,0.7083333333333334,0.975,0.994,0.01,0.016097759738874503
rho0p9_seed08_width64_constant,0.9,8,64,constant,160,0.71,0.96925,0.994,0.01,0.015978645118259818
rho0p9_seed08_width64_constant,0.9,8,64,constant,180,0.7096666666666667,0.97025,0.9943333333333333,0.01,0.015871602209269454
rho0p9_seed08_width64_constant,0.9,8,64,constant,200,0.702,0.97175,0.9943333333333333,0.01,0.015789749969536228
rho0p9_seed08_width64_cosine,0.9,8,64,cosine,20,0.7366666666666667,0.97975,0.9946666666666667,0.009799079281818376,0.018542407917319183
rho0p9_seed08_width64_cosine,0.9,8,64,cosine,40,0.7263333333333334,0.97775,0.9946666666666667,0.009173690746364798,0.017351451256857064
rho0p9_seed08_width64_cosine,0.9,8,64,cosine,60,0.7243333333333334,0.98,0.9946666666666667,0.008185102697299853,0.01698144170322094
rho0p9_seed08_width64_cosine,0.9,8,64,cosine,80,0.7193333333333334,0.97575,0.9943333333333333,0.006931051913076572,0.016689511467962242
rho0p9_seed08_width64_cosine,0.9,8,64,cosine,100,0.7146666666666667,0.97575,0.9943333333333333,0.005535520151093711,0.01654970361548486
rho0p9_seed08_width64_cosine,0.9,8,64,cosine,120,0.716,0.97575,0.9943333333333333,0.004136476688619072,0.016452782638628916
rho0p9_seed08_width64_cosine,0.9,8,64,cosine,140,0.713,0.97525,0.994,0.0028722379872641217,0.01638944720470941
rho0p9_seed08_width64_cosine,0.9,8,64,cosine,160,0.7146666666666667,0.974,0.994,0.0018677930330710667,0.016348986833495845
rho0p9_seed08_width64_cosine,0.9,8,64,cosine,180,0.7146666666666667,0.97425,0.994,0.0012224462977549774,0.01632369495985779
rho0p9_seed08_width64_cosine,0.9,8,64,cosine,200,0.7116666666666667,0.97525,0.994,0.001,0.016308557362659768
rho0p9_seed08_width8_constant,0.9,8,8,constant,20,0.7033333333333334,0.95975,0.9943333333333333,0.01,0.018296589843815905
rho0p9_seed08_width8_constant,0.9,8,8,constant,40,0.7093333333333334,0.9645,0.9943333333333333,0.01,0.01757398816008988
rho0p9_seed08_width8_constant,0.9,8,8,constant,60,0.7113333333333334,0.9705,0.9943333333333333,0.01,0.017450579086666796
rho0p9_seed08_width8_constant,0.9,8,8,constant,80,0.7073333333333334,0.96625,0.9946666666666667,0.01,0.017284665859796114
rho0p9_seed08_width8_constant,0.9,8,8,constant,100,0.708,0.96575,0.9943333333333333,0.01,0.017226742521496953
rho0p9_seed08_width8_constant,0.9,8,8,constant,120,0.7086666666666667,0.96925,0.9946666666666667,0.01,0.017164840256692286
rho0p9_seed08_width8_constant,0.9,8,8,constant,140,0.706,0.97025,0.995,0.01,0.01710828986631379
rho0p9_seed08_width8_constant,0.9,8,8,constant,160,0.7073333333333334,0.96775,0.9946666666666667,0.01,0.017073959961558416
rho0p9_seed08_width8_constant,0.9,8,8,constant,180,0.7076666666666667,0.9685,0.9946666666666667,0.01,0.017046689527018235
rho0p9_seed08_width8_constant,0.9,8,8,constant,200,0.7023333333333334,0.97025,0.995,0.01,0.017038933646812197
rho0p9_seed08_width8_cosine,0.9,8,8,cosine,20,0.7033333333333334,0.95975,0.9943333333333333,0.009799079281818376,0.018308048744690067
rho0p9_seed08_width8_cosine,0.9,8,8,cosine,40,0.7096666666666667,0.96425,0.9943333333333333,0.009173690746364798,0.017591847097066227
rho0p9_seed08_width8_cosine,0.9,8,8,cosine,60,0.7113333333333334,0.96975,0.9943333333333333,0.008185102697299853,0.017462449432648235
rho0p9_seed08_width8_cosine,0.9,8,8,cosine,80,0.71,0.966,0.9943333333333333,0.006931051913076572,0.017320685995249864
rho0p9_seed08_width8_cosine,0.9,8,8,cosine,100,0.7073333333333334,0.96575,0.9943333333333333,0.005535520151093711,0.01727578238055099
rho0p9_seed08_width8_cosine,0.9,8,8,cosine,120,0.708,0.9675,0.9946666666666667,0.004136476688619072,0.017241125223180522
rho0p9_seed08_width8_cosine,0.9,8,8,cosine,140,0.707,0.96775,0.9946666666666667,0.0028722379872641217,0.017220379643284774
rho0p9_seed08_width8_cosine,0.9,8,8,cosine,160,0.7073333333333334,0.967,0.9946666666666667,0.0018677930330710667,0.01720611310935723
rho0p9_seed08_width8_cosine,0.9,8,8,cosine,180,0.7073333333333334,0.9675,0.9946666666666667,0.0012224462977549774,0.017196152699283464
rho0p9_seed08_width8_cosine,0.9,8,8,cosine,200,0.707,0.9685,0.9946666666666667,0.001,0.017192080237428766
rho0p9_seed09_width512_constant,0.9,9,512,constant,20,0.7276666666666667,0.9785,0.9936666666666667,0.01,0.012322245584288767
rho0p9_seed09_width512_constant,0.9,9,512,constant,40,0.7273333333333334,0.97375,0.994,0.01,0.011983405788536875
rho0p9_seed09_width512_constant,0.9,9,512,constant,60,0.7323333333333333,0.978,0.9936666666666667,0.01,0.011447191670012683
rho0p9_seed09_width512_constant,0.9,9,512,constant,80,0.7243333333333334,0.9745,0.9933333333333333,0.01,0.011212228267105903
rho0p9_seed09_width512_constant,0.9,9,512,constant,100,0.726,0.97625,0.9936666666666667,0.01,0.010870033245321131
rho0p9_seed09_width512_constant,0.9,9,512,constant,120,0.7286666666666667,0.9755,0.9936666666666667,0.01,0.010613915722897053
rho0p9_seed09_width512_constant,0.9,9,512,constant,140,0.725,0.97425,0.9936666666666667,0.01,0.010655302538470905
rho0p9_seed09_width512_constant,0.9,9,512,constant,160,0.724,0.97475,0.993,0.01,0.010268266832160674
rho0p9_seed09_width512_constant,0.9,9,512,constant,180,0.726,0.97525,0.9936666666666667,0.01,0.009983713560974113
rho0p9_seed09_width512_constant,0.9,9,512,constant,200,0.7306666666666667,0.9725,0.993,0.01,0.00987433835748548
rho0p9_seed09_width512_cosine,0.9,9,512,cosine,20,0.7276666666666667,0.9785,0.9936666666666667,0.009799079281818376,0.012326378667934824
rho0p9_seed09_width512_cosine,0.9,9,512,cosine,40,0.726,0.97475,0.9936666666666667,0.009173690746364798,0.011957545131704345
rho0p9_seed09_width512_cosine,0.9,9,512,cosine,60,0.731,0.9775,0.9936666666666667,0.008185102697299853,0.011484837555631849
rho0p9_seed09_width512_cosine,0.9,9,512,cosine,80,0.726,0.975,0.9933333333333333,0.006931051913076572,0.011253158656945463
rho0p9_seed09_width512_cosine,0.9,9,512,cosine,100,0.727,0.97725,0.9936666666666667,0.005535520151093711,0.01104082949518962
rho0p9_seed09_width512_cosine,0.9,9,512,cosine,120,0.726,0.9765,0.9936666666666667,0.004136476688619072,0.010918726591085505
rho0p9_seed09_width512_cosine,0.9,9,512,cosine,140,0.7253333333333334,0.97425,0.994,0.0028722379872641217,0.010997104293931206
rho0p9_seed09_width512_cosine,0.9,9,512,cosine,160,0.73,0.975,0.9933333333333333,0.0018677930330710667,0.010778572998636904
rho0p9_seed09_width512_cosine,0.9,9,512,cosine,180,0.7276666666666667,0.97575,0.9936666666666667,0.0012224462977549774,0.01073802808396013
rho0p9_seed09_width512_cosine,0.9,9,512,cosine,200,0.7283333333333334,0.97525,0.9936666666666667,0.001,0.010714306182029884
rho0p9_seed09_width64_constant,0.9,9,64,constant,20,0.743,0.97175,0.9933333333333333,0.01,0.01433314524138392
rho0p9_seed09_width64_constant,0.9,9,64,constant,40,0.7396666666666667,0.9765,0.9936666666666667,0.01,0.01267005966420515
rho0p9_seed09_width64_constant,0.9,9,64,constant,60,0.7383333333333333,0.9775,0.9933333333333333,0.01,0.012001595897193658
rho0p9_seed09_width64_constant,0.9,9,64,constant,80,0.7353333333333333,0.977,0.9933333333333333,0.01,0.01161014976224346
rho0p9_seed09_width64_constant,0.9,9,64,constant,100,0.7333333333333333,0.97775,0.9933333333333333,0.01,0.011331331914828978
rho0p9_seed09_width64_constant,0.9,9,64,constant,120,0.7286666666666667,0.9785,0.9933333333333333,0.01,0.011117096730741844
rho0p9_seed09_width64_constant,0.9,9,64,constant,140,0.728,0.97775,0.9933333333333333,0.01,0.011062070277412985
rho0p9_seed09_width64_constant,0.9,9,64,constant,160,0.735,0.97425,0.993,0.01,0.010811757081231912
rho0p9_seed09_width64_constant,0.9,9,64,constant,180,0.731,0.97575,0.993,0.01,0.010682999277358447
rho0p9_seed09_width64_constant,0.9,9,64,constant,200,0.7346666666666667,0.97425,0.993,0.01,0.010572171036541607
rho0p9_seed09_width64_cosine,0.9,9,64,cosine,20,0.743,0.97175,0.9933333333333333,0.009799079281818376,0.014354782260569693
rho0p9_seed09_width64_cosine,0.9,9,64,cosine,40,0.7403333333333333,0.97625,0.9936666666666667,0.009173690746364798,0.012723340016908684
rho0p9_seed09_width64_cosine,0.9,9,64,cosine,60,0.7386666666666667,0.97775,0.9933333333333333,0.008185102697299853,0.012098117050388978
rho0p9_seed09_width64_cosine,0.9,9,64,cosine,80,0.7376666666666667,0.9775,0.9933333333333333,0.006931051913076572,0.011758695602443142
rho0p9_seed09_width64_cosine,0.9,9,64,cosine,100,0.7346666666666667,0.9785,0.9933333333333333,0.005535520151093711,0.011553930520854456
rho0p9_seed09_width64_cosine,0.9,9,64,cosine,120,0.733,0.978,0.9933333333333333,0.004136476688619072,0.011419054918668388
rho0p9_seed09_width64_cosine,0.9,9,64,cosine,140,0.731,0.978,0.993,0.0028722379872641217,0.01135684710783731
rho0p9_seed09_width64_cosine,0.9,9,64,cosine,160,0.7326666666666667,0.97725,0.9933333333333333,0.0018677930330710667,0.011280372143852614
rho0p9_seed09_width64_cosine,0.9,9,64,cosine,180,0.7316666666666667,0.97725,0.9933333333333333,0.0012224462977549774,0.011240135365994792
rho0p9_seed09_width64_cosine,0.9,9,64,cosine,200,0.7316666666666667,0.977,0.9933333333333333,0.001,0.011215600992230634
rho0p9_seed09_width8_constant,0.9,9,8,constant,20,0.7713333333333333,0.97975,0.9933333333333333,0.01,0.014349645283577888
rho0p9_seed09_width8_constant,0.9,9,8,constant,40,0.7426666666666667,0.98125,0.994,0.01,0.013240804598313923
rho0p9_seed09_width8_constant,0.9,9,8,constant,60,0.7316666666666667,0.9825,0.994,0.01,0.012901903656190674
rho0p9_seed09_width8_constant,0.9,9,8,constant,80,0.7256666666666667,0.983,0.994,0.01,0.012703703511005011
rho0p9_seed09_width8_constant,0.9,9,8,constant,100,0.7223333333333334,0.982,0.9936666666666667,0.01,0.01256391211245778
rho0p9_seed09_width8_constant,0.9,9,8,constant,120,0.7213333333333334,0.983,0.9936666666666667,0.01,0.012458503916199869
rho0p9_seed09_width8_constant,0.9,9,8,constant,140,0.7186666666666667,0.982,0.9933333333333333,0.01,0.012459992721930258
rho0p9_seed09_width8_constant,0.9,9,8,constant,160,0.725,0.97925,0.9936666666666667,0.01,0.012317185013826648
rho0p9_seed09_width8_constant,0.9,9,8,constant,180,0.7236666666666667,0.9805,0.9933333333333333,0.01,0.01225356213841111
rho0p9_seed09_width8_constant,0.9,9,8,constant,200,0.7266666666666667,0.97925,0.9933333333333333,0.01,0.0122190368845008
rho0p9_seed09_width8_cosine,0.9,9,8,cosine,20,0.7713333333333333,0.98,0.9933333333333333,0.009799079281818376,0.014366203680810027
rho0p9_seed09_width8_cosine,0.9,9,8,cosine,40,0.7433333333333333,0.98175,0.994,0.009173690746364798,0.013271696012494243
rho0p9_seed09_width8_cosine,0.9,9,8,cosine,60,0.7326666666666667,0.9825,0.9936666666666667,0.008185102697299853,0.012946559186657547
rho0p9_seed09_width8_cosine,0.9,9,8,cosine,80,0.728,0.98325,0.994,0.006931051913076572,0.01277717281204883
rho0p9_seed09_width8_cosine,0.9,9,8,cosine,100,0.7246666666666667,0.982,0.9936666666666667,0.005535520151093711,0.012672516199018647
rho0p9_seed09_width8_cosine,0.9,9,8,cosine,120,0.7223333333333334,0.983,0.9936666666666667,0.004136476688619072,0.012604461762859065
rho0p9_seed09_width8_cosine,0.9,9,8,cosine,140,0.7206666666666667,0.98275,0.9933333333333333,0.0028722379872641217,0.012577040485315154
rho0p9_seed09_width8_cosine,0.9,9,8,cosine,160,0.722,0.98025,0.9933333333333333,0.0018677930330710667,0.012538231441375601
rho0p9_seed09_width8_cosine,0.9,9,8,cosine,180,0.721,0.98075,0.9933333333333333,0.0012224462977549774,0.012514750562465678
rho0p9_seed09_width8_cosine,0.9,9,8,cosine,200,0.722,0.981,0.9936666666666667,0.001,0.012502484473586623
rho0p9_seed10_width512_constant,0.9,10,512,constant,20,0.7616666666666667,0.97225,0.9913333333333333,0.01,0.01628343776703253
rho0p9_seed10_width512_constant,0.9,10,512,constant,40,0.7553333333333333,0.97075,0.9916666666666667,0.01,0.015652462018590968
rho0p9_seed10_width512_constant,0.9,10,512,constant,60,0.7596666666666667,0.96825,0.9926666666666667,0.01,0.015216401480858895
rho0p9_seed10_width512_constant,0.9,10,512,constant,80,0.7633333333333333,0.96525,0.993,0.01,0.015017231133493555
rho0p9_seed10_width512_constant,0.9,10,512,constant,100,0.7596666666666667,0.956,0.9933333333333333,0.01,0.014482855600108075
rho0p9_seed10_width512_constant,0.9,10,512,constant,120,0.7703333333333333,0.94725,0.993,0.01,0.014166596853396357
rho0p9_seed10_width512_constant,0.9,10,512,constant,140,0.767,0.95375,0.9936666666666667,0.01,0.013789007039335093
rho0p9_seed10_width512_constant,0.9,10,512,constant,160,0.7676666666666667,0.95025,0.9926666666666667,0.01,0.013509537698669697
rho0p9_seed10_width512_constant,0.9,10,512,constant,180,0.77,0.95425,0.9936666666666667,0.01,0.013313144780172072
rho0p9_seed10_width512_constant,0.9,10,512,constant,200,0.7736666666666666,0.94925,0.9933333333333333,0.01,0.013016456058113812
rho0p9_seed10_width512_cosine,0.9,10,512,cosine,20,0.7616666666666667,0.972,0.9913333333333333,0.009799079281818376,0.016287298473675618
rho0p9_seed10_width512_cosine,0.9,10,512,cosine,40,0.7546666666666667,0.9715,0.9916666666666667,0.009173690746364798,0.01567971765407422
rho0p9_seed10_width512_cosine,0.9,10,512,cosine,60,0.7576666666666667,0.96825,0.9926666666666667,0.008185102697299853,0.015280022722452534
rho0p9_seed10_width512_cosine,0.9,10,512,cosine,80,0.7643333333333333,0.966,0.993,0.006931051913076572,0.015051525833193873
rho0p9_seed10_width512_cosine,0.9,10,512,cosine,100,0.7596666666666667,0.96,0.9926666666666667,0.005535520151093711,0.014688865517791291
rho0p9_seed10_width512_cosine,0.9,10,512,cosine,120,0.7683333333333333,0.9575,0.993,0.004136476688619072,0.014491437295484562
rho0p9_seed10_width512_cosine,0.9,10,512,cosine,140,0.7666666666666667,0.95825,0.993,0.0028722379872641217,0.014361092253331464
rho0p9_seed10_width512_cosine,0.9,10,512,cosine,160,0.7663333333333333,0.959,0.993,0.0018677930330710667,0.014282606862074101
rho0p9_seed10_width512_cosine,0.9,10,512,cosine,180,0.7663333333333333,0.959,0.993,0.0012224462977549774,0.014233469039066417
rho0p9_seed10_width512_cosine,0.9,10,512,cosine,200,0.7676666666666667,0.95775,0.993,0.001,0.0141959174666433
rho0p9_seed10_width64_constant,0.9,10,64,constant,20,0.771,0.9775,0.9936666666666667,0.01,0.017837007183210095
rho0p9_seed10_width64_constant,0.9,10,64,constant,40,0.7663333333333333,0.971,0.9936666666666667,0.01,0.016250942714482505
rho0p9_seed10_width64_constant,0.9,10,64,constant,60,0.7673333333333333,0.966,0.995,0.01,0.015575971591898078
rho0p9_seed10_width64_constant,0.9,10,64,constant,80,0.7666666666666667,0.9645,0.995,0.01,0.015125862739688333
rho0p9_seed10_width64_constant,0.9,10,64,constant,100,0.7643333333333333,0.9615,0.9946666666666667,0.01,0.014830107636221333
rho0p9_seed10_width64_constant,0.9,10,64,constant,120,0.7656666666666667,0.95975,0.9943333333333333,0.01,0.014598767060602558
rho0p9_seed10_width64_constant,0.9,10,64,constant,140,0.765,0.959,0.994,0.01,0.014405797200446342
rho0p9_seed10_width64_constant,0.9,10,64,constant,160,0.7663333333333333,0.9595,0.9946666666666667,0.01,0.014229318198562239
rho0p9_seed10_width64_constant,0.9,10,64,constant,180,0.765,0.959,0.994,0.01,0.014069726889211043
rho0p9_seed10_width64_constant,0.9,10,64,constant,200,0.766,0.9585,0.9943333333333333,0.01,0.013916604947220657
rho0p9_seed10_width64_cosine,0.9,10,64,cosine,20,0.771,0.97775,0.9936666666666667,0.009799079281818376,0.01785639097356653
rho0p9_seed10_width64_cosine,0.9,10,64,cosine,40,0.7663333333333333,0.97125,0.9936666666666667,0.009173690746364798,0.016305406994947588
rho0p9_seed10_width64_cosine,0.9,10,64,cosine,60,0.768,0.96675,0.9943333333333333,0.008185102697299853,0.015676263641939473
rho0p9_seed10_width64_cosine,0.9,10,64,cosine,80,0.7666666666666667,0.96575,0.995,0.006931051913076572,0.015293442538921601
rho0p9_seed10_width64_cosine,0.9,10,64,cosine,100,0.7646666666666667,0.96375,0.995,0.005535520151093711,0.015059364006176417
rho0p9_seed10_width64_cosine,0.9,10,64,cosine,120,0.7653333333333333,0.962,0.9946666666666667,0.004136476688619072,0.01491147749885702
rho0p9_seed10_width64_cosine,0.9,10,64,cosine,140,0.765,0.9615,0.9946666666666667,0.0028722379872641217,0.014818751944813465
rho0p9_seed10_width64_cosine,0.9,10,64,cosine,160,0.7673333333333333,0.9605,0.9946666666666667,0.0018677930330710667,0.014764002136868425
rho0p9_seed10_width64_cosine,0.9,10,64,cosine,180,0.766,0.9605,0.9943333333333333,0.0012224462977549774,0.01473169172995482
rho0p9_seed10_width64_cosine,0.9,10,64,cosine,200,0.7666666666666667,0.96075,0.9946666666666667,0.001,0.014704112778127535
rho0p9_seed10_width8_constant,0.9,10,8,constant,20,0.763,0.9705,0.9916666666666667,0.01,0.01817570744046314
rho0p9_seed10_width8_constant,0.9,10,8,constant,40,0.7526666666666667,0.9725,0.9926666666666667,0.01,0.01674721864572457
rho0p9_seed10_width8_constant,0.9,10,8,constant,60,0.749,0.97275,0.9926666666666667,0.01,0.016338478340134684
rho0p9_seed10_width8_constant,0.9,10,8,constant,80,0.75,0.97125,0.9923333333333333,0.01,0.016073152462990254
rho0p9_seed10_width8_constant,0.9,10,8,constant,100,0.745,0.97125,0.9923333333333333,0.01,0.015922563765473297
rho0p9_seed10_width8_constant,0.9,10,8,constant,120,0.7493333333333333,0.97275,0.9923333333333333,0.01,0.015803042315963627
rho0p9_seed10_width8_constant,0.9,10,8,constant,140,0.747,0.9715,0.9923333333333333,0.01,0.015694790750274835
rho0p9_seed10_width8_constant,0.9,10,8,constant,160,0.7486666666666667,0.9695,0.9923333333333333,0.01,0.015603731405020858
rho0p9_seed10_width8_constant,0.9,10,8,constant,180,0.749,0.9685,0.992,0.01,0.01549406117007262
rho0p9_seed10_width8_constant,0.9,10,8,constant,200,0.7506666666666667,0.96875,0.992,0.01,0.01538252474601322
rho0p9_seed10_width8_cosine,0.9,10,8,cosine,20,0.763,0.9705,0.9916666666666667,0.009799079281818376,0.01819617621683608
rho0p9_seed10_width8_cosine,0.9,10,8,cosine,40,0.7523333333333333,0.9725,0.9923333333333333,0.009173690746364798,0.016804212524892028
rho0p9_seed10_width8_cosine,0.9,10,8,cosine,60,0.749,0.973,0.9926666666666667,0.008185102697299853,0.016396460154741537
rho0p9_seed10_width8_cosine,0.9,10,8,cosine,80,0.7486666666666667,0.9715,0.9923333333333333,0.006931051913076572,0.016167777846684123
rho0p9_seed10_width8_cosine,0.9,10,8,cosine,100,0.745,0.97175,0.9923333333333333,0.005535520151093711,0.01604216328494325
rho0p9_seed10_width8_cosine,0.9,10,8,cosine,120,0.7466666666666667,0.973,0.9923333333333333,0.004136476688619072,0.015964570329856365
rho0p9_seed10_width8_cosine,0.9,10,8,cosine,140,0.7463333333333333,0.97275,0.9923333333333333,0.0028722379872641217,0.015917524349683968
rho0p9_seed10_width8_cosine,0.9,10,8,cosine,160,0.7463333333333333,0.97125,0.9923333333333333,0.0018677930330710667,0.01589106705336464
rho0p9_seed10_width8_cosine,0.9,10,8,cosine,180,0.7463333333333333,0.97175,0.9923333333333333,0.0012224462977549774,0.015875775432195254
rho0p9_seed10_width8_cosine,0.9,10,8,cosine,200,0.748,0.971,0.9923333333333333,0.001,0.015859735849650856
rho0p9_seed11_width512_constant,0.9,11,512,constant,20,0.712,0.97775,0.995,0.01,0.013547429222528908
rho0p9_seed11_width512_constant,0.9,11,512,constant,40,0.7043333333333334,0.97375,0.995,0.01,0.012860130405197586
rho0p9_seed11_width512_constant,0.9,11,512,constant,60,0.7036666666666667,0.98375,0.9956666666666667,0.01,0.012527135483683949
rho0p9_seed11_width512_constant,0.9,11,512,constant,80,0.698,0.9735,0.9943333333333333,0.01,0.012045367934641702
rho0p9_seed11_width512_constant,0.9,11,512,constant,100,0.6996666666666667,0.97625,0.995,0.01,0.011743205570785707
rho0p9_seed11_width512_constant,0.9,11,512,constant,120,0.7,0.98175,0.9956666666666667,0.01,0.011519910582907125
rho0p9_seed11_width512_constant,0.9,11,512,constant,140,0.6993333333333334,0.98325,0.9953333333333333,0.01,0.011297390598581519
rho0p9_seed11_width512_constant,0.9,11,512,constant,160,0.6973333333333334,0.9795,0.9953333333333333,0.01,0.01103942484634001
rho0p9_seed11_width512_constant,0.9,11,512,constant,180,0.6966666666666667,0.98,0.9953333333333333,0.01,0.010865957704576512
rho0p9_seed11_width512_constant,0.9,11,512,constant,200,0.6916666666666667,0.97875,0.9943333333333333,0.01,0.010706691492796714
rho0p9_seed11_width512_cosine,0.9,11,512,cosine,20,0.712,0.97825,0.995,0.009799079281818376,0.01355441448896702
rho0p9_seed11_width512_cosine,0.9,11,512,cosine,40,0.704,0.9735,0.995,0.009173690746364798,0.01288673549011995
rho0p9_seed11_width512_cosine,0.9,11,512,cosine,60,0.7033333333333334,0.983,0.9956666666666667,0.008185102697299853,0.012559166943714433
rho0p9_seed11_width512_cosine,0.9,11,512,cosine,80,0.6983333333333334,0.9745,0.9946666666666667,0.006931051913076572,0.012178487735112086
rho0p9_seed11_width512_cosine,0.9,11,512,cosine,100,0.701,0.97575,0.995,0.005535520151093711,0.011975457102030865
rho0p9_seed11_width512_cosine,0.9,11,512,cosine,120,0.6983333333333334,0.979,0.9953333333333333,0.004136476688619072,0.011833586210415234
rho0p9_seed11_width512_cosine,0.9,11,512,cosine,140,0.698,0.97925,0.995,0.0028722379872641217,0.011730605611887181
rho0p9_seed11_width512_cosine,0.9,11,512,cosine,160,0.697,0.979,0.995,0.0018677930330710667,0.011668780625322615
rho0p9_seed11_width512_cosine,0.9,11,512,cosine,180,0.697,0.97875,0.9946666666666667,0.0012224462977549774,0.011630614103322692
rho0p9_seed11_width512_cosine,0.9,11,512,cosine,200,0.6956666666666667,0.9785,0.995,0.001,0.011603658479970604
rho0p9_seed11_width64_constant,0.9,11,64,constant,20,0.7236666666666667,0.981,0.9963333333333333,0.01,0.016713882742092626
rho0p9_seed11_width64_constant,0.9,11,64,constant,40,0.714,0.97875,0.996,0.01,0.014835376587622918
rho0p9_seed11_width64_constant,0.9,11,64,constant,60,0.7113333333333334,0.982,0.9956666666666667,0.01,0.014010149535360348
rho0p9_seed11_width64_constant,0.9,11,64,constant,80,0.7106666666666667,0.9805,0.995,0.01,0.013480858203406026
rho0p9_seed11_width64_constant,0.9,11,64,constant,100,0.7073333333333334,0.97675,0.9946666666666667,0.01,0.013085659955261906
rho0p9_seed11_width64_constant,0.9,11,64,constant,120,0.7093333333333334,0.97775,0.995,0.01,0.012757344400158894
rho0p9_seed11_width64_constant,0.9,11,64,constant,140,0.7086666666666667,0.977,0.995,0.01,0.012496521933733037
rho0p9_seed11_width64_constant,0.9,11,64,constant,160,0.709,0.97575,0.995,0.01,0.012284478415968874
rho0p9_seed11_width64_constant,0.9,11,64,constant,180,0.7076666666666667,0.9745,0.9946666666666667,0.01,0.01210952116417921
rho0p9_seed11_width64_constant,0.9,11,64,constant,200,0.7066666666666667,0.97275,0.9943333333333333,0.01,0.011952013229482111
rho0p9_seed11_width64_cosine,0.9,11,64,cosine,20,0.7236666666666667,0.981,0.9963333333333333,0.009799079281818376,0.01673587642149741
rho0p9_seed11_width64_cosine,0.9,11,64,cosine,40,0.7153333333333334,0.97875,0.996,0.009173690746364798,0.014899196116496614
rho0p9_seed11_width64_cosine,0.9,11,64,cosine,60,0.712,0.98175,0.9953333333333333,0.008185102697299853,0.014126750186901182
rho0p9_seed11_width64_cosine,0.9,11,64,cosine,80,0.7106666666666667,0.9815,0.995,0.006931051913076572,0.013682979198290502
rho0p9_seed11_width64_cosine,0.9,11,64,cosine,100,0.7093333333333334,0.9795,0.9946666666666667,0.005535520151093711,0.013398028125390028
rho0p9_seed11_width64_cosine,0.9,11,64,cosine,120,0.7083333333333334,0.979,0.9946666666666667,0.004136476688619072,0.013205707123711434
rho0p9_seed11_width64_cosine,0.9,11,64,cosine,140,0.7076666666666667,0.9775,0.9946666666666667,0.0028722379872641217,0.013075393610481354
rho0p9_seed11_width64_cosine,0.9,11,64,cosine,160,0.7076666666666667,0.9775,0.9946666666666667,0.0018677930330710667,0.012995871849765231
rho0p9_seed11_width64_cosine,0.9,11,64,cosine,180,0.708,0.9775,0.9946666666666667,0.0012224462977549774,0.012944907364777169
rho0p9_seed11_width64_cosine,0.9,11,64,cosine,200,0.7073333333333334,0.9775,0.9946666666666667,0.001,0.012909400151462138
rho0p9_seed11_width8_constant,0.9,11,8,constant,20,0.7253333333333334,0.99075,0.9956666666666667,0.01,0.01707011675241378
rho0p9_seed11_width8_constant,0.9,11,8,constant,40,0.722,0.99325,0.9953333333333333,0.01,0.015949241414381612
rho0p9_seed11_width8_constant,0.9,11,8,constant,60,0.717,0.99525,0.9953333333333333,0.01,0.015531894086524587
rho0p9_seed11_width8_constant,0.9,11,8,constant,80,0.713,0.995,0.995,0.01,0.015249684918386177
rho0p9_seed11_width8_constant,0.9,11,8,constant,100,0.7096666666666667,0.9945,0.995,0.01,0.015062055513437636
rho0p9_seed11_width8_constant,0.9,11,8,constant,120,0.708,0.99275,0.995,0.01,0.014915747659565994
rho0p9_seed11_width8_constant,0.9,11,8,constant,140,0.7063333333333334,0.99225,0.995,0.01,0.014775510711661107
rho0p9_seed11_width8_constant,0.9,11,8,constant,160,0.705,0.99175,0.995,0.01,0.014646549367427906
rho0p9_seed11_width8_constant,0.9,11,8,constant,180,0.705,0.9905,0.995,0.01,0.014549882471543145
rho0p9_seed11_width8_constant,0.9,11,8,constant,200,0.7026666666666667,0.9885,0.995,0.01,0.014463908241012052
rho0p9_seed11_width8_cosine,0.9,11,8,cosine,20,0.7253333333333334,0.99075,0.9956666666666667,0.009799079281818376,0.01708543795952797
rho0p9_seed11_width8_cosine,0.9,11,8,cosine,40,0.7226666666666667,0.99325,0.9956666666666667,0.009173690746364798,0.015981755875463643
rho0p9_seed11_width8_cosine,0.9,11,8,cosine,60,0.7183333333333334,0.995,0.9953333333333333,0.008185102697299853,0.015595612634327335
rho0p9_seed11_width8_cosine,0.9,11,8,cosine,80,0.7143333333333334,0.9945,0.995,0.006931051913076572,0.015356012645117255
rho0p9_seed11_width8_cosine,0.9,11,8,cosine,100,0.7116666666666667,0.99475,0.995,0.005535520151093711,0.015209374902476328
rho0p9_seed11_width8_cosine,0.9,11,8,cosine,120,0.7086666666666667,0.994,0.995,0.004136476688619072,0.015119926170784975
rho0p9_seed11_width8_cosine,0.9,11,8,cosine,140,0.7093333333333334,0.9935,0.995,0.0028722379872641217,0.015053249291631652
rho0p9_seed11_width8_cosine,0.9,11,8,cosine,160,0.7083333333333334,0.99375,0.995,0.0018677930330710667,0.015015905117626968
rho0p9_seed11_width8_cosine,0.9,11,8,cosine,180,0.7083333333333334,0.99375,0.995,0.0012224462977549774,0.014993924299766178
rho0p9_seed11_width8_cosine,0.9,11,8,cosine,200,0.708,0.9935,0.995,0.001,0.014978263577787044
rho0p9_seed12_width512_constant,0.9,12,512,constant,20,0.7706666666666667,0.97925,0.9916666666666667,0.01,0.013223008803717773
rho0p9_seed12_width512_constant,0.9,12,512,constant,40,0.7663333333333333,0.9755,0.9923333333333333,0.01,0.012641834750632658
rho0p9_seed12_width512_constant,0.9,12,512,constant,60,0.7656666666666667,0.973,0.9923333333333333,0.01,0.012254002613652273
rho0p9_seed12_width512_constant,0.9,12,512,constant,80,0.76,0.976,0.9923333333333333,0.01,0.011888111458319604
rho0p9_seed12_width512_constant,0.9,12,512,constant,100,0.7653333333333333,0.9775,0.9913333333333333,0.01,0.011570314111166139
rho0p9_seed12_width512_constant,0.9,12,512,constant,120,0.757,0.97775,0.9923333333333333,0.01,0.011320985302762696
rho0p9_seed12_width512_constant,0.9,12,512,constant,140,0.761,0.97525,0.992,0.01,0.01101487099938207
rho0p9_seed12_width512_constant,0.9,12,512,constant,160,0.7556666666666667,0.97275,0.9923333333333333,0.01,0.01075856230083551
rho0p9_seed12_width512_constant,0.9,12,512,constant,180,0.7536666666666667,0.9675,0.9923333333333333,0.01,0.01057704714001238
rho0p9_seed12_width512_constant,0.9,12,512,constant,200,0.753,0.97425,0.9926666666666667,0.01,0.010312208637700977
rho0p9_seed12_width512_cosine,0.9,12,512,cosine,20,0.7703333333333333,0.97925,0.9916666666666667,0.009799079281818376,0.013226582069552859
rho0p9_seed12_width512_cosine,0.9,12,512,cosine,40,0.7666666666666667,0.97575,0.9923333333333333,0.009173690746364798,0.01266846224409509
rho0p9_seed12_width512_cosine,0.9,12,512,cosine,60,0.766,0.97425,0.9923333333333333,0.008185102697299853,0.012314890532203398
rho0p9_seed12_width512_cosine,0.9,12,512,cosine,80,0.7616666666666667,0.97575,0.9923333333333333,0.006931051913076572,0.012030412919044142
rho0p9_seed12_width512_cosine,0.9,12,512,cosine,100,0.7636666666666667,0.97475,0.992,0.005535520151093711,0.011812778480649485
rho0p9_seed12_width512_cosine,0.9,12,512,cosine,120,0.7573333333333333,0.977,0.9923333333333333,0.004136476688619072,0.011665938538015517
rho0p9_seed12_width512_cosine,0.9,12,512,cosine,140,0.76,0.976,0.992,0.0028722379872641217,0.01155521742998497
rho0p9_seed12_width512_cosine,0.9,12,512,cosine,160,0.761,0.9755,0.9923333333333333,0.0018677930330710667,0.01148488511941789
rho0p9_seed12_width512_cosine,0.9,12,512,cosine,180,0.7606666666666667,0.97625,0.9923333333333333,0.0012224462977549774,0.01144154520015961
rho0p9_seed12_width512_cosine,0.9,12,512,cosine,200,0.76,0.97525,0.9923333333333333,0.001,0.01141164732421664
rho0p9_seed12_width64_constant,0.9,12,64,constant,20,0.7816666666666666,0.98175,0.9923333333333333,0.01,0.015474954444979204
rho0p9_seed12_width64_constant,0.9,12,64,constant,40,0.771,0.98275,0.9923333333333333,0.01,0.014193621920638071
rho0p9_seed12_width64_constant,0.9,12,64,constant,60,0.7683333333333333,0.98375,0.9923333333333333,0.01,0.013611164115852397
rho0p9_seed12_width64_constant,0.9,12,64,constant,80,0.767,0.984,0.9923333333333333,0.01,0.013213482099303115
rho0p9_seed12_width64_constant,0.9,12,64,constant,100,0.7673333333333333,0.982,0.9923333333333333,0.01,0.012926451987679912
rho0p9_seed12_width64_constant,0.9,12,64,constant,120,0.7646666666666667,0.98225,0.9923333333333333,0.01,0.012693620175989115
rho0p9_seed12_width64_constant,0.9,12,64,constant,140,0.766,0.98125,0.992,0.01,0.012470002710648355
rho0p9_seed12_width64_constant,0.9,12,64,constant,160,0.7666666666666667,0.98075,0.9923333333333333,0.01,0.012272067846096387
rho0p9_seed12_width64_constant,0.9,12,64,constant,180,0.7663333333333333,0.9805,0.9923333333333333,0.01,0.012082887886353111
rho0p9_seed12_width64_constant,0.9,12,64,constant,200,0.7666666666666667,0.98025,0.9923333333333333,0.01,0.011919595581926791
rho0p9_seed12_width64_cosine,0.9,12,64,cosine,20,0.7816666666666666,0.98175,0.9923333333333333,0.009799079281818376,0.015491140082742015
rho0p9_seed12_width64_cosine,0.9,12,64,cosine,40,0.772,0.98275,0.9923333333333333,0.009173690746364798,0.014237520320124762
rho0p9_seed12_width64_cosine,0.9,12,64,cosine,60,0.7676666666666667,0.9835,0.9923333333333333,0.008185102697299853,0.013703850995878349
rho0p9_seed12_width64_cosine,0.9,12,64,cosine,80,0.7673333333333333,0.983,0.9923333333333333,0.006931051913076572,0.013365737389909156
rho0p9_seed12_width64_cosine,0.9,12,64,cosine,100,0.7673333333333333,0.98225,0.9923333333333333,0.005535520151093711,0.013151165229177236
rho0p9_seed12_width64_cosine,0.9,12,64,cosine,120,0.766,0.983,0.9923333333333333,0.004136476688619072,0.01301556596721509
rho0p9_seed12_width64_cosine,0.9,12,64,cosine,140,0.7663333333333333,0.9825,0.9923333333333333,0.0028722379872641217,0.012919514683525085
rho0p9_seed12_width64_cosine,0.9,12,64,cosine,160,0.7666666666666667,0.98225,0.9923333333333333,0.0018677930330710667,0.01286112482171498
rho0p9_seed12_width64_cosine,0.9,12,64,cosine,180,0.767,0.9825,0.9923333333333333,0.0012224462977549774,0.012825201733080107
rho0p9_seed12_width64_cosine,0.9,12,64,cosine,200,0.766,0.9825,0.9923333333333333,0.001,0.012800419491783243
rho0p9_seed12_width8_constant,0.9,12,8,constant,20,0.7746666666666666,0.976,0.9916666666666667,0.01,0.01503011934092186
rho0p9_seed12_width8_constant,0.9,12,8,constant,40,0.7633333333333333,0.97475,0.9916666666666667,0.01,0.014245571717067161
rho0p9_seed12_width8_constant,0.9,12,8,constant,60,0.761,0.97675,0.9916666666666667,0.01,0.01403326851416088
rho0p9_seed12_width8_constant,0.9,12,8,constant,80,0.7576666666666667,0.97825,0.9916666666666667,0.01,0.01392680033644718
rho0p9_seed12_width8_constant,0.9,12,8,constant,100,0.759,0.97525,0.9916666666666667,0.01,0.01385048959667327
rho0p9_seed12_width8_constant,0.9,12,8,constant,120,0.7533333333333333,0.977,0.9916666666666667,0.01,0.013794647073103322
rho0p9_seed12_width8_constant,0.9,12,8,constant,140,0.7553333333333333,0.9775,0.9916666666666667,0.01,0.013736480435616571
rho0p9_seed12_width8_constant,0.9,12,8,constant,160,0.7543333333333333,0.97725,0.9916666666666667,0.01,0.01369472621545699
rho0p9_seed12_width8_constant,0.9,12,8,constant,180,0.755,0.97875,0.9916666666666667,0.01,0.013657889016103545
rho0p9_seed12_width8_constant,0.9,12,8,constant,200,0.7543333333333333,0.978,0.9916666666666667,0.01,0.013623563680175825
rho0p9_seed12_width8_cosine,0.9,12,8,cosine,20,0.7746666666666666,0.97575,0.9916666666666667,0.009799079281818376,0.015042973876195168
rho0p9_seed12_width8_cosine,0.9,12,8,cosine,40,0.7633333333333333,0.975,0.9916666666666667,0.009173690746364798,0.014263988497778095
rho0p9_seed12_width8_cosine,0.9,12,8,cosine,60,0.761,0.977,0.9916666666666667,0.008185102697299853,0.014061229338402077
rho0p9_seed12_width8_cosine,0.9,12,8,cosine,80,0.7583333333333333,0.97625,0.9916666666666667,0.006931051913076572,0.013962973418892204
rho0p9_seed12_width8_cosine,0.9,12,8,cosine,100,0.7593333333333333,0.976,0.9916666666666667,0.005535520151093711,0.013908667545594324
rho0p9_seed12_width8_cosine,0.9,12,8,cosine,120,0.7556666666666667,0.97675,0.9916666666666667,0.004136476688619072,0.013874819099894386
rho0p9_seed12_width8_cosine,0.9,12,8,cosine,140,0.757,0.9755,0.9916666666666667,0.0028722379872641217,0.013846480989336586
rho0p9_seed12_width8_cosine,0.9,12,8,cosine,160,0.7556666666666667,0.97525,0.9916666666666667,0.0018677930330710667,0.013831276926789447
rho0p9_seed12_width8_cosine,0.9,12,8,cosine,180,0.7556666666666667,0.976,0.9916666666666667,0.0012224462977549774,0.013822367735027678
rho0p9_seed12_width8_cosine,0.9,12,8,cosine,200,0.755,0.9765,0.9916666666666667,0.001,0.013816858336568226
rho0p9_seed13_width512_constant,0.9,13,512,constant,20,0.75,0.97025,0.9926666666666667,0.01,0.015272358375908976
rho0p9_seed13_width512_constant,0.9,13,512,constant,40,0.758,0.969,0.993,0.01,0.014577342153399541
rho0p9_seed13_width512_constant,0.9,13,512,constant,60,0.7546666666666667,0.96575,0.993,0.01,0.014051736862265457
rho0p9_seed13_width512_constant,0.9,13,512,constant,80,0.7576666666666667,0.96475,0.993,0.01,0.013623705855708204
rho0p9_seed13_width512_constant,0.9,13,512,constant,100,0.7566666666666667,0.9605,0.9923333333333333,0.01,0.013333333760895547
rho0p9_seed13_width512_constant,0.9,13,512,constant,120,0.76,0.957,0.9923333333333333,0.01,0.013010738993775419
rho0p9_seed13_width512_constant,0.9,13,512,constant,140,0.7686666666666667,0.9635,0.993,0.01,0.01255532017971443
rho0p9_seed13_width512_constant,0.9,13,512,constant,160,0.7626666666666667,0.9595,0.993,0.01,0.012227012056181475
rho0p9_seed13_width512_constant,0.9,13,512,constant,180,0.7616666666666667,0.9505,0.993,0.01,0.012205653437276746
rho0p9_seed13_width512_constant,0.9,13,512,constant,200,0.7636666666666667,0.95825,0.9926666666666667,0.01,0.011622854713229588
rho0p9_seed13_width512_cosine,0.9,13,512,cosine,20,0.7496666666666667,0.97025,0.9926666666666667,0.009799079281818376,0.01527618551348649
rho0p9_seed13_width512_cosine,0.9,13,512,cosine,40,0.7573333333333333,0.96925,0.993,0.009173690746364798,0.014603747940695112
rho0p9_seed13_width512_cosine,0.9,13,512,cosine,60,0.754,0.9665,0.9933333333333333,0.008185102697299853,0.01413383810365715
rho0p9_seed13_width512_cosine,0.9,13,512,cosine,80,0.7583333333333333,0.965,0.993,0.006931051913076572,0.013794513817267722
rho0p9_seed13_width512_cosine,0.9,13,512,cosine,100,0.7583333333333333,0.96525,0.9926666666666667,0.005535520151093711,0.013527432664055672
rho0p9_seed13_width512_cosine,0.9,13,512,cosine,120,0.7583333333333333,0.966,0.993,0.004136476688619072,0.013330679949956716
rho0p9_seed13_width512_cosine,0.9,13,512,cosine,140,0.762,0.965,0.993,0.0028722379872641217,0.01321544667116336
rho0p9_seed13_width512_cosine,0.9,13,512,cosine,160,0.762,0.96675,0.993,0.0018677930330710667,0.01311401592235889
rho0p9_seed13_width512_cosine,0.9,13,512,cosine,180,0.7616666666666667,0.967,0.993,0.0012224462977549774,0.01306715534455342
rho0p9_seed13_width512_cosine,0.9,13,512,cosine,200,0.763,0.96575,0.993,0.001,0.01302451916676339
rho0p9_seed13_width64_constant,0.9,13,64,constant,20,0.7713333333333333,0.969,0.994,0.01,0.016934569498716415
rho0p9_seed13_width64_constant,0.9,13,64,constant,40,0.7706666666666667,0.9735,0.995,0.01,0.015504285888072537
rho0p9_seed13_width64_constant,0.9,13,64,constant,60,0.763,0.97425,0.995,0.01,0.014929563087810818
rho0p9_seed13_width64_constant,0.9,13,64,constant,80,0.761,0.9695,0.9943333333333333,0.01,0.014562789177804706
rho0p9_seed13_width64_constant,0.9,13,64,constant,100,0.7593333333333333,0.972,0.995,0.01,0.014235773377828807
rho0p9_seed13_width64_constant,0.9,13,64,constant,120,0.7593333333333333,0.97425,0.9946666666666667,0.01,0.013980570837484043
rho0p9_seed13_width64_constant,0.9,13,64,constant,140,0.7603333333333333,0.97125,0.9946666666666667,0.01,0.01377073392069367
rho0p9_seed13_width64_constant,0.9,13,64,constant,160,0.759,0.971,0.9936666666666667,0.01,0.013511663897836616
rho0p9_seed13_width64_constant,0.9,13,64,constant,180,0.7606666666666667,0.97525,0.9946666666666667,0.01,0.013318268900444468
rho0p9_seed13_width64_constant,0.9,13,64,constant,200,0.7606666666666667,0.97225,0.9943333333333333,0.01,0.013109311489039262
rho0p9_seed13_width64_cosine,0.9,13,64,cosine,20,0.7713333333333333,0.969,0.994,0.009799079281818376,0.01695090536104649
rho0p9_seed13_width64_cosine,0.9,13,64,cosine,40,0.7703333333333333,0.9735,0.995,0.009173690746364798,0.015546070196991349
rho0p9_seed13_width64_cosine,0.9,13,64,cosine,60,0.7643333333333333,0.97375,0.9946666666666667,0.008185102697299853,0.015014520205446275
rho0p9_seed13_width64_cosine,0.9,13,64,cosine,80,0.7613333333333333,0.97025,0.9943333333333333,0.006931051913076572,0.014708591974362296
rho0p9_seed13_width64_cosine,0.9,13,64,cosine,100,0.7613333333333333,0.97275,0.9946666666666667,0.005535520151093711,0.01448813556775281
rho0p9_seed13_width64_cosine,0.9,13,64,cosine,120,0.7596666666666667,0.973,0.995,0.004136476688619072,0.014333763040238125
rho0p9_seed13_width64_cosine,0.9,13,64,cosine,140,0.7583333333333333,0.973,0.995,0.0028722379872641217,0.014240600121070679
rho0p9_seed13_width64_cosine,0.9,13,64,cosine,160,0.76,0.971,0.995,0.0018677930330710667,0.014170456316657564
rho0p9_seed13_width64_cosine,0.9,13,64,cosine,180,0.76,0.972,0.995,0.0012224462977549774,0.014134106350786607
rho0p9_seed13_width64_cosine,0.9,13,64,cosine,200,0.7603333333333333,0.9715,0.995,0.001,0.014105816564446429
rho0p9_seed13_width8_constant,0.9,13,8,constant,20,0.7603333333333333,0.96825,0.9936666666666667,0.01,0.017605196394382322
rho0p9_seed13_width8_constant,0.9,13,8,constant,40,0.7516666666666667,0.97075,0.9936666666666667,0.01,0.016642328962603824
rho0p9_seed13_width8_constant,0.9,13,8,constant,60,0.744,0.97075,0.9936666666666667,0.01,0.016342031916770007
rho0p9_seed13_width8_constant,0.9,13,8,constant,80,0.742,0.96875,0.9936666666666667,0.01,0.016132731283254334
rho0p9_seed13_width8_constant,0.9,13,8,constant,100,0.74,0.96775,0.9936666666666667,0.01,0.01595597139738151
rho0p9_seed13_width8_constant,0.9,13,8,constant,120,0.74,0.9685,0.9936666666666667,0.01,0.015861765044265452
rho0p9_seed13_width8_constant,0.9,13,8,constant,140,0.7383333333333333,0.9665,0.9936666666666667,0.01,0.015811420547254637
rho0p9_seed13_width8_constant,0.9,13,8,constant,160,0.7376666666666667,0.968,0.9936666666666667,0.01,0.015746422539234545
rho0p9_seed13_width8_constant,0.9,13,8,constant,180,0.7363333333333333,0.96975,0.9936666666666667,0.01,0.015721731738445915
rho0p9_seed13_width8_constant,0.9,13,8,constant,200,0.737,0.969,0.9936666666666667,0.01,0.01567042343580964
rho0p9_seed13_width8_cosine,0.9,13,8,cosine,20,0.7606666666666667,0.9685,0.9936666666666667,0.009799079281818376,0.017620888052285066
rho0p9_seed13_width8_cosine,0.9,13,8,cosine,40,0.7523333333333333,0.971,0.9936666666666667,0.009173690746364798,0.016662298083763457
rho0p9_seed13_width8_cosine,0.9,13,8,cosine,60,0.7446666666666667,0.9705,0.9936666666666667,0.008185102697299853,0.016385090716458182
rho0p9_seed13_width8_cosine,0.9,13,8,cosine,80,0.7426666666666667,0.97,0.9936666666666667,0.006931051913076572,0.016217995757092103
rho0p9_seed13_width8_cosine,0.9,13,8,cosine,100,0.7413333333333333,0.97,0.9936666666666667,0.005535520151093711,0.016103232095551975
rho0p9_seed13_width8_cosine,0.9,13,8,cosine,120,0.741,0.96975,0.9936666666666667,0.004136476688619072,0.016015901946643252
rho0p9_seed13_width8_cosine,0.9,13,8,cosine,140,0.7396666666666667,0.9685,0.9936666666666667,0.0028722379872641217,0.01597060091788726
rho0p9_seed13_width8_cosine,0.9,13,8,cosine,160,0.7403333333333333,0.96875,0.9936666666666667,0.0018677930330710667,0.015936031395990882
rho0p9_seed13_width8_cosine,0.9,13,8,cosine,180,0.7413333333333333,0.969,0.9936666666666667,0.0012224462977549774,0.01592081340154003
rho0p9_seed13_width8_cosine,0.9,13,8,cosine,200,0.7406666666666667,0.9695,0.9936666666666667,0.001,0.01590892813172117
rho0p9_seed14_width512_constant,0.9,14,512,constant,20,0.7243333333333334,0.9745,0.992,0.01,0.01648050547489468
rho0p9_seed14_width512_constant,0.9,14,512,constant,40,0.7153333333333334,0.96375,0.9916666666666667,0.01,0.015755844304030552
rho0p9_seed14_width512_constant,0.9,14,512,constant,60,0.7003333333333334,0.9735,0.9916666666666667,0.01,0.01496296300266717
rho0p9_seed14_width512_constant,0.9,14,512,constant,80,0.7103333333333334,0.96575,0.9916666666666667,0.01,0.014659885854225027
rho0p9_seed14_width512_constant,0.9,14,512,constant,100,0.706,0.971,0.9916666666666667,0.01,0.01408601785376967
rho0p9_seed14_width512_constant,0.9,14,512,constant,120,0.7063333333333334,0.969,0.9916666666666667,0.01,0.013763243907660285
rho0p9_seed14_width512_constant,0.9,14,512,constant,140,0.7093333333333334,0.96575,0.992,0.01,0.01350873056829794
rho0p9_seed14_width512_constant,0.9,14,512,constant,160,0.701,0.96525,0.9923333333333333,0.01,0.013072595326971154
rho0p9_seed14_width512_constant,0.9,14,512,constant,180,0.7043333333333334,0.963,0.9923333333333333,0.01,0.012788660425351614
rho0p9_seed14_width512_constant,0.9,14,512,constant,200,0.7023333333333334,0.9685,0.9923333333333333,0.01,0.01244991376604575
rho0p9_seed14_width512_cosine,0.9,14,512,cosine,20,0.7246666666666667,0.9745,0.992,0.009799079281818376,0.01647925373938555
rho0p9_seed14_width512_cosine,0.9,14,512,cosine,40,0.715,0.9645,0.9916666666666667,0.009173690746364798,0.015734347313049967
rho0p9_seed14_width512_cosine,0.9,14,512,cosine,60,0.7003333333333334,0.974,0.9916666666666667,0.008185102697299853,0.015050113717855612
rho0p9_seed14_width512_cosine,0.9,14,512,cosine,80,0.7056666666666667,0.97,0.9916666666666667,0.006931051913076572,0.01469088711087192
rho0p9_seed14_width512_cosine,0.9,14,512,cosine,100,0.705,0.971,0.9916666666666667,0.005535520151093711,0.014413629361774804
rho0p9_seed14_width512_cosine,0.9,14,512,cosine,120,0.7066666666666667,0.971,0.9916666666666667,0.004136476688619072,0.014226521940587577
rho0p9_seed14_width512_cosine,0.9,14,512,cosine,140,0.707,0.969,0.9916666666666667,0.0028722379872641217,0.014109003796089946
rho0p9_seed14_width512_cosine,0.9,14,512,cosine,160,0.7046666666666667,0.97125,0.9916666666666667,0.0018677930330710667,0.014021470796262826
rho0p9_seed14_width512_cosine,0.9,14,512,cosine,180,0.7073333333333334,0.9695,0.992,0.0012224462977549774,0.013968445040846541
rho0p9_seed14_width512_cosine,0.9,14,512,cosine,200,0.706,0.96875,0.9916666666666667,0.001,0.013916342444727595
rho0p9_seed14_width64_constant,0.9,14,64,constant,20,0.7573333333333333,0.96925,0.991,0.01,0.01906234909432326
rho0p9_seed14_width64_constant,0.9,14,64,constant,40,0.7533333333333333,0.97125,0.9913333333333333,0.01,0.017519189986648354
rho0p9_seed14_width64_constant,0.9,14,64,constant,60,0.738,0.97375,0.9916666666666667,0.01,0.016791414640879628
rho0p9_seed14_width64_constant,0.9,14,64,constant,80,0.7373333333333333,0.97425,0.9916666666666667,0.01,0.016277277336325557
rho0p9_seed14_width64_constant,0.9,14,64,constant,100,0.7343333333333333,0.9725,0.9913333333333333,0.01,0.015849764457102806
rho0p9_seed14_width64_constant,0.9,14,64,constant,120,0.7293333333333333,0.97125,0.9913333333333333,0.01,0.0154859122751372
rho0p9_seed14_width64_constant,0.9,14,64,constant,140,0.7283333333333334,0.97,0.992,0.01,0.015124519674535174
rho0p9_seed14_width64_constant,0.9,14,64,constant,160,0.7223333333333334,0.971,0.9916666666666667,0.01,0.014810977643282385
rho0p9_seed14_width64_constant,0.9,14,64,constant,180,0.7206666666666667,0.9695,0.9923333333333333,0.01,0.014515545636372815
rho0p9_seed14_width64_constant,0.9,14,64,constant,200,0.7193333333333334,0.96675,0.9923333333333333,0.01,0.014238437158521071
rho0p9_seed14_width64_cosine,0.9,14,64,cosine,20,0.7573333333333333,0.96925,0.991,0.009799079281818376,0.019080758158553188
rho0p9_seed14_width64_cosine,0.9,14,64,cosine,40,0.753,0.97125,0.9913333333333333,0.009173690746364798,0.017571708629316153
rho0p9_seed14_width64_cosine,0.9,14,64,cosine,60,0.7393333333333333,0.9735,0.9916666666666667,0.008185102697299853,0.016903533219462287
rho0p9_seed14_width64_cosine,0.9,14,64,cosine,80,0.7383333333333333,0.97475,0.9916666666666667,0.006931051913076572,0.016480293428612645
rho0p9_seed14_width64_cosine,0.9,14,64,cosine,100,0.7363333333333333,0.9715,0.9913333333333333,0.005535520151093711,0.01618616195997244
rho0p9_seed14_width64_cosine,0.9,14,64,cosine,120,0.7356666666666667,0.97225,0.9913333333333333,0.004136476688619072,0.015989397855223783
rho0p9_seed14_width64_cosine,0.9,14,64,cosine,140,0.735,0.9725,0.9913333333333333,0.0028722379872641217,0.015852644662605213
rho0p9_seed14_width64_cosine,0.9,14,64,cosine,160,0.7336666666666667,0.97325,0.9913333333333333,0.0018677930330710667,0.015762665865949037
rho0p9_seed14_width64_cosine,0.9,14,64,cosine,180,0.7323333333333333,0.97175,0.992,0.0012224462977549774,0.015707389452580742
rho0p9_seed14_width64_cosine,0.9,14,64,cosine,200,0.7323333333333333,0.9715,0.992,0.001,0.015662927342636527
rho0p9_seed14_width8_constant,0.9,14,8,constant,20,0.745,0.98625,0.993,0.01,0.019177801201821016
rho0p9_seed14_width8_constant,0.9,14,8,constant,40,0.74,0.98675,0.9933333333333333,0.01,0.018149291176538584
rho0p9_seed14_width8_constant,0.9,14,8,constant,60,0.7316666666666667,0.98825,0.993,0.01,0.017750002245946108
rho0p9_seed14_width8_constant,0.9,14,8,constant,80,0.732,0.98975,0.993,0.01,0.017520509423425062
rho0p9_seed14_width8_constant,0.9,14,8,constant,100,0.735,0.98925,0.9933333333333333,0.01,0.017379160959422046
rho0p9_seed14_width8_constant,0.9,14,8,constant,120,0.7353333333333333,0.98825,0.9933333333333333,0.01,0.01728098173385963
rho0p9_seed14_width8_constant,0.9,14,8,constant,140,0.7353333333333333,0.98725,0.9933333333333333,0.01,0.017188932539140167
rho0p9_seed14_width8_constant,0.9,14,8,constant,160,0.731,0.98575,0.993,0.01,0.017119158945116477
rho0p9_seed14_width8_constant,0.9,14,8,constant,180,0.732,0.98375,0.9926666666666667,0.01,0.017052146477152075
rho0p9_seed14_width8_constant,0.9,14,8,constant,200,0.7316666666666667,0.98,0.9926666666666667,0.01,0.016982604770619157
rho0p9_seed14_width8_cosine,0.9,14,8,cosine,20,0.7446666666666667,0.98625,0.993,0.009799079281818376,0.019191135745839184
rho0p9_seed14_width8_cosine,0.9,14,8,cosine,40,0.7403333333333333,0.987,0.9933333333333333,0.009173690746364798,0.01818335330176743
rho0p9_seed14_width8_cosine,0.9,14,8,cosine,60,0.7316666666666667,0.98825,0.993,0.008185102697299853,0.01780021056788309
rho0p9_seed14_width8_cosine,0.9,14,8,cosine,80,0.7323333333333333,0.991,0.993,0.006931051913076572,0.01759398136204141
rho0p9_seed14_width8_cosine,0.9,14,8,cosine,100,0.7343333333333333,0.99,0.9933333333333333,0.005535520151093711,0.017479986591332795
rho0p9_seed14_width8_cosine,0.9,14,8,cosine,120,0.7363333333333333,0.988,0.9933333333333333,0.004136476688619072,0.01742040619973947
rho0p9_seed14_width8_cosine,0.9,14,8,cosine,140,0.7353333333333333,0.98775,0.9933333333333333,0.0028722379872641217,0.017379046609037652
rho0p9_seed14_width8_cosine,0.9,14,8,cosine,160,0.734,0.989,0.9933333333333333,0.0018677930330710667,0.017351681955364445
rho0p9_seed14_width8_cosine,0.9,14,8,cosine,180,0.7353333333333333,0.9875,0.9933333333333333,0.0012224462977549774,0.017334855293138548
rho0p9_seed14_width8_cosine,0.9,14,8,cosine,200,0.735,0.98675,0.9933333333333333,0.001,0.017322079706945936
rho0p9_seed15_width512_constant,0.9,15,512,constant,20,0.7406666666666667,0.9795,0.9943333333333333,0.01,0.01073705418157511
rho0p9_seed15_width512_constant,0.9,15,512,constant,40,0.7456666666666667,0.981,0.9943333333333333,0.01,0.01019252254128196
rho0p9_seed15_width512_constant,0.9,15,512,constant,60,0.7426666666666667,0.98375,0.9936666666666667,0.01,0.009710585147516935
rho0p9_seed15_width512_constant,0.9,15,512,constant,80,0.7486666666666667,0.978,0.9943333333333333,0.01,0.009534251392268853
rho0p9_seed15_width512_constant,0.9,15,512,constant,100,0.7476666666666667,0.98575,0.9936666666666667,0.01,0.00916115781832967
rho0p9_seed15_width512_constant,0.9,15,512,constant,120,0.75,0.98025,0.9943333333333333,0.01,0.00895474084558295
rho0p9_seed15_width512_constant,0.9,15,512,constant,140,0.7523333333333333,0.9825,0.994,0.01,0.008729962197917175
rho0p9_seed15_width512_constant,0.9,15,512,constant,160,0.746,0.983,0.9933333333333333,0.01,0.008516577867939759
rho0p9_seed15_width512_constant,0.9,15,512,constant,180,0.7483333333333333,0.9815,0.994,0.01,0.008337935741692946
rho0p9_seed15_width512_constant,0.9,15,512,constant,200,0.749,0.98475,0.993,0.01,0.008192367386288184
rho0p9_seed15_width512_cosine,0.9,15,512,cosine,20,0.7406666666666667,0.9805,0.9943333333333333,0.009799079281818376,0.010731360140456376
rho0p9_seed15_width512_cosine,0.9,15,512,cosine,40,0.7443333333333333,0.981,0.9943333333333333,0.009173690746364798,0.010184280070099907
rho0p9_seed15_width512_cosine,0.9,15,512,cosine,60,0.742,0.9835,0.9933333333333333,0.008185102697299853,0.009754862827212506
rho0p9_seed15_width512_cosine,0.9,15,512,cosine,80,0.7473333333333333,0.9815,0.994,0.006931051913076572,0.009558339753583592
rho0p9_seed15_width512_cosine,0.9,15,512,cosine,100,0.7473333333333333,0.98375,0.9936666666666667,0.005535520151093711,0.009359609546259829
rho0p9_seed15_width512_cosine,0.9,15,512,cosine,120,0.7473333333333333,0.9825,0.994,0.004136476688619072,0.009249999413097456
rho0p9_seed15_width512_cosine,0.9,15,512,cosine,140,0.75,0.98275,0.994,0.0028722379872641217,0.009146454175826107
rho0p9_seed15_width512_cosine,0.9,15,512,cosine,160,0.7476666666666667,0.983,0.994,0.0018677930330710667,0.009091646416892925
rho0p9_seed15_width512_cosine,0.9,15,512,cosine,180,0.749,0.98225,0.994,0.0012224462977549774,0.009058066891667061
rho0p9_seed15_width512_cosine,0.9,15,512,cosine,200,0.75,0.983,0.994,0.001,0.009033523356628544
rho0p9_seed15_width64_constant,0.9,15,64,constant,20,0.759,0.984,0.9943333333333333,0.01,0.012923608918747135
rho0p9_seed15_width64_constant,0.9,15,64,constant,40,0.747,0.9855,0.9943333333333333,0.01,0.011342926105884856
rho0p9_seed15_width64_constant,0.9,15,64,constant,60,0.7426666666666667,0.98675,0.9943333333333333,0.01,0.010706171097264024
rho0p9_seed15_width64_constant,0.9,15,64,constant,80,0.742,0.98725,0.994,0.01,0.010328730759433191
rho0p9_seed15_width64_constant,0.9,15,64,constant,100,0.7423333333333333,0.9865,0.994,0.01,0.010072284708973032
rho0p9_seed15_width64_constant,0.9,15,64,constant,120,0.739,0.9845,0.994,0.01,0.00985915295975253
rho0p9_seed15_width64_constant,0.9,15,64,constant,140,0.7416666666666667,0.988,0.9943333333333333,0.01,0.009655623647447441
rho0p9_seed15_width64_constant,0.9,15,64,constant,160,0.7396666666666667,0.98725,0.994,0.01,0.009489980782051962
rho0p9_seed15_width64_constant,0.9,15,64,constant,180,0.742,0.98725,0.9943333333333333,0.01,0.00935973200668263
rho0p9_seed15_width64_constant,0.9,15,64,constant,200,0.746,0.98725,0.9943333333333333,0.01,0.009244786901395585
rho0p9_seed15_width64_cosine,0.9,15,64,cosine,20,0.759,0.98375,0.9943333333333333,0.009799079281818376,0.012944710344037338
rho0p9_seed15_width64_cosine,0.9,15,64,cosine,40,0.7473333333333333,0.9855,0.9943333333333333,0.009173690746364798,0.011394062997226088
rho0p9_seed15_width64_cosine,0.9,15,64,cosine,60,0.744,0.98675,0.9943333333333333,0.008185102697299853,0.010794100530079998
rho0p9_seed15_width64_cosine,0.9,15,64,cosine,80,0.7426666666666667,0.98725,0.9943333333333333,0.006931051913076572,0.010476299717089492
rho0p9_seed15_width64_cosine,0.9,15,64,cosine,100,0.743,0.9865,0.9943333333333333,0.005535520151093711,0.010282779124188176
rho0p9_seed15_width64_cosine,0.9,15,64,cosine,120,0.7423333333333333,0.98675,0.994,0.004136476688619072,0.010157437885199976
rho0p9_seed15_width64_cosine,0.9,15,64,cosine,140,0.7423333333333333,0.98675,0.994,0.0028722379872641217,0.010065160462395155
rho0p9_seed15_width64_cosine,0.9,15,64,cosine,160,0.7406666666666667,0.98675,0.9943333333333333,0.0018677930330710667,0.010008290977748338
rho0p9_seed15_width64_cosine,0.9,15,64,cosine,180,0.7413333333333333,0.987,0.9943333333333333,0.0012224462977549774,0.009974459217235982
rho0p9_seed15_width64_cosine,0.9,15,64,cosine,200,0.742,0.9865,0.9943333333333333,0.001,0.009950804074006631
rho0p9_seed15_width8_constant,0.9,15,8,constant,20,0.7636666666666667,0.95425,0.994,0.01,0.012523687108640913
rho0p9_seed15_width8_constant,0.9,15,8,constant,40,0.7453333333333333,0.9665,0.9943333333333333,0.01,0.011198558997401976
rho0p9_seed15_width8_constant,0.9,15,8,constant,60,0.7406666666666667,0.972,0.994,0.01,0.01082761292027085
rho0p9_seed15_width8_constant,0.9,15,8,constant,80,0.7386666666666667,0.976,0.9946666666666667,0.01,0.010632549492963923
rho0p9_seed15_width8_constant,0.9,15,8,constant,100,0.741,0.97525,0.9943333333333333,0.01,0.010544158215580794
rho0p9_seed15_width8_constant,0.9,15,8,constant,120,0.738,0.9765,0.9943333333333333,0.01,0.010490792058440888
rho0p9_seed15_width8_constant,0.9,15,8,constant,140,0.7373333333333333,0.978,0.9943333333333333,0.01,0.010419330388486202
rho0p9_seed15_width8_constant,0.9,15,8,constant,160,0.7333333333333333,0.97825,0.9943333333333333,0.01,0.01036853780446859
rho0p9_seed15_width8_constant,0.9,15,8,constant,180,0.7363333333333333,0.97825,0.9943333333333333,0.01,0.010330830909847061
rho0p9_seed15_width8_constant,0.9,15,8,constant,200,0.7366666666666667,0.97825,0.9943333333333333,0.01,0.010304613092204073
rho0p9_seed15_width8_cosine,0.9,15,8,cosine,20,0.7636666666666667,0.95425,0.994,0.009799079281818376,0.012543591820877309
rho0p9_seed15_width8_cosine,0.9,15,8,cosine,40,0.7456666666666667,0.96625,0.9943333333333333,0.009173690746364798,0.011232365937107766
rho0p9_seed15_width8_cosine,0.9,15,8,cosine,60,0.741,0.97125,0.994,0.008185102697299853,0.010871476143732505
rho0p9_seed15_width8_cosine,0.9,15,8,cosine,80,0.7393333333333333,0.97425,0.9943333333333333,0.006931051913076572,0.010697602969829727
rho0p9_seed15_width8_cosine,0.9,15,8,cosine,100,0.7416666666666667,0.97425,0.9946666666666667,0.005535520151093711,0.010620388782249314
rho0p9_seed15_width8_cosine,0.9,15,8,cosine,120,0.7393333333333333,0.97525,0.9943333333333333,0.004136476688619072,0.010571443577139754
rho0p9_seed15_width8_cosine,0.9,15,8,cosine,140,0.739,0.97675,0.9943333333333333,0.0028722379872641217,0.01052978568216176
rho0p9_seed15_width8_cosine,0.9,15,8,cosine,160,0.7383333333333333,0.9765,0.9943333333333333,0.0018677930330710667,0.010512096895075191
rho0p9_seed15_width8_cosine,0.9,15,8,cosine,180,0.737,0.9765,0.9943333333333333,0.0012224462977549774,0.01050170254234375
rho0p9_seed15_width8_cosine,0.9,15,8,cosine,200,0.7383333333333333,0.9765,0.9943333333333333,0.001,0.010494187537470438
rho0p9_seed16_width512_constant,0.9,16,512,constant,20,0.7306666666666667,0.967,0.9943333333333333,0.01,0.0182457443409944
rho0p9_seed16_width512_constant,0.9,16,512,constant,40,0.727,0.9685,0.9936666666666667,0.01,0.01753908056789819
rho0p9_seed16_width512_constant,0.9,16,512,constant,60,0.731,0.9745,0.9943333333333333,0.01,0.017045320076156906
rho0p9_seed16_width512_constant,0.9,16,512,constant,80,0.7243333333333334,0.97375,0.9943333333333333,0.01,0.01659780936205228
rho0p9_seed16_width512_constant,0.9,16,512,constant,100,0.7276666666666667,0.97775,0.994,0.01,0.016220386467126365
rho0p9_seed16_width512_constant,0.9,16,512,constant,120,0.7263333333333334,0.9755,0.9943333333333333,0.01,0.015929956498561437
rho0p9_seed16_width512_constant,0.9,16,512,constant,140,0.722,0.97525,0.9946666666666667,0.01,0.015527785170922306
rho0p9_seed16_width512_constant,0.9,16,512,constant,160,0.721,0.96675,0.9946666666666667,0.01,0.015379928880698645
rho0p9_seed16_width512_constant,0.9,16,512,constant,180,0.7243333333333334,0.974,0.9946666666666667,0.01,0.015043880037231378
rho0p9_seed16_width512_constant,0.9,16,512,constant,200,0.725,0.974,0.9946666666666667,0.01,0.01473334837733592
rho0p9_seed16_width512_cosine,0.9,16,512,cosine,20,0.7306666666666667,0.96725,0.9943333333333333,0.009799079281818376,0.018247446535756377
rho0p9_seed16_width512_cosine,0.9,16,512,cosine,40,0.728,0.969,0.994,0.009173690746364798,0.017560670073583938
rho0p9_seed16_width512_cosine,0.9,16,512,cosine,60,0.731,0.973,0.9946666666666667,0.008185102697299853,0.01710091808389637
rho0p9_seed16_width512_cosine,0.9,16,512,cosine,80,0.725,0.974,0.994,0.006931051913076572,0.016755256172385123
rho0p9_seed16_width512_cosine,0.9,16,512,cosine,100,0.7263333333333334,0.97325,0.9943333333333333,0.005535520151093711,0.016497050420387797
rho0p9_seed16_width512_cosine,0.9,16,512,cosine,120,0.7253333333333334,0.97325,0.9943333333333333,0.004136476688619072,0.016345598763520205
rho0p9_seed16_width512_cosine,0.9,16,512,cosine,140,0.7233333333333334,0.975,0.9943333333333333,0.0028722379872641217,0.016186112373349385
rho0p9_seed16_width512_cosine,0.9,16,512,cosine,160,0.7256666666666667,0.9755,0.9943333333333333,0.0018677930330710667,0.01610193754194387
rho0p9_seed16_width512_cosine,0.9,16,512,cosine,180,0.7266666666666667,0.9765,0.9943333333333333,0.0012224462977549774,0.01605282272865185
rho0p9_seed16_width512_cosine,0.9,16,512,cosine,200,0.7253333333333334,0.97625,0.9943333333333333,0.001,0.01601495041623673
rho0p9_seed16_width64_constant,0.9,16,64,constant,20,0.717,0.965,0.9946666666666667,0.01,0.019992251081707664
rho0p9_seed16_width64_constant,0.9,16,64,constant,40,0.72,0.96875,0.9943333333333333,0.01,0.018935861161459188
rho0p9_seed16_width64_constant,0.9,16,64,constant,60,0.7213333333333334,0.97175,0.9946666666666667,0.01,0.018357862123776277
rho0p9_seed16_width64_constant,0.9,16,64,constant,80,0.7206666666666667,0.97425,0.9943333333333333,0.01,0.017983053349158926
rho0p9_seed16_width64_constant,0.9,16,64,constant,100,0.7206666666666667,0.97625,0.9946666666666667,0.01,0.017661570295309566
rho0p9_seed16_width64_constant,0.9,16,64,constant,120,0.72,0.97675,0.995,0.01,0.017390946338628845
rho0p9_seed16_width64_constant,0.9,16,64,constant,140,0.7176666666666667,0.979,0.995,0.01,0.017129948872531338
rho0p9_seed16_width64_constant,0.9,16,64,constant,160,0.7196666666666667,0.97725,0.9953333333333333,0.01,0.016915320885964296
rho0p9_seed16_width64_constant,0.9,16,64,constant,180,0.7223333333333334,0.9785,0.9953333333333333,0.01,0.016746073060295776
rho0p9_seed16_width64_constant,0.9,16,64,constant,200,0.721,0.97925,0.9953333333333333,0.01,0.01660082004822812
rho0p9_seed16_width64_cosine,0.9,16,64,cosine,20,0.717,0.965,0.9946666666666667,0.009799079281818376,0.020005036910979185
rho0p9_seed16_width64_cosine,0.9,16,64,cosine,40,0.72,0.96875,0.9943333333333333,0.009173690746364798,0.01897319131534441
rho0p9_seed16_width64_cosine,0.9,16,64,cosine,60,0.7203333333333334,0.9715,0.9946666666666667,0.008185102697299853,0.018444217193558134
rho0p9_seed16_width64_cosine,0.9,16,64,cosine,80,0.72,0.97225,0.9943333333333333,0.006931051913076572,0.01813209068541132
rho0p9_seed16_width64_cosine,0.9,16,64,cosine,100,0.7213333333333334,0.97475,0.9943333333333333,0.005535520151093711,0.017915252178449206
rho0p9_seed16_width64_cosine,0.9,16,64,cosine,120,0.7196666666666667,0.9775,0.9946666666666667,0.004136476688619072,0.017770639322678364
rho0p9_seed16_width64_cosine,0.9,16,64,cosine,140,0.7196666666666667,0.97775,0.9946666666666667,0.0028722379872641217,0.01765783366240315
rho0p9_seed16_width64_cosine,0.9,16,64,cosine,160,0.7203333333333334,0.97725,0.9946666666666667,0.0018677930330710667,0.0175840351468505
rho0p9_seed16_width64_cosine,0.9,16,64,cosine,180,0.7206666666666667,0.978,0.9946666666666667,0.0012224462977549774,0.017538576901148486
rho0p9_seed16_width64_cosine,0.9,16,64,cosine,200,0.7206666666666667,0.978,0.9946666666666667,0.001,0.017506483352693312
rho0p9_seed16_width8_constant,0.9,16,8,constant,20,0.769,0.94375,0.994,0.01,0.021112972490242687
rho0p9_seed16_width8_constant,0.9,16,8,constant,40,0.7453333333333333,0.95175,0.9946666666666667,0.01,0.020304328402713182
rho0p9_seed16_width8_constant,0.9,16,8,constant,60,0.738,0.95375,0.9943333333333333,0.01,0.01996425353676322
rho0p9_seed16_width8_constant,0.9,16,8,constant,80,0.7336666666666667,0.9565,0.9943333333333333,0.01,0.01973729036234466
rho0p9_seed16_width8_constant,0.9,16,8,constant,100,0.7296666666666667,0.95875,0.9943333333333333,0.01,0.019616009899170596
rho0p9_seed16_width8_constant,0.9,16,8,constant,120,0.7286666666666667,0.95875,0.9943333333333333,0.01,0.01953473381057811
rho0p9_seed16_width8_constant,0.9,16,8,constant,140,0.7256666666666667,0.96,0.9943333333333333,0.01,0.01942631642864302
rho0p9_seed16_width8_constant,0.9,16,8,constant,160,0.7273333333333334,0.9595,0.9943333333333333,0.01,0.019349930203958712
rho0p9_seed16_width8_constant,0.9,16,8,constant,180,0.7276666666666667,0.96175,0.9943333333333333,0.01,0.019299188894556805
rho0p9_seed16_width8_constant,0.9,16,8,constant,200,0.7283333333333334,0.961,0.9943333333333333,0.01,0.019245193045702495
rho0p9_seed16_width8_cosine,0.9,16,8,cosine,20,0.769,0.944,0.994,0.009799079281818376,0.021123714630212027
rho0p9_seed16_width8_cosine,0.9,16,8,cosine,40,0.7463333333333333,0.9515,0.9946666666666667,0.009173690746364798,0.02033243829584028
rho0p9_seed16_width8_cosine,0.9,16,8,cosine,60,0.739,0.95275,0.9943333333333333,0.008185102697299853,0.020017536149578966
rho0p9_seed16_width8_cosine,0.9,16,8,cosine,80,0.7356666666666667,0.95625,0.9943333333333333,0.006931051913076572,0.019815361229340425
rho0p9_seed16_width8_cosine,0.9,16,8,cosine,100,0.733,0.95725,0.9943333333333333,0.005535520151093711,0.019710791815110457
rho0p9_seed16_width8_cosine,0.9,16,8,cosine,120,0.7306666666666667,0.959,0.9943333333333333,0.004136476688619072,0.019664415392422602
rho0p9_seed16_width8_cosine,0.9,16,8,cosine,140,0.7283333333333334,0.95825,0.9943333333333333,0.0028722379872641217,0.019617318631444232
rho0p9_seed16_width8_cosine,0.9,16,8,cosine,160,0.729,0.95825,0.9943333333333333,0.0018677930330710667,0.019587049616412815
rho0p9_seed16_width8_cosine,0.9,16,8,cosine,180,0.7286666666666667,0.9585,0.9943333333333333,0.0012224462977549774,0.01957190325814803
rho0p9_seed16_width8_cosine,0.9,16,8,cosine,200,0.7286666666666667,0.9585,0.9943333333333333,0.001,0.019561062011546212
rho0p9_seed17_width512_constant,0.9,17,512,constant,20,0.739,0.96675,0.9926666666666667,0.01,0.013674855122215114
rho0p9_seed17_width512_constant,0.9,17,512,constant,40,0.7413333333333333,0.96075,0.9926666666666667,0.01,0.012992027358961605
rho0p9_seed17_width512_constant,0.9,17,512,constant,60,0.743,0.96025,0.9923333333333333,0.01,0.012367312258315133
rho0p9_seed17_width512_constant,0.9,17,512,constant,80,0.7426666666666667,0.96375,0.9923333333333333,0.01,0.011892370099384934
rho0p9_seed17_width512_constant,0.9,17,512,constant,100,0.7456666666666667,0.95925,0.9923333333333333,0.01,0.011869149438995795
rho0p9_seed17_width512_constant,0.9,17,512,constant,120,0.7453333333333333,0.96,0.9923333333333333,0.01,0.01123294524827718
rho0p9_seed17_width512_constant,0.9,17,512,constant,140,0.7386666666666667,0.96325,0.991,0.01,0.01103351051284497
rho0p9_seed17_width512_constant,0.9,17,512,constant,160,0.742,0.96325,0.9913333333333333,0.01,0.010499450863157806
rho0p9_seed17_width512_constant,0.9,17,512,constant,180,0.743,0.96175,0.9913333333333333,0.01,0.010244377861306426
rho0p9_seed17_width512_constant,0.9,17,512,constant,200,0.7426666666666667,0.9585,0.992,0.01,0.0100096507392563
rho0p9_seed17_width512_cosine,0.9,17,512,cosine,20,0.739,0.96675,0.9926666666666667,0.009799079281818376,0.013678860065477206
rho0p9_seed17_width512_cosine,0.9,17,512,cosine,40,0.742,0.96225,0.9926666666666667,0.009173690746364798,0.012982134800939037
rho0p9_seed17_width512_cosine,0.9,17,512,cosine,60,0.7433333333333333,0.962,0.992,0.008185102697299853,0.012411760769963644
rho0p9_seed17_width512_cosine,0.9,17,512,cosine,80,0.7423333333333333,0.965,0.9926666666666667,0.006931051913076572,0.012100498321228429
rho0p9_seed17_width512_cosine,0.9,17,512,cosine,100,0.745,0.9635,0.992,0.005535520151093711,0.011850313746666591
rho0p9_seed17_width512_cosine,0.9,17,512,cosine,120,0.7433333333333333,0.9635,0.9916666666666667,0.004136476688619072,0.011524317828925303
rho0p9_seed17_width512_cosine,0.9,17,512,cosine,140,0.742,0.96425,0.992,0.0028722379872641217,0.011383523563781315
rho0p9_seed17_width512_cosine,0.9,17,512,cosine,160,0.743,0.9635,0.992,0.0018677930330710667,0.01129383137313572
rho0p9_seed17_width512_cosine,0.9,17,512,cosine,180,0.7426666666666667,0.96325,0.992,0.0012224462977549774,0.01124307540523028
rho0p9_seed17_width512_cosine,0.9,17,512,cosine,200,0.7426666666666667,0.964,0.992,0.001,0.01121360167325544
rho0p9_seed17_width64_constant,0.9,17,64,constant,20,0.744,0.9715,0.9933333333333333,0.01,0.015540312794985934
rho0p9_seed17_width64_constant,0.9,17,64,constant,40,0.741,0.96675,0.9933333333333333,0.01,0.014068508288658797
rho0p9_seed17_width64_constant,0.9,17,64,constant,60,0.7373333333333333,0.96425,0.9933333333333333,0.01,0.013480786708541465
rho0p9_seed17_width64_constant,0.9,17,64,constant,80,0.733,0.962,0.9933333333333333,0.01,0.013144363587909134
rho0p9_seed17_width64_constant,0.9,17,64,constant,100,0.7346666666666667,0.96,0.9926666666666667,0.01,0.012809110586665475
rho0p9_seed17_width64_constant,0.9,17,64,constant,120,0.7356666666666667,0.959,0.9926666666666667,0.01,0.012569680928626337
rho0p9_seed17_width64_constant,0.9,17,64,constant,140,0.734,0.95825,0.993,0.01,0.01236855995284484
rho0p9_seed17_width64_constant,0.9,17,64,constant,160,0.7336666666666667,0.958,0.993,0.01,0.01220677067734274
rho0p9_seed17_width64_constant,0.9,17,64,constant,180,0.733,0.958,0.993,0.01,0.012067471300832888
rho0p9_seed17_width64_constant,0.9,17,64,constant,200,0.734,0.95725,0.993,0.01,0.011928246645895004
rho0p9_seed17_width64_cosine,0.9,17,64,cosine,20,0.744,0.9715,0.9933333333333333,0.009799079281818376,0.015558004714273892
rho0p9_seed17_width64_cosine,0.9,17,64,cosine,40,0.7413333333333333,0.967,0.9933333333333333,0.009173690746364798,0.01411761166063809
rho0p9_seed17_width64_cosine,0.9,17,64,cosine,60,0.7373333333333333,0.96425,0.9933333333333333,0.008185102697299853,0.013568042125795026
rho0p9_seed17_width64_cosine,0.9,17,64,cosine,80,0.7336666666666667,0.963,0.9933333333333333,0.006931051913076572,0.013274249922377785
rho0p9_seed17_width64_cosine,0.9,17,64,cosine,100,0.735,0.96125,0.993,0.005535520151093711,0.01303400248348317
rho0p9_seed17_width64_cosine,0.9,17,64,cosine,120,0.7353333333333333,0.96075,0.9926666666666667,0.004136476688619072,0.01289611268578914
rho0p9_seed17_width64_cosine,0.9,17,64,cosine,140,0.735,0.96025,0.9926666666666667,0.0028722379872641217,0.012802462671785088
rho0p9_seed17_width64_cosine,0.9,17,64,cosine,160,0.7346666666666667,0.95925,0.9926666666666667,0.0018677930330710667,0.012743115250932587
rho0p9_seed17_width64_cosine,0.9,17,64,cosine,180,0.7343333333333333,0.95925,0.993,0.0012224462977549774,0.012707151919557845
rho0p9_seed17_width64_cosine,0.9,17,64,cosine,200,0.7346666666666667,0.95925,0.993,0.001,0.012684918558645546
rho0p9_seed17_width8_constant,0.9,17,8,constant,20,0.7566666666666667,0.98125,0.9933333333333333,0.01,0.016543614446216454
rho0p9_seed17_width8_constant,0.9,17,8,constant,40,0.7516666666666667,0.98175,0.9933333333333333,0.01,0.015739545273759023
rho0p9_seed17_width8_constant,0.9,17,8,constant,60,0.7473333333333333,0.981,0.9936666666666667,0.01,0.015379426097483839
rho0p9_seed17_width8_constant,0.9,17,8,constant,80,0.7433333333333333,0.97425,0.9933333333333333,0.01,0.015139339304416098
rho0p9_seed17_width8_constant,0.9,17,8,constant,100,0.7456666666666667,0.97825,0.9933333333333333,0.01,0.01479041042319787
rho0p9_seed17_width8_constant,0.9,17,8,constant,120,0.7453333333333333,0.97825,0.9933333333333333,0.01,0.014500294116818538
rho0p9_seed17_width8_constant,0.9,17,8,constant,140,0.7416666666666667,0.97675,0.9933333333333333,0.01,0.014252523875376438
rho0p9_seed17_width8_constant,0.9,17,8,constant,160,0.7403333333333333,0.974,0.9933333333333333,0.01,0.014031150618147564
rho0p9_seed17_width8_constant,0.9,17,8,constant,180,0.7396666666666667,0.973,0.9933333333333333,0.01,0.013831262343666367
rho0p9_seed17_width8_constant,0.9,17,8,constant,200,0.736,0.9695,0.993,0.01,0.013672061963064948
rho0p9_seed17_width8_cosine,0.9,17,8,cosine,20,0.757,0.98125,0.9933333333333333,0.009799079281818376,0.016554688787008515
rho0p9_seed17_width8_cosine,0.9,17,8,cosine,40,0.7516666666666667,0.98175,0.9933333333333333,0.009173690746364798,0.015763871687224186
rho0p9_seed17_width8_cosine,0.9,17,8,cosine,60,0.7476666666666667,0.981,0.9936666666666667,0.008185102697299853,0.015433204733912126
rho0p9_seed17_width8_cosine,0.9,17,8,cosine,80,0.745,0.977,0.9933333333333333,0.006931051913076572,0.015249954046734451
rho0p9_seed17_width8_cosine,0.9,17,8,cosine,100,0.748,0.97925,0.9936666666666667,0.005535520151093711,0.015028032043970456
rho0p9_seed17_width8_cosine,0.9,17,8,cosine,120,0.7473333333333333,0.979,0.9933333333333333,0.004136476688619072,0.014891182491260715
rho0p9_seed17_width8_cosine,0.9,17,8,cosine,140,0.7463333333333333,0.9785,0.9933333333333333,0.0028722379872641217,0.014784516911308774
rho0p9_seed17_width8_cosine,0.9,17,8,cosine,160,0.746,0.97825,0.9933333333333333,0.0018677930330710667,0.014714892733711986
rho0p9_seed17_width8_cosine,0.9,17,8,cosine,180,0.7453333333333333,0.97825,0.9933333333333333,0.0012224462977549774,0.014673174137289238
rho0p9_seed17_width8_cosine,0.9,17,8,cosine,200,0.7453333333333333,0.97875,0.9933333333333333,0.001,0.014643806498806398
rho0p9_seed18_width512_constant,0.9,18,512,constant,20,0.786,0.987,0.9936666666666667,0.01,0.015806071143229697
rho0p9_seed18_width512_constant,0.9,18,512,constant,40,0.7856666666666666,0.97875,0.9933333333333333,0.01,0.01517370830640071
rho0p9_seed18_width512_constant,0.9,18,512,constant,60,0.7873333333333333,0.98125,0.993,0.01,0.014865880353093764
rho0p9_seed18_width512_constant,0.9,18,512,constant,80,0.7906666666666666,0.97325,0.992,0.01,0.014560783571026852
rho0p9_seed18_width512_constant,0.9,18,512,constant,100,0.7916666666666666,0.9775,0.993,0.01,0.013989138920615119
rho0p9_seed18_width512_constant,0.9,18,512,constant,120,0.791,0.9755,0.993,0.01,0.013717257788822742
rho0p9_seed18_width512_constant,0.9,18,512,constant,140,0.7906666666666666,0.97675,0.993,0.01,0.013364520138121531
rho0p9_seed18_width512_constant,0.9,18,512,constant,160,0.7903333333333333,0.9755,0.993,0.01,0.01310212567596204
rho0p9_seed18_width512_constant,0.9,18,512,constant,180,0.7913333333333333,0.975,0.9926666666666667,0.01,0.012830617722890568
rho0p9_seed18_width512_constant,0.9,18,512,constant,200,0.7906666666666666,0.97525,0.993,0.01,0.012601573244098876
rho0p9_seed18_width512_cosine,0.9,18,512,cosine,20,0.786,0.987,0.9936666666666667,0.009799079281818376,0.01580953431563627
rho0p9_seed18_width512_cosine,0.9,18,512,cosine,40,0.7856666666666666,0.9795,0.9933333333333333,0.009173690746364798,0.01519825183719204
rho0p9_seed18_width512_cosine,0.9,18,512,cosine,60,0.7876666666666666,0.9805,0.993,0.008185102697299853,0.014894115714249841
rho0p9_seed18_width512_cosine,0.9,18,512,cosine,80,0.7903333333333333,0.97475,0.9923333333333333,0.006931051913076572,0.01457748920905626
rho0p9_seed18_width512_cosine,0.9,18,512,cosine,100,0.7923333333333333,0.98025,0.993,0.005535520151093711,0.014250875000158533
rho0p9_seed18_width512_cosine,0.9,18,512,cosine,120,0.7903333333333333,0.9785,0.993,0.004136476688619072,0.014098546640151458
rho0p9_seed18_width512_cosine,0.9,18,512,cosine,140,0.79,0.98,0.993,0.0028722379872641217,0.0139628267705298
rho0p9_seed18_width512_cosine,0.9,18,512,cosine,160,0.7893333333333333,0.97975,0.993,0.0018677930330710667,0.013890108906465621
rho0p9_seed18_width512_cosine,0.9,18,512,cosine,180,0.7906666666666666,0.98,0.993,0.0012224462977549774,0.013842416417841884
rho0p9_seed18_width512_cosine,0.9,18,512,cosine,200,0.7903333333333333,0.97925,0.993,0.001,0.013804732648378592
rho0p9_seed18_width64_constant,0.9,18,64,constant,20,0.762,0.98025,0.9943333333333333,0.01,0.017147121316151627
rho0p9_seed18_width64_constant,0.9,18,64,constant,40,0.774,0.98175,0.9943333333333333,0.01,0.015915280327231312
rho0p9_seed18_width64_constant,0.9,18,64,constant,60,0.7793333333333333,0.979,0.9946666666666667,0.01,0.015426532733383036
rho0p9_seed18_width64_constant,0.9,18,64,constant,80,0.781,0.97875,0.9943333333333333,0.01,0.015107875798696338
rho0p9_seed18_width64_constant,0.9,18,64,constant,100,0.782,0.98,0.9943333333333333,0.01,0.014866575400183695
rho0p9_seed18_width64_constant,0.9,18,64,constant,120,0.7806666666666666,0.981,0.9943333333333333,0.01,0.014666025878814356
rho0p9_seed18_width64_constant,0.9,18,64,constant,140,0.7816666666666666,0.98125,0.994,0.01,0.01447634377190626
rho0p9_seed18_width64_constant,0.9,18,64,constant,160,0.7803333333333333,0.981,0.994,0.01,0.014323511340411639
rho0p9_seed18_width64_constant,0.9,18,64,constant,180,0.781,0.982,0.9936666666666667,0.01,0.014154585374190617
rho0p9_seed18_width64_constant,0.9,18,64,constant,200,0.78,0.98175,0.994,0.01,0.01400420617950212
rho0p9_seed18_width64_cosine,0.9,18,64,cosine,20,0.761,0.98025,0.9943333333333333,0.009799079281818376,0.017163670040724634
rho0p9_seed18_width64_cosine,0.9,18,64,cosine,40,0.774,0.98175,0.9943333333333333,0.009173690746364798,0.01595396734888837
rho0p9_seed18_width64_cosine,0.9,18,64,cosine,60,0.7786666666666666,0.97975,0.9946666666666667,0.008185102697299853,0.01549798457213881
rho0p9_seed18_width64_cosine,0.9,18,64,cosine,80,0.7796666666666666,0.97875,0.9946666666666667,0.006931051913076572,0.015230177612312644
rho0p9_seed18_width64_cosine,0.9,18,64,cosine,100,0.782,0.98,0.9943333333333333,0.005535520151093711,0.015056624832523107
rho0p9_seed18_width64_cosine,0.9,18,64,cosine,120,0.7813333333333333,0.98,0.9943333333333333,0.004136476688619072,0.014942825445198022
rho0p9_seed18_width64_cosine,0.9,18,64,cosine,140,0.7813333333333333,0.98025,0.9943333333333333,0.0028722379872641217,0.014861607757448905
rho0p9_seed18_width64_cosine,0.9,18,64,cosine,160,0.781,0.9805,0.9943333333333333,0.0018677930330710667,0.014811596532444196
rho0p9_seed18_width64_cosine,0.9,18,64,cosine,180,0.7816666666666666,0.98125,0.9943333333333333,0.0012224462977549774,0.014777914644004506
rho0p9_seed18_width64_cosine,0.9,18,64,cosine,200,0.7816666666666666,0.98075,0.9943333333333333,0.001,0.014755191505946735
rho0p9_seed18_width8_constant,0.9,18,8,constant,20,0.771,0.9765,0.9933333333333333,0.01,0.01872853391801973
rho0p9_seed18_width8_constant,0.9,18,8,constant,40,0.7676666666666667,0.98475,0.9933333333333333,0.01,0.016978049081399674
rho0p9_seed18_width8_constant,0.9,18,8,constant,60,0.7713333333333333,0.98225,0.9933333333333333,0.01,0.01649190046566291
rho0p9_seed18_width8_constant,0.9,18,8,constant,80,0.7776666666666666,0.9825,0.9933333333333333,0.01,0.016273390074825717
rho0p9_seed18_width8_constant,0.9,18,8,constant,100,0.7783333333333333,0.981,0.9933333333333333,0.01,0.016036716778001284
rho0p9_seed18_width8_constant,0.9,18,8,constant,120,0.7786666666666666,0.982,0.9936666666666667,0.01,0.015867203853151164
rho0p9_seed18_width8_constant,0.9,18,8,constant,140,0.776,0.981,0.9933333333333333,0.01,0.015721204554457847
rho0p9_seed18_width8_constant,0.9,18,8,constant,160,0.778,0.98075,0.9933333333333333,0.01,0.015547723219094775
rho0p9_seed18_width8_constant,0.9,18,8,constant,180,0.78,0.9815,0.9933333333333333,0.01,0.015440713863329217
rho0p9_seed18_width8_constant,0.9,18,8,constant,200,0.7786666666666666,0.9795,0.9933333333333333,0.01,0.015373161826395478
rho0p9_seed18_width8_cosine,0.9,18,8,cosine,20,0.771,0.9765,0.9933333333333333,0.009799079281818376,0.01874945023354364
rho0p9_seed18_width8_cosine,0.9,18,8,cosine,40,0.7686666666666667,0.98475,0.9933333333333333,0.009173690746364798,0.017033672522838248
rho0p9_seed18_width8_cosine,0.9,18,8,cosine,60,0.7713333333333333,0.9825,0.993,0.008185102697299853,0.016552208828605898
rho0p9_seed18_width8_cosine,0.9,18,8,cosine,80,0.7763333333333333,0.98225,0.993,0.006931051913076572,0.016353060568239097
rho0p9_seed18_width8_cosine,0.9,18,8,cosine,100,0.7773333333333333,0.98225,0.9936666666666667,0.005535520151093711,0.016227976234888548
rho0p9_seed18_width8_cosine,0.9,18,8,cosine,120,0.7773333333333333,0.98125,0.9933333333333333,0.004136476688619072,0.016104234655613746
rho0p9_seed18_width8_cosine,0.9,18,8,cosine,140,0.777,0.98125,0.9933333333333333,0.0028722379872641217,0.01603001258944803
rho0p9_seed18_width8_cosine,0.9,18,8,cosine,160,0.7763333333333333,0.981,0.9933333333333333,0.0018677930330710667,0.01598601306959577
rho0p9_seed18_width8_cosine,0.9,18,8,cosine,180,0.7773333333333333,0.98225,0.9936666666666667,0.0012224462977549774,0.01595453494917877
rho0p9_seed18_width8_cosine,0.9,18,8,cosine,200,0.7773333333333333,0.98225,0.9936666666666667,0.001,0.015935354486745625
rho0p9_seed19_width512_constant,0.9,19,512,constant,20,0.7993333333333333,0.9715,0.9926666666666667,0.01,0.011021018631877518
rho0p9_seed19_width512_constant,0.9,19,512,constant,40,0.807,0.965,0.9916666666666667,0.01,0.010229686748172807
rho0p9_seed19_width512_constant,0.9,19,512,constant,60,0.805,0.95625,0.9923333333333333,0.01,0.009757834296118284
rho0p9_seed19_width512_constant,0.9,19,512,constant,80,0.8046666666666666,0.9615,0.9916666666666667,0.01,0.009305562380299282
rho0p9_seed19_width512_constant,0.9,19,512,constant,100,0.7973333333333333,0.96325,0.9913333333333333,0.01,0.008996535766540316
rho0p9_seed19_width512_constant,0.9,19,512,constant,120,0.7976666666666666,0.9625,0.9916666666666667,0.01,0.008636135236501967
rho0p9_seed19_width512_constant,0.9,19,512,constant,140,0.7986666666666666,0.954,0.992,0.01,0.008245343346383925
rho0p9_seed19_width512_constant,0.9,19,512,constant,160,0.7966666666666666,0.952,0.9923333333333333,0.01,0.007992222141689119
rho0p9_seed19_width512_constant,0.9,19,512,constant,180,0.7943333333333333,0.95325,0.992,0.01,0.0077196917357505715
rho0p9_seed19_width512_constant,0.9,19,512,constant,200,0.7943333333333333,0.9495,0.992,0.01,0.007506707200064418
rho0p9_seed19_width512_cosine,0.9,19,512,cosine,20,0.7993333333333333,0.97125,0.9926666666666667,0.009799079281818376,0.01102397647808988
rho0p9_seed19_width512_cosine,0.9,19,512,cosine,40,0.8063333333333333,0.96475,0.9916666666666667,0.009173690746364798,0.010260039952236523
rho0p9_seed19_width512_cosine,0.9,19,512,cosine,60,0.805,0.957,0.9923333333333333,0.008185102697299853,0.009816353203865662
rho0p9_seed19_width512_cosine,0.9,19,512,cosine,80,0.805,0.96175,0.9916666666666667,0.006931051913076572,0.00950139644966329
rho0p9_seed19_width512_cosine,0.9,19,512,cosine,100,0.8023333333333333,0.96025,0.9913333333333333,0.005535520151093711,0.009195049206190634
rho0p9_seed19_width512_cosine,0.9,19,512,cosine,120,0.802,0.959,0.9916666666666667,0.004136476688619072,0.008986523587132046
rho0p9_seed19_width512_cosine,0.9,19,512,cosine,140,0.8006666666666666,0.958,0.9913333333333333,0.0028722379872641217,0.008861334227238827
rho0p9_seed19_width512_cosine,0.9,19,512,cosine,160,0.801,0.957,0.9916666666666667,0.0018677930330710667,0.008776641341560634
rho0p9_seed19_width512_cosine,0.9,19,512,cosine,180,0.8003333333333333,0.95625,0.9916666666666667,0.0012224462977549774,0.00872676105848478
rho0p9_seed19_width512_cosine,0.9,19,512,cosine,200,0.7996666666666666,0.95575,0.9913333333333333,0.001,0.008693294726405043
rho0p9_seed19_width64_constant,0.9,19,64,constant,20,0.784,0.97175,0.9933333333333333,0.01,0.013045711864618573
rho0p9_seed19_width64_constant,0.9,19,64,constant,40,0.7946666666666666,0.9695,0.9933333333333333,0.01,0.011454164166470977
rho0p9_seed19_width64_constant,0.9,19,64,constant,60,0.8013333333333333,0.96625,0.993,0.01,0.010772617191517434
rho0p9_seed19_width64_constant,0.9,19,64,constant,80,0.8043333333333333,0.96575,0.9933333333333333,0.01,0.010407999351700269
rho0p9_seed19_width64_constant,0.9,19,64,constant,100,0.8053333333333333,0.963,0.9933333333333333,0.01,0.010109875054505389
rho0p9_seed19_width64_constant,0.9,19,64,constant,120,0.8056666666666666,0.9635,0.993,0.01,0.009893924152031617
rho0p9_seed19_width64_constant,0.9,19,64,constant,140,0.8076666666666666,0.963,0.993,0.01,0.009729023780769954
rho0p9_seed19_width64_constant,0.9,19,64,constant,160,0.8066666666666666,0.963,0.993,0.01,0.00958072902695776
rho0p9_seed19_width64_constant,0.9,19,64,constant,180,0.8086666666666666,0.963,0.993,0.01,0.009457179886914002
rho0p9_seed19_width64_constant,0.9,19,64,constant,200,0.8096666666666666,0.9625,0.9933333333333333,0.01,0.009367343986717782
rho0p9_seed19_width64_cosine,0.9,19,64,cosine,20,0.784,0.97175,0.9933333333333333,0.009799079281818376,0.013063046205222716
rho0p9_seed19_width64_cosine,0.9,19,64,cosine,40,0.794,0.96975,0.9933333333333333,0.009173690746364798,0.011506343712445058
rho0p9_seed19_width64_cosine,0.9,19,64,cosine,60,0.8006666666666666,0.96625,0.993,0.008185102697299853,0.010865259944351708
rho0p9_seed19_width64_cosine,0.9,19,64,cosine,80,0.803,0.96575,0.9933333333333333,0.006931051913076572,0.010549837054230215
rho0p9_seed19_width64_cosine,0.9,19,64,cosine,100,0.8036666666666666,0.96425,0.9936666666666667,0.005535520151093711,0.01033367968111661
rho0p9_seed19_width64_cosine,0.9,19,64,cosine,120,0.8053333333333333,0.96375,0.9936666666666667,0.004136476688619072,0.010194300982602988
rho0p9_seed19_width64_cosine,0.9,19,64,cosine,140,0.8053333333333333,0.96275,0.9933333333333333,0.0028722379872641217,0.010105128553981449
rho0p9_seed19_width64_cosine,0.9,19,64,cosine,160,0.8053333333333333,0.963,0.9933333333333333,0.0018677930330710667,0.010048481106326067
rho0p9_seed19_width64_cosine,0.9,19,64,cosine,180,0.8053333333333333,0.96275,0.9933333333333333,0.0012224462977549774,0.010013535833686353
rho0p9_seed19_width64_cosine,0.9,19,64,cosine,200,0.806,0.9625,0.9933333333333333,0.001,0.009992122712141348
rho0p9_seed19_width8_constant,0.9,19,8,constant,20,0.782,0.97375,0.9926666666666667,0.01,0.013228503079601115
rho0p9_seed19_width8_constant,0.9,19,8,constant,40,0.79,0.97225,0.9926666666666667,0.01,0.01222376375174354
rho0p9_seed19_width8_constant,0.9,19,8,constant,60,0.7926666666666666,0.96975,0.9923333333333333,0.01,0.011901348112636437
rho0p9_seed19_width8_constant,0.9,19,8,constant,80,0.797,0.97,0.9926666666666667,0.01,0.011757592401126447
rho0p9_seed19_width8_constant,0.9,19,8,constant,100,0.7956666666666666,0.96775,0.992,0.01,0.01164170621200374
rho0p9_seed19_width8_constant,0.9,19,8,constant,120,0.799,0.96775,0.992,0.01,0.01156923445912067
rho0p9_seed19_width8_constant,0.9,19,8,constant,140,0.7996666666666666,0.96675,0.992,0.01,0.011520053393209889
rho0p9_seed19_width8_constant,0.9,19,8,constant,160,0.7996666666666666,0.96625,0.9923333333333333,0.01,0.011464269922991687
rho0p9_seed19_width8_constant,0.9,19,8,constant,180,0.8,0.965,0.992,0.01,0.011415567844970439
rho0p9_seed19_width8_constant,0.9,19,8,constant,200,0.801,0.966,0.992,0.01,0.011383725574752021
rho0p9_seed19_width8_cosine,0.9,19,8,cosine,20,0.7816666666666666,0.97375,0.9926666666666667,0.009799079281818376,0.013242982187433312
rho0p9_seed19_width8_cosine,0.9,19,8,cosine,40,0.7896666666666666,0.97225,0.9926666666666667,0.009173690746364798,0.01225163472949996
rho0p9_seed19_width8_cosine,0.9,19,8,cosine,60,0.7926666666666666,0.97,0.9923333333333333,0.008185102697299853,0.011943829260224574
rho0p9_seed19_width8_cosine,0.9,19,8,cosine,80,0.7963333333333333,0.97075,0.9926666666666667,0.006931051913076572,0.011812054597627727
rho0p9_seed19_width8_cosine,0.9,19,8,cosine,100,0.7953333333333333,0.96825,0.992,0.005535520151093711,0.011719719163764202
rho0p9_seed19_width8_cosine,0.9,19,8,cosine,120,0.7956666666666666,0.96825,0.992,0.004136476688619072,0.011670155620189127
rho0p9_seed19_width8_cosine,0.9,19,8,cosine,140,0.797,0.96775,0.992,0.0028722379872641217,0.011640464803980337
rho0p9_seed19_width8_cosine,0.9,19,8,cosine,160,0.7973333333333333,0.96775,0.992,0.0018677930330710667,0.01162052747441677
rho0p9_seed19_width8_cosine,0.9,19,8,cosine,180,0.7976666666666666,0.9675,0.992,0.0012224462977549774,0.011608932170702737
rho0p9_seed19_width8_cosine,0.9,19,8,cosine,200,0.797,0.96775,0.992,0.001,0.011603493970735679
