fit_id,rho_train,dataset_seed,width,schedule,accuracy,ood_gap,rho_ood
rho0_seed00_width512_constant,0.0,0,512,constant,0.9036666666666666,0.012666666666666715,-0.9
rho0_seed00_width512_constant,0.0,0,512,constant,0.912,0.0043333333333333,-0.6
rho0_seed00_width512_constant,0.0,0,512,constant,0.908,0.008333333333333304,-0.3
rho0_seed00_width512_constant,0.0,0,512,constant,0.8956666666666667,0.02066666666666661,0.3
rho0_seed00_width512_cosine,0.0,0,512,cosine,0.9016666666666666,0.015333333333333421,-0.9
rho0_seed00_width512_cosine,0.0,0,512,cosine,0.9096666666666666,0.007333333333333414,-0.6
rho0_seed00_width512_cosine,0.0,0,512,cosine,0.911,0.006000000000000005,-0.3
rho0_seed00_width512_cosine,0.0,0,512,cosine,0.9003333333333333,0.01666666666666672,0.3
rho0_seed00_width64_constant,0.0,0,64,constant,0.9083333333333333,0.011666666666666714,-0.9
rho0_seed00_width64_constant,0.0,0,64,constant,0.9133333333333333,0.00666666666666671,-0.6
rho0_seed00_width64_constant,0.0,0,64,constant,0.909,0.01100000000000001,-0.3
rho0_seed00_width64_constant,0.0,0,64,constant,0.9003333333333333,0.01966666666666672,0.3
rho0_seed00_width64_cosine,0.0,0,64,cosine,0.9056666666666666,0.015000000000000013,-0.9
rho0_seed00_width64_cosine,0.0,0,64,cosine,0.9096666666666666,0.01100000000000001,-0.6
rho0_seed00_width64_cosine,0.0,0,64,cosine,0.9113333333333333,0.009333333333333305,-0.3
rho0_seed00_width64_cosine,0.0,0,64,cosine,0.903,0.01766666666666661,0.3
rho0_seed00_width8_constant,0.0,0,8,constant,0.9073333333333333,0.010000000000000009,-0.9
rho0_seed00_width8_constant,0.0,0,8,constant,0.913,0.0043333333333333,-0.6
rho0_seed00_width8_constant,0.0,0,8,constant,0.9133333333333333,0.0040000000000000036,-0.3
rho0_seed00_width8_constant,0.0,0,8,constant,0.9036666666666666,0.013666666666666716,0.3
rho0_seed00_width8_cosine,0.0,0,8,cosine,0.904,0.011666666666666603,-0.9
rho0_seed00_width8_cosine,0.0,0,8,cosine,0.9116666666666666,0.0040000000000000036,-0.6
rho0_seed00_width8_cosine,0.0,0,8,cosine,0.9103333333333333,0.005333333333333301,-0.3
rho0_seed00_width8_cosine,0.0,0,8,cosine,0.9036666666666666,0.01200000000000001,0.3
rho0_seed01_width512_constant,0.0,1,512,constant,0.9166666666666666,-0.01533333333333331,-0.9
rho0_seed01_width512_constant,0.0,1,512,constant,0.909,-0.0076666666666667105,-0.6
rho0_seed01_width512_constant,0.0,1,512,constant,0.907,-0.005666666666666709,-0.3
rho0_seed01_width512_constant,0.0,1,512,constant,0.8883333333333333,0.013000000000000012,0.3
rho0_seed01_width512_cosine,0.0,1,512,cosine,0.917,-0.01333333333333342,-0.9
rho0_seed01_width512_cosine,0.0,1,512,cosine,0.918,-0.01433333333333342,-0.6
rho0_seed01_width512_cosine,0.0,1,512,cosine,0.909,-0.005333333333333412,-0.3
rho0_seed01_width512_cosine,0.0,1,512,cosine,0.895,0.0086666666666666,0.3
rho0_seed01_width64_constant,0.0,1,64,constant,0.927,-0.02433333333333343,-0.9
rho0_seed01_width64_constant,0.0,1,64,constant,0.92,-0.017333333333333423,-0.6
rho0_seed01_width64_constant,0.0,1,64,constant,0.9146666666666666,-0.01200000000000001,-0.3
rho0_seed01_width64_constant,0.0,1,64,constant,0.8916666666666667,0.010999999999999899,0.3
rho0_seed01_width64_cosine,0.0,1,64,cosine,0.9186666666666666,-0.013333333333333308,-0.9
rho0_seed01_width64_cosine,0.0,1,64,cosine,0.9166666666666666,-0.011333333333333306,-0.6
rho0_seed01_width64_cosine,0.0,1,64,cosine,0.9146666666666666,-0.009333333333333305,-0.3
rho0_seed01_width64_cosine,0.0,1,64,cosine,0.898,0.007333333333333303,0.3
rho0_seed01_width8_constant,0.0,1,8,constant,0.9236666666666666,-0.014666666666666606,-0.9
rho0_seed01_width8_constant,0.0,1,8,constant,0.9203333333333333,-0.011333333333333306,-0.6
rho0_seed01_width8_constant,0.0,1,8,constant,0.916,-0.007000000000000006,-0.3
rho0_seed01_width8_constant,0.0,1,8,constant,0.8963333333333333,0.012666666666666715,0.3
rho0_seed01_width8_cosine,0.0,1,8,cosine,0.919,-0.01100000000000001,-0.9
rho0_seed01_width8_cosine,0.0,1,8,cosine,0.919,-0.01100000000000001,-0.6
rho0_seed01_width8_cosine,0.0,1,8,cosine,0.9126666666666666,-0.004666666666666597,-0.3
rho0_seed01_width8_cosine,0.0,1,8,cosine,0.9,0.008000000000000007,0.3
rho0_seed02_width512_constant,0.0,2,512,constant,0.9156666666666666,0.0006666666666667043,-0.9
rho0_seed02_width512_constant,0.0,2,512,constant,0.9063333333333333,0.010000000000000009,-0.6
rho0_seed02_width512_constant,0.0,2,512,constant,0.9143333333333333,0.0020000000000000018,-0.3
rho0_seed02_width512_constant,0.0,2,512,constant,0.909,0.007333333333333303,0.3
rho0_seed02_width512_cosine,0.0,2,512,cosine,0.902,0.019000000000000017,-0.9
rho0_seed02_width512_cosine,0.0,2,512,cosine,0.9006666666666666,0.020333333333333425,-0.6
rho0_seed02_width512_cosine,0.0,2,512,cosine,0.9116666666666666,0.009333333333333416,-0.3
rho0_seed02_width512_cosine,0.0,2,512,cosine,0.912,0.009000000000000008,0.3
rho0_seed02_width64_constant,0.0,2,64,constant,0.9086666666666666,0.01200000000000001,-0.9
rho0_seed02_width64_constant,0.0,2,64,constant,0.9093333333333333,0.011333333333333306,-0.6
rho0_seed02_width64_constant,0.0,2,64,constant,0.914,0.006666666666666599,-0.3
rho0_seed02_width64_constant,0.0,2,64,constant,0.912,0.0086666666666666,0.3
rho0_seed02_width64_cosine,0.0,2,64,cosine,0.9063333333333333,0.015666666666666718,-0.9
rho0_seed02_width64_cosine,0.0,2,64,cosine,0.9036666666666666,0.018333333333333424,-0.6
rho0_seed02_width64_cosine,0.0,2,64,cosine,0.9093333333333333,0.012666666666666715,-0.3
rho0_seed02_width64_cosine,0.0,2,64,cosine,0.916,0.006000000000000005,0.3
rho0_seed02_width8_constant,0.0,2,8,constant,0.9083333333333333,0.013000000000000012,-0.9
rho0_seed02_width8_constant,0.0,2,8,constant,0.906,0.01533333333333331,-0.6
rho0_seed02_width8_constant,0.0,2,8,constant,0.914,0.007333333333333303,-0.3
rho0_seed02_width8_constant,0.0,2,8,constant,0.914,0.007333333333333303,0.3
rho0_seed02_width8_cosine,0.0,2,8,cosine,0.9043333333333333,0.01733333333333331,-0.9
rho0_seed02_width8_cosine,0.0,2,8,cosine,0.9046666666666666,0.017000000000000015,-0.6
rho0_seed02_width8_cosine,0.0,2,8,cosine,0.9103333333333333,0.011333333333333306,-0.3
rho0_seed02_width8_cosine,0.0,2,8,cosine,0.9166666666666666,0.0050000000000000044,0.3
rho0_seed03_width512_constant,0.0,3,512,constant,0.892,0.007333333333333303,-0.9
rho0_seed03_width512_constant,0.0,3,512,constant,0.904,-0.004666666666666708,-0.6
rho0_seed03_width512_constant,0.0,3,512,constant,0.8936666666666667,0.005666666666666598,-0.3
rho0_seed03_width512_constant,0.0,3,512,constant,0.9066666666666666,-0.007333333333333303,0.3
rho0_seed03_width512_cosine,0.0,3,512,cosine,0.906,-0.004333333333333411,-0.9
rho0_seed03_width512_cosine,0.0,3,512,cosine,0.9123333333333333,-0.010666666666666713,-0.6
rho0_seed03_width512_cosine,0.0,3,512,cosine,0.8976666666666666,0.0040000000000000036,-0.3
rho0_seed03_width512_cosine,0.0,3,512,cosine,0.9093333333333333,-0.0076666666666667105,0.3
rho0_seed03_width64_constant,0.0,3,64,constant,0.9116666666666666,-0.010333333333333306,-0.9
rho0_seed03_width64_constant,0.0,3,64,constant,0.912,-0.010666666666666713,-0.6
rho0_seed03_width64_constant,0.0,3,64,constant,0.8986666666666666,0.002666666666666706,-0.3
rho0_seed03_width64_constant,0.0,3,64,constant,0.9083333333333333,-0.007000000000000006,0.3
rho0_seed03_width64_cosine,0.0,3,64,cosine,0.9123333333333333,-0.01100000000000001,-0.9
rho0_seed03_width64_cosine,0.0,3,64,cosine,0.915,-0.013666666666666716,-0.6
rho0_seed03_width64_cosine,0.0,3,64,cosine,0.9023333333333333,-0.0010000000000000009,-0.3
rho0_seed03_width64_cosine,0.0,3,64,cosine,0.9093333333333333,-0.008000000000000007,0.3
rho0_seed03_width8_constant,0.0,3,8,constant,0.913,-0.01333333333333342,-0.9
rho0_seed03_width8_constant,0.0,3,8,constant,0.917,-0.017333333333333423,-0.6
rho0_seed03_width8_constant,0.0,3,8,constant,0.9046666666666666,-0.0050000000000000044,-0.3
rho0_seed03_width8_constant,0.0,3,8,constant,0.908,-0.008333333333333415,0.3
rho0_seed03_width8_cosine,0.0,3,8,cosine,0.9143333333333333,-0.014333333333333309,-0.9
rho0_seed03_width8_cosine,0.0,3,8,cosine,0.917,-0.017000000000000015,-0.6
rho0_seed03_width8_cosine,0.0,3,8,cosine,0.907,-0.007000000000000006,-0.3
rho0_seed03_width8_cosine,0.0,3,8,cosine,0.9093333333333333,-0.009333333333333305,0.3
rho0_seed04_width512_constant,0.0,4,512,constant,0.8966666666666666,0.018333333333333424,-0.9
rho0_seed04_width512_constant,0.0,4,512,constant,0.8903333333333333,0.024666666666666726,-0.6
rho0_seed04_width512_constant,0.0,4,512,constant,0.9016666666666666,0.01333333333333342,-0.3
rho0_seed04_width512_constant,0.0,4,512,constant,0.9076666666666666,0.007333333333333414,0.3
rho0_seed04_width512_cosine,0.0,4,512,cosine,0.9016666666666666,0.015333333333333421,-0.9
rho0_seed04_width512_cosine,0.0,4,512,cosine,0.896,0.02100000000000002,-0.6
rho0_seed04_width512_cosine,0.0,4,512,cosine,0.9056666666666666,0.011333333333333417,-0.3
rho0_seed04_width512_cosine,0.0,4,512,cosine,0.9053333333333333,0.011666666666666714,0.3
rho0_seed04_width64_constant,0.0,4,64,constant,0.9013333333333333,0.015666666666666718,-0.9
rho0_seed04_width64_constant,0.0,4,64,constant,0.897,0.020000000000000018,-0.6
rho0_seed04_width64_constant,0.0,4,64,constant,0.9083333333333333,0.008666666666666711,-0.3
rho0_seed04_width64_constant,0.0,4,64,constant,0.909,0.008000000000000007,0.3
rho0_seed04_width64_cosine,0.0,4,64,cosine,0.9023333333333333,0.016000000000000014,-0.9
rho0_seed04_width64_cosine,0.0,4,64,cosine,0.8996666666666666,0.01866666666666672,-0.6
rho0_seed04_width64_cosine,0.0,4,64,cosine,0.9096666666666666,0.008666666666666711,-0.3
rho0_seed04_width64_cosine,0.0,4,64,cosine,0.9066666666666666,0.011666666666666714,0.3
rho0_seed04_width8_constant,0.0,4,8,constant,0.9016666666666666,0.019333333333333425,-0.9
rho0_seed04_width8_constant,0.0,4,8,constant,0.8973333333333333,0.023666666666666725,-0.6
rho0_seed04_width8_constant,0.0,4,8,constant,0.9026666666666666,0.018333333333333424,-0.3
rho0_seed04_width8_constant,0.0,4,8,constant,0.9113333333333333,0.009666666666666712,0.3
rho0_seed04_width8_cosine,0.0,4,8,cosine,0.9046666666666666,0.015000000000000013,-0.9
rho0_seed04_width8_cosine,0.0,4,8,cosine,0.8986666666666666,0.02100000000000002,-0.6
rho0_seed04_width8_cosine,0.0,4,8,cosine,0.9046666666666666,0.015000000000000013,-0.3
rho0_seed04_width8_cosine,0.0,4,8,cosine,0.912,0.0076666666666665995,0.3
rho0_seed05_width512_constant,0.0,5,512,constant,0.9243333333333333,-0.013666666666666716,-0.9
rho0_seed05_width512_constant,0.0,5,512,constant,0.9163333333333333,-0.005666666666666709,-0.6
rho0_seed05_width512_constant,0.0,5,512,constant,0.91,0.0006666666666665932,-0.3
rho0_seed05_width512_constant,0.0,5,512,constant,0.903,0.0076666666666665995,0.3
rho0_seed05_width512_cosine,0.0,5,512,cosine,0.9216666666666666,-0.006666666666666599,-0.9
rho0_seed05_width512_cosine,0.0,5,512,cosine,0.916,-0.0010000000000000009,-0.6
rho0_seed05_width512_cosine,0.0,5,512,cosine,0.913,0.0020000000000000018,-0.3
rho0_seed05_width512_cosine,0.0,5,512,cosine,0.909,0.006000000000000005,0.3
rho0_seed05_width64_constant,0.0,5,64,constant,0.926,-0.010333333333333417,-0.9
rho0_seed05_width64_constant,0.0,5,64,constant,0.916,-0.00033333333333340764,-0.6
rho0_seed05_width64_constant,0.0,5,64,constant,0.915,0.0006666666666665932,-0.3
rho0_seed05_width64_constant,0.0,5,64,constant,0.911,0.004666666666666597,0.3
rho0_seed05_width64_cosine,0.0,5,64,cosine,0.9216666666666666,-0.0040000000000000036,-0.9
rho0_seed05_width64_cosine,0.0,5,64,cosine,0.915,0.002666666666666595,-0.6
rho0_seed05_width64_cosine,0.0,5,64,cosine,0.9163333333333333,0.0013333333333332975,-0.3
rho0_seed05_width64_cosine,0.0,5,64,cosine,0.9126666666666666,0.0050000000000000044,0.3
rho0_seed05_width8_constant,0.0,5,8,constant,0.925,-0.008333333333333415,-0.9
rho0_seed05_width8_constant,0.0,5,8,constant,0.9183333333333333,-0.0016666666666667052,-0.6
rho0_seed05_width8_constant,0.0,5,8,constant,0.9143333333333333,0.0023333333333332984,-0.3
rho0_seed05_width8_constant,0.0,5,8,constant,0.9116666666666666,0.0050000000000000044,0.3
rho0_seed05_width8_cosine,0.0,5,8,cosine,0.9226666666666666,-0.006666666666666599,-0.9
rho0_seed05_width8_cosine,0.0,5,8,cosine,0.918,-0.0020000000000000018,-0.6
rho0_seed05_width8_cosine,0.0,5,8,cosine,0.9143333333333333,0.0016666666666667052,-0.3
rho0_seed05_width8_cosine,0.0,5,8,cosine,0.9136666666666666,0.0023333333333334094,0.3
rho0_seed06_width512_constant,0.0,6,512,constant,0.8863333333333333,0.015666666666666718,-0.9
rho0_seed06_width512_constant,0.0,6,512,constant,0.879,0.02300000000000002,-0.6
rho0_seed06_width512_constant,0.0,6,512,constant,0.896,0.006000000000000005,-0.3
rho0_seed06_width512_constant,0.0,6,512,constant,0.9186666666666666,-0.016666666666666607,0.3
rho0_seed06_width512_cosine,0.0,6,512,cosine,0.905,0.0050000000000000044,-0.9
rho0_seed06_width512_cosine,0.0,6,512,cosine,0.896,0.014000000000000012,-0.6
rho0_seed06_width512_cosine,0.0,6,512,cosine,0.9076666666666666,0.0023333333333334094,-0.3
rho0_seed06_width512_cosine,0.0,6,512,cosine,0.9156666666666666,-0.005666666666666598,0.3
rho0_seed06_width64_constant,0.0,6,64,constant,0.9036666666666666,0.00666666666666671,-0.9
rho0_seed06_width64_constant,0.0,6,64,constant,0.8963333333333333,0.014000000000000012,-0.6
rho0_seed06_width64_constant,0.0,6,64,constant,0.9106666666666666,-0.0003333333333332966,-0.3
rho0_seed06_width64_constant,0.0,6,64,constant,0.9146666666666666,-0.0043333333333333,0.3
rho0_seed06_width64_cosine,0.0,6,64,cosine,0.9053333333333333,0.004666666666666708,-0.9
rho0_seed06_width64_cosine,0.0,6,64,cosine,0.898,0.01200000000000001,-0.6
rho0_seed06_width64_cosine,0.0,6,64,cosine,0.9073333333333333,0.002666666666666706,-0.3
rho0_seed06_width64_cosine,0.0,6,64,cosine,0.917,-0.007000000000000006,0.3
rho0_seed06_width8_constant,0.0,6,8,constant,0.9066666666666666,0.005333333333333412,-0.9
rho0_seed06_width8_constant,0.0,6,8,constant,0.9,0.01200000000000001,-0.6
rho0_seed06_width8_constant,0.0,6,8,constant,0.9103333333333333,0.0016666666666667052,-0.3
rho0_seed06_width8_constant,0.0,6,8,constant,0.914,-0.0020000000000000018,0.3
rho0_seed06_width8_cosine,0.0,6,8,cosine,0.9083333333333333,0.0033333333333332993,-0.9
rho0_seed06_width8_cosine,0.0,6,8,cosine,0.9003333333333333,0.011333333333333306,-0.6
rho0_seed06_width8_cosine,0.0,6,8,cosine,0.912,-0.00033333333333340764,-0.3
rho0_seed06_width8_cosine,0.0,6,8,cosine,0.915,-0.0033333333333334103,0.3
rho0_seed07_width512_constant,0.0,7,512,constant,0.8836666666666667,0.029333333333333322,-0.9
rho0_seed07_width512_constant,0.0,7,512,constant,0.896,0.017000000000000015,-0.6
rho0_seed07_width512_constant,0.0,7,512,constant,0.8953333333333333,0.01766666666666672,-0.3
rho0_seed07_width512_constant,0.0,7,512,constant,0.9066666666666666,0.006333333333333413,0.3
rho0_seed07_width512_cosine,0.0,7,512,cosine,0.899,0.012666666666666604,-0.9
rho0_seed07_width512_cosine,0.0,7,512,cosine,0.907,0.004666666666666597,-0.6
rho0_seed07_width512_cosine,0.0,7,512,cosine,0.904,0.0076666666666665995,-0.3
rho0_seed07_width512_cosine,0.0,7,512,cosine,0.905,0.006666666666666599,0.3
rho0_seed07_width64_constant,0.0,7,64,constant,0.897,0.016666666666666607,-0.9
rho0_seed07_width64_constant,0.0,7,64,constant,0.903,0.010666666666666602,-0.6
rho0_seed07_width64_constant,0.0,7,64,constant,0.903,0.010666666666666602,-0.3
rho0_seed07_width64_constant,0.0,7,64,constant,0.9106666666666666,0.0030000000000000027,0.3
rho0_seed07_width64_cosine,0.0,7,64,cosine,0.9033333333333333,0.009666666666666712,-0.9
rho0_seed07_width64_cosine,0.0,7,64,cosine,0.9076666666666666,0.005333333333333412,-0.6
rho0_seed07_width64_cosine,0.0,7,64,cosine,0.9083333333333333,0.004666666666666708,-0.3
rho0_seed07_width64_cosine,0.0,7,64,cosine,0.9083333333333333,0.004666666666666708,0.3
rho0_seed07_width8_constant,0.0,7,8,constant,0.9033333333333333,0.012666666666666715,-0.9
rho0_seed07_width8_constant,0.0,7,8,constant,0.9093333333333333,0.00666666666666671,-0.6
rho0_seed07_width8_constant,0.0,7,8,constant,0.91,0.006000000000000005,-0.3
rho0_seed07_width8_constant,0.0,7,8,constant,0.9076666666666666,0.008333333333333415,0.3
rho0_seed07_width8_cosine,0.0,7,8,cosine,0.9076666666666666,0.009333333333333416,-0.9
rho0_seed07_width8_cosine,0.0,7,8,cosine,0.9103333333333333,0.00666666666666671,-0.6
rho0_seed07_width8_cosine,0.0,7,8,cosine,0.9093333333333333,0.0076666666666667105,-0.3
rho0_seed07_width8_cosine,0.0,7,8,cosine,0.9096666666666666,0.007333333333333414,0.3
rho0_seed08_width512_constant,0.0,8,512,constant,0.9233333333333333,-0.01533333333333331,-0.9
rho0_seed08_width512_constant,0.0,8,512,constant,0.9153333333333333,-0.007333333333333303,-0.6
rho0_seed08_width512_constant,0.0,8,512,constant,0.9133333333333333,-0.005333333333333301,-0.3
rho0_seed08_width512_constant,0.0,8,512,constant,0.8903333333333333,0.01766666666666672,0.3
rho0_seed08_width512_cosine,0.0,8,512,cosine,0.9163333333333333,-0.008000000000000007,-0.9
rho0_seed08_width512_cosine,0.0,8,512,cosine,0.9093333333333333,-0.0010000000000000009,-0.6
rho0_seed08_width512_cosine,0.0,8,512,cosine,0.9093333333333333,-0.0010000000000000009,-0.3
rho0_seed08_width512_cosine,0.0,8,512,cosine,0.9053333333333333,0.0030000000000000027,0.3
rho0_seed08_width64_constant,0.0,8,64,constant,0.9176666666666666,-0.0076666666666665995,-0.9
rho0_seed08_width64_constant,0.0,8,64,constant,0.916,-0.006000000000000005,-0.6
rho0_seed08_width64_constant,0.0,8,64,constant,0.9136666666666666,-0.003666666666666596,-0.3
rho0_seed08_width64_constant,0.0,8,64,constant,0.9036666666666666,0.006333333333333413,0.3
rho0_seed08_width64_cosine,0.0,8,64,cosine,0.919,-0.006333333333333413,-0.9
rho0_seed08_width64_cosine,0.0,8,64,cosine,0.9113333333333333,0.0013333333333332975,-0.6
rho0_seed08_width64_cosine,0.0,8,64,cosine,0.913,-0.00033333333333340764,-0.3
rho0_seed08_width64_cosine,0.0,8,64,cosine,0.9046666666666666,0.008000000000000007,0.3
rho0_seed08_width8_constant,0.0,8,8,constant,0.9176666666666666,-0.008000000000000007,-0.9
rho0_seed08_width8_constant,0.0,8,8,constant,0.915,-0.005333333333333412,-0.6
rho0_seed08_width8_constant,0.0,8,8,constant,0.9136666666666666,-0.0040000000000000036,-0.3
rho0_seed08_width8_constant,0.0,8,8,constant,0.9056666666666666,0.0040000000000000036,0.3
rho0_seed08_width8_cosine,0.0,8,8,cosine,0.918,-0.0076666666666667105,-0.9
rho0_seed08_width8_cosine,0.0,8,8,cosine,0.914,-0.003666666666666707,-0.6
rho0_seed08_width8_cosine,0.0,8,8,cosine,0.9106666666666666,-0.0003333333333332966,-0.3
rho0_seed08_width8_cosine,0.0,8,8,cosine,0.9063333333333333,0.0040000000000000036,0.3
rho0_seed09_width512_constant,0.0,9,512,constant,0.9113333333333333,-0.004666666666666708,-0.9
rho0_seed09_width512_constant,0.0,9,512,constant,0.9153333333333333,-0.008666666666666711,-0.6
rho0_seed09_width512_constant,0.0,9,512,constant,0.8916666666666667,0.014999999999999902,-0.3
rho0_seed09_width512_constant,0.0,9,512,constant,0.8973333333333333,0.009333333333333305,0.3
rho0_seed09_width512_cosine,0.0,9,512,cosine,0.9056666666666666,0.003666666666666707,-0.9
rho0_seed09_width512_cosine,0.0,9,512,cosine,0.9126666666666666,-0.0033333333333332993,-0.6
rho0_seed09_width512_cosine,0.0,9,512,cosine,0.893,0.01633333333333331,-0.3
rho0_seed09_width512_cosine,0.0,9,512,cosine,0.906,0.0033333333333332993,0.3
rho0_seed09_width64_constant,0.0,9,64,constant,0.9063333333333333,0.002666666666666706,-0.9
rho0_seed09_width64_constant,0.0,9,64,constant,0.9136666666666666,-0.004666666666666597,-0.6
rho0_seed09_width64_constant,0.0,9,64,constant,0.8933333333333333,0.015666666666666718,-0.3
rho0_seed09_width64_constant,0.0,9,64,constant,0.9073333333333333,0.0016666666666667052,0.3
rho0_seed09_width64_cosine,0.0,9,64,cosine,0.9086666666666666,0.0023333333333334094,-0.9
rho0_seed09_width64_cosine,0.0,9,64,cosine,0.9163333333333333,-0.005333333333333301,-0.6
rho0_seed09_width64_cosine,0.0,9,64,cosine,0.8946666666666667,0.01633333333333331,-0.3
rho0_seed09_width64_cosine,0.0,9,64,cosine,0.9063333333333333,0.004666666666666708,0.3
rho0_seed09_width8_constant,0.0,9,8,constant,0.9033333333333333,0.007000000000000006,-0.9
rho0_seed09_width8_constant,0.0,9,8,constant,0.9143333333333333,-0.0040000000000000036,-0.6
rho0_seed09_width8_constant,0.0,9,8,constant,0.8926666666666667,0.01766666666666661,-0.3
rho0_seed09_width8_constant,0.0,9,8,constant,0.9126666666666666,-0.0023333333333332984,0.3
rho0_seed09_width8_cosine,0.0,9,8,cosine,0.906,0.006666666666666599,-0.9
rho0_seed09_width8_cosine,0.0,9,8,cosine,0.9173333333333333,-0.004666666666666708,-0.6
rho0_seed09_width8_cosine,0.0,9,8,cosine,0.8936666666666667,0.018999999999999906,-0.3
rho0_seed09_width8_cosine,0.0,9,8,cosine,0.9123333333333333,0.0003333333333332966,0.3
rho0_seed10_width512_constant,0.0,10,512,constant,0.9126666666666666,-0.007333333333333303,-0.9
rho0_seed10_width512_constant,0.0,10,512,constant,0.9116666666666666,-0.006333333333333302,-0.6
rho0_seed10_width512_constant,0.0,10,512,constant,0.9103333333333333,-0.0050000000000000044,-0.3
rho0_seed10_width512_constant,0.0,10,512,constant,0.9033333333333333,0.0020000000000000018,0.3
rho0_seed10_width512_cosine,0.0,10,512,cosine,0.9153333333333333,-0.005333333333333301,-0.9
rho0_seed10_width512_cosine,0.0,10,512,cosine,0.9096666666666666,0.00033333333333340764,-0.6
rho0_seed10_width512_cosine,0.0,10,512,cosine,0.9136666666666666,-0.003666666666666596,-0.3
rho0_seed10_width512_cosine,0.0,10,512,cosine,0.9076666666666666,0.0023333333333334094,0.3
rho0_seed10_width64_constant,0.0,10,64,constant,0.9163333333333333,-0.008333333333333304,-0.9
rho0_seed10_width64_constant,0.0,10,64,constant,0.9123333333333333,-0.0043333333333333,-0.6
rho0_seed10_width64_constant,0.0,10,64,constant,0.9096666666666666,-0.0016666666666665941,-0.3
rho0_seed10_width64_constant,0.0,10,64,constant,0.9083333333333333,-0.0003333333333332966,0.3
rho0_seed10_width64_cosine,0.0,10,64,cosine,0.9203333333333333,-0.01200000000000001,-0.9
rho0_seed10_width64_cosine,0.0,10,64,cosine,0.9153333333333333,-0.007000000000000006,-0.6
rho0_seed10_width64_cosine,0.0,10,64,cosine,0.913,-0.004666666666666708,-0.3
rho0_seed10_width64_cosine,0.0,10,64,cosine,0.9103333333333333,-0.0020000000000000018,0.3
rho0_seed10_width8_constant,0.0,10,8,constant,0.9126666666666666,-0.0033333333333332993,-0.9
rho0_seed10_width8_constant,0.0,10,8,constant,0.9096666666666666,-0.0003333333333332966,-0.6
rho0_seed10_width8_constant,0.0,10,8,constant,0.9126666666666666,-0.0033333333333332993,-0.3
rho0_seed10_width8_constant,0.0,10,8,constant,0.9146666666666666,-0.005333333333333301,0.3
rho0_seed10_width8_cosine,0.0,10,8,cosine,0.9156666666666666,-0.005666666666666598,-0.9
rho0_seed10_width8_cosine,0.0,10,8,cosine,0.912,-0.0020000000000000018,-0.6
rho0_seed10_width8_cosine,0.0,10,8,cosine,0.9133333333333333,-0.0033333333333332993,-0.3
rho0_seed10_width8_cosine,0.0,10,8,cosine,0.9136666666666666,-0.003666666666666596,0.3
rho0_seed11_width512_constant,0.0,11,512,constant,0.901,0.0003333333333332966,-0.9
rho0_seed11_width512_constant,0.0,11,512,constant,0.905,-0.003666666666666707,-0.6
rho0_seed11_width512_constant,0.0,11,512,constant,0.891,0.010333333333333306,-0.3
rho0_seed11_width512_constant,0.0,11,512,constant,0.912,-0.010666666666666713,0.3
rho0_seed11_width512_cosine,0.0,11,512,cosine,0.909,-0.0020000000000000018,-0.9
rho0_seed11_width512_cosine,0.0,11,512,cosine,0.9096666666666666,-0.002666666666666595,-0.6
rho0_seed11_width512_cosine,0.0,11,512,cosine,0.8963333333333333,0.010666666666666713,-0.3
rho0_seed11_width512_cosine,0.0,11,512,cosine,0.9186666666666666,-0.011666666666666603,0.3
rho0_seed11_width64_constant,0.0,11,64,constant,0.908,0.0003333333333332966,-0.9
rho0_seed11_width64_constant,0.0,11,64,constant,0.9096666666666666,-0.0013333333333332975,-0.6
rho0_seed11_width64_constant,0.0,11,64,constant,0.8986666666666666,0.009666666666666712,-0.3
rho0_seed11_width64_constant,0.0,11,64,constant,0.9173333333333333,-0.009000000000000008,0.3
rho0_seed11_width64_cosine,0.0,11,64,cosine,0.9106666666666666,-0.002666666666666595,-0.9
rho0_seed11_width64_cosine,0.0,11,64,cosine,0.9113333333333333,-0.0033333333333332993,-0.6
rho0_seed11_width64_cosine,0.0,11,64,cosine,0.901,0.007000000000000006,-0.3
rho0_seed11_width64_cosine,0.0,11,64,cosine,0.9173333333333333,-0.009333333333333305,0.3
rho0_seed11_width8_constant,0.0,11,8,constant,0.9093333333333333,-0.0033333333333332993,-0.9
rho0_seed11_width8_constant,0.0,11,8,constant,0.911,-0.0050000000000000044,-0.6
rho0_seed11_width8_constant,0.0,11,8,constant,0.9023333333333333,0.003666666666666707,-0.3
rho0_seed11_width8_constant,0.0,11,8,constant,0.922,-0.016000000000000014,0.3
rho0_seed11_width8_cosine,0.0,11,8,cosine,0.911,-0.004666666666666708,-0.9
rho0_seed11_width8_cosine,0.0,11,8,cosine,0.911,-0.004666666666666708,-0.6
rho0_seed11_width8_cosine,0.0,11,8,cosine,0.9043333333333333,0.0020000000000000018,-0.3
rho0_seed11_width8_cosine,0.0,11,8,cosine,0.922,-0.015666666666666718,0.3
rho0_seed12_width512_constant,0.0,12,512,constant,0.9056666666666666,-0.002666666666666595,-0.9
rho0_seed12_width512_constant,0.0,12,512,constant,0.9003333333333333,0.002666666666666706,-0.6
rho0_seed12_width512_constant,0.0,12,512,constant,0.9063333333333333,-0.0033333333333332993,-0.3
rho0_seed12_width512_constant,0.0,12,512,constant,0.9053333333333333,-0.0023333333333332984,0.3
rho0_seed12_width512_cosine,0.0,12,512,cosine,0.921,-0.01866666666666672,-0.9
rho0_seed12_width512_cosine,0.0,12,512,cosine,0.9073333333333333,-0.0050000000000000044,-0.6
rho0_seed12_width512_cosine,0.0,12,512,cosine,0.9166666666666666,-0.014333333333333309,-0.3
rho0_seed12_width512_cosine,0.0,12,512,cosine,0.9073333333333333,-0.0050000000000000044,0.3
rho0_seed12_width64_constant,0.0,12,64,constant,0.9173333333333333,-0.015000000000000013,-0.9
rho0_seed12_width64_constant,0.0,12,64,constant,0.9046666666666666,-0.0023333333333332984,-0.6
rho0_seed12_width64_constant,0.0,12,64,constant,0.914,-0.011666666666666714,-0.3
rho0_seed12_width64_constant,0.0,12,64,constant,0.908,-0.005666666666666709,0.3
rho0_seed12_width64_cosine,0.0,12,64,cosine,0.9216666666666666,-0.01766666666666661,-0.9
rho0_seed12_width64_cosine,0.0,12,64,cosine,0.9063333333333333,-0.0023333333333332984,-0.6
rho0_seed12_width64_cosine,0.0,12,64,cosine,0.9196666666666666,-0.015666666666666607,-0.3
rho0_seed12_width64_cosine,0.0,12,64,cosine,0.911,-0.007000000000000006,0.3
rho0_seed12_width8_constant,0.0,12,8,constant,0.9223333333333333,-0.01633333333333331,-0.9
rho0_seed12_width8_constant,0.0,12,8,constant,0.9046666666666666,0.0013333333333334085,-0.6
rho0_seed12_width8_constant,0.0,12,8,constant,0.9186666666666666,-0.012666666666666604,-0.3
rho0_seed12_width8_constant,0.0,12,8,constant,0.911,-0.0050000000000000044,0.3
rho0_seed12_width8_cosine,0.0,12,8,cosine,0.922,-0.017000000000000015,-0.9
rho0_seed12_width8_cosine,0.0,12,8,cosine,0.9036666666666666,0.0013333333333334085,-0.6
rho0_seed12_width8_cosine,0.0,12,8,cosine,0.9183333333333333,-0.013333333333333308,-0.3
rho0_seed12_width8_cosine,0.0,12,8,cosine,0.9126666666666666,-0.0076666666666665995,0.3
rho0_seed13_width512_constant,0.0,13,512,constant,0.8926666666666667,0.004666666666666597,-0.9
rho0_seed13_width512_constant,0.0,13,512,constant,0.9,-0.002666666666666706,-0.6
rho0_seed13_width512_constant,0.0,13,512,constant,0.904,-0.00666666666666671,-0.3
rho0_seed13_width512_constant,0.0,13,512,constant,0.9016666666666666,-0.0043333333333333,0.3
rho0_seed13_width512_cosine,0.0,13,512,cosine,0.9053333333333333,-0.0043333333333333,-0.9
rho0_seed13_width512_cosine,0.0,13,512,cosine,0.911,-0.010000000000000009,-0.6
rho0_seed13_width512_cosine,0.0,13,512,cosine,0.915,-0.014000000000000012,-0.3
rho0_seed13_width512_cosine,0.0,13,512,cosine,0.9116666666666666,-0.010666666666666602,0.3
rho0_seed13_width64_constant,0.0,13,64,constant,0.9036666666666666,-0.005666666666666598,-0.9
rho0_seed13_width64_constant,0.0,13,64,constant,0.905,-0.007000000000000006,-0.6
rho0_seed13_width64_constant,0.0,13,64,constant,0.9133333333333333,-0.01533333333333331,-0.3
rho0_seed13_width64_constant,0.0,13,64,constant,0.9126666666666666,-0.014666666666666606,0.3
rho0_seed13_width64_cosine,0.0,13,64,cosine,0.915,-0.01333333333333342,-0.9
rho0_seed13_width64_cosine,0.0,13,64,cosine,0.908,-0.006333333333333413,-0.6
rho0_seed13_width64_cosine,0.0,13,64,cosine,0.9183333333333333,-0.01666666666666672,-0.3
rho0_seed13_width64_cosine,0.0,13,64,cosine,0.916,-0.01433333333333342,0.3
rho0_seed13_width8_constant,0.0,13,8,constant,0.9076666666666666,-0.007000000000000006,-0.9
rho0_seed13_width8_constant,0.0,13,8,constant,0.907,-0.006333333333333413,-0.6
rho0_seed13_width8_constant,0.0,13,8,constant,0.915,-0.01433333333333342,-0.3
rho0_seed13_width8_constant,0.0,13,8,constant,0.9183333333333333,-0.01766666666666672,0.3
rho0_seed13_width8_cosine,0.0,13,8,cosine,0.917,-0.01333333333333342,-0.9
rho0_seed13_width8_cosine,0.0,13,8,cosine,0.9113333333333333,-0.0076666666666667105,-0.6
rho0_seed13_width8_cosine,0.0,13,8,cosine,0.9176666666666666,-0.014000000000000012,-0.3
rho0_seed13_width8_cosine,0.0,13,8,cosine,0.9166666666666666,-0.013000000000000012,0.3
rho0_seed14_width512_constant,0.0,14,512,constant,0.9196666666666666,-0.018000000000000016,-0.9
rho0_seed14_width512_constant,0.0,14,512,constant,0.912,-0.010333333333333417,-0.6
rho0_seed14_width512_constant,0.0,14,512,constant,0.912,-0.010333333333333417,-0.3
rho0_seed14_width512_constant,0.0,14,512,constant,0.905,-0.0033333333333334103,0.3
rho0_seed14_width512_cosine,0.0,14,512,cosine,0.911,-0.006333333333333413,-0.9
rho0_seed14_width512_cosine,0.0,14,512,cosine,0.9093333333333333,-0.004666666666666708,-0.6
rho0_seed14_width512_cosine,0.0,14,512,cosine,0.9113333333333333,-0.00666666666666671,-0.3
rho0_seed14_width512_cosine,0.0,14,512,cosine,0.911,-0.006333333333333413,0.3
rho0_seed14_width64_constant,0.0,14,64,constant,0.9173333333333333,-0.009333333333333305,-0.9
rho0_seed14_width64_constant,0.0,14,64,constant,0.9123333333333333,-0.0043333333333333,-0.6
rho0_seed14_width64_constant,0.0,14,64,constant,0.9066666666666666,0.0013333333333334085,-0.3
rho0_seed14_width64_constant,0.0,14,64,constant,0.9113333333333333,-0.0033333333333332993,0.3
rho0_seed14_width64_cosine,0.0,14,64,cosine,0.915,-0.0050000000000000044,-0.9
rho0_seed14_width64_cosine,0.0,14,64,cosine,0.9116666666666666,-0.0016666666666665941,-0.6
rho0_seed14_width64_cosine,0.0,14,64,cosine,0.9136666666666666,-0.003666666666666596,-0.3
rho0_seed14_width64_cosine,0.0,14,64,cosine,0.9166666666666666,-0.006666666666666599,0.3
rho0_seed14_width8_constant,0.0,14,8,constant,0.9183333333333333,-0.010666666666666713,-0.9
rho0_seed14_width8_constant,0.0,14,8,constant,0.914,-0.006333333333333413,-0.6
rho0_seed14_width8_constant,0.0,14,8,constant,0.913,-0.005333333333333412,-0.3
rho0_seed14_width8_constant,0.0,14,8,constant,0.9116666666666666,-0.0040000000000000036,0.3
rho0_seed14_width8_cosine,0.0,14,8,cosine,0.917,-0.010333333333333417,-0.9
rho0_seed14_width8_cosine,0.0,14,8,cosine,0.912,-0.005333333333333412,-0.6
rho0_seed14_width8_cosine,0.0,14,8,cosine,0.9143333333333333,-0.0076666666666667105,-0.3
rho0_seed14_width8_cosine,0.0,14,8,cosine,0.9133333333333333,-0.00666666666666671,0.3
rho0_seed15_width512_constant,0.0,15,512,constant,0.9196666666666666,-0.007000000000000006,-0.9
rho0_seed15_width512_constant,0.0,15,512,constant,0.921,-0.008333333333333415,-0.6
rho0_seed15_width512_constant,0.0,15,512,constant,0.912,0.0006666666666665932,-0.3
rho0_seed15_width512_constant,0.0,15,512,constant,0.9106666666666666,0.0020000000000000018,0.3
rho0_seed15_width512_cosine,0.0,15,512,cosine,0.8996666666666666,0.018333333333333424,-0.9
rho0_seed15_width512_cosine,0.0,15,512,cosine,0.908,0.010000000000000009,-0.6
rho0_seed15_width512_cosine,0.0,15,512,cosine,0.9106666666666666,0.007333333333333414,-0.3
rho0_seed15_width512_cosine,0.0,15,512,cosine,0.9176666666666666,0.00033333333333340764,0.3
rho0_seed15_width64_constant,0.0,15,64,constant,0.9053333333333333,0.010666666666666713,-0.9
rho0_seed15_width64_constant,0.0,15,64,constant,0.9096666666666666,0.006333333333333413,-0.6
rho0_seed15_width64_constant,0.0,15,64,constant,0.9086666666666666,0.007333333333333414,-0.3
rho0_seed15_width64_constant,0.0,15,64,constant,0.9166666666666666,-0.0006666666666665932,0.3
rho0_seed15_width64_cosine,0.0,15,64,cosine,0.9043333333333333,0.012333333333333307,-0.9
rho0_seed15_width64_cosine,0.0,15,64,cosine,0.9086666666666666,0.008000000000000007,-0.6
rho0_seed15_width64_cosine,0.0,15,64,cosine,0.9106666666666666,0.006000000000000005,-0.3
rho0_seed15_width64_cosine,0.0,15,64,cosine,0.916,0.0006666666666665932,0.3
rho0_seed15_width8_constant,0.0,15,8,constant,0.9036666666666666,0.014000000000000012,-0.9
rho0_seed15_width8_constant,0.0,15,8,constant,0.909,0.0086666666666666,-0.6
rho0_seed15_width8_constant,0.0,15,8,constant,0.911,0.006666666666666599,-0.3
rho0_seed15_width8_constant,0.0,15,8,constant,0.9136666666666666,0.0040000000000000036,0.3
rho0_seed15_width8_cosine,0.0,15,8,cosine,0.9046666666666666,0.013666666666666716,-0.9
rho0_seed15_width8_cosine,0.0,15,8,cosine,0.9083333333333333,0.010000000000000009,-0.6
rho0_seed15_width8_cosine,0.0,15,8,cosine,0.911,0.007333333333333303,-0.3
rho0_seed15_width8_cosine,0.0,15,8,cosine,0.9143333333333333,0.0040000000000000036,0.3
rho0_seed16_width512_constant,0.0,16,512,constant,0.912,-0.011333333333333417,-0.9
rho0_seed16_width512_constant,0.0,16,512,constant,0.911,-0.010333333333333417,-0.6
rho0_seed16_width512_constant,0.0,16,512,constant,0.899,0.0016666666666665941,-0.3
rho0_seed16_width512_constant,0.0,16,512,constant,0.8986666666666666,0.0020000000000000018,0.3
rho0_seed16_width512_cosine,0.0,16,512,cosine,0.902,0.0013333333333332975,-0.9
rho0_seed16_width512_cosine,0.0,16,512,cosine,0.906,-0.002666666666666706,-0.6
rho0_seed16_width512_cosine,0.0,16,512,cosine,0.9023333333333333,0.0010000000000000009,-0.3
rho0_seed16_width512_cosine,0.0,16,512,cosine,0.9093333333333333,-0.006000000000000005,0.3
rho0_seed16_width64_constant,0.0,16,64,constant,0.909,-0.008000000000000007,-0.9
rho0_seed16_width64_constant,0.0,16,64,constant,0.909,-0.008000000000000007,-0.6
rho0_seed16_width64_constant,0.0,16,64,constant,0.9046666666666666,-0.003666666666666596,-0.3
rho0_seed16_width64_constant,0.0,16,64,constant,0.909,-0.008000000000000007,0.3
rho0_seed16_width64_cosine,0.0,16,64,cosine,0.9066666666666666,-0.0033333333333332993,-0.9
rho0_seed16_width64_cosine,0.0,16,64,cosine,0.9086666666666666,-0.005333333333333301,-0.6
rho0_seed16_width64_cosine,0.0,16,64,cosine,0.9026666666666666,0.0006666666666667043,-0.3
rho0_seed16_width64_cosine,0.0,16,64,cosine,0.9103333333333333,-0.007000000000000006,0.3
rho0_seed16_width8_constant,0.0,16,8,constant,0.9136666666666666,-0.007333333333333303,-0.9
rho0_seed16_width8_constant,0.0,16,8,constant,0.9126666666666666,-0.006333333333333302,-0.6
rho0_seed16_width8_constant,0.0,16,8,constant,0.905,0.0013333333333332975,-0.3
rho0_seed16_width8_constant,0.0,16,8,constant,0.9086666666666666,-0.0023333333333332984,0.3
rho0_seed16_width8_cosine,0.0,16,8,cosine,0.911,-0.008000000000000007,-0.9
rho0_seed16_width8_cosine,0.0,16,8,cosine,0.909,-0.006000000000000005,-0.6
rho0_seed16_width8_cosine,0.0,16,8,cosine,0.904,-0.0010000000000000009,-0.3
rho0_seed16_width8_cosine,0.0,16,8,cosine,0.911,-0.008000000000000007,0.3
rho0_seed17_width512_constant,0.0,17,512,constant,0.9133333333333333,-0.005666666666666709,-0.9
rho0_seed17_width512_constant,0.0,17,512,constant,0.91,-0.0023333333333334094,-0.6
rho0_seed17_width512_constant,0.0,17,512,constant,0.91,-0.0023333333333334094,-0.3
rho0_seed17_width512_constant,0.0,17,512,constant,0.9036666666666666,0.0040000000000000036,0.3
rho0_seed17_width512_cosine,0.0,17,512,cosine,0.9076666666666666,0.0010000000000000009,-0.9
rho0_seed17_width512_cosine,0.0,17,512,cosine,0.9073333333333333,0.0013333333333332975,-0.6
rho0_seed17_width512_cosine,0.0,17,512,cosine,0.9103333333333333,-0.0016666666666667052,-0.3
rho0_seed17_width512_cosine,0.0,17,512,cosine,0.9053333333333333,0.0033333333333332993,0.3
rho0_seed17_width64_constant,0.0,17,64,constant,0.9093333333333333,0.0013333333333332975,-0.9
rho0_seed17_width64_constant,0.0,17,64,constant,0.907,0.003666666666666596,-0.6
rho0_seed17_width64_constant,0.0,17,64,constant,0.914,-0.0033333333333334103,-0.3
rho0_seed17_width64_constant,0.0,17,64,constant,0.905,0.005666666666666598,0.3
rho0_seed17_width64_cosine,0.0,17,64,cosine,0.9093333333333333,0.002666666666666706,-0.9
rho0_seed17_width64_cosine,0.0,17,64,cosine,0.9076666666666666,0.004333333333333411,-0.6
rho0_seed17_width64_cosine,0.0,17,64,cosine,0.912,0.0,-0.3
rho0_seed17_width64_cosine,0.0,17,64,cosine,0.9076666666666666,0.004333333333333411,0.3
rho0_seed17_width8_constant,0.0,17,8,constant,0.9103333333333333,0.0023333333333332984,-0.9
rho0_seed17_width8_constant,0.0,17,8,constant,0.9073333333333333,0.005333333333333301,-0.6
rho0_seed17_width8_constant,0.0,17,8,constant,0.9116666666666666,0.0010000000000000009,-0.3
rho0_seed17_width8_constant,0.0,17,8,constant,0.909,0.003666666666666596,0.3
rho0_seed17_width8_cosine,0.0,17,8,cosine,0.9076666666666666,0.005666666666666709,-0.9
rho0_seed17_width8_cosine,0.0,17,8,cosine,0.9043333333333333,0.009000000000000008,-0.6
rho0_seed17_width8_cosine,0.0,17,8,cosine,0.913,0.0003333333333332966,-0.3
rho0_seed17_width8_cosine,0.0,17,8,cosine,0.9093333333333333,0.0040000000000000036,0.3
rho0_seed18_width512_constant,0.0,18,512,constant,0.9043333333333333,0.005666666666666709,-0.9
rho0_seed18_width512_constant,0.0,18,512,constant,0.899,0.01100000000000001,-0.6
rho0_seed18_width512_constant,0.0,18,512,constant,0.9093333333333333,0.0006666666666667043,-0.3
rho0_seed18_width512_constant,0.0,18,512,constant,0.9016666666666666,0.008333333333333415,0.3
rho0_seed18_width512_cosine,0.0,18,512,cosine,0.904,0.009666666666666601,-0.9
rho0_seed18_width512_cosine,0.0,18,512,cosine,0.9046666666666666,0.009000000000000008,-0.6
rho0_seed18_width512_cosine,0.0,18,512,cosine,0.9146666666666666,-0.0010000000000000009,-0.3
rho0_seed18_width512_cosine,0.0,18,512,cosine,0.9043333333333333,0.009333333333333305,0.3
rho0_seed18_width64_constant,0.0,18,64,constant,0.9016666666666666,0.01433333333333342,-0.9
rho0_seed18_width64_constant,0.0,18,64,constant,0.902,0.014000000000000012,-0.6
rho0_seed18_width64_constant,0.0,18,64,constant,0.914,0.0020000000000000018,-0.3
rho0_seed18_width64_constant,0.0,18,64,constant,0.907,0.009000000000000008,0.3
rho0_seed18_width64_cosine,0.0,18,64,cosine,0.9006666666666666,0.01666666666666672,-0.9
rho0_seed18_width64_cosine,0.0,18,64,cosine,0.907,0.010333333333333306,-0.6
rho0_seed18_width64_cosine,0.0,18,64,cosine,0.9163333333333333,0.0010000000000000009,-0.3
rho0_seed18_width64_cosine,0.0,18,64,cosine,0.905,0.012333333333333307,0.3
rho0_seed18_width8_constant,0.0,18,8,constant,0.9026666666666666,0.014666666666666717,-0.9
rho0_seed18_width8_constant,0.0,18,8,constant,0.908,0.009333333333333305,-0.6
rho0_seed18_width8_constant,0.0,18,8,constant,0.9146666666666666,0.002666666666666706,-0.3
rho0_seed18_width8_constant,0.0,18,8,constant,0.906,0.011333333333333306,0.3
rho0_seed18_width8_cosine,0.0,18,8,cosine,0.904,0.013000000000000012,-0.9
rho0_seed18_width8_cosine,0.0,18,8,cosine,0.908,0.009000000000000008,-0.6
rho0_seed18_width8_cosine,0.0,18,8,cosine,0.9146666666666666,0.0023333333333334094,-0.3
rho0_seed18_width8_cosine,0.0,18,8,cosine,0.9046666666666666,0.012333333333333418,0.3
rho0_seed19_width512_constant,0.0,19,512,constant,0.914,-0.007333333333333414,-0.9
rho0_seed19_width512_constant,0.0,19,512,constant,0.9053333333333333,0.0013333333333332975,-0.6
rho0_seed19_width512_constant,0.0,19,512,constant,0.9076666666666666,-0.0010000000000000009,-0.3
rho0_seed19_width512_constant,0.0,19,512,constant,0.9083333333333333,-0.0016666666666667052,0.3
rho0_seed19_width512_cosine,0.0,19,512,cosine,0.9153333333333333,-0.0030000000000000027,-0.9
rho0_seed19_width512_cosine,0.0,19,512,cosine,0.9016666666666666,0.010666666666666713,-0.6
rho0_seed19_width512_cosine,0.0,19,512,cosine,0.9096666666666666,0.002666666666666706,-0.3
rho0_seed19_width512_cosine,0.0,19,512,cosine,0.913,-0.0006666666666667043,0.3
rho0_seed19_width64_constant,0.0,19,64,constant,0.916,-0.0010000000000000009,-0.9
rho0_seed19_width64_constant,0.0,19,64,constant,0.9033333333333333,0.011666666666666714,-0.6
rho0_seed19_width64_constant,0.0,19,64,constant,0.9093333333333333,0.005666666666666709,-0.3
rho0_seed19_width64_constant,0.0,19,64,constant,0.9126666666666666,0.0023333333333334094,0.3
rho0_seed19_width64_cosine,0.0,19,64,cosine,0.915,0.0033333333333332993,-0.9
rho0_seed19_width64_cosine,0.0,19,64,cosine,0.9013333333333333,0.017000000000000015,-0.6
rho0_seed19_width64_cosine,0.0,19,64,cosine,0.909,0.009333333333333305,-0.3
rho0_seed19_width64_cosine,0.0,19,64,cosine,0.916,0.0023333333333332984,0.3
rho0_seed19_width8_constant,0.0,19,8,constant,0.9176666666666666,0.0016666666666667052,-0.9
rho0_seed19_width8_constant,0.0,19,8,constant,0.907,0.012333333333333307,-0.6
rho0_seed19_width8_constant,0.0,19,8,constant,0.9096666666666666,0.009666666666666712,-0.3
rho0_seed19_width8_constant,0.0,19,8,constant,0.9153333333333333,0.0040000000000000036,0.3
rho0_seed19_width8_cosine,0.0,19,8,cosine,0.916,0.003666666666666596,-0.9
rho0_seed19_width8_cosine,0.0,19,8,cosine,0.907,0.012666666666666604,-0.6
rho0_seed19_width8_cosine,0.0,19,8,cosine,0.9116666666666666,0.008000000000000007,-0.3
rho0_seed19_width8_cosine,0.0,19,8,cosine,0.9173333333333333,0.0023333333333332984,0.3
rho0p7_seed00_width512_constant,0.7,0,512,constant,0.687,0.2699999999999999,-0.9
rho0p7_seed00_width512_constant,0.7,0,512,constant,0.7556666666666667,0.20133333333333325,-0.6
rho0p7_seed00_width512_constant,0.7,0,512,constant,0.7923333333333333,0.16466666666666663,-0.3
rho0p7_seed00_width512_constant,0.7,0,512,constant,0.8373333333333334,0.11966666666666659,0.0
rho0p7_seed00_width512_constant,0.7,0,512,constant,0.8903333333333333,0.06666666666666665,0.3
rho0p7_seed00_width512_cosine,0.7,0,512,cosine,0.6936666666666667,0.2626666666666667,-0.9
rho0p7_seed00_width512_cosine,0.7,0,512,cosine,0.7636666666666667,0.19266666666666665,-0.6
rho0p7_seed00_width512_cosine,0.7,0,512,cosine,0.7973333333333333,0.15900000000000003,-0.3
rho0p7_seed00_width512_cosine,0.7,0,512,cosine,0.8426666666666667,0.1136666666666667,0.0
rho0p7_seed00_width512_cosine,0.7,0,512,cosine,0.8943333333333333,0.062000000000000055,0.3
rho0p7_seed00_width64_constant,0.7,0,64,constant,0.6913333333333334,0.2673333333333333,-0.9
rho0p7_seed00_width64_constant,0.7,0,64,constant,0.761,0.19766666666666666,-0.6
rho0p7_seed00_width64_constant,0.7,0,64,constant,0.7916666666666666,0.16700000000000004,-0.3
rho0p7_seed00_width64_constant,0.7,0,64,constant,0.842,0.1166666666666667,0.0
rho0p7_seed00_width64_constant,0.7,0,64,constant,0.8903333333333333,0.06833333333333336,0.3
rho0p7_seed00_width64_cosine,0.7,0,64,cosine,0.696,0.2616666666666667,-0.9
rho0p7_seed00_width64_cosine,0.7,0,64,cosine,0.7646666666666667,0.19299999999999995,-0.6
rho0p7_seed00_width64_cosine,0.7,0,64,cosine,0.7946666666666666,0.16300000000000003,-0.3
rho0p7_seed00_width64_cosine,0.7,0,64,cosine,0.843,0.1146666666666667,0.0
rho0p7_seed00_width64_cosine,0.7,0,64,cosine,0.892,0.06566666666666665,0.3
rho0p7_seed00_width8_constant,0.7,0,8,constant,0.7,0.2563333333333334,-0.9
rho0p7_seed00_width8_constant,0.7,0,8,constant,0.7606666666666667,0.19566666666666666,-0.6
rho0p7_seed00_width8_constant,0.7,0,8,constant,0.794,0.16233333333333333,-0.3
rho0p7_seed00_width8_constant,0.7,0,8,constant,0.847,0.1093333333333334,0.0
rho0p7_seed00_width8_constant,0.7,0,8,constant,0.893,0.06333333333333335,0.3
rho0p7_seed00_width8_cosine,0.7,0,8,cosine,0.7016666666666667,0.2543333333333333,-0.9
rho0p7_seed00_width8_cosine,0.7,0,8,cosine,0.7623333333333333,0.19366666666666665,-0.6
rho0p7_seed00_width8_cosine,0.7,0,8,cosine,0.795,0.16099999999999992,-0.3
rho0p7_seed00_width8_cosine,0.7,0,8,cosine,0.8493333333333334,0.10666666666666658,0.0
rho0p7_seed00_width8_cosine,0.7,0,8,cosine,0.8913333333333333,0.06466666666666665,0.3
rho0p7_seed01_width512_constant,0.7,1,512,constant,0.6933333333333334,0.2586666666666666,-0.9
rho0p7_seed01_width512_constant,0.7,1,512,constant,0.7413333333333333,0.21066666666666667,-0.6
rho0p7_seed01_width512_constant,0.7,1,512,constant,0.793,0.15899999999999992,-0.3
rho0p7_seed01_width512_constant,0.7,1,512,constant,0.8343333333333334,0.11766666666666659,0.0
rho0p7_seed01_width512_constant,0.7,1,512,constant,0.884,0.06799999999999995,0.3
rho0p7_seed01_width512_cosine,0.7,1,512,cosine,0.697,0.2556666666666667,-0.9
rho0p7_seed01_width512_cosine,0.7,1,512,cosine,0.7436666666666667,0.20899999999999996,-0.6
rho0p7_seed01_width512_cosine,0.7,1,512,cosine,0.7986666666666666,0.15400000000000003,-0.3
rho0p7_seed01_width512_cosine,0.7,1,512,cosine,0.841,0.11166666666666669,0.0
rho0p7_seed01_width512_cosine,0.7,1,512,cosine,0.885,0.06766666666666665,0.3
rho0p7_seed01_width64_constant,0.7,1,64,constant,0.694,0.2586666666666667,-0.9
rho0p7_seed01_width64_constant,0.7,1,64,constant,0.7403333333333333,0.21233333333333337,-0.6
rho0p7_seed01_width64_constant,0.7,1,64,constant,0.8016666666666666,0.15100000000000002,-0.3
rho0p7_seed01_width64_constant,0.7,1,64,constant,0.8436666666666667,0.10899999999999999,0.0
rho0p7_seed01_width64_constant,0.7,1,64,constant,0.888,0.06466666666666665,0.3
rho0p7_seed01_width64_cosine,0.7,1,64,cosine,0.6983333333333334,0.254,-0.9
rho0p7_seed01_width64_cosine,0.7,1,64,cosine,0.7403333333333333,0.21200000000000008,-0.6
rho0p7_seed01_width64_cosine,0.7,1,64,cosine,0.802,0.15033333333333332,-0.3
rho0p7_seed01_width64_cosine,0.7,1,64,cosine,0.8446666666666667,0.10766666666666669,0.0
rho0p7_seed01_width64_cosine,0.7,1,64,cosine,0.8906666666666667,0.06166666666666665,0.3
rho0p7_seed01_width8_constant,0.7,1,8,constant,0.6926666666666667,0.261,-0.9
rho0p7_seed01_width8_constant,0.7,1,8,constant,0.7406666666666667,0.21299999999999997,-0.6
rho0p7_seed01_width8_constant,0.7,1,8,constant,0.8033333333333333,0.15033333333333332,-0.3
rho0p7_seed01_width8_constant,0.7,1,8,constant,0.8486666666666667,0.10499999999999998,0.0
rho0p7_seed01_width8_constant,0.7,1,8,constant,0.8926666666666667,0.06099999999999994,0.3
rho0p7_seed01_width8_cosine,0.7,1,8,cosine,0.6823333333333333,0.2703333333333333,-0.9
rho0p7_seed01_width8_cosine,0.7,1,8,cosine,0.7346666666666667,0.21799999999999997,-0.6
rho0p7_seed01_width8_cosine,0.7,1,8,cosine,0.7983333333333333,0.15433333333333332,-0.3
rho0p7_seed01_width8_cosine,0.7,1,8,cosine,0.8413333333333334,0.11133333333333328,0.0
rho0p7_seed01_width8_cosine,0.7,1,8,cosine,0.8883333333333333,0.06433333333333335,0.3
rho0p7_seed02_width512_constant,0.7,2,512,constant,0.6553333333333333,0.30166666666666664,-0.9
rho0p7_seed02_width512_constant,0.7,2,512,constant,0.7176666666666667,0.2393333333333333,-0.6
rho0p7_seed02_width512_constant,0.7,2,512,constant,0.765,0.19199999999999995,-0.3
rho0p7_seed02_width512_constant,0.7,2,512,constant,0.8333333333333334,0.12366666666666659,0.0
rho0p7_seed02_width512_constant,0.7,2,512,constant,0.8813333333333333,0.07566666666666666,0.3
rho0p7_seed02_width512_cosine,0.7,2,512,cosine,0.6616666666666666,0.29633333333333334,-0.9
rho0p7_seed02_width512_cosine,0.7,2,512,cosine,0.7273333333333334,0.23066666666666658,-0.6
rho0p7_seed02_width512_cosine,0.7,2,512,cosine,0.7706666666666667,0.18733333333333324,-0.3
rho0p7_seed02_width512_cosine,0.7,2,512,cosine,0.8396666666666667,0.11833333333333329,0.0
rho0p7_seed02_width512_cosine,0.7,2,512,cosine,0.884,0.07399999999999995,0.3
rho0p7_seed02_width64_constant,0.7,2,64,constant,0.665,0.29266666666666663,-0.9
rho0p7_seed02_width64_constant,0.7,2,64,constant,0.7343333333333333,0.22333333333333338,-0.6
rho0p7_seed02_width64_constant,0.7,2,64,constant,0.7723333333333333,0.18533333333333335,-0.3
rho0p7_seed02_width64_constant,0.7,2,64,constant,0.841,0.1166666666666667,0.0
rho0p7_seed02_width64_constant,0.7,2,64,constant,0.8823333333333333,0.07533333333333336,0.3
rho0p7_seed02_width64_cosine,0.7,2,64,cosine,0.661,0.29733333333333334,-0.9
rho0p7_seed02_width64_cosine,0.7,2,64,cosine,0.733,0.22533333333333339,-0.6
rho0p7_seed02_width64_cosine,0.7,2,64,cosine,0.7716666666666666,0.18666666666666676,-0.3
rho0p7_seed02_width64_cosine,0.7,2,64,cosine,0.84,0.1183333333333334,0.0
rho0p7_seed02_width64_cosine,0.7,2,64,cosine,0.8836666666666667,0.07466666666666666,0.3
rho0p7_seed02_width8_constant,0.7,2,8,constant,0.6533333333333333,0.30200000000000005,-0.9
rho0p7_seed02_width8_constant,0.7,2,8,constant,0.73,0.22533333333333339,-0.6
rho0p7_seed02_width8_constant,0.7,2,8,constant,0.767,0.18833333333333335,-0.3
rho0p7_seed02_width8_constant,0.7,2,8,constant,0.8383333333333334,0.11699999999999999,0.0
rho0p7_seed02_width8_constant,0.7,2,8,constant,0.8846666666666667,0.07066666666666666,0.3
rho0p7_seed02_width8_cosine,0.7,2,8,cosine,0.6533333333333333,0.30400000000000005,-0.9
rho0p7_seed02_width8_cosine,0.7,2,8,cosine,0.729,0.2283333333333334,-0.6
rho0p7_seed02_width8_cosine,0.7,2,8,cosine,0.7666666666666667,0.19066666666666665,-0.3
rho0p7_seed02_width8_cosine,0.7,2,8,cosine,0.8363333333333334,0.121,0.0
rho0p7_seed02_width8_cosine,0.7,2,8,cosine,0.8843333333333333,0.07300000000000006,0.3
rho0p7_seed03_width512_constant,0.7,3,512,constant,0.6606666666666666,0.29133333333333333,-0.9
rho0p7_seed03_width512_constant,0.7,3,512,constant,0.735,0.21699999999999997,-0.6
rho0p7_seed03_width512_constant,0.7,3,512,constant,0.7856666666666666,0.16633333333333333,-0.3
rho0p7_seed03_width512_constant,0.7,3,512,constant,0.8273333333333334,0.12466666666666659,0.0
rho0p7_seed03_width512_constant,0.7,3,512,constant,0.8813333333333333,0.07066666666666666,0.3
rho0p7_seed03_width512_cosine,0.7,3,512,cosine,0.6716666666666666,0.28166666666666673,-0.9
rho0p7_seed03_width512_cosine,0.7,3,512,cosine,0.748,0.20533333333333337,-0.6
rho0p7_seed03_width512_cosine,0.7,3,512,cosine,0.7926666666666666,0.16066666666666674,-0.3
rho0p7_seed03_width512_cosine,0.7,3,512,cosine,0.833,0.1203333333333334,0.0
rho0p7_seed03_width512_cosine,0.7,3,512,cosine,0.8856666666666667,0.06766666666666665,0.3
rho0p7_seed03_width64_constant,0.7,3,64,constant,0.6726666666666666,0.279,-0.9
rho0p7_seed03_width64_constant,0.7,3,64,constant,0.7416666666666667,0.20999999999999996,-0.6
rho0p7_seed03_width64_constant,0.7,3,64,constant,0.789,0.16266666666666663,-0.3
rho0p7_seed03_width64_constant,0.7,3,64,constant,0.834,0.1176666666666667,0.0
rho0p7_seed03_width64_constant,0.7,3,64,constant,0.8823333333333333,0.06933333333333336,0.3
rho0p7_seed03_width64_cosine,0.7,3,64,cosine,0.6763333333333333,0.2773333333333333,-0.9
rho0p7_seed03_width64_cosine,0.7,3,64,cosine,0.746,0.20766666666666667,-0.6
rho0p7_seed03_width64_cosine,0.7,3,64,cosine,0.7943333333333333,0.15933333333333333,-0.3
rho0p7_seed03_width64_cosine,0.7,3,64,cosine,0.8353333333333334,0.11833333333333329,0.0
rho0p7_seed03_width64_cosine,0.7,3,64,cosine,0.882,0.07166666666666666,0.3
rho0p7_seed03_width8_constant,0.7,3,8,constant,0.6713333333333333,0.28200000000000003,-0.9
rho0p7_seed03_width8_constant,0.7,3,8,constant,0.7416666666666667,0.21166666666666667,-0.6
rho0p7_seed03_width8_constant,0.7,3,8,constant,0.7886666666666666,0.16466666666666674,-0.3
rho0p7_seed03_width8_constant,0.7,3,8,constant,0.833,0.1203333333333334,0.0
rho0p7_seed03_width8_constant,0.7,3,8,constant,0.879,0.07433333333333336,0.3
rho0p7_seed03_width8_cosine,0.7,3,8,cosine,0.673,0.2803333333333333,-0.9
rho0p7_seed03_width8_cosine,0.7,3,8,cosine,0.743,0.21033333333333337,-0.6
rho0p7_seed03_width8_cosine,0.7,3,8,cosine,0.7896666666666666,0.16366666666666674,-0.3
rho0p7_seed03_width8_cosine,0.7,3,8,cosine,0.8343333333333334,0.119,0.0
rho0p7_seed03_width8_cosine,0.7,3,8,cosine,0.8803333333333333,0.07300000000000006,0.3
rho0p7_seed04_width512_constant,0.7,4,512,constant,0.678,0.2759999999999999,-0.9
rho0p7_seed04_width512_constant,0.7,4,512,constant,0.7276666666666667,0.22633333333333328,-0.6
rho0p7_seed04_width512_constant,0.7,4,512,constant,0.7873333333333333,0.16666666666666663,-0.3
rho0p7_seed04_width512_constant,0.7,4,512,constant,0.837,0.11699999999999999,0.0
rho0p7_seed04_width512_constant,0.7,4,512,constant,0.889,0.06499999999999995,0.3
rho0p7_seed04_width512_cosine,0.7,4,512,cosine,0.6893333333333334,0.2656666666666666,-0.9
rho0p7_seed04_width512_cosine,0.7,4,512,cosine,0.744,0.21099999999999997,-0.6
rho0p7_seed04_width512_cosine,0.7,4,512,cosine,0.795,0.15999999999999992,-0.3
rho0p7_seed04_width512_cosine,0.7,4,512,cosine,0.8463333333333334,0.10866666666666658,0.0
rho0p7_seed04_width512_cosine,0.7,4,512,cosine,0.893,0.061999999999999944,0.3
rho0p7_seed04_width64_constant,0.7,4,64,constant,0.6896666666666667,0.2653333333333333,-0.9
rho0p7_seed04_width64_constant,0.7,4,64,constant,0.739,0.21599999999999997,-0.6
rho0p7_seed04_width64_constant,0.7,4,64,constant,0.7953333333333333,0.15966666666666662,-0.3
rho0p7_seed04_width64_constant,0.7,4,64,constant,0.8413333333333334,0.11366666666666658,0.0
rho0p7_seed04_width64_constant,0.7,4,64,constant,0.894,0.06099999999999994,0.3
rho0p7_seed04_width64_cosine,0.7,4,64,cosine,0.69,0.2656666666666667,-0.9
rho0p7_seed04_width64_cosine,0.7,4,64,cosine,0.734,0.22166666666666668,-0.6
rho0p7_seed04_width64_cosine,0.7,4,64,cosine,0.794,0.16166666666666663,-0.3
rho0p7_seed04_width64_cosine,0.7,4,64,cosine,0.8423333333333334,0.11333333333333329,0.0
rho0p7_seed04_width64_cosine,0.7,4,64,cosine,0.8896666666666667,0.06599999999999995,0.3
rho0p7_seed04_width8_constant,0.7,4,8,constant,0.6913333333333334,0.2626666666666666,-0.9
rho0p7_seed04_width8_constant,0.7,4,8,constant,0.737,0.21699999999999997,-0.6
rho0p7_seed04_width8_constant,0.7,4,8,constant,0.7916666666666666,0.16233333333333333,-0.3
rho0p7_seed04_width8_constant,0.7,4,8,constant,0.8433333333333334,0.11066666666666658,0.0
rho0p7_seed04_width8_constant,0.7,4,8,constant,0.8963333333333333,0.057666666666666644,0.3
rho0p7_seed04_width8_cosine,0.7,4,8,cosine,0.692,0.261,-0.9
rho0p7_seed04_width8_cosine,0.7,4,8,cosine,0.7363333333333333,0.21666666666666667,-0.6
rho0p7_seed04_width8_cosine,0.7,4,8,cosine,0.7933333333333333,0.15966666666666662,-0.3
rho0p7_seed04_width8_cosine,0.7,4,8,cosine,0.843,0.10999999999999999,0.0
rho0p7_seed04_width8_cosine,0.7,4,8,cosine,0.897,0.05599999999999994,0.3
rho0p7_seed05_width512_constant,0.7,5,512,constant,0.6953333333333334,0.2573333333333333,-0.9
rho0p7_seed05_width512_constant,0.7,5,512,constant,0.7433333333333333,0.20933333333333337,-0.6
rho0p7_seed05_width512_constant,0.7,5,512,constant,0.8033333333333333,0.14933333333333332,-0.3
rho0p7_seed05_width512_constant,0.7,5,512,constant,0.8473333333333334,0.10533333333333328,0.0
rho0p7_seed05_width512_constant,0.7,5,512,constant,0.891,0.06166666666666665,0.3
rho0p7_seed05_width512_cosine,0.7,5,512,cosine,0.698,0.2533333333333334,-0.9
rho0p7_seed05_width512_cosine,0.7,5,512,cosine,0.745,0.20633333333333337,-0.6
rho0p7_seed05_width512_cosine,0.7,5,512,cosine,0.808,0.1433333333333333,-0.3
rho0p7_seed05_width512_cosine,0.7,5,512,cosine,0.8506666666666667,0.10066666666666668,0.0
rho0p7_seed05_width512_cosine,0.7,5,512,cosine,0.895,0.056333333333333346,0.3
rho0p7_seed05_width64_constant,0.7,5,64,constant,0.704,0.2476666666666667,-0.9
rho0p7_seed05_width64_constant,0.7,5,64,constant,0.7496666666666667,0.20199999999999996,-0.6
rho0p7_seed05_width64_constant,0.7,5,64,constant,0.8113333333333334,0.1403333333333333,-0.3
rho0p7_seed05_width64_constant,0.7,5,64,constant,0.8493333333333334,0.10233333333333328,0.0
rho0p7_seed05_width64_constant,0.7,5,64,constant,0.8953333333333333,0.056333333333333346,0.3
rho0p7_seed05_width64_cosine,0.7,5,64,cosine,0.7033333333333334,0.2486666666666666,-0.9
rho0p7_seed05_width64_cosine,0.7,5,64,cosine,0.749,0.20299999999999996,-0.6
rho0p7_seed05_width64_cosine,0.7,5,64,cosine,0.8133333333333334,0.1386666666666666,-0.3
rho0p7_seed05_width64_cosine,0.7,5,64,cosine,0.8463333333333334,0.10566666666666658,0.0
rho0p7_seed05_width64_cosine,0.7,5,64,cosine,0.895,0.05699999999999994,0.3
rho0p7_seed05_width8_constant,0.7,5,8,constant,0.7006666666666667,0.2506666666666667,-0.9
rho0p7_seed05_width8_constant,0.7,5,8,constant,0.7426666666666667,0.20866666666666667,-0.6
rho0p7_seed05_width8_constant,0.7,5,8,constant,0.8113333333333334,0.14,-0.3
rho0p7_seed05_width8_constant,0.7,5,8,constant,0.848,0.10333333333333339,0.0
rho0p7_seed05_width8_constant,0.7,5,8,constant,0.893,0.05833333333333335,0.3
rho0p7_seed05_width8_cosine,0.7,5,8,cosine,0.6973333333333334,0.2536666666666666,-0.9
rho0p7_seed05_width8_cosine,0.7,5,8,cosine,0.743,0.20799999999999996,-0.6
rho0p7_seed05_width8_cosine,0.7,5,8,cosine,0.8136666666666666,0.1373333333333333,-0.3
rho0p7_seed05_width8_cosine,0.7,5,8,cosine,0.8466666666666667,0.10433333333333328,0.0
rho0p7_seed05_width8_cosine,0.7,5,8,cosine,0.894,0.05699999999999994,0.3
rho0p7_seed06_width512_constant,0.7,6,512,constant,0.6723333333333333,0.28400000000000003,-0.9
rho0p7_seed06_width512_constant,0.7,6,512,constant,0.7236666666666667,0.2326666666666667,-0.6
rho0p7_seed06_width512_constant,0.7,6,512,constant,0.7886666666666666,0.16766666666666674,-0.3
rho0p7_seed06_width512_constant,0.7,6,512,constant,0.841,0.1153333333333334,0.0
rho0p7_seed06_width512_constant,0.7,6,512,constant,0.899,0.05733333333333335,0.3
rho0p7_seed06_width512_cosine,0.7,6,512,cosine,0.686,0.2703333333333333,-0.9
rho0p7_seed06_width512_cosine,0.7,6,512,cosine,0.735,0.22133333333333338,-0.6
rho0p7_seed06_width512_cosine,0.7,6,512,cosine,0.7976666666666666,0.15866666666666673,-0.3
rho0p7_seed06_width512_cosine,0.7,6,512,cosine,0.8493333333333334,0.10699999999999998,0.0
rho0p7_seed06_width512_cosine,0.7,6,512,cosine,0.903,0.053333333333333344,0.3
rho0p7_seed06_width64_constant,0.7,6,64,constant,0.6803333333333333,0.2773333333333333,-0.9
rho0p7_seed06_width64_constant,0.7,6,64,constant,0.7316666666666667,0.22599999999999998,-0.6
rho0p7_seed06_width64_constant,0.7,6,64,constant,0.7963333333333333,0.16133333333333333,-0.3
rho0p7_seed06_width64_constant,0.7,6,64,constant,0.8506666666666667,0.10699999999999998,0.0
rho0p7_seed06_width64_constant,0.7,6,64,constant,0.9013333333333333,0.056333333333333346,0.3
rho0p7_seed06_width64_cosine,0.7,6,64,cosine,0.6853333333333333,0.2723333333333333,-0.9
rho0p7_seed06_width64_cosine,0.7,6,64,cosine,0.7333333333333333,0.22433333333333338,-0.6
rho0p7_seed06_width64_cosine,0.7,6,64,cosine,0.7956666666666666,0.16200000000000003,-0.3
rho0p7_seed06_width64_cosine,0.7,6,64,cosine,0.8516666666666667,0.10599999999999998,0.0
rho0p7_seed06_width64_cosine,0.7,6,64,cosine,0.9046666666666666,0.05300000000000005,0.3
rho0p7_seed06_width8_constant,0.7,6,8,constant,0.6833333333333333,0.2726666666666666,-0.9
rho0p7_seed06_width8_constant,0.7,6,8,constant,0.7313333333333333,0.22466666666666668,-0.6
rho0p7_seed06_width8_constant,0.7,6,8,constant,0.7893333333333333,0.16666666666666663,-0.3
rho0p7_seed06_width8_constant,0.7,6,8,constant,0.8533333333333334,0.10266666666666657,0.0
rho0p7_seed06_width8_constant,0.7,6,8,constant,0.9036666666666666,0.05233333333333334,0.3
rho0p7_seed06_width8_cosine,0.7,6,8,cosine,0.681,0.2756666666666666,-0.9
rho0p7_seed06_width8_cosine,0.7,6,8,cosine,0.73,0.22666666666666668,-0.6
rho0p7_seed06_width8_cosine,0.7,6,8,cosine,0.7886666666666666,0.16800000000000004,-0.3
rho0p7_seed06_width8_cosine,0.7,6,8,cosine,0.852,0.10466666666666669,0.0
rho0p7_seed06_width8_cosine,0.7,6,8,cosine,0.903,0.05366666666666664,0.3
rho0p7_seed07_width512_constant,0.7,7,512,constant,0.678,0.2749999999999999,-0.9
rho0p7_seed07_width512_constant,0.7,7,512,constant,0.7466666666666667,0.20633333333333326,-0.6
rho0p7_seed07_width512_constant,0.7,7,512,constant,0.7836666666666666,0.16933333333333334,-0.3
rho0p7_seed07_width512_constant,0.7,7,512,constant,0.8396666666666667,0.11333333333333329,0.0
rho0p7_seed07_width512_constant,0.7,7,512,constant,0.889,0.06399999999999995,0.3
rho0p7_seed07_width512_cosine,0.7,7,512,cosine,0.6993333333333334,0.2566666666666666,-0.9
rho0p7_seed07_width512_cosine,0.7,7,512,cosine,0.755,0.20099999999999996,-0.6
rho0p7_seed07_width512_cosine,0.7,7,512,cosine,0.7923333333333333,0.16366666666666663,-0.3
rho0p7_seed07_width512_cosine,0.7,7,512,cosine,0.85,0.10599999999999998,0.0
rho0p7_seed07_width512_cosine,0.7,7,512,cosine,0.8933333333333333,0.06266666666666665,0.3
rho0p7_seed07_width64_constant,0.7,7,64,constant,0.7003333333333334,0.255,-0.9
rho0p7_seed07_width64_constant,0.7,7,64,constant,0.7603333333333333,0.19500000000000006,-0.6
rho0p7_seed07_width64_constant,0.7,7,64,constant,0.7923333333333333,0.16300000000000003,-0.3
rho0p7_seed07_width64_constant,0.7,7,64,constant,0.858,0.09733333333333338,0.0
rho0p7_seed07_width64_constant,0.7,7,64,constant,0.8956666666666667,0.059666666666666646,0.3
rho0p7_seed07_width64_cosine,0.7,7,64,cosine,0.6976666666666667,0.2573333333333333,-0.9
rho0p7_seed07_width64_cosine,0.7,7,64,cosine,0.756,0.19899999999999995,-0.6
rho0p7_seed07_width64_cosine,0.7,7,64,cosine,0.7896666666666666,0.16533333333333333,-0.3
rho0p7_seed07_width64_cosine,0.7,7,64,cosine,0.858,0.09699999999999998,0.0
rho0p7_seed07_width64_cosine,0.7,7,64,cosine,0.8986666666666666,0.056333333333333346,0.3
rho0p7_seed07_width8_constant,0.7,7,8,constant,0.6926666666666667,0.2646666666666667,-0.9
rho0p7_seed07_width8_constant,0.7,7,8,constant,0.754,0.20333333333333337,-0.6
rho0p7_seed07_width8_constant,0.7,7,8,constant,0.7953333333333333,0.16200000000000003,-0.3
rho0p7_seed07_width8_constant,0.7,7,8,constant,0.848,0.1093333333333334,0.0
rho0p7_seed07_width8_constant,0.7,7,8,constant,0.895,0.06233333333333335,0.3
rho0p7_seed07_width8_cosine,0.7,7,8,cosine,0.6886666666666666,0.2686666666666667,-0.9
rho0p7_seed07_width8_cosine,0.7,7,8,cosine,0.7523333333333333,0.20500000000000007,-0.6
rho0p7_seed07_width8_cosine,0.7,7,8,cosine,0.793,0.16433333333333333,-0.3
rho0p7_seed07_width8_cosine,0.7,7,8,cosine,0.8473333333333334,0.10999999999999999,0.0
rho0p7_seed07_width8_cosine,0.7,7,8,cosine,0.895,0.06233333333333335,0.3
rho0p7_seed08_width512_constant,0.7,8,512,constant,0.6973333333333334,0.2593333333333333,-0.9
rho0p7_seed08_width512_constant,0.7,8,512,constant,0.755,0.20166666666666666,-0.6
rho0p7_seed08_width512_constant,0.7,8,512,constant,0.789,0.16766666666666663,-0.3
rho0p7_seed08_width512_constant,0.7,8,512,constant,0.838,0.1186666666666667,0.0
rho0p7_seed08_width512_constant,0.7,8,512,constant,0.894,0.06266666666666665,0.3
rho0p7_seed08_width512_cosine,0.7,8,512,cosine,0.7156666666666667,0.2413333333333333,-0.9
rho0p7_seed08_width512_cosine,0.7,8,512,cosine,0.7696666666666667,0.18733333333333324,-0.6
rho0p7_seed08_width512_cosine,0.7,8,512,cosine,0.7973333333333333,0.15966666666666662,-0.3
rho0p7_seed08_width512_cosine,0.7,8,512,cosine,0.8466666666666667,0.11033333333333328,0.0
rho0p7_seed08_width512_cosine,0.7,8,512,cosine,0.9013333333333333,0.05566666666666664,0.3
rho0p7_seed08_width64_constant,0.7,8,64,constant,0.7086666666666667,0.2496666666666667,-0.9
rho0p7_seed08_width64_constant,0.7,8,64,constant,0.7633333333333333,0.19500000000000006,-0.6
rho0p7_seed08_width64_constant,0.7,8,64,constant,0.7973333333333333,0.16100000000000003,-0.3
rho0p7_seed08_width64_constant,0.7,8,64,constant,0.846,0.1123333333333334,0.0
rho0p7_seed08_width64_constant,0.7,8,64,constant,0.8986666666666666,0.05966666666666676,0.3
rho0p7_seed08_width64_cosine,0.7,8,64,cosine,0.7066666666666667,0.2506666666666667,-0.9
rho0p7_seed08_width64_cosine,0.7,8,64,cosine,0.7633333333333333,0.19400000000000006,-0.6
rho0p7_seed08_width64_cosine,0.7,8,64,cosine,0.794,0.16333333333333333,-0.3
rho0p7_seed08_width64_cosine,0.7,8,64,cosine,0.8456666666666667,0.11166666666666669,0.0
rho0p7_seed08_width64_cosine,0.7,8,64,cosine,0.8976666666666666,0.05966666666666676,0.3
rho0p7_seed08_width8_constant,0.7,8,8,constant,0.7176666666666667,0.2416666666666667,-0.9
rho0p7_seed08_width8_constant,0.7,8,8,constant,0.767,0.19233333333333336,-0.6
rho0p7_seed08_width8_constant,0.7,8,8,constant,0.7986666666666666,0.16066666666666674,-0.3
rho0p7_seed08_width8_constant,0.7,8,8,constant,0.8473333333333334,0.11199999999999999,0.0
rho0p7_seed08_width8_constant,0.7,8,8,constant,0.9023333333333333,0.05700000000000005,0.3
rho0p7_seed08_width8_cosine,0.7,8,8,cosine,0.7183333333333334,0.2403333333333333,-0.9
rho0p7_seed08_width8_cosine,0.7,8,8,cosine,0.7643333333333333,0.19433333333333336,-0.6
rho0p7_seed08_width8_cosine,0.7,8,8,cosine,0.7976666666666666,0.16100000000000003,-0.3
rho0p7_seed08_width8_cosine,0.7,8,8,cosine,0.8486666666666667,0.10999999999999999,0.0
rho0p7_seed08_width8_cosine,0.7,8,8,cosine,0.9023333333333333,0.056333333333333346,0.3
rho0p7_seed09_width512_constant,0.7,9,512,constant,0.646,0.30866666666666664,-0.9
rho0p7_seed09_width512_constant,0.7,9,512,constant,0.7273333333333334,0.22733333333333328,-0.6
rho0p7_seed09_width512_constant,0.7,9,512,constant,0.755,0.19966666666666666,-0.3
rho0p7_seed09_width512_constant,0.7,9,512,constant,0.8246666666666667,0.13,0.0
rho0p7_seed09_width512_constant,0.7,9,512,constant,0.8833333333333333,0.07133333333333336,0.3
rho0p7_seed09_width512_cosine,0.7,9,512,cosine,0.6723333333333333,0.28300000000000003,-0.9
rho0p7_seed09_width512_cosine,0.7,9,512,cosine,0.749,0.20633333333333337,-0.6
rho0p7_seed09_width512_cosine,0.7,9,512,cosine,0.7696666666666667,0.18566666666666665,-0.3
rho0p7_seed09_width512_cosine,0.7,9,512,cosine,0.8383333333333334,0.11699999999999999,0.0
rho0p7_seed09_width512_cosine,0.7,9,512,cosine,0.888,0.06733333333333336,0.3
rho0p7_seed09_width64_constant,0.7,9,64,constant,0.6666666666666666,0.28966666666666674,-0.9
rho0p7_seed09_width64_constant,0.7,9,64,constant,0.751,0.20533333333333337,-0.6
rho0p7_seed09_width64_constant,0.7,9,64,constant,0.772,0.18433333333333335,-0.3
rho0p7_seed09_width64_constant,0.7,9,64,constant,0.842,0.1143333333333334,0.0
rho0p7_seed09_width64_constant,0.7,9,64,constant,0.8893333333333333,0.06700000000000006,0.3
rho0p7_seed09_width64_cosine,0.7,9,64,cosine,0.6693333333333333,0.28733333333333333,-0.9
rho0p7_seed09_width64_cosine,0.7,9,64,cosine,0.752,0.20466666666666666,-0.6
rho0p7_seed09_width64_cosine,0.7,9,64,cosine,0.7756666666666666,0.18100000000000005,-0.3
rho0p7_seed09_width64_cosine,0.7,9,64,cosine,0.8436666666666667,0.11299999999999999,0.0
rho0p7_seed09_width64_cosine,0.7,9,64,cosine,0.8896666666666667,0.06699999999999995,0.3
rho0p7_seed09_width8_constant,0.7,9,8,constant,0.6803333333333333,0.277,-0.9
rho0p7_seed09_width8_constant,0.7,9,8,constant,0.7573333333333333,0.20000000000000007,-0.6
rho0p7_seed09_width8_constant,0.7,9,8,constant,0.7783333333333333,0.17900000000000005,-0.3
rho0p7_seed09_width8_constant,0.7,9,8,constant,0.8423333333333334,0.11499999999999999,0.0
rho0p7_seed09_width8_constant,0.7,9,8,constant,0.888,0.06933333333333336,0.3
rho0p7_seed09_width8_cosine,0.7,9,8,cosine,0.6803333333333333,0.2763333333333333,-0.9
rho0p7_seed09_width8_cosine,0.7,9,8,cosine,0.7583333333333333,0.19833333333333336,-0.6
rho0p7_seed09_width8_cosine,0.7,9,8,cosine,0.7793333333333333,0.17733333333333334,-0.3
rho0p7_seed09_width8_cosine,0.7,9,8,cosine,0.843,0.1136666666666667,0.0
rho0p7_seed09_width8_cosine,0.7,9,8,cosine,0.8893333333333333,0.06733333333333336,0.3
rho0p7_seed10_width512_constant,0.7,10,512,constant,0.6573333333333333,0.29733333333333334,-0.9
rho0p7_seed10_width512_constant,0.7,10,512,constant,0.733,0.22166666666666668,-0.6
rho0p7_seed10_width512_constant,0.7,10,512,constant,0.778,0.17666666666666664,-0.3
rho0p7_seed10_width512_constant,0.7,10,512,constant,0.83,0.1246666666666667,0.0
rho0p7_seed10_width512_constant,0.7,10,512,constant,0.8836666666666667,0.07099999999999995,0.3
rho0p7_seed10_width512_cosine,0.7,10,512,cosine,0.6693333333333333,0.28400000000000003,-0.9
rho0p7_seed10_width512_cosine,0.7,10,512,cosine,0.7413333333333333,0.21200000000000008,-0.6
rho0p7_seed10_width512_cosine,0.7,10,512,cosine,0.788,0.16533333333333333,-0.3
rho0p7_seed10_width512_cosine,0.7,10,512,cosine,0.8373333333333334,0.11599999999999999,0.0
rho0p7_seed10_width512_cosine,0.7,10,512,cosine,0.8856666666666667,0.06766666666666665,0.3
rho0p7_seed10_width64_constant,0.7,10,64,constant,0.672,0.2816666666666666,-0.9
rho0p7_seed10_width64_constant,0.7,10,64,constant,0.7436666666666667,0.20999999999999996,-0.6
rho0p7_seed10_width64_constant,0.7,10,64,constant,0.7846666666666666,0.16900000000000004,-0.3
rho0p7_seed10_width64_constant,0.7,10,64,constant,0.8366666666666667,0.11699999999999999,0.0
rho0p7_seed10_width64_constant,0.7,10,64,constant,0.8873333333333333,0.06633333333333336,0.3
rho0p7_seed10_width64_cosine,0.7,10,64,cosine,0.6703333333333333,0.2836666666666666,-0.9
rho0p7_seed10_width64_cosine,0.7,10,64,cosine,0.7396666666666667,0.21433333333333326,-0.6
rho0p7_seed10_width64_cosine,0.7,10,64,cosine,0.7806666666666666,0.17333333333333334,-0.3
rho0p7_seed10_width64_cosine,0.7,10,64,cosine,0.837,0.11699999999999999,0.0
rho0p7_seed10_width64_cosine,0.7,10,64,cosine,0.8876666666666667,0.06633333333333324,0.3
rho0p7_seed10_width8_constant,0.7,10,8,constant,0.669,0.2846666666666666,-0.9
rho0p7_seed10_width8_constant,0.7,10,8,constant,0.735,0.21866666666666668,-0.6
rho0p7_seed10_width8_constant,0.7,10,8,constant,0.7816666666666666,0.17200000000000004,-0.3
rho0p7_seed10_width8_constant,0.7,10,8,constant,0.8353333333333334,0.11833333333333329,0.0
rho0p7_seed10_width8_constant,0.7,10,8,constant,0.887,0.06666666666666665,0.3
rho0p7_seed10_width8_cosine,0.7,10,8,cosine,0.666,0.2876666666666666,-0.9
rho0p7_seed10_width8_cosine,0.7,10,8,cosine,0.7363333333333333,0.21733333333333338,-0.6
rho0p7_seed10_width8_cosine,0.7,10,8,cosine,0.777,0.17666666666666664,-0.3
rho0p7_seed10_width8_cosine,0.7,10,8,cosine,0.835,0.1186666666666667,0.0
rho0p7_seed10_width8_cosine,0.7,10,8,cosine,0.8876666666666667,0.06599999999999995,0.3
rho0p7_seed11_width512_constant,0.7,11,512,constant,0.7046666666666667,0.2473333333333333,-0.9
rho0p7_seed11_width512_constant,0.7,11,512,constant,0.7596666666666667,0.19233333333333325,-0.6
rho0p7_seed11_width512_constant,0.7,11,512,constant,0.8013333333333333,0.15066666666666662,-0.3
rho0p7_seed11_width512_constant,0.7,11,512,constant,0.846,0.10599999999999998,0.0
rho0p7_seed11_width512_constant,0.7,11,512,constant,0.9056666666666666,0.04633333333333334,0.3
rho0p7_seed11_width512_cosine,0.7,11,512,cosine,0.702,0.253,-0.9
rho0p7_seed11_width512_cosine,0.7,11,512,cosine,0.7626666666666667,0.19233333333333325,-0.6
rho0p7_seed11_width512_cosine,0.7,11,512,cosine,0.8003333333333333,0.15466666666666662,-0.3
rho0p7_seed11_width512_cosine,0.7,11,512,cosine,0.8473333333333334,0.10766666666666658,0.0
rho0p7_seed11_width512_cosine,0.7,11,512,cosine,0.9076666666666666,0.04733333333333334,0.3
rho0p7_seed11_width64_constant,0.7,11,64,constant,0.6976666666666667,0.2586666666666667,-0.9
rho0p7_seed11_width64_constant,0.7,11,64,constant,0.7623333333333333,0.19400000000000006,-0.6
rho0p7_seed11_width64_constant,0.7,11,64,constant,0.8,0.15633333333333332,-0.3
rho0p7_seed11_width64_constant,0.7,11,64,constant,0.843,0.1133333333333334,0.0
rho0p7_seed11_width64_constant,0.7,11,64,constant,0.9063333333333333,0.050000000000000044,0.3
rho0p7_seed11_width64_cosine,0.7,11,64,cosine,0.6996666666666667,0.2573333333333333,-0.9
rho0p7_seed11_width64_cosine,0.7,11,64,cosine,0.7626666666666667,0.19433333333333325,-0.6
rho0p7_seed11_width64_cosine,0.7,11,64,cosine,0.7956666666666666,0.16133333333333333,-0.3
rho0p7_seed11_width64_cosine,0.7,11,64,cosine,0.843,0.11399999999999999,0.0
rho0p7_seed11_width64_cosine,0.7,11,64,cosine,0.903,0.05399999999999994,0.3
rho0p7_seed11_width8_constant,0.7,11,8,constant,0.6983333333333334,0.258,-0.9
rho0p7_seed11_width8_constant,0.7,11,8,constant,0.758,0.19833333333333336,-0.6
rho0p7_seed11_width8_constant,0.7,11,8,constant,0.7986666666666666,0.15766666666666673,-0.3
rho0p7_seed11_width8_constant,0.7,11,8,constant,0.8386666666666667,0.1176666666666667,0.0
rho0p7_seed11_width8_constant,0.7,11,8,constant,0.9093333333333333,0.04700000000000004,0.3
rho0p7_seed11_width8_cosine,0.7,11,8,cosine,0.7006666666666667,0.257,-0.9
rho0p7_seed11_width8_cosine,0.7,11,8,cosine,0.7606666666666667,0.19699999999999995,-0.6
rho0p7_seed11_width8_cosine,0.7,11,8,cosine,0.798,0.15966666666666662,-0.3
rho0p7_seed11_width8_cosine,0.7,11,8,cosine,0.842,0.1156666666666667,0.0
rho0p7_seed11_width8_cosine,0.7,11,8,cosine,0.9096666666666666,0.04800000000000004,0.3
rho0p7_seed12_width512_constant,0.7,12,512,constant,0.6976666666666667,0.2473333333333333,-0.9
rho0p7_seed12_width512_constant,0.7,12,512,constant,0.751,0.19399999999999995,-0.6
rho0p7_seed12_width512_constant,0.7,12,512,constant,0.8013333333333333,0.1436666666666666,-0.3
rho0p7_seed12_width512_constant,0.7,12,512,constant,0.8476666666666667,0.09733333333333327,0.0
rho0p7_seed12_width512_constant,0.7,12,512,constant,0.887,0.05799999999999994,0.3
rho0p7_seed12_width512_cosine,0.7,12,512,cosine,0.6816666666666666,0.265,-0.9
rho0p7_seed12_width512_cosine,0.7,12,512,cosine,0.743,0.20366666666666666,-0.6
rho0p7_seed12_width512_cosine,0.7,12,512,cosine,0.7913333333333333,0.15533333333333332,-0.3
rho0p7_seed12_width512_cosine,0.7,12,512,cosine,0.8406666666666667,0.10599999999999998,0.0
rho0p7_seed12_width512_cosine,0.7,12,512,cosine,0.884,0.06266666666666665,0.3
rho0p7_seed12_width64_constant,0.7,12,64,constant,0.6806666666666666,0.265,-0.9
rho0p7_seed12_width64_constant,0.7,12,64,constant,0.7426666666666667,0.20299999999999996,-0.6
rho0p7_seed12_width64_constant,0.7,12,64,constant,0.7886666666666666,0.15700000000000003,-0.3
rho0p7_seed12_width64_constant,0.7,12,64,constant,0.84,0.10566666666666669,0.0
rho0p7_seed12_width64_constant,0.7,12,64,constant,0.8843333333333333,0.06133333333333335,0.3
rho0p7_seed12_width64_cosine,0.7,12,64,cosine,0.6773333333333333,0.2686666666666666,-0.9
rho0p7_seed12_width64_cosine,0.7,12,64,cosine,0.7406666666666667,0.20533333333333326,-0.6
rho0p7_seed12_width64_cosine,0.7,12,64,cosine,0.7876666666666666,0.15833333333333333,-0.3
rho0p7_seed12_width64_cosine,0.7,12,64,cosine,0.8376666666666667,0.10833333333333328,0.0
rho0p7_seed12_width64_cosine,0.7,12,64,cosine,0.882,0.06399999999999995,0.3
rho0p7_seed12_width8_constant,0.7,12,8,constant,0.6746666666666666,0.271,-0.9
rho0p7_seed12_width8_constant,0.7,12,8,constant,0.7373333333333333,0.20833333333333337,-0.6
rho0p7_seed12_width8_constant,0.7,12,8,constant,0.7863333333333333,0.15933333333333333,-0.3
rho0p7_seed12_width8_constant,0.7,12,8,constant,0.84,0.10566666666666669,0.0
rho0p7_seed12_width8_constant,0.7,12,8,constant,0.8846666666666667,0.06099999999999994,0.3
rho0p7_seed12_width8_cosine,0.7,12,8,cosine,0.679,0.2673333333333333,-0.9
rho0p7_seed12_width8_cosine,0.7,12,8,cosine,0.738,0.20833333333333337,-0.6
rho0p7_seed12_width8_cosine,0.7,12,8,cosine,0.789,0.15733333333333333,-0.3
rho0p7_seed12_width8_cosine,0.7,12,8,cosine,0.8406666666666667,0.10566666666666669,0.0
rho0p7_seed12_width8_cosine,0.7,12,8,cosine,0.8833333333333333,0.06300000000000006,0.3
rho0p7_seed13_width512_constant,0.7,13,512,constant,0.688,0.261,-0.9
rho0p7_seed13_width512_constant,0.7,13,512,constant,0.7666666666666667,0.18233333333333324,-0.6
rho0p7_seed13_width512_constant,0.7,13,512,constant,0.7986666666666666,0.15033333333333332,-0.3
rho0p7_seed13_width512_constant,0.7,13,512,constant,0.8456666666666667,0.10333333333333328,0.0
rho0p7_seed13_width512_constant,0.7,13,512,constant,0.8896666666666667,0.05933333333333324,0.3
rho0p7_seed13_width512_cosine,0.7,13,512,cosine,0.6586666666666666,0.29233333333333333,-0.9
rho0p7_seed13_width512_cosine,0.7,13,512,cosine,0.7483333333333333,0.20266666666666666,-0.6
rho0p7_seed13_width512_cosine,0.7,13,512,cosine,0.786,0.16499999999999992,-0.3
rho0p7_seed13_width512_cosine,0.7,13,512,cosine,0.836,0.11499999999999999,0.0
rho0p7_seed13_width512_cosine,0.7,13,512,cosine,0.8883333333333333,0.06266666666666665,0.3
rho0p7_seed13_width64_constant,0.7,13,64,constant,0.6606666666666666,0.29433333333333334,-0.9
rho0p7_seed13_width64_constant,0.7,13,64,constant,0.7473333333333333,0.20766666666666667,-0.6
rho0p7_seed13_width64_constant,0.7,13,64,constant,0.786,0.16899999999999993,-0.3
rho0p7_seed13_width64_constant,0.7,13,64,constant,0.8376666666666667,0.11733333333333329,0.0
rho0p7_seed13_width64_constant,0.7,13,64,constant,0.8876666666666667,0.06733333333333325,0.3
rho0p7_seed13_width64_cosine,0.7,13,64,cosine,0.6613333333333333,0.29433333333333334,-0.9
rho0p7_seed13_width64_cosine,0.7,13,64,cosine,0.7476666666666667,0.20799999999999996,-0.6
rho0p7_seed13_width64_cosine,0.7,13,64,cosine,0.785,0.17066666666666663,-0.3
rho0p7_seed13_width64_cosine,0.7,13,64,cosine,0.8406666666666667,0.11499999999999999,0.0
rho0p7_seed13_width64_cosine,0.7,13,64,cosine,0.8883333333333333,0.06733333333333336,0.3
rho0p7_seed13_width8_constant,0.7,13,8,constant,0.66,0.29466666666666663,-0.9
rho0p7_seed13_width8_constant,0.7,13,8,constant,0.7526666666666667,0.20199999999999996,-0.6
rho0p7_seed13_width8_constant,0.7,13,8,constant,0.7863333333333333,0.16833333333333333,-0.3
rho0p7_seed13_width8_constant,0.7,13,8,constant,0.8396666666666667,0.11499999999999999,0.0
rho0p7_seed13_width8_constant,0.7,13,8,constant,0.895,0.059666666666666646,0.3
rho0p7_seed13_width8_cosine,0.7,13,8,cosine,0.6586666666666666,0.29566666666666674,-0.9
rho0p7_seed13_width8_cosine,0.7,13,8,cosine,0.749,0.20533333333333337,-0.6
rho0p7_seed13_width8_cosine,0.7,13,8,cosine,0.7863333333333333,0.16800000000000004,-0.3
rho0p7_seed13_width8_cosine,0.7,13,8,cosine,0.8376666666666667,0.1166666666666667,0.0
rho0p7_seed13_width8_cosine,0.7,13,8,cosine,0.8943333333333333,0.06000000000000005,0.3
rho0p7_seed14_width512_constant,0.7,14,512,constant,0.6583333333333333,0.29633333333333334,-0.9
rho0p7_seed14_width512_constant,0.7,14,512,constant,0.73,0.22466666666666668,-0.6
rho0p7_seed14_width512_constant,0.7,14,512,constant,0.776,0.17866666666666664,-0.3
rho0p7_seed14_width512_constant,0.7,14,512,constant,0.84,0.1146666666666667,0.0
rho0p7_seed14_width512_constant,0.7,14,512,constant,0.884,0.07066666666666666,0.3
rho0p7_seed14_width512_cosine,0.7,14,512,cosine,0.6813333333333333,0.2743333333333333,-0.9
rho0p7_seed14_width512_cosine,0.7,14,512,cosine,0.7436666666666667,0.21199999999999997,-0.6
rho0p7_seed14_width512_cosine,0.7,14,512,cosine,0.7886666666666666,0.16700000000000004,-0.3
rho0p7_seed14_width512_cosine,0.7,14,512,cosine,0.849,0.10666666666666669,0.0
rho0p7_seed14_width512_cosine,0.7,14,512,cosine,0.8866666666666667,0.06899999999999995,0.3
rho0p7_seed14_width64_constant,0.7,14,64,constant,0.6753333333333333,0.279,-0.9
rho0p7_seed14_width64_constant,0.7,14,64,constant,0.741,0.21333333333333337,-0.6
rho0p7_seed14_width64_constant,0.7,14,64,constant,0.7853333333333333,0.16900000000000004,-0.3
rho0p7_seed14_width64_constant,0.7,14,64,constant,0.8526666666666667,0.10166666666666668,0.0
rho0p7_seed14_width64_constant,0.7,14,64,constant,0.8883333333333333,0.06600000000000006,0.3
rho0p7_seed14_width64_cosine,0.7,14,64,cosine,0.6766666666666666,0.27866666666666673,-0.9
rho0p7_seed14_width64_cosine,0.7,14,64,cosine,0.739,0.21633333333333338,-0.6
rho0p7_seed14_width64_cosine,0.7,14,64,cosine,0.786,0.16933333333333334,-0.3
rho0p7_seed14_width64_cosine,0.7,14,64,cosine,0.8533333333333334,0.10199999999999998,0.0
rho0p7_seed14_width64_cosine,0.7,14,64,cosine,0.891,0.06433333333333335,0.3
rho0p7_seed14_width8_constant,0.7,14,8,constant,0.6766666666666666,0.27766666666666673,-0.9
rho0p7_seed14_width8_constant,0.7,14,8,constant,0.74,0.21433333333333338,-0.6
rho0p7_seed14_width8_constant,0.7,14,8,constant,0.7836666666666666,0.17066666666666674,-0.3
rho0p7_seed14_width8_constant,0.7,14,8,constant,0.8503333333333334,0.10399999999999998,0.0
rho0p7_seed14_width8_constant,0.7,14,8,constant,0.8893333333333333,0.06500000000000006,0.3
rho0p7_seed14_width8_cosine,0.7,14,8,cosine,0.6763333333333333,0.2776666666666666,-0.9
rho0p7_seed14_width8_cosine,0.7,14,8,cosine,0.739,0.21499999999999997,-0.6
rho0p7_seed14_width8_cosine,0.7,14,8,cosine,0.784,0.16999999999999993,-0.3
rho0p7_seed14_width8_cosine,0.7,14,8,cosine,0.851,0.10299999999999998,0.0
rho0p7_seed14_width8_cosine,0.7,14,8,cosine,0.8896666666666667,0.06433333333333324,0.3
rho0p7_seed15_width512_constant,0.7,15,512,constant,0.6756666666666666,0.28200000000000003,-0.9
rho0p7_seed15_width512_constant,0.7,15,512,constant,0.7423333333333333,0.21533333333333338,-0.6
rho0p7_seed15_width512_constant,0.7,15,512,constant,0.8113333333333334,0.14633333333333332,-0.3
rho0p7_seed15_width512_constant,0.7,15,512,constant,0.845,0.11266666666666669,0.0
rho0p7_seed15_width512_constant,0.7,15,512,constant,0.8923333333333333,0.06533333333333335,0.3
rho0p7_seed15_width512_cosine,0.7,15,512,cosine,0.675,0.2839999999999999,-0.9
rho0p7_seed15_width512_cosine,0.7,15,512,cosine,0.7453333333333333,0.21366666666666667,-0.6
rho0p7_seed15_width512_cosine,0.7,15,512,cosine,0.8136666666666666,0.14533333333333331,-0.3
rho0p7_seed15_width512_cosine,0.7,15,512,cosine,0.844,0.11499999999999999,0.0
rho0p7_seed15_width512_cosine,0.7,15,512,cosine,0.8916666666666667,0.06733333333333325,0.3
rho0p7_seed15_width64_constant,0.7,15,64,constant,0.675,0.2849999999999999,-0.9
rho0p7_seed15_width64_constant,0.7,15,64,constant,0.7466666666666667,0.21333333333333326,-0.6
rho0p7_seed15_width64_constant,0.7,15,64,constant,0.8113333333333334,0.1486666666666666,-0.3
rho0p7_seed15_width64_constant,0.7,15,64,constant,0.843,0.11699999999999999,0.0
rho0p7_seed15_width64_constant,0.7,15,64,constant,0.8906666666666667,0.06933333333333325,0.3
rho0p7_seed15_width64_cosine,0.7,15,64,cosine,0.6733333333333333,0.28800000000000003,-0.9
rho0p7_seed15_width64_cosine,0.7,15,64,cosine,0.746,0.21533333333333338,-0.6
rho0p7_seed15_width64_cosine,0.7,15,64,cosine,0.8116666666666666,0.14966666666666673,-0.3
rho0p7_seed15_width64_cosine,0.7,15,64,cosine,0.8426666666666667,0.1186666666666667,0.0
rho0p7_seed15_width64_cosine,0.7,15,64,cosine,0.8913333333333333,0.07000000000000006,0.3
rho0p7_seed15_width8_constant,0.7,15,8,constant,0.6726666666666666,0.28700000000000003,-0.9
rho0p7_seed15_width8_constant,0.7,15,8,constant,0.7433333333333333,0.21633333333333338,-0.6
rho0p7_seed15_width8_constant,0.7,15,8,constant,0.8086666666666666,0.15100000000000002,-0.3
rho0p7_seed15_width8_constant,0.7,15,8,constant,0.8446666666666667,0.11499999999999999,0.0
rho0p7_seed15_width8_constant,0.7,15,8,constant,0.894,0.06566666666666665,0.3
rho0p7_seed15_width8_cosine,0.7,15,8,cosine,0.6733333333333333,0.28500000000000003,-0.9
rho0p7_seed15_width8_cosine,0.7,15,8,cosine,0.743,0.21533333333333338,-0.6
rho0p7_seed15_width8_cosine,0.7,15,8,cosine,0.8116666666666666,0.14666666666666672,-0.3
rho0p7_seed15_width8_cosine,0.7,15,8,cosine,0.846,0.1123333333333334,0.0
rho0p7_seed15_width8_cosine,0.7,15,8,cosine,0.894,0.06433333333333335,0.3
rho0p7_seed16_width512_constant,0.7,16,512,constant,0.633,0.31366666666666665,-0.9
rho0p7_seed16_width512_constant,0.7,16,512,constant,0.7166666666666667,0.22999999999999998,-0.6
rho0p7_seed16_width512_constant,0.7,16,512,constant,0.7563333333333333,0.19033333333333335,-0.3
rho0p7_seed16_width512_constant,0.7,16,512,constant,0.8273333333333334,0.11933333333333329,0.0
rho0p7_seed16_width512_constant,0.7,16,512,constant,0.8793333333333333,0.06733333333333336,0.3
rho0p7_seed16_width512_cosine,0.7,16,512,cosine,0.6616666666666666,0.28566666666666674,-0.9
rho0p7_seed16_width512_cosine,0.7,16,512,cosine,0.735,0.21233333333333337,-0.6
rho0p7_seed16_width512_cosine,0.7,16,512,cosine,0.7726666666666666,0.17466666666666675,-0.3
rho0p7_seed16_width512_cosine,0.7,16,512,cosine,0.8426666666666667,0.10466666666666669,0.0
rho0p7_seed16_width512_cosine,0.7,16,512,cosine,0.8856666666666667,0.06166666666666665,0.3
rho0p7_seed16_width64_constant,0.7,16,64,constant,0.66,0.2876666666666666,-0.9
rho0p7_seed16_width64_constant,0.7,16,64,constant,0.7353333333333333,0.21233333333333337,-0.6
rho0p7_seed16_width64_constant,0.7,16,64,constant,0.7766666666666666,0.17100000000000004,-0.3
rho0p7_seed16_width64_constant,0.7,16,64,constant,0.8423333333333334,0.10533333333333328,0.0
rho0p7_seed16_width64_constant,0.7,16,64,constant,0.8876666666666667,0.05999999999999994,0.3
rho0p7_seed16_width64_cosine,0.7,16,64,cosine,0.6613333333333333,0.28700000000000003,-0.9
rho0p7_seed16_width64_cosine,0.7,16,64,cosine,0.7396666666666667,0.20866666666666667,-0.6
rho0p7_seed16_width64_cosine,0.7,16,64,cosine,0.7806666666666666,0.16766666666666674,-0.3
rho0p7_seed16_width64_cosine,0.7,16,64,cosine,0.8426666666666667,0.10566666666666669,0.0
rho0p7_seed16_width64_cosine,0.7,16,64,cosine,0.8886666666666667,0.059666666666666646,0.3
rho0p7_seed16_width8_constant,0.7,16,8,constant,0.6646666666666666,0.28733333333333333,-0.9
rho0p7_seed16_width8_constant,0.7,16,8,constant,0.7426666666666667,0.20933333333333326,-0.6
rho0p7_seed16_width8_constant,0.7,16,8,constant,0.7746666666666666,0.17733333333333334,-0.3
rho0p7_seed16_width8_constant,0.7,16,8,constant,0.842,0.10999999999999999,0.0
rho0p7_seed16_width8_constant,0.7,16,8,constant,0.8873333333333333,0.06466666666666665,0.3
rho0p7_seed16_width8_cosine,0.7,16,8,cosine,0.6603333333333333,0.29166666666666663,-0.9
rho0p7_seed16_width8_cosine,0.7,16,8,cosine,0.7373333333333333,0.21466666666666667,-0.6
rho0p7_seed16_width8_cosine,0.7,16,8,cosine,0.776,0.17599999999999993,-0.3
rho0p7_seed16_width8_cosine,0.7,16,8,cosine,0.8413333333333334,0.11066666666666658,0.0
rho0p7_seed16_width8_cosine,0.7,16,8,cosine,0.8856666666666667,0.06633333333333324,0.3
rho0p7_seed17_width512_constant,0.7,17,512,constant,0.6656666666666666,0.281,-0.9
rho0p7_seed17_width512_constant,0.7,17,512,constant,0.727,0.21966666666666668,-0.6
rho0p7_seed17_width512_constant,0.7,17,512,constant,0.789,0.15766666666666662,-0.3
rho0p7_seed17_width512_constant,0.7,17,512,constant,0.844,0.10266666666666668,0.0
rho0p7_seed17_width512_constant,0.7,17,512,constant,0.888,0.058666666666666645,0.3
rho0p7_seed17_width512_cosine,0.7,17,512,cosine,0.661,0.2866666666666666,-0.9
rho0p7_seed17_width512_cosine,0.7,17,512,cosine,0.7226666666666667,0.22499999999999998,-0.6
rho0p7_seed17_width512_cosine,0.7,17,512,cosine,0.7903333333333333,0.15733333333333333,-0.3
rho0p7_seed17_width512_cosine,0.7,17,512,cosine,0.8456666666666667,0.10199999999999998,0.0
rho0p7_seed17_width512_cosine,0.7,17,512,cosine,0.8873333333333333,0.06033333333333335,0.3
rho0p7_seed17_width64_constant,0.7,17,64,constant,0.6603333333333333,0.2853333333333333,-0.9
rho0p7_seed17_width64_constant,0.7,17,64,constant,0.7296666666666667,0.21599999999999997,-0.6
rho0p7_seed17_width64_constant,0.7,17,64,constant,0.794,0.15166666666666662,-0.3
rho0p7_seed17_width64_constant,0.7,17,64,constant,0.8423333333333334,0.10333333333333328,0.0
rho0p7_seed17_width64_constant,0.7,17,64,constant,0.8876666666666667,0.05799999999999994,0.3
rho0p7_seed17_width64_cosine,0.7,17,64,cosine,0.6593333333333333,0.2876666666666666,-0.9
rho0p7_seed17_width64_cosine,0.7,17,64,cosine,0.7276666666666667,0.21933333333333327,-0.6
rho0p7_seed17_width64_cosine,0.7,17,64,cosine,0.7923333333333333,0.15466666666666662,-0.3
rho0p7_seed17_width64_cosine,0.7,17,64,cosine,0.8416666666666667,0.10533333333333328,0.0
rho0p7_seed17_width64_cosine,0.7,17,64,cosine,0.8873333333333333,0.059666666666666646,0.3
rho0p7_seed17_width8_constant,0.7,17,8,constant,0.66,0.28966666666666663,-0.9
rho0p7_seed17_width8_constant,0.7,17,8,constant,0.7266666666666667,0.22299999999999998,-0.6
rho0p7_seed17_width8_constant,0.7,17,8,constant,0.791,0.15866666666666662,-0.3
rho0p7_seed17_width8_constant,0.7,17,8,constant,0.8433333333333334,0.10633333333333328,0.0
rho0p7_seed17_width8_constant,0.7,17,8,constant,0.8893333333333333,0.06033333333333335,0.3
rho0p7_seed17_width8_cosine,0.7,17,8,cosine,0.6633333333333333,0.28600000000000003,-0.9
rho0p7_seed17_width8_cosine,0.7,17,8,cosine,0.727,0.22233333333333338,-0.6
rho0p7_seed17_width8_cosine,0.7,17,8,cosine,0.7903333333333333,0.15900000000000003,-0.3
rho0p7_seed17_width8_cosine,0.7,17,8,cosine,0.847,0.10233333333333339,0.0
rho0p7_seed17_width8_cosine,0.7,17,8,cosine,0.8903333333333333,0.05900000000000005,0.3
rho0p7_seed18_width512_constant,0.7,18,512,constant,0.6863333333333334,0.266,-0.9
rho0p7_seed18_width512_constant,0.7,18,512,constant,0.733,0.21933333333333338,-0.6
rho0p7_seed18_width512_constant,0.7,18,512,constant,0.8056666666666666,0.14666666666666672,-0.3
rho0p7_seed18_width512_constant,0.7,18,512,constant,0.836,0.1163333333333334,0.0
rho0p7_seed18_width512_constant,0.7,18,512,constant,0.8736666666666667,0.07866666666666666,0.3
rho0p7_seed18_width512_cosine,0.7,18,512,cosine,0.6836666666666666,0.2706666666666667,-0.9
rho0p7_seed18_width512_cosine,0.7,18,512,cosine,0.733,0.22133333333333338,-0.6
rho0p7_seed18_width512_cosine,0.7,18,512,cosine,0.8053333333333333,0.14900000000000002,-0.3
rho0p7_seed18_width512_cosine,0.7,18,512,cosine,0.8413333333333334,0.11299999999999999,0.0
rho0p7_seed18_width512_cosine,0.7,18,512,cosine,0.8743333333333333,0.08000000000000007,0.3
rho0p7_seed18_width64_constant,0.7,18,64,constant,0.6806666666666666,0.2766666666666667,-0.9
rho0p7_seed18_width64_constant,0.7,18,64,constant,0.7356666666666667,0.22166666666666668,-0.6
rho0p7_seed18_width64_constant,0.7,18,64,constant,0.81,0.14733333333333332,-0.3
rho0p7_seed18_width64_constant,0.7,18,64,constant,0.841,0.1163333333333334,0.0
rho0p7_seed18_width64_constant,0.7,18,64,constant,0.8763333333333333,0.08100000000000007,0.3
rho0p7_seed18_width64_cosine,0.7,18,64,cosine,0.682,0.2756666666666666,-0.9
rho0p7_seed18_width64_cosine,0.7,18,64,cosine,0.7363333333333333,0.22133333333333338,-0.6
rho0p7_seed18_width64_cosine,0.7,18,64,cosine,0.8093333333333333,0.14833333333333332,-0.3
rho0p7_seed18_width64_cosine,0.7,18,64,cosine,0.8426666666666667,0.11499999999999999,0.0
rho0p7_seed18_width64_cosine,0.7,18,64,cosine,0.8783333333333333,0.07933333333333337,0.3
rho0p7_seed18_width8_constant,0.7,18,8,constant,0.679,0.2783333333333333,-0.9
rho0p7_seed18_width8_constant,0.7,18,8,constant,0.737,0.22033333333333338,-0.6
rho0p7_seed18_width8_constant,0.7,18,8,constant,0.8056666666666666,0.15166666666666673,-0.3
rho0p7_seed18_width8_constant,0.7,18,8,constant,0.843,0.1143333333333334,0.0
rho0p7_seed18_width8_constant,0.7,18,8,constant,0.874,0.08333333333333337,0.3
rho0p7_seed18_width8_cosine,0.7,18,8,cosine,0.6813333333333333,0.277,-0.9
rho0p7_seed18_width8_cosine,0.7,18,8,cosine,0.7376666666666667,0.22066666666666668,-0.6
rho0p7_seed18_width8_cosine,0.7,18,8,cosine,0.8076666666666666,0.15066666666666673,-0.3
rho0p7_seed18_width8_cosine,0.7,18,8,cosine,0.8436666666666667,0.1146666666666667,0.0
rho0p7_seed18_width8_cosine,0.7,18,8,cosine,0.8763333333333333,0.08200000000000007,0.3
rho0p7_seed19_width512_constant,0.7,19,512,constant,0.6696666666666666,0.2843333333333333,-0.9
rho0p7_seed19_width512_constant,0.7,19,512,constant,0.716,0.238,-0.6
rho0p7_seed19_width512_constant,0.7,19,512,constant,0.772,0.18199999999999994,-0.3
rho0p7_seed19_width512_constant,0.7,19,512,constant,0.8413333333333334,0.11266666666666658,0.0
rho0p7_seed19_width512_constant,0.7,19,512,constant,0.886,0.06799999999999995,0.3
rho0p7_seed19_width512_cosine,0.7,19,512,cosine,0.6873333333333334,0.268,-0.9
rho0p7_seed19_width512_cosine,0.7,19,512,cosine,0.7266666666666667,0.22866666666666668,-0.6
rho0p7_seed19_width512_cosine,0.7,19,512,cosine,0.784,0.17133333333333334,-0.3
rho0p7_seed19_width512_cosine,0.7,19,512,cosine,0.8446666666666667,0.11066666666666669,0.0
rho0p7_seed19_width512_cosine,0.7,19,512,cosine,0.891,0.06433333333333335,0.3
rho0p7_seed19_width64_constant,0.7,19,64,constant,0.685,0.2689999999999999,-0.9
rho0p7_seed19_width64_constant,0.7,19,64,constant,0.7273333333333334,0.22666666666666657,-0.6
rho0p7_seed19_width64_constant,0.7,19,64,constant,0.7826666666666666,0.17133333333333334,-0.3
rho0p7_seed19_width64_constant,0.7,19,64,constant,0.8423333333333334,0.11166666666666658,0.0
rho0p7_seed19_width64_constant,0.7,19,64,constant,0.892,0.061999999999999944,0.3
rho0p7_seed19_width64_cosine,0.7,19,64,cosine,0.6873333333333334,0.2686666666666666,-0.9
rho0p7_seed19_width64_cosine,0.7,19,64,cosine,0.724,0.23199999999999998,-0.6
rho0p7_seed19_width64_cosine,0.7,19,64,cosine,0.7863333333333333,0.16966666666666663,-0.3
rho0p7_seed19_width64_cosine,0.7,19,64,cosine,0.8446666666666667,0.11133333333333328,0.0
rho0p7_seed19_width64_cosine,0.7,19,64,cosine,0.8916666666666667,0.06433333333333324,0.3
rho0p7_seed19_width8_constant,0.7,19,8,constant,0.686,0.2716666666666666,-0.9
rho0p7_seed19_width8_constant,0.7,19,8,constant,0.729,0.22866666666666668,-0.6
rho0p7_seed19_width8_constant,0.7,19,8,constant,0.7866666666666666,0.17100000000000004,-0.3
rho0p7_seed19_width8_constant,0.7,19,8,constant,0.845,0.11266666666666669,0.0
rho0p7_seed19_width8_constant,0.7,19,8,constant,0.8886666666666667,0.06899999999999995,0.3
rho0p7_seed19_width8_cosine,0.7,19,8,cosine,0.6873333333333334,0.2713333333333333,-0.9
rho0p7_seed19_width8_cosine,0.7,19,8,cosine,0.729,0.22966666666666669,-0.6
rho0p7_seed19_width8_cosine,0.7,19,8,cosine,0.789,0.16966666666666663,-0.3
rho0p7_seed19_width8_cosine,0.7,19,8,cosine,0.8466666666666667,0.11199999999999999,0.0
rho0p7_seed19_width8_cosine,0.7,19,8,cosine,0.8876666666666667,0.07099999999999995,0.3
rho0p9_seed00_width512_constant,0.9,0,512,constant,0.25833333333333336,0.7329999999999999,-0.9
rho0p9_seed00_width512_constant,0.9,0,512,constant,0.48133333333333334,0.51,-0.6
rho0p9_seed00_width512_constant,0.9,0,512,constant,0.589,0.4023333333333333,-0.3
rho0p9_seed00_width512_constant,0.9,0,512,constant,0.7003333333333334,0.2909999999999999,0.0
rho0p9_seed00_width512_constant,0.9,0,512,constant,0.785,0.20633333333333326,0.3
rho0p9_seed00_width512_cosine,0.9,0,512,cosine,0.265,0.7263333333333333,-0.9
rho0p9_seed00_width512_cosine,0.9,0,512,cosine,0.483,0.5083333333333333,-0.6
rho0p9_seed00_width512_cosine,0.9,0,512,cosine,0.5943333333333334,0.3969999999999999,-0.3
rho0p9_seed00_width512_cosine,0.9,0,512,cosine,0.7026666666666667,0.2886666666666666,0.0
rho0p9_seed00_width512_cosine,0.9,0,512,cosine,0.7883333333333333,0.20299999999999996,0.3
rho0p9_seed00_width64_constant,0.9,0,64,constant,0.25566666666666665,0.7373333333333334,-0.9
rho0p9_seed00_width64_constant,0.9,0,64,constant,0.48133333333333334,0.5116666666666667,-0.6
rho0p9_seed00_width64_constant,0.9,0,64,constant,0.587,0.406,-0.3
rho0p9_seed00_width64_constant,0.9,0,64,constant,0.6973333333333334,0.29566666666666663,0.0
rho0p9_seed00_width64_constant,0.9,0,64,constant,0.7853333333333333,0.20766666666666667,0.3
rho0p9_seed00_width64_cosine,0.9,0,64,cosine,0.252,0.741,-0.9
rho0p9_seed00_width64_cosine,0.9,0,64,cosine,0.484,0.509,-0.6
rho0p9_seed00_width64_cosine,0.9,0,64,cosine,0.59,0.403,-0.3
rho0p9_seed00_width64_cosine,0.9,0,64,cosine,0.6983333333333334,0.29466666666666663,0.0
rho0p9_seed00_width64_cosine,0.9,0,64,cosine,0.7843333333333333,0.20866666666666667,0.3
rho0p9_seed00_width8_constant,0.9,0,8,constant,0.26166666666666666,0.7313333333333334,-0.9
rho0p9_seed00_width8_constant,0.9,0,8,constant,0.48833333333333334,0.5046666666666666,-0.6
rho0p9_seed00_width8_constant,0.9,0,8,constant,0.5966666666666667,0.3963333333333333,-0.3
rho0p9_seed00_width8_constant,0.9,0,8,constant,0.699,0.29400000000000004,0.0
rho0p9_seed00_width8_constant,0.9,0,8,constant,0.7883333333333333,0.20466666666666666,0.3
rho0p9_seed00_width8_cosine,0.9,0,8,cosine,0.2623333333333333,0.7306666666666667,-0.9
rho0p9_seed00_width8_cosine,0.9,0,8,cosine,0.48966666666666664,0.5033333333333334,-0.6
rho0p9_seed00_width8_cosine,0.9,0,8,cosine,0.5966666666666667,0.3963333333333333,-0.3
rho0p9_seed00_width8_cosine,0.9,0,8,cosine,0.6983333333333334,0.29466666666666663,0.0
rho0p9_seed00_width8_cosine,0.9,0,8,cosine,0.79,0.20299999999999996,0.3
rho0p9_seed01_width512_constant,0.9,1,512,constant,0.232,0.757,-0.9
rho0p9_seed01_width512_constant,0.9,1,512,constant,0.443,0.546,-0.6
rho0p9_seed01_width512_constant,0.9,1,512,constant,0.5573333333333333,0.43166666666666664,-0.3
rho0p9_seed01_width512_constant,0.9,1,512,constant,0.67,0.31899999999999995,0.0
rho0p9_seed01_width512_constant,0.9,1,512,constant,0.7706666666666667,0.21833333333333327,0.3
rho0p9_seed01_width512_cosine,0.9,1,512,cosine,0.23533333333333334,0.7536666666666667,-0.9
rho0p9_seed01_width512_cosine,0.9,1,512,cosine,0.447,0.542,-0.6
rho0p9_seed01_width512_cosine,0.9,1,512,cosine,0.5606666666666666,0.42833333333333334,-0.3
rho0p9_seed01_width512_cosine,0.9,1,512,cosine,0.672,0.31699999999999995,0.0
rho0p9_seed01_width512_cosine,0.9,1,512,cosine,0.772,0.21699999999999997,0.3
rho0p9_seed01_width64_constant,0.9,1,64,constant,0.23933333333333334,0.7493333333333334,-0.9
rho0p9_seed01_width64_constant,0.9,1,64,constant,0.4523333333333333,0.5363333333333333,-0.6
rho0p9_seed01_width64_constant,0.9,1,64,constant,0.563,0.42566666666666675,-0.3
rho0p9_seed01_width64_constant,0.9,1,64,constant,0.6736666666666666,0.31500000000000006,0.0
rho0p9_seed01_width64_constant,0.9,1,64,constant,0.7726666666666666,0.21600000000000008,0.3
rho0p9_seed01_width64_cosine,0.9,1,64,cosine,0.23733333333333334,0.7516666666666667,-0.9
rho0p9_seed01_width64_cosine,0.9,1,64,cosine,0.4523333333333333,0.5366666666666666,-0.6
rho0p9_seed01_width64_cosine,0.9,1,64,cosine,0.5616666666666666,0.42733333333333334,-0.3
rho0p9_seed01_width64_cosine,0.9,1,64,cosine,0.6713333333333333,0.31766666666666665,0.0
rho0p9_seed01_width64_cosine,0.9,1,64,cosine,0.7716666666666666,0.21733333333333338,0.3
rho0p9_seed01_width8_constant,0.9,1,8,constant,0.23033333333333333,0.7596666666666667,-0.9
rho0p9_seed01_width8_constant,0.9,1,8,constant,0.443,0.5469999999999999,-0.6
rho0p9_seed01_width8_constant,0.9,1,8,constant,0.5613333333333334,0.42866666666666664,-0.3
rho0p9_seed01_width8_constant,0.9,1,8,constant,0.6686666666666666,0.32133333333333336,0.0
rho0p9_seed01_width8_constant,0.9,1,8,constant,0.77,0.21999999999999997,0.3
rho0p9_seed01_width8_cosine,0.9,1,8,cosine,0.234,0.756,-0.9
rho0p9_seed01_width8_cosine,0.9,1,8,cosine,0.447,0.5429999999999999,-0.6
rho0p9_seed01_width8_cosine,0.9,1,8,cosine,0.5626666666666666,0.42733333333333334,-0.3
rho0p9_seed01_width8_cosine,0.9,1,8,cosine,0.6696666666666666,0.32033333333333336,0.0
rho0p9_seed01_width8_cosine,0.9,1,8,cosine,0.7716666666666666,0.21833333333333338,0.3
rho0p9_seed02_width512_constant,0.9,2,512,constant,0.223,0.771,-0.9
rho0p9_seed02_width512_constant,0.9,2,512,constant,0.44333333333333336,0.5506666666666666,-0.6
rho0p9_seed02_width512_constant,0.9,2,512,constant,0.545,0.44899999999999995,-0.3
rho0p9_seed02_width512_constant,0.9,2,512,constant,0.6726666666666666,0.32133333333333336,0.0
rho0p9_seed02_width512_constant,0.9,2,512,constant,0.771,0.22299999999999998,0.3
rho0p9_seed02_width512_cosine,0.9,2,512,cosine,0.22466666666666665,0.7693333333333333,-0.9
rho0p9_seed02_width512_cosine,0.9,2,512,cosine,0.43866666666666665,0.5553333333333333,-0.6
rho0p9_seed02_width512_cosine,0.9,2,512,cosine,0.5493333333333333,0.44466666666666665,-0.3
rho0p9_seed02_width512_cosine,0.9,2,512,cosine,0.6736666666666666,0.32033333333333336,0.0
rho0p9_seed02_width512_cosine,0.9,2,512,cosine,0.7736666666666666,0.22033333333333338,0.3
rho0p9_seed02_width64_constant,0.9,2,64,constant,0.22966666666666666,0.765,-0.9
rho0p9_seed02_width64_constant,0.9,2,64,constant,0.441,0.5536666666666668,-0.6
rho0p9_seed02_width64_constant,0.9,2,64,constant,0.5446666666666666,0.45000000000000007,-0.3
rho0p9_seed02_width64_constant,0.9,2,64,constant,0.679,0.31566666666666665,0.0
rho0p9_seed02_width64_constant,0.9,2,64,constant,0.7723333333333333,0.22233333333333338,0.3
rho0p9_seed02_width64_cosine,0.9,2,64,cosine,0.232,0.7626666666666667,-0.9
rho0p9_seed02_width64_cosine,0.9,2,64,cosine,0.44166666666666665,0.553,-0.6
rho0p9_seed02_width64_cosine,0.9,2,64,cosine,0.549,0.44566666666666666,-0.3
rho0p9_seed02_width64_cosine,0.9,2,64,cosine,0.678,0.31666666666666665,0.0
rho0p9_seed02_width64_cosine,0.9,2,64,cosine,0.771,0.22366666666666668,0.3
rho0p9_seed02_width8_constant,0.9,2,8,constant,0.242,0.752,-0.9
rho0p9_seed02_width8_constant,0.9,2,8,constant,0.45366666666666666,0.5403333333333333,-0.6
rho0p9_seed02_width8_constant,0.9,2,8,constant,0.558,0.43599999999999994,-0.3
rho0p9_seed02_width8_constant,0.9,2,8,constant,0.6883333333333334,0.30566666666666664,0.0
rho0p9_seed02_width8_constant,0.9,2,8,constant,0.7793333333333333,0.21466666666666667,0.3
rho0p9_seed02_width8_cosine,0.9,2,8,cosine,0.248,0.746,-0.9
rho0p9_seed02_width8_cosine,0.9,2,8,cosine,0.4543333333333333,0.5396666666666667,-0.6
rho0p9_seed02_width8_cosine,0.9,2,8,cosine,0.5586666666666666,0.43533333333333335,-0.3
rho0p9_seed02_width8_cosine,0.9,2,8,cosine,0.6886666666666666,0.30533333333333335,0.0
rho0p9_seed02_width8_cosine,0.9,2,8,cosine,0.7793333333333333,0.21466666666666667,0.3
rho0p9_seed03_width512_constant,0.9,3,512,constant,0.276,0.7163333333333333,-0.9
rho0p9_seed03_width512_constant,0.9,3,512,constant,0.471,0.5213333333333333,-0.6
rho0p9_seed03_width512_constant,0.9,3,512,constant,0.592,0.4003333333333333,-0.3
rho0p9_seed03_width512_constant,0.9,3,512,constant,0.6893333333333334,0.30299999999999994,0.0
rho0p9_seed03_width512_constant,0.9,3,512,constant,0.7723333333333333,0.21999999999999997,0.3
rho0p9_seed03_width512_cosine,0.9,3,512,cosine,0.277,0.7153333333333333,-0.9
rho0p9_seed03_width512_cosine,0.9,3,512,cosine,0.4756666666666667,0.5166666666666666,-0.6
rho0p9_seed03_width512_cosine,0.9,3,512,cosine,0.5936666666666667,0.3986666666666666,-0.3
rho0p9_seed03_width512_cosine,0.9,3,512,cosine,0.6886666666666666,0.30366666666666664,0.0
rho0p9_seed03_width512_cosine,0.9,3,512,cosine,0.7746666666666666,0.21766666666666667,0.3
rho0p9_seed03_width64_constant,0.9,3,64,constant,0.2743333333333333,0.7186666666666667,-0.9
rho0p9_seed03_width64_constant,0.9,3,64,constant,0.474,0.519,-0.6
rho0p9_seed03_width64_constant,0.9,3,64,constant,0.594,0.399,-0.3
rho0p9_seed03_width64_constant,0.9,3,64,constant,0.6916666666666667,0.30133333333333334,0.0
rho0p9_seed03_width64_constant,0.9,3,64,constant,0.7733333333333333,0.21966666666666668,0.3
rho0p9_seed03_width64_cosine,0.9,3,64,cosine,0.27066666666666667,0.7223333333333333,-0.9
rho0p9_seed03_width64_cosine,0.9,3,64,cosine,0.4693333333333333,0.5236666666666667,-0.6
rho0p9_seed03_width64_cosine,0.9,3,64,cosine,0.5923333333333334,0.4006666666666666,-0.3
rho0p9_seed03_width64_cosine,0.9,3,64,cosine,0.69,0.30300000000000005,0.0
rho0p9_seed03_width64_cosine,0.9,3,64,cosine,0.775,0.21799999999999997,0.3
rho0p9_seed03_width8_constant,0.9,3,8,constant,0.2683333333333333,0.7246666666666667,-0.9
rho0p9_seed03_width8_constant,0.9,3,8,constant,0.4646666666666667,0.5283333333333333,-0.6
rho0p9_seed03_width8_constant,0.9,3,8,constant,0.5866666666666667,0.4063333333333333,-0.3
rho0p9_seed03_width8_constant,0.9,3,8,constant,0.6876666666666666,0.30533333333333335,0.0
rho0p9_seed03_width8_constant,0.9,3,8,constant,0.776,0.21699999999999997,0.3
rho0p9_seed03_width8_cosine,0.9,3,8,cosine,0.2703333333333333,0.7216666666666667,-0.9
rho0p9_seed03_width8_cosine,0.9,3,8,cosine,0.4666666666666667,0.5253333333333333,-0.6
rho0p9_seed03_width8_cosine,0.9,3,8,cosine,0.5866666666666667,0.4053333333333333,-0.3
rho0p9_seed03_width8_cosine,0.9,3,8,cosine,0.6893333333333334,0.30266666666666664,0.0
rho0p9_seed03_width8_cosine,0.9,3,8,cosine,0.773,0.21899999999999997,0.3
rho0p9_seed04_width512_constant,0.9,4,512,constant,0.26066666666666666,0.734,-0.9
rho0p9_seed04_width512_constant,0.9,4,512,constant,0.44433333333333336,0.5503333333333333,-0.6
rho0p9_seed04_width512_constant,0.9,4,512,constant,0.5796666666666667,0.41500000000000004,-0.3
rho0p9_seed04_width512_constant,0.9,4,512,constant,0.684,0.31066666666666665,0.0
rho0p9_seed04_width512_constant,0.9,4,512,constant,0.784,0.21066666666666667,0.3
rho0p9_seed04_width512_cosine,0.9,4,512,cosine,0.257,0.7376666666666667,-0.9
rho0p9_seed04_width512_cosine,0.9,4,512,cosine,0.44333333333333336,0.5513333333333333,-0.6
rho0p9_seed04_width512_cosine,0.9,4,512,cosine,0.5793333333333334,0.41533333333333333,-0.3
rho0p9_seed04_width512_cosine,0.9,4,512,cosine,0.6843333333333333,0.31033333333333335,0.0
rho0p9_seed04_width512_cosine,0.9,4,512,cosine,0.7823333333333333,0.21233333333333337,0.3
rho0p9_seed04_width64_constant,0.9,4,64,constant,0.261,0.7333333333333333,-0.9
rho0p9_seed04_width64_constant,0.9,4,64,constant,0.44666666666666666,0.5476666666666666,-0.6
rho0p9_seed04_width64_constant,0.9,4,64,constant,0.5786666666666667,0.41566666666666663,-0.3
rho0p9_seed04_width64_constant,0.9,4,64,constant,0.6873333333333334,0.30699999999999994,0.0
rho0p9_seed04_width64_constant,0.9,4,64,constant,0.781,0.21333333333333326,0.3
rho0p9_seed04_width64_cosine,0.9,4,64,cosine,0.25833333333333336,0.736,-0.9
rho0p9_seed04_width64_cosine,0.9,4,64,cosine,0.44533333333333336,0.5489999999999999,-0.6
rho0p9_seed04_width64_cosine,0.9,4,64,cosine,0.5773333333333334,0.4169999999999999,-0.3
rho0p9_seed04_width64_cosine,0.9,4,64,cosine,0.687,0.30733333333333324,0.0
rho0p9_seed04_width64_cosine,0.9,4,64,cosine,0.781,0.21333333333333326,0.3
rho0p9_seed04_width8_constant,0.9,4,8,constant,0.266,0.7283333333333333,-0.9
rho0p9_seed04_width8_constant,0.9,4,8,constant,0.45166666666666666,0.5426666666666666,-0.6
rho0p9_seed04_width8_constant,0.9,4,8,constant,0.5793333333333334,0.4149999999999999,-0.3
rho0p9_seed04_width8_constant,0.9,4,8,constant,0.6866666666666666,0.30766666666666664,0.0
rho0p9_seed04_width8_constant,0.9,4,8,constant,0.782,0.21233333333333326,0.3
rho0p9_seed04_width8_cosine,0.9,4,8,cosine,0.2623333333333333,0.732,-0.9
rho0p9_seed04_width8_cosine,0.9,4,8,cosine,0.44866666666666666,0.5456666666666666,-0.6
rho0p9_seed04_width8_cosine,0.9,4,8,cosine,0.5773333333333334,0.4169999999999999,-0.3
rho0p9_seed04_width8_cosine,0.9,4,8,cosine,0.6846666666666666,0.30966666666666665,0.0
rho0p9_seed04_width8_cosine,0.9,4,8,cosine,0.78,0.21433333333333326,0.3
rho0p9_seed05_width512_constant,0.9,5,512,constant,0.27266666666666667,0.7206666666666666,-0.9
rho0p9_seed05_width512_constant,0.9,5,512,constant,0.4623333333333333,0.5309999999999999,-0.6
rho0p9_seed05_width512_constant,0.9,5,512,constant,0.5826666666666667,0.4106666666666666,-0.3
rho0p9_seed05_width512_constant,0.9,5,512,constant,0.6893333333333334,0.30399999999999994,0.0
rho0p9_seed05_width512_constant,0.9,5,512,constant,0.7813333333333333,0.21199999999999997,0.3
rho0p9_seed05_width512_cosine,0.9,5,512,cosine,0.27266666666666667,0.7203333333333333,-0.9
rho0p9_seed05_width512_cosine,0.9,5,512,cosine,0.4613333333333333,0.5316666666666667,-0.6
rho0p9_seed05_width512_cosine,0.9,5,512,cosine,0.5843333333333334,0.4086666666666666,-0.3
rho0p9_seed05_width512_cosine,0.9,5,512,cosine,0.6893333333333334,0.30366666666666664,0.0
rho0p9_seed05_width512_cosine,0.9,5,512,cosine,0.782,0.21099999999999997,0.3
rho0p9_seed05_width64_constant,0.9,5,64,constant,0.275,0.7176666666666667,-0.9
rho0p9_seed05_width64_constant,0.9,5,64,constant,0.45866666666666667,0.534,-0.6
rho0p9_seed05_width64_constant,0.9,5,64,constant,0.5853333333333334,0.4073333333333333,-0.3
rho0p9_seed05_width64_constant,0.9,5,64,constant,0.688,0.30466666666666675,0.0
rho0p9_seed05_width64_constant,0.9,5,64,constant,0.7823333333333333,0.21033333333333337,0.3
rho0p9_seed05_width64_cosine,0.9,5,64,cosine,0.271,0.7216666666666667,-0.9
rho0p9_seed05_width64_cosine,0.9,5,64,cosine,0.45866666666666667,0.534,-0.6
rho0p9_seed05_width64_cosine,0.9,5,64,cosine,0.583,0.40966666666666673,-0.3
rho0p9_seed05_width64_cosine,0.9,5,64,cosine,0.6866666666666666,0.30600000000000005,0.0
rho0p9_seed05_width64_cosine,0.9,5,64,cosine,0.7843333333333333,0.20833333333333337,0.3
rho0p9_seed05_width8_constant,0.9,5,8,constant,0.265,0.728,-0.9
rho0p9_seed05_width8_constant,0.9,5,8,constant,0.4573333333333333,0.5356666666666667,-0.6
rho0p9_seed05_width8_constant,0.9,5,8,constant,0.588,0.405,-0.3
rho0p9_seed05_width8_constant,0.9,5,8,constant,0.6893333333333334,0.30366666666666664,0.0
rho0p9_seed05_width8_constant,0.9,5,8,constant,0.7836666666666666,0.20933333333333337,0.3
rho0p9_seed05_width8_cosine,0.9,5,8,cosine,0.26033333333333336,0.7333333333333334,-0.9
rho0p9_seed05_width8_cosine,0.9,5,8,cosine,0.45366666666666666,0.54,-0.6
rho0p9_seed05_width8_cosine,0.9,5,8,cosine,0.5873333333333334,0.4063333333333333,-0.3
rho0p9_seed05_width8_cosine,0.9,5,8,cosine,0.6903333333333334,0.30333333333333334,0.0
rho0p9_seed05_width8_cosine,0.9,5,8,cosine,0.7813333333333333,0.21233333333333337,0.3
rho0p9_seed06_width512_constant,0.9,6,512,constant,0.2876666666666667,0.7076666666666667,-0.9
rho0p9_seed06_width512_constant,0.9,6,512,constant,0.4723333333333333,0.5229999999999999,-0.6
rho0p9_seed06_width512_constant,0.9,6,512,constant,0.5956666666666667,0.3996666666666666,-0.3
rho0p9_seed06_width512_constant,0.9,6,512,constant,0.6873333333333334,0.30799999999999994,0.0
rho0p9_seed06_width512_constant,0.9,6,512,constant,0.8006666666666666,0.19466666666666665,0.3
rho0p9_seed06_width512_cosine,0.9,6,512,cosine,0.2853333333333333,0.7096666666666667,-0.9
rho0p9_seed06_width512_cosine,0.9,6,512,cosine,0.468,0.5269999999999999,-0.6
rho0p9_seed06_width512_cosine,0.9,6,512,cosine,0.5946666666666667,0.4003333333333333,-0.3
rho0p9_seed06_width512_cosine,0.9,6,512,cosine,0.689,0.30600000000000005,0.0
rho0p9_seed06_width512_cosine,0.9,6,512,cosine,0.7996666666666666,0.19533333333333336,0.3
rho0p9_seed06_width64_constant,0.9,6,64,constant,0.2803333333333333,0.7153333333333334,-0.9
rho0p9_seed06_width64_constant,0.9,6,64,constant,0.457,0.5386666666666666,-0.6
rho0p9_seed06_width64_constant,0.9,6,64,constant,0.591,0.40466666666666673,-0.3
rho0p9_seed06_width64_constant,0.9,6,64,constant,0.6863333333333334,0.30933333333333335,0.0
rho0p9_seed06_width64_constant,0.9,6,64,constant,0.7946666666666666,0.20100000000000007,0.3
rho0p9_seed06_width64_cosine,0.9,6,64,cosine,0.2753333333333333,0.72,-0.9
rho0p9_seed06_width64_cosine,0.9,6,64,cosine,0.4543333333333333,0.5409999999999999,-0.6
rho0p9_seed06_width64_cosine,0.9,6,64,cosine,0.59,0.4053333333333333,-0.3
rho0p9_seed06_width64_cosine,0.9,6,64,cosine,0.686,0.30933333333333324,0.0
rho0p9_seed06_width64_cosine,0.9,6,64,cosine,0.7943333333333333,0.20099999999999996,0.3
rho0p9_seed06_width8_constant,0.9,6,8,constant,0.292,0.7030000000000001,-0.9
rho0p9_seed06_width8_constant,0.9,6,8,constant,0.469,0.526,-0.6
rho0p9_seed06_width8_constant,0.9,6,8,constant,0.5953333333333334,0.3996666666666666,-0.3
rho0p9_seed06_width8_constant,0.9,6,8,constant,0.6893333333333334,0.30566666666666664,0.0
rho0p9_seed06_width8_constant,0.9,6,8,constant,0.798,0.19699999999999995,0.3
rho0p9_seed06_width8_cosine,0.9,6,8,cosine,0.288,0.7070000000000001,-0.9
rho0p9_seed06_width8_cosine,0.9,6,8,cosine,0.4643333333333333,0.5306666666666666,-0.6
rho0p9_seed06_width8_cosine,0.9,6,8,cosine,0.5923333333333334,0.4026666666666666,-0.3
rho0p9_seed06_width8_cosine,0.9,6,8,cosine,0.6883333333333334,0.30666666666666664,0.0
rho0p9_seed06_width8_cosine,0.9,6,8,cosine,0.798,0.19699999999999995,0.3
rho0p9_seed07_width512_constant,0.9,7,512,constant,0.2693333333333333,0.7263333333333334,-0.9
rho0p9_seed07_width512_constant,0.9,7,512,constant,0.463,0.5326666666666666,-0.6
rho0p9_seed07_width512_constant,0.9,7,512,constant,0.5716666666666667,0.42400000000000004,-0.3
rho0p9_seed07_width512_constant,0.9,7,512,constant,0.6993333333333334,0.29633333333333334,0.0
rho0p9_seed07_width512_constant,0.9,7,512,constant,0.788,0.20766666666666667,0.3
rho0p9_seed07_width512_cosine,0.9,7,512,cosine,0.2773333333333333,0.7183333333333334,-0.9
rho0p9_seed07_width512_cosine,0.9,7,512,cosine,0.47,0.5256666666666667,-0.6
rho0p9_seed07_width512_cosine,0.9,7,512,cosine,0.5786666666666667,0.41700000000000004,-0.3
rho0p9_seed07_width512_cosine,0.9,7,512,cosine,0.7026666666666667,0.29300000000000004,0.0
rho0p9_seed07_width512_cosine,0.9,7,512,cosine,0.7896666666666666,0.20600000000000007,0.3
rho0p9_seed07_width64_constant,0.9,7,64,constant,0.2843333333333333,0.7106666666666667,-0.9
rho0p9_seed07_width64_constant,0.9,7,64,constant,0.476,0.519,-0.6
rho0p9_seed07_width64_constant,0.9,7,64,constant,0.5836666666666667,0.41133333333333333,-0.3
rho0p9_seed07_width64_constant,0.9,7,64,constant,0.706,0.28900000000000003,0.0
rho0p9_seed07_width64_constant,0.9,7,64,constant,0.794,0.20099999999999996,0.3
rho0p9_seed07_width64_cosine,0.9,7,64,cosine,0.28933333333333333,0.7053333333333334,-0.9
rho0p9_seed07_width64_cosine,0.9,7,64,cosine,0.481,0.5136666666666667,-0.6
rho0p9_seed07_width64_cosine,0.9,7,64,cosine,0.585,0.40966666666666673,-0.3
rho0p9_seed07_width64_cosine,0.9,7,64,cosine,0.7086666666666667,0.28600000000000003,0.0
rho0p9_seed07_width64_cosine,0.9,7,64,cosine,0.7946666666666666,0.20000000000000007,0.3
rho0p9_seed07_width8_constant,0.9,7,8,constant,0.2906666666666667,0.7053333333333334,-0.9
rho0p9_seed07_width8_constant,0.9,7,8,constant,0.47733333333333333,0.5186666666666666,-0.6
rho0p9_seed07_width8_constant,0.9,7,8,constant,0.5833333333333334,0.4126666666666666,-0.3
rho0p9_seed07_width8_constant,0.9,7,8,constant,0.7036666666666667,0.29233333333333333,0.0
rho0p9_seed07_width8_constant,0.9,7,8,constant,0.7953333333333333,0.20066666666666666,0.3
rho0p9_seed07_width8_cosine,0.9,7,8,cosine,0.2926666666666667,0.7036666666666667,-0.9
rho0p9_seed07_width8_cosine,0.9,7,8,cosine,0.476,0.5203333333333333,-0.6
rho0p9_seed07_width8_cosine,0.9,7,8,cosine,0.585,0.41133333333333333,-0.3
rho0p9_seed07_width8_cosine,0.9,7,8,cosine,0.7046666666666667,0.29166666666666663,0.0
rho0p9_seed07_width8_cosine,0.9,7,8,cosine,0.7963333333333333,0.19999999999999996,0.3
rho0p9_seed08_width512_constant,0.9,8,512,constant,0.31133333333333335,0.6833333333333333,-0.9
rho0p9_seed08_width512_constant,0.9,8,512,constant,0.489,0.5056666666666667,-0.6
rho0p9_seed08_width512_constant,0.9,8,512,constant,0.589,0.40566666666666673,-0.3
rho0p9_seed08_width512_constant,0.9,8,512,constant,0.687,0.30766666666666664,0.0
rho0p9_seed08_width512_constant,0.9,8,512,constant,0.7973333333333333,0.19733333333333336,0.3
rho0p9_seed08_width512_cosine,0.9,8,512,cosine,0.308,0.6863333333333332,-0.9
rho0p9_seed08_width512_cosine,0.9,8,512,cosine,0.4876666666666667,0.5066666666666666,-0.6
rho0p9_seed08_width512_cosine,0.9,8,512,cosine,0.589,0.4053333333333333,-0.3
rho0p9_seed08_width512_cosine,0.9,8,512,cosine,0.6873333333333334,0.30699999999999994,0.0
rho0p9_seed08_width512_cosine,0.9,8,512,cosine,0.7943333333333333,0.19999999999999996,0.3
rho0p9_seed08_width64_constant,0.9,8,64,constant,0.30733333333333335,0.6869999999999999,-0.9
rho0p9_seed08_width64_constant,0.9,8,64,constant,0.49166666666666664,0.5026666666666666,-0.6
rho0p9_seed08_width64_constant,0.9,8,64,constant,0.589,0.4053333333333333,-0.3
rho0p9_seed08_width64_constant,0.9,8,64,constant,0.688,0.30633333333333335,0.0
rho0p9_seed08_width64_constant,0.9,8,64,constant,0.7926666666666666,0.20166666666666666,0.3
rho0p9_seed08_width64_cosine,0.9,8,64,cosine,0.3006666666666667,0.6933333333333334,-0.9
rho0p9_seed08_width64_cosine,0.9,8,64,cosine,0.4846666666666667,0.5093333333333333,-0.6
rho0p9_seed08_width64_cosine,0.9,8,64,cosine,0.5853333333333334,0.4086666666666666,-0.3
rho0p9_seed08_width64_cosine,0.9,8,64,cosine,0.6863333333333334,0.30766666666666664,0.0
rho0p9_seed08_width64_cosine,0.9,8,64,cosine,0.79,0.20399999999999996,0.3
rho0p9_seed08_width8_constant,0.9,8,8,constant,0.30766666666666664,0.6873333333333334,-0.9
rho0p9_seed08_width8_constant,0.9,8,8,constant,0.491,0.504,-0.6
rho0p9_seed08_width8_constant,0.9,8,8,constant,0.5836666666666667,0.41133333333333333,-0.3
rho0p9_seed08_width8_constant,0.9,8,8,constant,0.687,0.30799999999999994,0.0
rho0p9_seed08_width8_constant,0.9,8,8,constant,0.7936666666666666,0.20133333333333336,0.3
rho0p9_seed08_width8_cosine,0.9,8,8,cosine,0.303,0.6916666666666667,-0.9
rho0p9_seed08_width8_cosine,0.9,8,8,cosine,0.48833333333333334,0.5063333333333333,-0.6
rho0p9_seed08_width8_cosine,0.9,8,8,cosine,0.5823333333333334,0.41233333333333333,-0.3
rho0p9_seed08_width8_cosine,0.9,8,8,cosine,0.6836666666666666,0.31100000000000005,0.0
rho0p9_seed08_width8_cosine,0.9,8,8,cosine,0.7906666666666666,0.20400000000000007,0.3
rho0p9_seed09_width512_constant,0.9,9,512,constant,0.26766666666666666,0.7253333333333334,-0.9
rho0p9_seed09_width512_constant,0.9,9,512,constant,0.485,0.508,-0.6
rho0p9_seed09_width512_constant,0.9,9,512,constant,0.5833333333333334,0.4096666666666666,-0.3
rho0p9_seed09_width512_constant,0.9,9,512,constant,0.693,0.30000000000000004,0.0
rho0p9_seed09_width512_constant,0.9,9,512,constant,0.7836666666666666,0.20933333333333337,0.3
rho0p9_seed09_width512_cosine,0.9,9,512,cosine,0.26766666666666666,0.726,-0.9
rho0p9_seed09_width512_cosine,0.9,9,512,cosine,0.4856666666666667,0.508,-0.6
rho0p9_seed09_width512_cosine,0.9,9,512,cosine,0.5856666666666667,0.40800000000000003,-0.3
rho0p9_seed09_width512_cosine,0.9,9,512,cosine,0.6923333333333334,0.30133333333333334,0.0
rho0p9_seed09_width512_cosine,0.9,9,512,cosine,0.785,0.20866666666666667,0.3
rho0p9_seed09_width64_constant,0.9,9,64,constant,0.2633333333333333,0.7296666666666667,-0.9
rho0p9_seed09_width64_constant,0.9,9,64,constant,0.482,0.511,-0.6
rho0p9_seed09_width64_constant,0.9,9,64,constant,0.5853333333333334,0.4076666666666666,-0.3
rho0p9_seed09_width64_constant,0.9,9,64,constant,0.6906666666666667,0.30233333333333334,0.0
rho0p9_seed09_width64_constant,0.9,9,64,constant,0.7833333333333333,0.20966666666666667,0.3
rho0p9_seed09_width64_cosine,0.9,9,64,cosine,0.265,0.7283333333333333,-0.9
rho0p9_seed09_width64_cosine,0.9,9,64,cosine,0.4816666666666667,0.5116666666666666,-0.6
rho0p9_seed09_width64_cosine,0.9,9,64,cosine,0.5856666666666667,0.4076666666666666,-0.3
rho0p9_seed09_width64_cosine,0.9,9,64,cosine,0.692,0.30133333333333334,0.0
rho0p9_seed09_width64_cosine,0.9,9,64,cosine,0.7836666666666666,0.20966666666666667,0.3
rho0p9_seed09_width8_constant,0.9,9,8,constant,0.275,0.7183333333333333,-0.9
rho0p9_seed09_width8_constant,0.9,9,8,constant,0.49133333333333334,0.502,-0.6
rho0p9_seed09_width8_constant,0.9,9,8,constant,0.5833333333333334,0.4099999999999999,-0.3
rho0p9_seed09_width8_constant,0.9,9,8,constant,0.6933333333333334,0.29999999999999993,0.0
rho0p9_seed09_width8_constant,0.9,9,8,constant,0.7883333333333333,0.20499999999999996,0.3
rho0p9_seed09_width8_cosine,0.9,9,8,cosine,0.275,0.7186666666666667,-0.9
rho0p9_seed09_width8_cosine,0.9,9,8,cosine,0.49233333333333335,0.5013333333333334,-0.6
rho0p9_seed09_width8_cosine,0.9,9,8,cosine,0.586,0.40766666666666673,-0.3
rho0p9_seed09_width8_cosine,0.9,9,8,cosine,0.6936666666666667,0.30000000000000004,0.0
rho0p9_seed09_width8_cosine,0.9,9,8,cosine,0.7873333333333333,0.20633333333333337,0.3
rho0p9_seed10_width512_constant,0.9,10,512,constant,0.24066666666666667,0.7526666666666666,-0.9
rho0p9_seed10_width512_constant,0.9,10,512,constant,0.44433333333333336,0.5489999999999999,-0.6
rho0p9_seed10_width512_constant,0.9,10,512,constant,0.561,0.43233333333333324,-0.3
rho0p9_seed10_width512_constant,0.9,10,512,constant,0.668,0.32533333333333325,0.0
rho0p9_seed10_width512_constant,0.9,10,512,constant,0.7676666666666667,0.22566666666666657,0.3
rho0p9_seed10_width512_cosine,0.9,10,512,cosine,0.25066666666666665,0.7423333333333333,-0.9
rho0p9_seed10_width512_cosine,0.9,10,512,cosine,0.44866666666666666,0.5443333333333333,-0.6
rho0p9_seed10_width512_cosine,0.9,10,512,cosine,0.5626666666666666,0.43033333333333335,-0.3
rho0p9_seed10_width512_cosine,0.9,10,512,cosine,0.6723333333333333,0.32066666666666666,0.0
rho0p9_seed10_width512_cosine,0.9,10,512,cosine,0.77,0.22299999999999998,0.3
rho0p9_seed10_width64_constant,0.9,10,64,constant,0.245,0.7493333333333333,-0.9
rho0p9_seed10_width64_constant,0.9,10,64,constant,0.4553333333333333,0.5389999999999999,-0.6
rho0p9_seed10_width64_constant,0.9,10,64,constant,0.562,0.43233333333333324,-0.3
rho0p9_seed10_width64_constant,0.9,10,64,constant,0.6726666666666666,0.32166666666666666,0.0
rho0p9_seed10_width64_constant,0.9,10,64,constant,0.7726666666666666,0.22166666666666668,0.3
rho0p9_seed10_width64_cosine,0.9,10,64,cosine,0.246,0.7486666666666667,-0.9
rho0p9_seed10_width64_cosine,0.9,10,64,cosine,0.45766666666666667,0.537,-0.6
rho0p9_seed10_width64_cosine,0.9,10,64,cosine,0.565,0.42966666666666675,-0.3
rho0p9_seed10_width64_cosine,0.9,10,64,cosine,0.6743333333333333,0.32033333333333336,0.0
rho0p9_seed10_width64_cosine,0.9,10,64,cosine,0.774,0.22066666666666668,0.3
rho0p9_seed10_width8_constant,0.9,10,8,constant,0.2613333333333333,0.7306666666666667,-0.9
rho0p9_seed10_width8_constant,0.9,10,8,constant,0.4593333333333333,0.5326666666666666,-0.6
rho0p9_seed10_width8_constant,0.9,10,8,constant,0.568,0.42400000000000004,-0.3
rho0p9_seed10_width8_constant,0.9,10,8,constant,0.6763333333333333,0.31566666666666665,0.0
rho0p9_seed10_width8_constant,0.9,10,8,constant,0.775,0.21699999999999997,0.3
rho0p9_seed10_width8_cosine,0.9,10,8,cosine,0.268,0.7243333333333333,-0.9
rho0p9_seed10_width8_cosine,0.9,10,8,cosine,0.4633333333333333,0.5289999999999999,-0.6
rho0p9_seed10_width8_cosine,0.9,10,8,cosine,0.5706666666666667,0.42166666666666663,-0.3
rho0p9_seed10_width8_cosine,0.9,10,8,cosine,0.6796666666666666,0.31266666666666665,0.0
rho0p9_seed10_width8_cosine,0.9,10,8,cosine,0.7783333333333333,0.21399999999999997,0.3
rho0p9_seed11_width512_constant,0.9,11,512,constant,0.311,0.6833333333333333,-0.9
rho0p9_seed11_width512_constant,0.9,11,512,constant,0.5016666666666667,0.4926666666666666,-0.6
rho0p9_seed11_width512_constant,0.9,11,512,constant,0.609,0.3853333333333333,-0.3
rho0p9_seed11_width512_constant,0.9,11,512,constant,0.6793333333333333,0.31499999999999995,0.0
rho0p9_seed11_width512_constant,0.9,11,512,constant,0.805,0.18933333333333324,0.3
rho0p9_seed11_width512_cosine,0.9,11,512,cosine,0.305,0.69,-0.9
rho0p9_seed11_width512_cosine,0.9,11,512,cosine,0.49733333333333335,0.49766666666666665,-0.6
rho0p9_seed11_width512_cosine,0.9,11,512,cosine,0.6073333333333333,0.3876666666666667,-0.3
rho0p9_seed11_width512_cosine,0.9,11,512,cosine,0.678,0.31699999999999995,0.0
rho0p9_seed11_width512_cosine,0.9,11,512,cosine,0.804,0.19099999999999995,0.3
rho0p9_seed11_width64_constant,0.9,11,64,constant,0.2926666666666667,0.7016666666666667,-0.9
rho0p9_seed11_width64_constant,0.9,11,64,constant,0.49,0.5043333333333333,-0.6
rho0p9_seed11_width64_constant,0.9,11,64,constant,0.6003333333333334,0.3939999999999999,-0.3
rho0p9_seed11_width64_constant,0.9,11,64,constant,0.6716666666666666,0.32266666666666666,0.0
rho0p9_seed11_width64_constant,0.9,11,64,constant,0.8063333333333333,0.18799999999999994,0.3
rho0p9_seed11_width64_cosine,0.9,11,64,cosine,0.292,0.7026666666666668,-0.9
rho0p9_seed11_width64_cosine,0.9,11,64,cosine,0.489,0.5056666666666667,-0.6
rho0p9_seed11_width64_cosine,0.9,11,64,cosine,0.598,0.3966666666666667,-0.3
rho0p9_seed11_width64_cosine,0.9,11,64,cosine,0.6743333333333333,0.32033333333333336,0.0
rho0p9_seed11_width64_cosine,0.9,11,64,cosine,0.8046666666666666,0.19000000000000006,0.3
rho0p9_seed11_width8_constant,0.9,11,8,constant,0.297,0.698,-0.9
rho0p9_seed11_width8_constant,0.9,11,8,constant,0.497,0.498,-0.6
rho0p9_seed11_width8_constant,0.9,11,8,constant,0.6053333333333333,0.3896666666666667,-0.3
rho0p9_seed11_width8_constant,0.9,11,8,constant,0.6803333333333333,0.31466666666666665,0.0
rho0p9_seed11_width8_constant,0.9,11,8,constant,0.805,0.18999999999999995,0.3
rho0p9_seed11_width8_cosine,0.9,11,8,cosine,0.28933333333333333,0.7056666666666667,-0.9
rho0p9_seed11_width8_cosine,0.9,11,8,cosine,0.495,0.5,-0.6
rho0p9_seed11_width8_cosine,0.9,11,8,cosine,0.603,0.392,-0.3
rho0p9_seed11_width8_cosine,0.9,11,8,cosine,0.678,0.31699999999999995,0.0
rho0p9_seed11_width8_cosine,0.9,11,8,cosine,0.8056666666666666,0.18933333333333335,0.3
rho0p9_seed12_width512_constant,0.9,12,512,constant,0.2653333333333333,0.7273333333333334,-0.9
rho0p9_seed12_width512_constant,0.9,12,512,constant,0.4543333333333333,0.5383333333333333,-0.6
rho0p9_seed12_width512_constant,0.9,12,512,constant,0.5733333333333334,0.41933333333333334,-0.3
rho0p9_seed12_width512_constant,0.9,12,512,constant,0.6756666666666666,0.31700000000000006,0.0
rho0p9_seed12_width512_constant,0.9,12,512,constant,0.771,0.22166666666666668,0.3
rho0p9_seed12_width512_cosine,0.9,12,512,cosine,0.262,0.7303333333333333,-0.9
rho0p9_seed12_width512_cosine,0.9,12,512,cosine,0.452,0.5403333333333333,-0.6
rho0p9_seed12_width512_cosine,0.9,12,512,cosine,0.5716666666666667,0.42066666666666663,-0.3
rho0p9_seed12_width512_cosine,0.9,12,512,cosine,0.6723333333333333,0.31999999999999995,0.0
rho0p9_seed12_width512_cosine,0.9,12,512,cosine,0.7706666666666667,0.22166666666666657,0.3
rho0p9_seed12_width64_constant,0.9,12,64,constant,0.2613333333333333,0.731,-0.9
rho0p9_seed12_width64_constant,0.9,12,64,constant,0.449,0.5433333333333332,-0.6
rho0p9_seed12_width64_constant,0.9,12,64,constant,0.57,0.42233333333333334,-0.3
rho0p9_seed12_width64_constant,0.9,12,64,constant,0.675,0.31733333333333325,0.0
rho0p9_seed12_width64_constant,0.9,12,64,constant,0.7706666666666667,0.22166666666666657,0.3
rho0p9_seed12_width64_cosine,0.9,12,64,cosine,0.261,0.7313333333333333,-0.9
rho0p9_seed12_width64_cosine,0.9,12,64,cosine,0.44966666666666666,0.5426666666666666,-0.6
rho0p9_seed12_width64_cosine,0.9,12,64,cosine,0.5693333333333334,0.42299999999999993,-0.3
rho0p9_seed12_width64_cosine,0.9,12,64,cosine,0.67,0.32233333333333325,0.0
rho0p9_seed12_width64_cosine,0.9,12,64,cosine,0.771,0.22133333333333327,0.3
rho0p9_seed12_width8_constant,0.9,12,8,constant,0.265,0.7266666666666667,-0.9
rho0p9_seed12_width8_constant,0.9,12,8,constant,0.45666666666666667,0.535,-0.6
rho0p9_seed12_width8_constant,0.9,12,8,constant,0.576,0.41566666666666674,-0.3
rho0p9_seed12_width8_constant,0.9,12,8,constant,0.678,0.31366666666666665,0.0
rho0p9_seed12_width8_constant,0.9,12,8,constant,0.7753333333333333,0.21633333333333338,0.3
rho0p9_seed12_width8_cosine,0.9,12,8,cosine,0.263,0.7286666666666667,-0.9
rho0p9_seed12_width8_cosine,0.9,12,8,cosine,0.45566666666666666,0.536,-0.6
rho0p9_seed12_width8_cosine,0.9,12,8,cosine,0.5743333333333334,0.41733333333333333,-0.3
rho0p9_seed12_width8_cosine,0.9,12,8,cosine,0.6786666666666666,0.31300000000000006,0.0
rho0p9_seed12_width8_cosine,0.9,12,8,cosine,0.7746666666666666,0.21700000000000008,0.3
rho0p9_seed13_width512_constant,0.9,13,512,constant,0.25466666666666665,0.738,-0.9
rho0p9_seed13_width512_constant,0.9,13,512,constant,0.4696666666666667,0.523,-0.6
rho0p9_seed13_width512_constant,0.9,13,512,constant,0.5593333333333333,0.43333333333333335,-0.3
rho0p9_seed13_width512_constant,0.9,13,512,constant,0.667,0.32566666666666666,0.0
rho0p9_seed13_width512_constant,0.9,13,512,constant,0.7826666666666666,0.21000000000000008,0.3
rho0p9_seed13_width512_cosine,0.9,13,512,cosine,0.261,0.732,-0.9
rho0p9_seed13_width512_cosine,0.9,13,512,cosine,0.4706666666666667,0.5223333333333333,-0.6
rho0p9_seed13_width512_cosine,0.9,13,512,cosine,0.564,0.42900000000000005,-0.3
rho0p9_seed13_width512_cosine,0.9,13,512,cosine,0.666,0.32699999999999996,0.0
rho0p9_seed13_width512_cosine,0.9,13,512,cosine,0.7826666666666666,0.21033333333333337,0.3
rho0p9_seed13_width64_constant,0.9,13,64,constant,0.25866666666666666,0.7356666666666667,-0.9
rho0p9_seed13_width64_constant,0.9,13,64,constant,0.473,0.5213333333333333,-0.6
rho0p9_seed13_width64_constant,0.9,13,64,constant,0.5666666666666667,0.42766666666666664,-0.3
rho0p9_seed13_width64_constant,0.9,13,64,constant,0.6706666666666666,0.32366666666666666,0.0
rho0p9_seed13_width64_constant,0.9,13,64,constant,0.7836666666666666,0.21066666666666667,0.3
rho0p9_seed13_width64_cosine,0.9,13,64,cosine,0.26033333333333336,0.7346666666666666,-0.9
rho0p9_seed13_width64_cosine,0.9,13,64,cosine,0.4716666666666667,0.5233333333333333,-0.6
rho0p9_seed13_width64_cosine,0.9,13,64,cosine,0.5666666666666667,0.42833333333333334,-0.3
rho0p9_seed13_width64_cosine,0.9,13,64,cosine,0.6666666666666666,0.32833333333333337,0.0
rho0p9_seed13_width64_cosine,0.9,13,64,cosine,0.782,0.21299999999999997,0.3
rho0p9_seed13_width8_constant,0.9,13,8,constant,0.26966666666666667,0.724,-0.9
rho0p9_seed13_width8_constant,0.9,13,8,constant,0.47833333333333333,0.5153333333333334,-0.6
rho0p9_seed13_width8_constant,0.9,13,8,constant,0.5703333333333334,0.42333333333333334,-0.3
rho0p9_seed13_width8_constant,0.9,13,8,constant,0.6736666666666666,0.32000000000000006,0.0
rho0p9_seed13_width8_constant,0.9,13,8,constant,0.787,0.20666666666666667,0.3
rho0p9_seed13_width8_cosine,0.9,13,8,cosine,0.267,0.7266666666666667,-0.9
rho0p9_seed13_width8_cosine,0.9,13,8,cosine,0.4756666666666667,0.518,-0.6
rho0p9_seed13_width8_cosine,0.9,13,8,cosine,0.5696666666666667,0.42400000000000004,-0.3
rho0p9_seed13_width8_cosine,0.9,13,8,cosine,0.6726666666666666,0.32100000000000006,0.0
rho0p9_seed13_width8_cosine,0.9,13,8,cosine,0.7853333333333333,0.20833333333333337,0.3
rho0p9_seed14_width512_constant,0.9,14,512,constant,0.281,0.7113333333333333,-0.9
rho0p9_seed14_width512_constant,0.9,14,512,constant,0.4786666666666667,0.5136666666666666,-0.6
rho0p9_seed14_width512_constant,0.9,14,512,constant,0.5846666666666667,0.4076666666666666,-0.3
rho0p9_seed14_width512_constant,0.9,14,512,constant,0.6913333333333334,0.30099999999999993,0.0
rho0p9_seed14_width512_constant,0.9,14,512,constant,0.7773333333333333,0.21499999999999997,0.3
rho0p9_seed14_width512_cosine,0.9,14,512,cosine,0.2783333333333333,0.7133333333333334,-0.9
rho0p9_seed14_width512_cosine,0.9,14,512,cosine,0.47833333333333333,0.5133333333333334,-0.6
rho0p9_seed14_width512_cosine,0.9,14,512,cosine,0.583,0.40866666666666673,-0.3
rho0p9_seed14_width512_cosine,0.9,14,512,cosine,0.6916666666666667,0.30000000000000004,0.0
rho0p9_seed14_width512_cosine,0.9,14,512,cosine,0.7776666666666666,0.21400000000000008,0.3
rho0p9_seed14_width64_constant,0.9,14,64,constant,0.26466666666666666,0.7276666666666667,-0.9
rho0p9_seed14_width64_constant,0.9,14,64,constant,0.4716666666666667,0.5206666666666666,-0.6
rho0p9_seed14_width64_constant,0.9,14,64,constant,0.5796666666666667,0.4126666666666666,-0.3
rho0p9_seed14_width64_constant,0.9,14,64,constant,0.69,0.30233333333333334,0.0
rho0p9_seed14_width64_constant,0.9,14,64,constant,0.7736666666666666,0.21866666666666668,0.3
rho0p9_seed14_width64_cosine,0.9,14,64,cosine,0.25966666666666666,0.7323333333333333,-0.9
rho0p9_seed14_width64_cosine,0.9,14,64,cosine,0.4666666666666667,0.5253333333333333,-0.6
rho0p9_seed14_width64_cosine,0.9,14,64,cosine,0.574,0.41800000000000004,-0.3
rho0p9_seed14_width64_cosine,0.9,14,64,cosine,0.685,0.30699999999999994,0.0
rho0p9_seed14_width64_cosine,0.9,14,64,cosine,0.7713333333333333,0.22066666666666668,0.3
rho0p9_seed14_width8_constant,0.9,14,8,constant,0.24933333333333332,0.7433333333333334,-0.9
rho0p9_seed14_width8_constant,0.9,14,8,constant,0.464,0.5286666666666666,-0.6
rho0p9_seed14_width8_constant,0.9,14,8,constant,0.5733333333333334,0.41933333333333334,-0.3
rho0p9_seed14_width8_constant,0.9,14,8,constant,0.686,0.30666666666666664,0.0
rho0p9_seed14_width8_constant,0.9,14,8,constant,0.7746666666666666,0.21800000000000008,0.3
rho0p9_seed14_width8_cosine,0.9,14,8,cosine,0.246,0.7473333333333333,-0.9
rho0p9_seed14_width8_cosine,0.9,14,8,cosine,0.4633333333333333,0.53,-0.6
rho0p9_seed14_width8_cosine,0.9,14,8,cosine,0.5716666666666667,0.42166666666666663,-0.3
rho0p9_seed14_width8_cosine,0.9,14,8,cosine,0.6846666666666666,0.30866666666666664,0.0
rho0p9_seed14_width8_cosine,0.9,14,8,cosine,0.774,0.21933333333333327,0.3
rho0p9_seed15_width512_constant,0.9,15,512,constant,0.238,0.755,-0.9
rho0p9_seed15_width512_constant,0.9,15,512,constant,0.444,0.5489999999999999,-0.6
rho0p9_seed15_width512_constant,0.9,15,512,constant,0.5803333333333334,0.4126666666666666,-0.3
rho0p9_seed15_width512_constant,0.9,15,512,constant,0.6836666666666666,0.30933333333333335,0.0
rho0p9_seed15_width512_constant,0.9,15,512,constant,0.7713333333333333,0.22166666666666668,0.3
rho0p9_seed15_width512_cosine,0.9,15,512,cosine,0.241,0.753,-0.9
rho0p9_seed15_width512_cosine,0.9,15,512,cosine,0.44566666666666666,0.5483333333333333,-0.6
rho0p9_seed15_width512_cosine,0.9,15,512,cosine,0.581,0.41300000000000003,-0.3
rho0p9_seed15_width512_cosine,0.9,15,512,cosine,0.684,0.30999999999999994,0.0
rho0p9_seed15_width512_cosine,0.9,15,512,cosine,0.7733333333333333,0.22066666666666668,0.3
rho0p9_seed15_width64_constant,0.9,15,64,constant,0.244,0.7503333333333333,-0.9
rho0p9_seed15_width64_constant,0.9,15,64,constant,0.447,0.5473333333333332,-0.6
rho0p9_seed15_width64_constant,0.9,15,64,constant,0.585,0.4093333333333333,-0.3
rho0p9_seed15_width64_constant,0.9,15,64,constant,0.682,0.31233333333333324,0.0
rho0p9_seed15_width64_constant,0.9,15,64,constant,0.7736666666666666,0.22066666666666668,0.3
rho0p9_seed15_width64_cosine,0.9,15,64,cosine,0.248,0.7463333333333333,-0.9
rho0p9_seed15_width64_cosine,0.9,15,64,cosine,0.45,0.5443333333333333,-0.6
rho0p9_seed15_width64_cosine,0.9,15,64,cosine,0.587,0.4073333333333333,-0.3
rho0p9_seed15_width64_cosine,0.9,15,64,cosine,0.6836666666666666,0.31066666666666665,0.0
rho0p9_seed15_width64_cosine,0.9,15,64,cosine,0.775,0.21933333333333327,0.3
rho0p9_seed15_width8_constant,0.9,15,8,constant,0.25033333333333335,0.744,-0.9
rho0p9_seed15_width8_constant,0.9,15,8,constant,0.45166666666666666,0.5426666666666666,-0.6
rho0p9_seed15_width8_constant,0.9,15,8,constant,0.5903333333333334,0.4039999999999999,-0.3
rho0p9_seed15_width8_constant,0.9,15,8,constant,0.6866666666666666,0.30766666666666664,0.0
rho0p9_seed15_width8_constant,0.9,15,8,constant,0.773,0.22133333333333327,0.3
rho0p9_seed15_width8_cosine,0.9,15,8,cosine,0.252,0.7423333333333333,-0.9
rho0p9_seed15_width8_cosine,0.9,15,8,cosine,0.45266666666666666,0.5416666666666666,-0.6
rho0p9_seed15_width8_cosine,0.9,15,8,cosine,0.5916666666666667,0.4026666666666666,-0.3
rho0p9_seed15_width8_cosine,0.9,15,8,cosine,0.6863333333333334,0.30799999999999994,0.0
rho0p9_seed15_width8_cosine,0.9,15,8,cosine,0.7706666666666667,0.22366666666666657,0.3
rho0p9_seed16_width512_constant,0.9,16,512,constant,0.283,0.7116666666666667,-0.9
rho0p9_seed16_width512_constant,0.9,16,512,constant,0.4766666666666667,0.518,-0.6
rho0p9_seed16_width512_constant,0.9,16,512,constant,0.579,0.41566666666666674,-0.3
rho0p9_seed16_width512_constant,0.9,16,512,constant,0.6893333333333334,0.30533333333333335,0.0
rho0p9_seed16_width512_constant,0.9,16,512,constant,0.7896666666666666,0.20500000000000007,0.3
rho0p9_seed16_width512_cosine,0.9,16,512,cosine,0.2836666666666667,0.7106666666666666,-0.9
rho0p9_seed16_width512_cosine,0.9,16,512,cosine,0.476,0.5183333333333333,-0.6
rho0p9_seed16_width512_cosine,0.9,16,512,cosine,0.58,0.41433333333333333,-0.3
rho0p9_seed16_width512_cosine,0.9,16,512,cosine,0.689,0.30533333333333335,0.0
rho0p9_seed16_width512_cosine,0.9,16,512,cosine,0.79,0.20433333333333326,0.3
rho0p9_seed16_width64_constant,0.9,16,64,constant,0.287,0.7083333333333333,-0.9
rho0p9_seed16_width64_constant,0.9,16,64,constant,0.48333333333333334,0.512,-0.6
rho0p9_seed16_width64_constant,0.9,16,64,constant,0.5843333333333334,0.4109999999999999,-0.3
rho0p9_seed16_width64_constant,0.9,16,64,constant,0.693,0.30233333333333334,0.0
rho0p9_seed16_width64_constant,0.9,16,64,constant,0.792,0.20333333333333325,0.3
rho0p9_seed16_width64_cosine,0.9,16,64,cosine,0.29133333333333333,0.7033333333333334,-0.9
rho0p9_seed16_width64_cosine,0.9,16,64,cosine,0.488,0.5066666666666667,-0.6
rho0p9_seed16_width64_cosine,0.9,16,64,cosine,0.586,0.40866666666666673,-0.3
rho0p9_seed16_width64_cosine,0.9,16,64,cosine,0.6916666666666667,0.30300000000000005,0.0
rho0p9_seed16_width64_cosine,0.9,16,64,cosine,0.7936666666666666,0.20100000000000007,0.3
rho0p9_seed16_width8_constant,0.9,16,8,constant,0.2763333333333333,0.718,-0.9
rho0p9_seed16_width8_constant,0.9,16,8,constant,0.47733333333333333,0.5169999999999999,-0.6
rho0p9_seed16_width8_constant,0.9,16,8,constant,0.5816666666666667,0.4126666666666666,-0.3
rho0p9_seed16_width8_constant,0.9,16,8,constant,0.6843333333333333,0.30999999999999994,0.0
rho0p9_seed16_width8_constant,0.9,16,8,constant,0.7916666666666666,0.20266666666666666,0.3
rho0p9_seed16_width8_cosine,0.9,16,8,cosine,0.27366666666666667,0.7206666666666666,-0.9
rho0p9_seed16_width8_cosine,0.9,16,8,cosine,0.474,0.5203333333333333,-0.6
rho0p9_seed16_width8_cosine,0.9,16,8,cosine,0.5813333333333334,0.4129999999999999,-0.3
rho0p9_seed16_width8_cosine,0.9,16,8,cosine,0.6823333333333333,0.31199999999999994,0.0
rho0p9_seed16_width8_cosine,0.9,16,8,cosine,0.7896666666666666,0.20466666666666666,0.3
rho0p9_seed17_width512_constant,0.9,17,512,constant,0.25233333333333335,0.7396666666666667,-0.9
rho0p9_seed17_width512_constant,0.9,17,512,constant,0.452,0.54,-0.6
rho0p9_seed17_width512_constant,0.9,17,512,constant,0.589,0.403,-0.3
rho0p9_seed17_width512_constant,0.9,17,512,constant,0.682,0.30999999999999994,0.0
rho0p9_seed17_width512_constant,0.9,17,512,constant,0.7856666666666666,0.20633333333333337,0.3
rho0p9_seed17_width512_cosine,0.9,17,512,cosine,0.24933333333333332,0.7426666666666667,-0.9
rho0p9_seed17_width512_cosine,0.9,17,512,cosine,0.4523333333333333,0.5396666666666667,-0.6
rho0p9_seed17_width512_cosine,0.9,17,512,cosine,0.5876666666666667,0.4043333333333333,-0.3
rho0p9_seed17_width512_cosine,0.9,17,512,cosine,0.681,0.31099999999999994,0.0
rho0p9_seed17_width512_cosine,0.9,17,512,cosine,0.7853333333333333,0.20666666666666667,0.3
rho0p9_seed17_width64_constant,0.9,17,64,constant,0.26366666666666666,0.7293333333333334,-0.9
rho0p9_seed17_width64_constant,0.9,17,64,constant,0.45966666666666667,0.5333333333333333,-0.6
rho0p9_seed17_width64_constant,0.9,17,64,constant,0.594,0.399,-0.3
rho0p9_seed17_width64_constant,0.9,17,64,constant,0.686,0.30699999999999994,0.0
rho0p9_seed17_width64_constant,0.9,17,64,constant,0.7896666666666666,0.20333333333333337,0.3
rho0p9_seed17_width64_cosine,0.9,17,64,cosine,0.259,0.734,-0.9
rho0p9_seed17_width64_cosine,0.9,17,64,cosine,0.45966666666666667,0.5333333333333333,-0.6
rho0p9_seed17_width64_cosine,0.9,17,64,cosine,0.5926666666666667,0.4003333333333333,-0.3
rho0p9_seed17_width64_cosine,0.9,17,64,cosine,0.6876666666666666,0.30533333333333335,0.0
rho0p9_seed17_width64_cosine,0.9,17,64,cosine,0.7893333333333333,0.20366666666666666,0.3
rho0p9_seed17_width8_constant,0.9,17,8,constant,0.257,0.736,-0.9
rho0p9_seed17_width8_constant,0.9,17,8,constant,0.461,0.532,-0.6
rho0p9_seed17_width8_constant,0.9,17,8,constant,0.5936666666666667,0.3993333333333333,-0.3
rho0p9_seed17_width8_constant,0.9,17,8,constant,0.6873333333333334,0.30566666666666664,0.0
rho0p9_seed17_width8_constant,0.9,17,8,constant,0.7903333333333333,0.20266666666666666,0.3
rho0p9_seed17_width8_cosine,0.9,17,8,cosine,0.24933333333333332,0.744,-0.9
rho0p9_seed17_width8_cosine,0.9,17,8,cosine,0.4573333333333333,0.536,-0.6
rho0p9_seed17_width8_cosine,0.9,17,8,cosine,0.5903333333333334,0.4029999999999999,-0.3
rho0p9_seed17_width8_cosine,0.9,17,8,cosine,0.6843333333333333,0.30899999999999994,0.0
rho0p9_seed17_width8_cosine,0.9,17,8,cosine,0.7863333333333333,0.20699999999999996,0.3
rho0p9_seed18_width512_constant,0.9,18,512,constant,0.19766666666666666,0.7953333333333333,-0.9
rho0p9_seed18_width512_constant,0.9,18,512,constant,0.417,0.5760000000000001,-0.6
rho0p9_seed18_width512_constant,0.9,18,512,constant,0.5516666666666666,0.44133333333333336,-0.3
rho0p9_seed18_width512_constant,0.9,18,512,constant,0.6733333333333333,0.31966666666666665,0.0
rho0p9_seed18_width512_constant,0.9,18,512,constant,0.7563333333333333,0.2366666666666667,0.3
rho0p9_seed18_width512_cosine,0.9,18,512,cosine,0.19633333333333333,0.7966666666666666,-0.9
rho0p9_seed18_width512_cosine,0.9,18,512,cosine,0.418,0.575,-0.6
rho0p9_seed18_width512_cosine,0.9,18,512,cosine,0.5526666666666666,0.44033333333333335,-0.3
rho0p9_seed18_width512_cosine,0.9,18,512,cosine,0.6716666666666666,0.32133333333333336,0.0
rho0p9_seed18_width512_cosine,0.9,18,512,cosine,0.7543333333333333,0.2386666666666667,0.3
rho0p9_seed18_width64_constant,0.9,18,64,constant,0.19966666666666666,0.7943333333333333,-0.9
rho0p9_seed18_width64_constant,0.9,18,64,constant,0.4176666666666667,0.5763333333333334,-0.6
rho0p9_seed18_width64_constant,0.9,18,64,constant,0.5573333333333333,0.43666666666666665,-0.3
rho0p9_seed18_width64_constant,0.9,18,64,constant,0.6736666666666666,0.32033333333333336,0.0
rho0p9_seed18_width64_constant,0.9,18,64,constant,0.7543333333333333,0.2396666666666667,0.3
rho0p9_seed18_width64_cosine,0.9,18,64,cosine,0.196,0.7983333333333333,-0.9
rho0p9_seed18_width64_cosine,0.9,18,64,cosine,0.41833333333333333,0.576,-0.6
rho0p9_seed18_width64_cosine,0.9,18,64,cosine,0.5553333333333333,0.43899999999999995,-0.3
rho0p9_seed18_width64_cosine,0.9,18,64,cosine,0.673,0.32133333333333325,0.0
rho0p9_seed18_width64_cosine,0.9,18,64,cosine,0.756,0.23833333333333329,0.3
rho0p9_seed18_width8_constant,0.9,18,8,constant,0.205,0.7883333333333333,-0.9
rho0p9_seed18_width8_constant,0.9,18,8,constant,0.42,0.5733333333333333,-0.6
rho0p9_seed18_width8_constant,0.9,18,8,constant,0.5573333333333333,0.43599999999999994,-0.3
rho0p9_seed18_width8_constant,0.9,18,8,constant,0.674,0.31933333333333325,0.0
rho0p9_seed18_width8_constant,0.9,18,8,constant,0.7573333333333333,0.236,0.3
rho0p9_seed18_width8_cosine,0.9,18,8,cosine,0.20633333333333334,0.7873333333333333,-0.9
rho0p9_seed18_width8_cosine,0.9,18,8,cosine,0.4226666666666667,0.571,-0.6
rho0p9_seed18_width8_cosine,0.9,18,8,cosine,0.5573333333333333,0.43633333333333335,-0.3
rho0p9_seed18_width8_cosine,0.9,18,8,cosine,0.6763333333333333,0.31733333333333336,0.0
rho0p9_seed18_width8_cosine,0.9,18,8,cosine,0.7596666666666667,0.23399999999999999,0.3
rho0p9_seed19_width512_constant,0.9,19,512,constant,0.237,0.755,-0.9
rho0p9_seed19_width512_constant,0.9,19,512,constant,0.4176666666666667,0.5743333333333334,-0.6
rho0p9_seed19_width512_constant,0.9,19,512,constant,0.5423333333333333,0.44966666666666666,-0.3
rho0p9_seed19_width512_constant,0.9,19,512,constant,0.6663333333333333,0.32566666666666666,0.0
rho0p9_seed19_width512_constant,0.9,19,512,constant,0.7776666666666666,0.21433333333333338,0.3
rho0p9_seed19_width512_cosine,0.9,19,512,cosine,0.23,0.7613333333333333,-0.9
rho0p9_seed19_width512_cosine,0.9,19,512,cosine,0.41633333333333333,0.575,-0.6
rho0p9_seed19_width512_cosine,0.9,19,512,cosine,0.5436666666666666,0.44766666666666666,-0.3
rho0p9_seed19_width512_cosine,0.9,19,512,cosine,0.6636666666666666,0.32766666666666666,0.0
rho0p9_seed19_width512_cosine,0.9,19,512,cosine,0.775,0.21633333333333327,0.3
rho0p9_seed19_width64_constant,0.9,19,64,constant,0.22433333333333333,0.7689999999999999,-0.9
rho0p9_seed19_width64_constant,0.9,19,64,constant,0.4136666666666667,0.5796666666666666,-0.6
rho0p9_seed19_width64_constant,0.9,19,64,constant,0.5446666666666666,0.44866666666666666,-0.3
rho0p9_seed19_width64_constant,0.9,19,64,constant,0.6636666666666666,0.32966666666666666,0.0
rho0p9_seed19_width64_constant,0.9,19,64,constant,0.7773333333333333,0.21599999999999997,0.3
rho0p9_seed19_width64_cosine,0.9,19,64,cosine,0.22833333333333333,0.7649999999999999,-0.9
rho0p9_seed19_width64_cosine,0.9,19,64,cosine,0.41233333333333333,0.581,-0.6
rho0p9_seed19_width64_cosine,0.9,19,64,cosine,0.545,0.44833333333333325,-0.3
rho0p9_seed19_width64_cosine,0.9,19,64,cosine,0.6606666666666666,0.33266666666666667,0.0
rho0p9_seed19_width64_cosine,0.9,19,64,cosine,0.7773333333333333,0.21599999999999997,0.3
rho0p9_seed19_width8_constant,0.9,19,8,constant,0.22133333333333333,0.7706666666666666,-0.9
rho0p9_seed19_width8_constant,0.9,19,8,constant,0.41733333333333333,0.5746666666666667,-0.6
rho0p9_seed19_width8_constant,0.9,19,8,constant,0.5446666666666666,0.44733333333333336,-0.3
rho0p9_seed19_width8_constant,0.9,19,8,constant,0.6596666666666666,0.33233333333333337,0.0
rho0p9_seed19_width8_constant,0.9,19,8,constant,0.7736666666666666,0.21833333333333338,0.3
rho0p9_seed19_width8_cosine,0.9,19,8,cosine,0.22433333333333333,0.7676666666666667,-0.9
rho0p9_seed19_width8_cosine,0.9,19,8,cosine,0.417,0.575,-0.6
rho0p9_seed19_width8_cosine,0.9,19,8,cosine,0.5463333333333333,0.44566666666666666,-0.3
rho0p9_seed19_width8_cosine,0.9,19,8,cosine,0.6603333333333333,0.33166666666666667,0.0
rho0p9_seed19_width8_cosine,0.9,19,8,cosine,0.7733333333333333,0.21866666666666668,0.3
