batch_size,cosine_terminal_lr,dataset_seed,epochs,fidelity_drop_from_20,fidelity_min,fidelity_recovery,final_ood_gap,fit_id,fit_seconds,init_seed,initial_lr,momentum,n_iid_test,n_probe,n_train,n_validation,prereg_frozen_sha,rho_train,sat,schedule,shuffle_seed,status,terminal_d3,terminal_fidelity,terminal_iid_accuracy,terminal_train_loss,trajectory_class,weight_decay,width,source_file
64,0.001,0,200,0.018500000000000072,0.94575,0.008750000000000036,0.011499999999999982,rho0_seed00_width512_constant,11.981663799999296,3922300669,0.01,0.9,3000,4000,5000,2000,654e72b39310847b0d369796c31825e379aaf909,0.0,inf,constant,1969692648,SUCCESS,0.03766666666666667,0.9545,0.9163333333333333,0.1669650010887611,No-acquisition / no-distortion,0.0001,512,rho0_seed00_width512_constant.json
64,0.001,0,200,0.010750000000000037,0.9545,0.00649999999999995,0.01133333333333339,rho0_seed00_width512_cosine,12.446476699999039,3922300669,0.01,0.9,3000,4000,5000,2000,654e72b39310847b0d369796c31825e379aaf909,0.0,inf,cosine,1969692648,SUCCESS,0.024666666666666667,0.961,0.917,0.17383270860178832,No-acquisition / no-distortion,0.0001,512,rho0_seed00_width512_cosine.json
64,0.001,0,200,0.015249999999999986,0.9615,0.0,0.012250000000000039,rho0_seed00_width64_constant,3.2365515000001324,41694609,0.01,0.9,3000,4000,5000,2000,654e72b39310847b0d369796c31825e379aaf909,0.0,inf,constant,1969692648,SUCCESS,0.020666666666666667,0.9615,0.92,0.18394298590666852,No-acquisition / no-distortion,0.0001,64,rho0_seed00_width64_constant.json
64,0.001,0,200,0.009000000000000008,0.96775,0.0007500000000000284,0.013249999999999984,rho0_seed00_width64_cosine,3.32291670000086,41694609,0.01,0.9,3000,4000,5000,2000,654e72b39310847b0d369796c31825e379aaf909,0.0,inf,cosine,1969692648,SUCCESS,0.014333333333333333,0.9685,0.9206666666666666,0.18723466812035536,No-acquisition / no-distortion,0.0001,64,rho0_seed00_width64_cosine.json
64,0.001,0,200,0.016000000000000014,0.974,0.0,0.008000000000000007,rho0_seed00_width8_constant,1.9431053999996948,1627073263,0.01,0.9,3000,4000,5000,2000,654e72b39310847b0d369796c31825e379aaf909,0.0,inf,constant,1969692648,SUCCESS,0.01,0.974,0.9173333333333333,0.19577221233006573,No-acquisition / no-distortion,0.0001,8,rho0_seed00_width8_constant.json
64,0.001,0,200,0.013000000000000012,0.977,0.0010000000000000009,0.00824999999999998,rho0_seed00_width8_cosine,1.9916291999998066,1627073263,0.01,0.9,3000,4000,5000,2000,654e72b39310847b0d369796c31825e379aaf909,0.0,inf,cosine,1969692648,SUCCESS,0.010333333333333333,0.978,0.9156666666666666,0.19594558276922938,No-acquisition / no-distortion,0.0001,8,rho0_seed00_width8_cosine.json
64,0.001,1,200,0.008000000000000007,0.97175,0.004750000000000032,-0.003916666666666679,rho0_seed01_width512_constant,12.635609900000418,712249312,0.01,0.9,3000,4000,5000,2000,654e72b39310847b0d369796c31825e379aaf909,0.0,inf,constant,2522490068,SUCCESS,0.034,0.9765,0.9013333333333333,0.17773814882069072,No-acquisition / no-distortion,0.0001,512,rho0_seed01_width512_constant.json
64,0.001,1,200,0.0002500000000000835,0.98025,0.005750000000000033,-0.006083333333333413,rho0_seed01_width512_cosine,13.533929400000488,712249312,0.01,0.9,3000,4000,5000,2000,654e72b39310847b0d369796c31825e379aaf909,0.0,inf,cosine,2522490068,SUCCESS,0.027,0.986,0.9036666666666666,0.17950607730741258,No-acquisition / no-distortion,0.0001,512,rho0_seed01_width512_cosine.json
64,0.001,1,200,0.009500000000000064,0.984,0.0,-0.010666666666666741,rho0_seed01_width64_constant,3.4612856000003376,3687029919,0.01,0.9,3000,4000,5000,2000,654e72b39310847b0d369796c31825e379aaf909,0.0,inf,constant,2522490068,SUCCESS,0.032,0.984,0.9026666666666666,0.1881525417171577,No-acquisition / no-distortion,0.0001,64,rho0_seed01_width64_constant.json
64,0.001,1,200,0.004249999999999976,0.989,0.0007500000000000284,-0.006666666666666654,rho0_seed01_width64_cosine,3.3319085000002815,3687029919,0.01,0.9,3000,4000,5000,2000,654e72b39310847b0d369796c31825e379aaf909,0.0,inf,cosine,2522490068,SUCCESS,0.018666666666666668,0.98975,0.9053333333333333,0.19108584927340275,No-acquisition / no-distortion,0.0001,64,rho0_seed01_width64_cosine.json
64,0.001,1,200,0.0020000000000000018,0.98825,0.0035000000000000586,-0.005083333333333301,rho0_seed01_width8_constant,1.9313371000007464,219832354,0.01,0.9,3000,4000,5000,2000,654e72b39310847b0d369796c31825e379aaf909,0.0,inf,constant,2522490068,SUCCESS,0.02,0.99175,0.909,0.1976398082039082,No-acquisition / no-distortion,0.0001,8,rho0_seed01_width8_constant.json
64,0.001,1,200,0.0004999999999999449,0.9895,0.0024999999999999467,-0.004666666666666652,rho0_seed01_width8_cosine,2.003213500000129,219832354,0.01,0.9,3000,4000,5000,2000,654e72b39310847b0d369796c31825e379aaf909,0.0,inf,cosine,2522490068,SUCCESS,0.017666666666666667,0.992,0.908,0.1974983800371798,No-acquisition / no-distortion,0.0001,8,rho0_seed01_width8_cosine.json
64,0.001,2,200,0.01574999999999993,0.96025,0.017999999999999905,0.0050000000000000044,rho0_seed02_width512_constant,12.043629100000544,537299261,0.01,0.9,3000,4000,5000,2000,654e72b39310847b0d369796c31825e379aaf909,0.0,inf,constant,224077759,SUCCESS,0.035666666666666666,0.97825,0.9163333333333333,0.17702244481309673,No-acquisition / no-distortion,0.0001,512,rho0_seed02_width512_constant.json
64,0.001,2,200,0.00924999999999998,0.966,0.017750000000000044,0.014416666666666716,rho0_seed02_width512_cosine,12.184521300001506,537299261,0.01,0.9,3000,4000,5000,2000,654e72b39310847b0d369796c31825e379aaf909,0.0,inf,cosine,224077759,SUCCESS,0.023,0.98375,0.921,0.18073119335420285,No-acquisition / no-distortion,0.0001,512,rho0_seed02_width512_cosine.json
64,0.001,2,200,0.005499999999999949,0.98475,0.0014999999999999458,0.009666666666666629,rho0_seed02_width64_constant,3.8858873000008316,755534894,0.01,0.9,3000,4000,5000,2000,654e72b39310847b0d369796c31825e379aaf909,0.0,inf,constant,224077759,SUCCESS,0.021333333333333333,0.98625,0.9206666666666666,0.18700236276090867,No-acquisition / no-distortion,0.0001,64,rho0_seed02_width64_constant.json
64,0.001,2,200,0.0020000000000000018,0.9885,0.0010000000000000009,0.013166666666666715,rho0_seed02_width64_cosine,3.747538899999199,755534894,0.01,0.9,3000,4000,5000,2000,654e72b39310847b0d369796c31825e379aaf909,0.0,inf,cosine,224077759,SUCCESS,0.021666666666666667,0.9895,0.922,0.18882946123440808,No-acquisition / no-distortion,0.0001,64,rho0_seed02_width64_cosine.json
64,0.001,2,200,0.005750000000000033,0.987,0.0,0.010749999999999982,rho0_seed02_width8_constant,2.1599636999999348,515102337,0.01,0.9,3000,4000,5000,2000,654e72b39310847b0d369796c31825e379aaf909,0.0,inf,constant,224077759,SUCCESS,0.011,0.987,0.9213333333333333,0.19759673051788446,No-acquisition / no-distortion,0.0001,8,rho0_seed02_width8_constant.json
64,0.001,2,200,0.0012499999999999734,0.9915,0.0020000000000000018,0.01266666666666666,rho0_seed02_width8_cosine,2.413084000001618,515102337,0.01,0.9,3000,4000,5000,2000,654e72b39310847b0d369796c31825e379aaf909,0.0,inf,cosine,224077759,SUCCESS,0.011,0.9935,0.9216666666666666,0.19795859328084042,No-acquisition / no-distortion,0.0001,8,rho0_seed02_width8_cosine.json
64,0.001,3,200,0.011499999999999955,0.9645,0.017000000000000015,0.00024999999999997247,rho0_seed03_width512_constant,12.550822100000005,2338088193,0.01,0.9,3000,4000,5000,2000,654e72b39310847b0d369796c31825e379aaf909,0.0,inf,constant,2671242619,SUCCESS,0.04133333333333333,0.9815,0.8993333333333333,0.16744183725162537,No-acquisition / no-distortion,0.0001,512,rho0_seed03_width512_constant.json
64,0.001,3,200,0.009000000000000008,0.9675,0.008499999999999952,-0.004666666666666708,rho0_seed03_width512_cosine,299.3927993999987,2338088193,0.01,0.9,3000,4000,5000,2000,654e72b39310847b0d369796c31825e379aaf909,0.0,inf,cosine,2671242619,SUCCESS,0.03233333333333333,0.976,0.9016666666666666,0.173036723032077,No-acquisition / no-distortion,0.0001,512,rho0_seed03_width512_cosine.json
64,0.001,3,200,0.01475000000000004,0.968,0.006249999999999978,-0.00633333333333333,rho0_seed03_width64_constant,3.3064673999997467,12814784,0.01,0.9,3000,4000,5000,2000,654e72b39310847b0d369796c31825e379aaf909,0.0,inf,constant,2671242619,SUCCESS,0.024,0.97425,0.9013333333333333,0.18177210743238376,No-acquisition / no-distortion,0.0001,64,rho0_seed03_width64_constant.json
64,0.001,3,200,0.007000000000000006,0.97575,0.0,-0.008416666666666683,rho0_seed03_width64_cosine,3.5343083000007027,12814784,0.01,0.9,3000,4000,5000,2000,654e72b39310847b0d369796c31825e379aaf909,0.0,inf,cosine,2671242619,SUCCESS,0.019333333333333334,0.97575,0.9013333333333333,0.18554538517087976,No-acquisition / no-distortion,0.0001,64,rho0_seed03_width64_cosine.json
64,0.001,3,200,0.0,0.986,0.00275000000000003,-0.011000000000000065,rho0_seed03_width8_constant,1.9756823000006989,3374278890,0.01,0.9,3000,4000,5000,2000,654e72b39310847b0d369796c31825e379aaf909,0.0,inf,constant,2671242619,SUCCESS,0.015,0.98875,0.8996666666666666,0.19557463442862405,No-acquisition / no-distortion,0.0001,8,rho0_seed03_width8_constant.json
64,0.001,3,200,0.0,0.98625,0.0025000000000000577,-0.011916666666666659,rho0_seed03_width8_cosine,1.8981364999999641,3374278890,0.01,0.9,3000,4000,5000,2000,654e72b39310847b0d369796c31825e379aaf909,0.0,inf,cosine,2671242619,SUCCESS,0.011666666666666667,0.98875,0.9,0.19647427264760703,No-acquisition / no-distortion,0.0001,8,rho0_seed03_width8_cosine.json
64,0.001,4,200,0.016249999999999987,0.967,0.009500000000000064,0.015916666666666746,rho0_seed04_width512_constant,10.161379600000146,3202033865,0.01,0.9,3000,4000,5000,2000,654e72b39310847b0d369796c31825e379aaf909,0.0,inf,constant,2260450524,SUCCESS,0.035,0.9765,0.915,0.15978278215322406,No-acquisition / no-distortion,0.0001,512,rho0_seed04_width512_constant.json
64,0.001,4,200,0.009000000000000008,0.97425,0.005250000000000088,0.014833333333333393,rho0_seed04_width512_cosine,10.073764900000242,3202033865,0.01,0.9,3000,4000,5000,2000,654e72b39310847b0d369796c31825e379aaf909,0.0,inf,cosine,2260450524,SUCCESS,0.026333333333333334,0.9795,0.917,0.16860189508525456,No-acquisition / no-distortion,0.0001,512,rho0_seed04_width512_cosine.json
64,0.001,4,200,0.011750000000000038,0.97975,0.006750000000000034,0.013083333333333363,rho0_seed04_width64_constant,2.8857599000002665,1521019605,0.01,0.9,3000,4000,5000,2000,654e72b39310847b0d369796c31825e379aaf909,0.0,inf,constant,2260450524,SUCCESS,0.022333333333333334,0.9865,0.917,0.1777304630254036,No-acquisition / no-distortion,0.0001,64,rho0_seed04_width64_constant.json
64,0.001,4,200,0.006000000000000005,0.98575,0.00275000000000003,0.01375000000000004,rho0_seed04_width64_cosine,2.6352915999996185,1521019605,0.01,0.9,3000,4000,5000,2000,654e72b39310847b0d369796c31825e379aaf909,0.0,inf,cosine,2260450524,SUCCESS,0.014666666666666666,0.9885,0.9183333333333333,0.18065458371584708,No-acquisition / no-distortion,0.0001,64,rho0_seed04_width64_cosine.json
64,0.001,4,200,0.006249999999999978,0.97975,0.015249999999999986,0.01775000000000007,rho0_seed04_width8_constant,2.602339999999458,1779554657,0.01,0.9,3000,4000,5000,2000,654e72b39310847b0d369796c31825e379aaf909,0.0,inf,constant,2260450524,SUCCESS,0.011666666666666667,0.995,0.921,0.18984546360485524,No-acquisition / no-distortion,0.0001,8,rho0_seed04_width8_constant.json
64,0.001,4,200,0.0,0.98575,0.00924999999999998,0.014666666666666661,rho0_seed04_width8_cosine,2.020580800000971,1779554657,0.01,0.9,3000,4000,5000,2000,654e72b39310847b0d369796c31825e379aaf909,0.0,inf,cosine,2260450524,SUCCESS,0.008666666666666666,0.995,0.9196666666666666,0.1903389014731245,No-acquisition / no-distortion,0.0001,8,rho0_seed04_width8_cosine.json
64,0.001,5,200,0.012500000000000067,0.968,0.00824999999999998,-0.002750000000000058,rho0_seed05_width512_constant,10.081944799998382,4031576071,0.01,0.9,3000,4000,5000,2000,654e72b39310847b0d369796c31825e379aaf909,0.0,inf,constant,3858552751,SUCCESS,0.031,0.97625,0.9106666666666666,0.1674804643214805,No-acquisition / no-distortion,0.0001,512,rho0_seed05_width512_constant.json
64,0.001,5,200,0.0040000000000000036,0.9765,0.003249999999999975,8.333333333335191e-05,rho0_seed05_width512_cosine,10.061598700000104,4031576071,0.01,0.9,3000,4000,5000,2000,654e72b39310847b0d369796c31825e379aaf909,0.0,inf,cosine,3858552751,SUCCESS,0.025666666666666667,0.97975,0.915,0.17571988303708116,No-acquisition / no-distortion,0.0001,512,rho0_seed05_width512_cosine.json
64,0.001,5,200,0.004750000000000032,0.984,0.00024999999999997247,-0.0013333333333334085,rho0_seed05_width64_constant,2.6173085999998875,2104286804,0.01,0.9,3000,4000,5000,2000,654e72b39310847b0d369796c31825e379aaf909,0.0,inf,constant,3858552751,SUCCESS,0.021333333333333333,0.98425,0.9156666666666666,0.1871336559892174,No-acquisition / no-distortion,0.0001,64,rho0_seed05_width64_constant.json
64,0.001,5,200,0.0014999999999999458,0.9875,0.00024999999999997247,0.0012499999999999734,rho0_seed05_width64_cosine,2.6086857999998756,2104286804,0.01,0.9,3000,4000,5000,2000,654e72b39310847b0d369796c31825e379aaf909,0.0,inf,cosine,3858552751,SUCCESS,0.018333333333333333,0.98775,0.9176666666666666,0.19042772553681275,No-acquisition / no-distortion,0.0001,64,rho0_seed05_width64_cosine.json
64,0.001,5,200,0.003750000000000031,0.986,0.0025000000000000577,-0.0006666666666667043,rho0_seed05_width8_constant,1.5186998000008316,1644982609,0.01,0.9,3000,4000,5000,2000,654e72b39310847b0d369796c31825e379aaf909,0.0,inf,constant,3858552751,SUCCESS,0.02,0.9885,0.9166666666666666,0.1991755831144198,No-acquisition / no-distortion,0.0001,8,rho0_seed05_width8_constant.json
64,0.001,5,200,0.0,0.98975,0.0020000000000000018,-0.0011666666666666214,rho0_seed05_width8_cosine,1.6381629000006797,1644982609,0.01,0.9,3000,4000,5000,2000,654e72b39310847b0d369796c31825e379aaf909,0.0,inf,cosine,3858552751,SUCCESS,0.013333333333333334,0.99175,0.916,0.19931268123841117,No-acquisition / no-distortion,0.0001,8,rho0_seed05_width8_cosine.json
64,0.001,6,200,0.013500000000000068,0.966,0.007500000000000062,0.007000000000000034,rho0_seed06_width512_constant,9.98868880000009,3091971067,0.01,0.9,3000,4000,5000,2000,654e72b39310847b0d369796c31825e379aaf909,0.0,inf,constant,2686479512,SUCCESS,0.049,0.9735,0.902,0.16976500374310785,No-acquisition / no-distortion,0.0001,512,rho0_seed06_width512_constant.json
64,0.001,6,200,0.008750000000000036,0.97175,0.005249999999999977,0.003916666666666707,rho0_seed06_width512_cosine,9.811206599999423,3091971067,0.01,0.9,3000,4000,5000,2000,654e72b39310847b0d369796c31825e379aaf909,0.0,inf,cosine,2686479512,SUCCESS,0.025333333333333333,0.977,0.91,0.17684391741779967,No-acquisition / no-distortion,0.0001,512,rho0_seed06_width512_cosine.json
64,0.001,6,200,0.008749999999999925,0.9795,0.004249999999999976,0.004000000000000031,rho0_seed06_width64_constant,2.578796300000249,1673475948,0.01,0.9,3000,4000,5000,2000,654e72b39310847b0d369796c31825e379aaf909,0.0,inf,constant,2686479512,SUCCESS,0.025,0.98375,0.9103333333333333,0.18522721521854918,No-acquisition / no-distortion,0.0001,64,rho0_seed06_width64_constant.json
64,0.001,6,200,0.0010000000000000009,0.9875,0.0010000000000000009,0.0030833333333333546,rho0_seed06_width64_cosine,2.582410200000595,1673475948,0.01,0.9,3000,4000,5000,2000,654e72b39310847b0d369796c31825e379aaf909,0.0,inf,cosine,2686479512,SUCCESS,0.019333333333333334,0.9885,0.91,0.18818826458084303,No-acquisition / no-distortion,0.0001,64,rho0_seed06_width64_cosine.json
64,0.001,6,200,0.00275000000000003,0.99075,0.0030000000000000027,0.0042500000000000315,rho0_seed06_width8_constant,1.5578483999997843,3286526750,0.01,0.9,3000,4000,5000,2000,654e72b39310847b0d369796c31825e379aaf909,0.0,inf,constant,2686479512,SUCCESS,0.011,0.99375,0.912,0.1966405743325359,No-acquisition / no-distortion,0.0001,8,rho0_seed06_width8_constant.json
64,0.001,6,200,0.0,0.99375,0.0017500000000000293,0.002749999999999947,rho0_seed06_width8_cosine,1.5811637999995583,3286526750,0.01,0.9,3000,4000,5000,2000,654e72b39310847b0d369796c31825e379aaf909,0.0,inf,cosine,2686479512,SUCCESS,0.009,0.9955,0.9116666666666666,0.19743181937984944,No-acquisition / no-distortion,0.0001,8,rho0_seed06_width8_cosine.json
64,0.001,7,200,0.017999999999999905,0.96525,0.011249999999999982,0.017583333333333367,rho0_seed07_width512_constant,10.147686500000418,2368541726,0.01,0.9,3000,4000,5000,2000,654e72b39310847b0d369796c31825e379aaf909,0.0,inf,constant,2691028627,SUCCESS,0.043333333333333335,0.9765,0.913,0.165018264819331,No-acquisition / no-distortion,0.0001,512,rho0_seed07_width512_constant.json
64,0.001,7,200,0.009000000000000008,0.97425,0.004250000000000087,0.0079166666666666,rho0_seed07_width512_cosine,10.131436100000428,2368541726,0.01,0.9,3000,4000,5000,2000,654e72b39310847b0d369796c31825e379aaf909,0.0,inf,cosine,2691028627,SUCCESS,0.029,0.9785,0.9116666666666666,0.17281110191047946,No-acquisition / no-distortion,0.0001,512,rho0_seed07_width512_cosine.json
64,0.001,7,200,0.00824999999999998,0.97475,0.007750000000000035,0.010249999999999954,rho0_seed07_width64_constant,2.643473799998901,202704321,0.01,0.9,3000,4000,5000,2000,654e72b39310847b0d369796c31825e379aaf909,0.0,inf,constant,2691028627,SUCCESS,0.025666666666666667,0.9825,0.9136666666666666,0.18036356104883033,No-acquisition / no-distortion,0.0001,64,rho0_seed07_width64_constant.json
64,0.001,7,200,0.0,0.98275,0.00275000000000003,0.006083333333333385,rho0_seed07_width64_cosine,2.602939800000968,202704321,0.01,0.9,3000,4000,5000,2000,654e72b39310847b0d369796c31825e379aaf909,0.0,inf,cosine,2691028627,SUCCESS,0.022333333333333334,0.9855,0.913,0.18301569360810904,No-acquisition / no-distortion,0.0001,64,rho0_seed07_width64_cosine.json
64,0.001,7,200,0.006500000000000061,0.98825,0.0022500000000000853,0.008416666666666711,rho0_seed07_width8_constant,1.5283105999988038,2527120479,0.01,0.9,3000,4000,5000,2000,654e72b39310847b0d369796c31825e379aaf909,0.0,inf,constant,2691028627,SUCCESS,0.013333333333333334,0.9905,0.916,0.19065550215093646,No-acquisition / no-distortion,0.0001,8,rho0_seed07_width8_constant.json
64,0.001,7,200,0.0022499999999999742,0.9925,0.00024999999999997247,0.007750000000000062,rho0_seed07_width8_cosine,1.5226574000007531,2527120479,0.01,0.9,3000,4000,5000,2000,654e72b39310847b0d369796c31825e379aaf909,0.0,inf,cosine,2691028627,SUCCESS,0.008666666666666666,0.99275,0.917,0.19171529681991997,No-acquisition / no-distortion,0.0001,8,rho0_seed07_width8_cosine.json
64,0.001,8,200,0.014499999999999957,0.96425,0.011749999999999927,-0.0025833333333332986,rho0_seed08_width512_constant,10.10175690000142,4120507506,0.01,0.9,3000,4000,5000,2000,654e72b39310847b0d369796c31825e379aaf909,0.0,inf,constant,3982342642,SUCCESS,0.05333333333333334,0.976,0.908,0.16850156392226212,No-acquisition / no-distortion,0.0001,512,rho0_seed08_width512_constant.json
64,0.001,8,200,0.008000000000000007,0.971,0.009000000000000008,-0.0017500000000000016,rho0_seed08_width512_cosine,10.174392799999623,4120507506,0.01,0.9,3000,4000,5000,2000,654e72b39310847b0d369796c31825e379aaf909,0.0,inf,cosine,3982342642,SUCCESS,0.032,0.98,0.9083333333333333,0.17284179980730055,No-acquisition / no-distortion,0.0001,512,rho0_seed08_width512_cosine.json
64,0.001,8,200,0.003250000000000086,0.98225,0.0,-0.002749999999999947,rho0_seed08_width64_constant,2.7080447999996977,759648689,0.01,0.9,3000,4000,5000,2000,654e72b39310847b0d369796c31825e379aaf909,0.0,inf,constant,3982342642,SUCCESS,0.023,0.98225,0.91,0.1834206203451776,No-acquisition / no-distortion,0.0001,64,rho0_seed08_width64_constant.json
64,0.001,8,200,0.0017500000000000293,0.98375,0.0020000000000000018,0.000666666666666621,rho0_seed08_width64_cosine,2.644591700000092,759648689,0.01,0.9,3000,4000,5000,2000,654e72b39310847b0d369796c31825e379aaf909,0.0,inf,cosine,3982342642,SUCCESS,0.02,0.98575,0.9126666666666666,0.18642793657124188,No-acquisition / no-distortion,0.0001,64,rho0_seed08_width64_cosine.json
64,0.001,8,200,0.0010000000000000009,0.9845,0.0010000000000000009,-0.003333333333333355,rho0_seed08_width8_constant,1.527929399999266,1170554118,0.01,0.9,3000,4000,5000,2000,654e72b39310847b0d369796c31825e379aaf909,0.0,inf,constant,3982342642,SUCCESS,0.01633333333333333,0.9855,0.9096666666666666,0.19273868585131862,No-acquisition / no-distortion,0.0001,8,rho0_seed08_width8_constant.json
64,0.001,8,200,0.0012499999999999734,0.98475,0.0012499999999999734,-0.0019166666666666776,rho0_seed08_width8_cosine,1.5422806000005949,1170554118,0.01,0.9,3000,4000,5000,2000,654e72b39310847b0d369796c31825e379aaf909,0.0,inf,cosine,3982342642,SUCCESS,0.013333333333333334,0.986,0.9103333333333333,0.19351560330610845,No-acquisition / no-distortion,0.0001,8,rho0_seed08_width8_cosine.json
64,0.001,9,200,0.0017500000000000293,0.97425,0.00825000000000009,0.002749999999999947,rho0_seed09_width512_constant,10.102910900001007,3562024935,0.01,0.9,3000,4000,5000,2000,654e72b39310847b0d369796c31825e379aaf909,0.0,inf,constant,3941533772,SUCCESS,0.04066666666666666,0.9825,0.9066666666666666,0.17452085323513794,No-acquisition / no-distortion,0.0001,512,rho0_seed09_width512_constant.json
64,0.001,9,200,0.0,0.9765,0.009749999999999925,0.0050000000000000044,rho0_seed09_width512_cosine,10.048837299998922,3562024935,0.01,0.9,3000,4000,5000,2000,654e72b39310847b0d369796c31825e379aaf909,0.0,inf,cosine,3941533772,SUCCESS,0.03333333333333333,0.98625,0.9093333333333333,0.18191880161553628,No-acquisition / no-distortion,0.0001,512,rho0_seed09_width512_cosine.json
64,0.001,9,200,0.005750000000000033,0.98575,0.0024999999999999467,0.003833333333333383,rho0_seed09_width64_constant,2.58088940000016,4065890095,0.01,0.9,3000,4000,5000,2000,654e72b39310847b0d369796c31825e379aaf909,0.0,inf,constant,3941533772,SUCCESS,0.028,0.98825,0.909,0.18947169238048675,No-acquisition / no-distortion,0.0001,64,rho0_seed09_width64_constant.json
64,0.001,9,200,0.004249999999999976,0.9875,0.0,0.004500000000000032,rho0_seed09_width64_cosine,2.6242095999987214,4065890095,0.01,0.9,3000,4000,5000,2000,654e72b39310847b0d369796c31825e379aaf909,0.0,inf,cosine,3941533772,SUCCESS,0.020666666666666667,0.9875,0.911,0.19253687608364015,No-acquisition / no-distortion,0.0001,64,rho0_seed09_width64_cosine.json
64,0.001,9,200,0.0050000000000000044,0.9855,0.0017499999999999183,0.004583333333333328,rho0_seed09_width8_constant,1.5219256000000314,1339483891,0.01,0.9,3000,4000,5000,2000,654e72b39310847b0d369796c31825e379aaf909,0.0,inf,constant,3941533772,SUCCESS,0.014666666666666666,0.98725,0.9103333333333333,0.19845360148028754,No-acquisition / no-distortion,0.0001,8,rho0_seed09_width8_constant.json
64,0.001,9,200,0.0030000000000000027,0.9875,0.0,0.005333333333333273,rho0_seed09_width8_cosine,1.5992557000008674,1339483891,0.01,0.9,3000,4000,5000,2000,654e72b39310847b0d369796c31825e379aaf909,0.0,inf,cosine,3941533772,SUCCESS,0.013,0.9875,0.9126666666666666,0.19896391243469097,No-acquisition / no-distortion,0.0001,8,rho0_seed09_width8_cosine.json
64,0.001,10,200,0.01750000000000007,0.963,0.0022500000000000853,-0.004166666666666652,rho0_seed10_width512_constant,10.767411799999536,1891456374,0.01,0.9,3000,4000,5000,2000,654e72b39310847b0d369796c31825e379aaf909,0.0,inf,constant,2939619788,SUCCESS,0.025,0.96525,0.9053333333333333,0.1775299470777872,No-acquisition / no-distortion,0.0001,512,rho0_seed10_width512_constant.json
64,0.001,10,200,0.01375000000000004,0.96675,0.00924999999999998,-0.00158333333333327,rho0_seed10_width512_cosine,552.6574830000009,1891456374,0.01,0.9,3000,4000,5000,2000,654e72b39310847b0d369796c31825e379aaf909,0.0,inf,cosine,2939619788,SUCCESS,0.02033333333333333,0.976,0.91,0.17891807800567613,No-acquisition / no-distortion,0.0001,512,rho0_seed10_width512_cosine.json
64,0.001,10,200,0.011249999999999982,0.97975,0.003750000000000031,-0.0036666666666666237,rho0_seed10_width64_constant,2.5637686000009126,3149551538,0.01,0.9,3000,4000,5000,2000,654e72b39310847b0d369796c31825e379aaf909,0.0,inf,constant,2939619788,SUCCESS,0.022,0.9835,0.908,0.18640194579797315,No-acquisition / no-distortion,0.0001,64,rho0_seed10_width64_constant.json
64,0.001,10,200,0.009000000000000008,0.9815,0.007499999999999951,-0.006416666666666682,rho0_seed10_width64_cosine,2.5567284999997355,3149551538,0.01,0.9,3000,4000,5000,2000,654e72b39310847b0d369796c31825e379aaf909,0.0,inf,cosine,2939619788,SUCCESS,0.017,0.989,0.9083333333333333,0.18915528829097794,No-acquisition / no-distortion,0.0001,64,rho0_seed10_width64_cosine.json
64,0.001,10,200,0.004249999999999976,0.9895,0.0034999999999999476,-0.003083333333333299,rho0_seed10_width8_constant,1.5422572999996191,1874644200,0.01,0.9,3000,4000,5000,2000,654e72b39310847b0d369796c31825e379aaf909,0.0,inf,constant,2939619788,SUCCESS,0.006,0.993,0.9093333333333333,0.19973098036236883,No-acquisition / no-distortion,0.0001,8,rho0_seed10_width8_constant.json
64,0.001,10,200,0.0012500000000000844,0.99225,0.000500000000000056,-0.0036666666666666237,rho0_seed10_width8_cosine,1.583783100000801,1874644200,0.01,0.9,3000,4000,5000,2000,654e72b39310847b0d369796c31825e379aaf909,0.0,inf,cosine,2939619788,SUCCESS,0.005,0.99275,0.91,0.19962394975871367,No-acquisition / no-distortion,0.0001,8,rho0_seed10_width8_cosine.json
64,0.001,11,200,0.004749999999999921,0.9695,0.0010000000000000009,-0.0009166666666667045,rho0_seed11_width512_constant,12.424373400001059,1242552691,0.01,0.9,3000,4000,5000,2000,654e72b39310847b0d369796c31825e379aaf909,0.0,inf,constant,4026341670,SUCCESS,0.036333333333333336,0.9705,0.9013333333333333,0.16073259591894432,No-acquisition / no-distortion,0.0001,512,rho0_seed11_width512_constant.json
64,0.001,11,200,0.0,0.9745,0.0034999999999999476,-0.0014166666666666217,rho0_seed11_width512_cosine,11.671189299999241,1242552691,0.01,0.9,3000,4000,5000,2000,654e72b39310847b0d369796c31825e379aaf909,0.0,inf,cosine,4026341670,SUCCESS,0.025666666666666667,0.978,0.907,0.1654275512653025,No-acquisition / no-distortion,0.0001,512,rho0_seed11_width512_cosine.json
64,0.001,11,200,0.00924999999999998,0.97375,0.0034999999999999476,-8.333333333332416e-05,rho0_seed11_width64_constant,3.917741199999,3509804577,0.01,0.9,3000,4000,5000,2000,654e72b39310847b0d369796c31825e379aaf909,0.0,inf,constant,4026341670,SUCCESS,0.02266666666666667,0.97725,0.9083333333333333,0.17375590602198906,No-acquisition / no-distortion,0.0001,64,rho0_seed11_width64_constant.json
64,0.001,11,200,0.0030000000000000027,0.98025,0.0012500000000000844,-0.002083333333333298,rho0_seed11_width64_cosine,3.558644099999583,3509804577,0.01,0.9,3000,4000,5000,2000,654e72b39310847b0d369796c31825e379aaf909,0.0,inf,cosine,4026341670,SUCCESS,0.018,0.9815,0.908,0.1774767055784039,No-acquisition / no-distortion,0.0001,64,rho0_seed11_width64_cosine.json
64,0.001,11,200,0.0012499999999999734,0.985,0.0,-0.005166666666666653,rho0_seed11_width8_constant,3.9699682999998913,3310061261,0.01,0.9,3000,4000,5000,2000,654e72b39310847b0d369796c31825e379aaf909,0.0,inf,constant,4026341670,SUCCESS,0.013666666666666667,0.985,0.906,0.185681423209952,No-acquisition / no-distortion,0.0001,8,rho0_seed11_width8_constant.json
64,0.001,11,200,0.0,0.986,0.0012499999999999734,-0.005750000000000033,rho0_seed11_width8_cosine,2.6673975000012433,3310061261,0.01,0.9,3000,4000,5000,2000,654e72b39310847b0d369796c31825e379aaf909,0.0,inf,cosine,4026341670,SUCCESS,0.012666666666666666,0.98725,0.9063333333333333,0.18625408898158577,No-acquisition / no-distortion,0.0001,8,rho0_seed11_width8_cosine.json
64,0.001,12,200,0.022499999999999964,0.96725,0.004249999999999976,-0.0014166666666666217,rho0_seed12_width512_constant,11.822331199999098,4159433514,0.01,0.9,3000,4000,5000,2000,654e72b39310847b0d369796c31825e379aaf909,0.0,inf,constant,288958849,SUCCESS,0.039,0.9715,0.903,0.17035515982149405,No-acquisition / no-distortion,0.0001,512,rho0_seed12_width512_constant.json
64,0.001,12,200,0.01200000000000001,0.97875,0.0034999999999999476,-0.01075000000000001,rho0_seed12_width512_cosine,11.824194099999659,4159433514,0.01,0.9,3000,4000,5000,2000,654e72b39310847b0d369796c31825e379aaf909,0.0,inf,cosine,288958849,SUCCESS,0.029666666666666668,0.98225,0.9023333333333333,0.17719090871857948,No-acquisition / no-distortion,0.0001,512,rho0_seed12_width512_cosine.json
64,0.001,12,200,0.00824999999999998,0.983,0.0012499999999999734,-0.008666666666666684,rho0_seed12_width64_constant,3.4050822999997763,1731280280,0.01,0.9,3000,4000,5000,2000,654e72b39310847b0d369796c31825e379aaf909,0.0,inf,constant,288958849,SUCCESS,0.028666666666666667,0.98425,0.9023333333333333,0.18290945908711573,No-acquisition / no-distortion,0.0001,64,rho0_seed12_width64_constant.json
64,0.001,12,200,0.0044999999999999485,0.9865,0.0034999999999999476,-0.01066666666666663,rho0_seed12_width64_cosine,3.1894251000012446,1731280280,0.01,0.9,3000,4000,5000,2000,654e72b39310847b0d369796c31825e379aaf909,0.0,inf,cosine,288958849,SUCCESS,0.023333333333333334,0.99,0.904,0.1860748124273039,No-acquisition / no-distortion,0.0001,64,rho0_seed12_width64_cosine.json
64,0.001,12,200,0.005250000000000088,0.98525,0.009000000000000008,-0.008166666666666628,rho0_seed12_width8_constant,2.011765999999625,279779185,0.01,0.9,3000,4000,5000,2000,654e72b39310847b0d369796c31825e379aaf909,0.0,inf,constant,288958849,SUCCESS,0.016666666666666666,0.99425,0.906,0.1952020938504765,No-acquisition / no-distortion,0.0001,8,rho0_seed12_width8_constant.json
64,0.001,12,200,0.0,0.991,0.0010000000000000009,-0.009166666666666629,rho0_seed12_width8_cosine,1.932956999999078,279779185,0.01,0.9,3000,4000,5000,2000,654e72b39310847b0d369796c31825e379aaf909,0.0,inf,cosine,288958849,SUCCESS,0.016666666666666666,0.992,0.905,0.1951588363116849,No-acquisition / no-distortion,0.0001,8,rho0_seed12_width8_cosine.json
64,0.001,13,200,0.029000000000000026,0.9545,0.0,-0.0022500000000000298,rho0_seed13_width512_constant,11.386127199999464,4130333784,0.01,0.9,3000,4000,5000,2000,654e72b39310847b0d369796c31825e379aaf909,0.0,inf,constant,3916501021,SUCCESS,0.041,0.9545,0.8973333333333333,0.17364665032834078,No-acquisition / no-distortion,0.0001,512,rho0_seed13_width512_constant.json
64,0.001,13,200,0.008750000000000036,0.97425,0.0025000000000000577,-0.009749999999999981,rho0_seed13_width512_cosine,11.920834399999876,4130333784,0.01,0.9,3000,4000,5000,2000,654e72b39310847b0d369796c31825e379aaf909,0.0,inf,cosine,3916501021,SUCCESS,0.03933333333333333,0.97675,0.901,0.17782314679918787,No-acquisition / no-distortion,0.0001,512,rho0_seed13_width512_cosine.json
64,0.001,13,200,0.010249999999999981,0.9765,0.00649999999999995,-0.01066666666666663,rho0_seed13_width64_constant,3.312229799999841,980159137,0.01,0.9,3000,4000,5000,2000,654e72b39310847b0d369796c31825e379aaf909,0.0,inf,constant,3916501021,SUCCESS,0.024666666666666667,0.983,0.898,0.18917352044594452,No-acquisition / no-distortion,0.0001,64,rho0_seed13_width64_constant.json
64,0.001,13,200,0.0040000000000000036,0.98275,0.0010000000000000009,-0.012666666666666743,rho0_seed13_width64_cosine,3.3479667999999947,980159137,0.01,0.9,3000,4000,5000,2000,654e72b39310847b0d369796c31825e379aaf909,0.0,inf,cosine,3916501021,SUCCESS,0.02,0.98375,0.9016666666666666,0.19130787628267681,No-acquisition / no-distortion,0.0001,64,rho0_seed13_width64_cosine.json
64,0.001,13,200,0.0,0.98875,0.005249999999999977,-0.01133333333333339,rho0_seed13_width8_constant,1.870435599999837,1325863207,0.01,0.9,3000,4000,5000,2000,654e72b39310847b0d369796c31825e379aaf909,0.0,inf,constant,3916501021,SUCCESS,0.016666666666666666,0.994,0.9006666666666666,0.19912564069196592,No-acquisition / no-distortion,0.0001,8,rho0_seed13_width8_constant.json
64,0.001,13,200,0.0,0.98875,0.006249999999999978,-0.012000000000000038,rho0_seed13_width8_cosine,1.9824576999999408,1325863207,0.01,0.9,3000,4000,5000,2000,654e72b39310847b0d369796c31825e379aaf909,0.0,inf,cosine,3916501021,SUCCESS,0.015,0.995,0.9036666666666666,0.19881442194575988,No-acquisition / no-distortion,0.0001,8,rho0_seed13_width8_cosine.json
64,0.001,14,200,0.007499999999999951,0.9545,0.027000000000000024,-0.010500000000000065,rho0_seed14_width512_constant,12.043384700000388,2835292360,0.01,0.9,3000,4000,5000,2000,654e72b39310847b0d369796c31825e379aaf909,0.0,inf,constant,788134076,SUCCESS,0.03933333333333333,0.9815,0.9016666666666666,0.17367577174988122,No-acquisition / no-distortion,0.0001,512,rho0_seed14_width512_constant.json
64,0.001,14,200,0.0,0.962,0.018000000000000016,-0.006000000000000061,rho0_seed14_width512_cosine,11.797350599999845,2835292360,0.01,0.9,3000,4000,5000,2000,654e72b39310847b0d369796c31825e379aaf909,0.0,inf,cosine,788134076,SUCCESS,0.026,0.98,0.9046666666666666,0.17946985783870145,No-acquisition / no-distortion,0.0001,512,rho0_seed14_width512_cosine.json
64,0.001,14,200,0.005249999999999977,0.97775,0.0050000000000000044,-0.003916666666666624,rho0_seed14_width64_constant,3.418490500000189,3564911492,0.01,0.9,3000,4000,5000,2000,654e72b39310847b0d369796c31825e379aaf909,0.0,inf,constant,788134076,SUCCESS,0.023333333333333334,0.98275,0.908,0.189177209746658,No-acquisition / no-distortion,0.0001,64,rho0_seed14_width64_constant.json
64,0.001,14,200,0.0020000000000000018,0.98125,0.0017500000000000293,-0.004249999999999948,rho0_seed14_width64_cosine,3.4874995999998646,3564911492,0.01,0.9,3000,4000,5000,2000,654e72b39310847b0d369796c31825e379aaf909,0.0,inf,cosine,788134076,SUCCESS,0.021333333333333333,0.983,0.91,0.1896591402166126,No-acquisition / no-distortion,0.0001,64,rho0_seed14_width64_cosine.json
64,0.001,14,200,0.005250000000000088,0.98225,0.000500000000000056,-0.0065833333333333854,rho0_seed14_width8_constant,1.9117330000008224,54793656,0.01,0.9,3000,4000,5000,2000,654e72b39310847b0d369796c31825e379aaf909,0.0,inf,constant,788134076,SUCCESS,0.014,0.98275,0.9076666666666666,0.1973373592923034,No-acquisition / no-distortion,0.0001,8,rho0_seed14_width8_constant.json
64,0.001,14,200,0.0040000000000000036,0.98325,0.0002500000000000835,-0.007500000000000062,rho0_seed14_width8_cosine,1.9852008999987447,54793656,0.01,0.9,3000,4000,5000,2000,654e72b39310847b0d369796c31825e379aaf909,0.0,inf,cosine,788134076,SUCCESS,0.011666666666666667,0.9835,0.9066666666666666,0.1966187803118754,No-acquisition / no-distortion,0.0001,8,rho0_seed14_width8_cosine.json
64,0.001,15,200,0.005499999999999949,0.9645,0.017749999999999932,-0.0031666666666667065,rho0_seed15_width512_constant,12.398411500000293,367669385,0.01,0.9,3000,4000,5000,2000,654e72b39310847b0d369796c31825e379aaf909,0.0,inf,constant,3099961760,SUCCESS,0.035,0.98225,0.9126666666666666,0.17305916880685554,No-acquisition / no-distortion,0.0001,512,rho0_seed15_width512_constant.json
64,0.001,15,200,0.005749999999999922,0.9635,0.020749999999999935,0.009000000000000064,rho0_seed15_width512_cosine,12.26566449999882,367669385,0.01,0.9,3000,4000,5000,2000,654e72b39310847b0d369796c31825e379aaf909,0.0,inf,cosine,3099961760,SUCCESS,0.028,0.98425,0.918,0.175250767593401,No-acquisition / no-distortion,0.0001,512,rho0_seed15_width512_cosine.json
64,0.001,15,200,0.007750000000000035,0.98125,0.0007500000000000284,0.005916666666666737,rho0_seed15_width64_constant,3.398086900000635,3299369523,0.01,0.9,3000,4000,5000,2000,654e72b39310847b0d369796c31825e379aaf909,0.0,inf,constant,3099961760,SUCCESS,0.018333333333333333,0.982,0.916,0.18515010142388927,No-acquisition / no-distortion,0.0001,64,rho0_seed15_width64_constant.json
64,0.001,15,200,0.008000000000000007,0.98125,0.0007500000000000284,0.006749999999999978,rho0_seed15_width64_cosine,3.3768888999984483,3299369523,0.01,0.9,3000,4000,5000,2000,654e72b39310847b0d369796c31825e379aaf909,0.0,inf,cosine,3099961760,SUCCESS,0.01633333333333333,0.982,0.9166666666666666,0.18810817179379627,No-acquisition / no-distortion,0.0001,64,rho0_seed15_width64_cosine.json
64,0.001,15,200,0.00275000000000003,0.98675,0.00275000000000003,0.008333333333333304,rho0_seed15_width8_constant,2.008547500001441,1505262820,0.01,0.9,3000,4000,5000,2000,654e72b39310847b0d369796c31825e379aaf909,0.0,inf,constant,3099961760,SUCCESS,0.011666666666666667,0.9895,0.9176666666666666,0.19338119731096773,No-acquisition / no-distortion,0.0001,8,rho0_seed15_width8_constant.json
64,0.001,15,200,0.0020000000000000018,0.9875,0.0034999999999999476,0.008750000000000008,rho0_seed15_width8_cosine,1.9025107999987085,1505262820,0.01,0.9,3000,4000,5000,2000,654e72b39310847b0d369796c31825e379aaf909,0.0,inf,cosine,3099961760,SUCCESS,0.011666666666666667,0.991,0.9183333333333333,0.19399468486027996,No-acquisition / no-distortion,0.0001,8,rho0_seed15_width8_cosine.json
64,0.001,16,200,0.020499999999999963,0.96575,0.0044999999999999485,-0.0045000000000000595,rho0_seed16_width512_constant,11.238330000000133,1672407664,0.01,0.9,3000,4000,5000,2000,654e72b39310847b0d369796c31825e379aaf909,0.0,inf,constant,2187173970,SUCCESS,0.041666666666666664,0.97025,0.9006666666666666,0.17925833399044294,No-acquisition / no-distortion,0.0001,512,rho0_seed16_width512_constant.json
64,0.001,16,200,0.009500000000000064,0.977,0.0050000000000000044,-0.0015833333333333532,rho0_seed16_width512_cosine,11.20467330000065,1672407664,0.01,0.9,3000,4000,5000,2000,654e72b39310847b0d369796c31825e379aaf909,0.0,inf,cosine,2187173970,SUCCESS,0.031,0.982,0.9033333333333333,0.1828506462668778,No-acquisition / no-distortion,0.0001,512,rho0_seed16_width512_cosine.json
64,0.001,16,200,0.009500000000000064,0.98125,0.004250000000000087,-0.006916666666666654,rho0_seed16_width64_constant,3.2885125000011612,686741121,0.01,0.9,3000,4000,5000,2000,654e72b39310847b0d369796c31825e379aaf909,0.0,inf,constant,2187173970,SUCCESS,0.03,0.9855,0.901,0.1894985603185058,No-acquisition / no-distortion,0.0001,64,rho0_seed16_width64_constant.json
64,0.001,16,200,0.0050000000000000044,0.98575,0.0010000000000000009,-0.0037499999999999756,rho0_seed16_width64_cosine,3.3379165999995166,686741121,0.01,0.9,3000,4000,5000,2000,654e72b39310847b0d369796c31825e379aaf909,0.0,inf,cosine,2187173970,SUCCESS,0.024666666666666667,0.98675,0.9033333333333333,0.19252768142855645,No-acquisition / no-distortion,0.0001,64,rho0_seed16_width64_cosine.json
64,0.001,16,200,0.006750000000000034,0.985,0.0040000000000000036,-0.0036666666666666514,rho0_seed16_width8_constant,1.9317968000013934,3377821665,0.01,0.9,3000,4000,5000,2000,654e72b39310847b0d369796c31825e379aaf909,0.0,inf,constant,2187173970,SUCCESS,0.014666666666666666,0.989,0.9063333333333333,0.20141179730620912,No-acquisition / no-distortion,0.0001,8,rho0_seed16_width8_constant.json
64,0.001,16,200,0.0012499999999999734,0.9905,0.0017499999999999183,-0.005750000000000005,rho0_seed16_width8_cosine,1.9328530000002502,3377821665,0.01,0.9,3000,4000,5000,2000,654e72b39310847b0d369796c31825e379aaf909,0.0,inf,cosine,2187173970,SUCCESS,0.012333333333333333,0.99225,0.903,0.20140564272827954,No-acquisition / no-distortion,0.0001,8,rho0_seed16_width8_cosine.json
64,0.001,17,200,0.0,0.9745,0.011249999999999982,-0.001583333333333381,rho0_seed17_width512_constant,11.061206300000777,3294113517,0.01,0.9,3000,4000,5000,2000,654e72b39310847b0d369796c31825e379aaf909,0.0,inf,constant,3228796527,SUCCESS,0.036,0.98575,0.9076666666666666,0.18016923666968915,No-acquisition / no-distortion,0.0001,512,rho0_seed17_width512_constant.json
64,0.001,17,200,0.0,0.975,0.013500000000000068,0.0009999999999999731,rho0_seed17_width512_cosine,11.42061449999892,3294113517,0.01,0.9,3000,4000,5000,2000,654e72b39310847b0d369796c31825e379aaf909,0.0,inf,cosine,3228796527,SUCCESS,0.034666666666666665,0.9885,0.9086666666666666,0.18796988321713562,No-acquisition / no-distortion,0.0001,512,rho0_seed17_width512_cosine.json
64,0.001,17,200,0.005249999999999977,0.9825,0.0030000000000000027,0.0018333333333332702,rho0_seed17_width64_constant,3.2321649999994406,535615044,0.01,0.9,3000,4000,5000,2000,654e72b39310847b0d369796c31825e379aaf909,0.0,inf,constant,3228796527,SUCCESS,0.02266666666666667,0.9855,0.9106666666666666,0.19825080888936736,No-acquisition / no-distortion,0.0001,64,rho0_seed17_width64_constant.json
64,0.001,17,200,0.003249999999999975,0.9845,0.0034999999999999476,0.002833333333333382,rho0_seed17_width64_cosine,3.2653823000000557,535615044,0.01,0.9,3000,4000,5000,2000,654e72b39310847b0d369796c31825e379aaf909,0.0,inf,cosine,3228796527,SUCCESS,0.019666666666666666,0.988,0.912,0.1990196755176482,No-acquisition / no-distortion,0.0001,64,rho0_seed17_width64_cosine.json
64,0.001,17,200,0.0020000000000000018,0.98975,0.00275000000000003,0.003083333333333299,rho0_seed17_width8_constant,1.8524095000011584,3451587113,0.01,0.9,3000,4000,5000,2000,654e72b39310847b0d369796c31825e379aaf909,0.0,inf,constant,3228796527,SUCCESS,0.011,0.9925,0.9126666666666666,0.20480164521252003,No-acquisition / no-distortion,0.0001,8,rho0_seed17_width8_constant.json
64,0.001,17,200,0.0015000000000000568,0.99025,0.0017500000000000293,0.004750000000000004,rho0_seed17_width8_cosine,1.9880463999998028,3451587113,0.01,0.9,3000,4000,5000,2000,654e72b39310847b0d369796c31825e379aaf909,0.0,inf,cosine,3228796527,SUCCESS,0.011666666666666667,0.992,0.9133333333333333,0.20493669647061516,No-acquisition / no-distortion,0.0001,8,rho0_seed17_width8_cosine.json
64,0.001,18,200,0.02474999999999994,0.96625,0.007499999999999951,0.006416666666666709,rho0_seed18_width512_constant,11.069257799999832,1119639029,0.01,0.9,3000,4000,5000,2000,654e72b39310847b0d369796c31825e379aaf909,0.0,inf,constant,2273060107,SUCCESS,0.03833333333333333,0.97375,0.91,0.17627003876118724,No-acquisition / no-distortion,0.0001,512,rho0_seed18_width512_constant.json
64,0.001,18,200,0.020750000000000046,0.96975,0.011499999999999955,0.006749999999999978,rho0_seed18_width512_cosine,10.755972299999485,1119639029,0.01,0.9,3000,4000,5000,2000,654e72b39310847b0d369796c31825e379aaf909,0.0,inf,cosine,2273060107,SUCCESS,0.028666666666666667,0.98125,0.9136666666666666,0.18503673962007258,No-acquisition / no-distortion,0.0001,512,rho0_seed18_width512_cosine.json
64,0.001,18,200,0.012749999999999928,0.9775,0.008000000000000007,0.00983333333333336,rho0_seed18_width64_constant,3.1177506999993057,3885579532,0.01,0.9,3000,4000,5000,2000,654e72b39310847b0d369796c31825e379aaf909,0.0,inf,constant,2273060107,SUCCESS,0.019,0.9855,0.916,0.1916636415063578,No-acquisition / no-distortion,0.0001,64,rho0_seed18_width64_constant.json
64,0.001,18,200,0.007499999999999951,0.9825,0.00824999999999998,0.010083333333333333,rho0_seed18_width64_cosine,3.087768399998822,3885579532,0.01,0.9,3000,4000,5000,2000,654e72b39310847b0d369796c31825e379aaf909,0.0,inf,cosine,2273060107,SUCCESS,0.014666666666666666,0.99075,0.9173333333333333,0.19513377150952102,No-acquisition / no-distortion,0.0001,64,rho0_seed18_width64_cosine.json
64,0.001,18,200,0.006250000000000089,0.98625,0.005750000000000033,0.009500000000000008,rho0_seed18_width8_constant,1.674461099999462,791569295,0.01,0.9,3000,4000,5000,2000,654e72b39310847b0d369796c31825e379aaf909,0.0,inf,constant,2273060107,SUCCESS,0.008666666666666666,0.992,0.9173333333333333,0.20342972271655713,No-acquisition / no-distortion,0.0001,8,rho0_seed18_width8_constant.json
64,0.001,18,200,0.0050000000000000044,0.9875,0.0014999999999999458,0.009166666666666712,rho0_seed18_width8_cosine,2.098477300000013,791569295,0.01,0.9,3000,4000,5000,2000,654e72b39310847b0d369796c31825e379aaf909,0.0,inf,cosine,2273060107,SUCCESS,0.007666666666666666,0.989,0.917,0.20356546677823525,No-acquisition / no-distortion,0.0001,8,rho0_seed18_width8_cosine.json
64,0.001,19,200,0.010249999999999981,0.96775,0.011499999999999955,-0.0021666666666667056,rho0_seed19_width512_constant,10.70954029999848,1941367043,0.01,0.9,3000,4000,5000,2000,654e72b39310847b0d369796c31825e379aaf909,0.0,inf,constant,3395647012,SUCCESS,0.034333333333333334,0.97925,0.9066666666666666,0.1616065927255625,No-acquisition / no-distortion,0.0001,512,rho0_seed19_width512_constant.json
64,0.001,19,200,0.0,0.97875,0.008000000000000007,0.002416666666666678,rho0_seed19_width512_cosine,11.555124200000137,1941367043,0.01,0.9,3000,4000,5000,2000,654e72b39310847b0d369796c31825e379aaf909,0.0,inf,cosine,3395647012,SUCCESS,0.028666666666666667,0.98675,0.9123333333333333,0.16813916420088187,No-acquisition / no-distortion,0.0001,512,rho0_seed19_width512_cosine.json
64,0.001,19,200,0.015000000000000013,0.97725,0.0030000000000000027,0.004666666666666708,rho0_seed19_width64_constant,2.9754472999993595,699772271,0.01,0.9,3000,4000,5000,2000,654e72b39310847b0d369796c31825e379aaf909,0.0,inf,constant,3395647012,SUCCESS,0.024666666666666667,0.98025,0.915,0.17807442243700766,No-acquisition / no-distortion,0.0001,64,rho0_seed19_width64_constant.json
64,0.001,19,200,0.012750000000000039,0.97925,0.0030000000000000027,0.00799999999999998,rho0_seed19_width64_cosine,3.13505350000014,699772271,0.01,0.9,3000,4000,5000,2000,654e72b39310847b0d369796c31825e379aaf909,0.0,inf,cosine,3395647012,SUCCESS,0.019666666666666666,0.98225,0.9183333333333333,0.17845790555861388,No-acquisition / no-distortion,0.0001,64,rho0_seed19_width64_cosine.json
64,0.001,19,200,0.005249999999999977,0.98375,0.0050000000000000044,0.006916666666666682,rho0_seed19_width8_constant,1.965143999999782,3628392506,0.01,0.9,3000,4000,5000,2000,654e72b39310847b0d369796c31825e379aaf909,0.0,inf,constant,3395647012,SUCCESS,0.015333333333333332,0.98875,0.9193333333333333,0.18732819652287952,No-acquisition / no-distortion,0.0001,8,rho0_seed19_width8_constant.json
64,0.001,19,200,0.004249999999999976,0.98475,0.003750000000000031,0.006666666666666626,rho0_seed19_width8_cosine,1.941138799998953,3628392506,0.01,0.9,3000,4000,5000,2000,654e72b39310847b0d369796c31825e379aaf909,0.0,inf,cosine,3395647012,SUCCESS,0.013333333333333334,0.9885,0.9196666666666666,0.18815468661064166,No-acquisition / no-distortion,0.0001,8,rho0_seed19_width8_cosine.json
64,0.001,0,200,0.014999999999999902,0.95725,0.00374999999999992,0.1644666666666666,rho0p7_seed00_width512_constant,11.093358600001011,2094665689,0.01,0.9,3000,4000,5000,2000,654e72b39310847b0d369796c31825e379aaf909,0.7,inf,constant,3429596947,SUCCESS,0.275,0.961,0.957,0.09298956175183017,No-acquisition / no-distortion,0.0001,512,rho0p7_seed00_width512_constant.json
64,0.001,0,200,0.009000000000000008,0.96375,0.00649999999999995,0.15800000000000003,rho0p7_seed00_width512_cosine,11.44110879999971,2094665689,0.01,0.9,3000,4000,5000,2000,654e72b39310847b0d369796c31825e379aaf909,0.7,inf,cosine,3429596947,SUCCESS,0.2673333333333333,0.97025,0.9563333333333334,0.09905016360096648,No-acquisition / no-distortion,0.0001,512,rho0p7_seed00_width512_cosine.json
64,0.001,0,200,0.006249999999999978,0.971,0.0025000000000000577,0.16340000000000002,rho0p7_seed00_width64_constant,3.101684400000522,4142667228,0.01,0.9,3000,4000,5000,2000,654e72b39310847b0d369796c31825e379aaf909,0.7,inf,constant,3429596947,SUCCESS,0.274,0.9735,0.9586666666666667,0.10220096261024157,No-acquisition / no-distortion,0.0001,64,rho0p7_seed00_width64_constant.json
64,0.001,0,200,0.0,0.97725,0.0010000000000000009,0.15960000000000002,rho0p7_seed00_width64_cosine,3.105789499999446,4142667228,0.01,0.9,3000,4000,5000,2000,654e72b39310847b0d369796c31825e379aaf909,0.7,inf,cosine,3429596947,SUCCESS,0.273,0.97825,0.9576666666666667,0.10452992653064377,No-acquisition / no-distortion,0.0001,64,rho0p7_seed00_width64_cosine.json
64,0.001,0,200,0.010249999999999981,0.97475,0.0050000000000000044,0.15740000000000004,rho0p7_seed00_width8_constant,1.9194291000003432,3149581363,0.01,0.9,3000,4000,5000,2000,654e72b39310847b0d369796c31825e379aaf909,0.7,inf,constant,3429596947,SUCCESS,0.27,0.97975,0.9563333333333334,0.10932403126285514,No-acquisition / no-distortion,0.0001,8,rho0p7_seed00_width8_constant.json
64,0.001,0,200,0.0024999999999999467,0.9825,0.0024999999999999467,0.15606666666666663,rho0p7_seed00_width8_cosine,1.8189610999997967,3149581363,0.01,0.9,3000,4000,5000,2000,654e72b39310847b0d369796c31825e379aaf909,0.7,inf,cosine,3429596947,SUCCESS,0.2683333333333333,0.985,0.956,0.110125384683315,No-acquisition / no-distortion,0.0001,8,rho0p7_seed00_width8_cosine.json
64,0.001,1,200,0.013000000000000012,0.97275,0.0010000000000000009,0.16279999999999994,rho0p7_seed01_width512_constant,11.552102999999988,1124353807,0.01,0.9,3000,4000,5000,2000,654e72b39310847b0d369796c31825e379aaf909,0.7,inf,constant,3575537787,SUCCESS,0.2763333333333333,0.97375,0.952,0.09875664890271077,No-acquisition / no-distortion,0.0001,512,rho0p7_seed01_width512_constant.json
64,0.001,1,200,0.008749999999999925,0.9775,0.012499999999999956,0.15960000000000002,rho0p7_seed01_width512_cosine,11.474895199999082,1124353807,0.01,0.9,3000,4000,5000,2000,654e72b39310847b0d369796c31825e379aaf909,0.7,inf,cosine,3575537787,SUCCESS,0.2783333333333333,0.99,0.9526666666666667,0.10354179328928005,No-acquisition / no-distortion,0.0001,512,rho0p7_seed01_width512_cosine.json
64,0.001,1,200,0.005750000000000033,0.983,0.003750000000000031,0.15913333333333335,rho0p7_seed01_width64_constant,3.1765988999995898,3177346620,0.01,0.9,3000,4000,5000,2000,654e72b39310847b0d369796c31825e379aaf909,0.7,inf,constant,3575537787,SUCCESS,0.2813333333333333,0.98675,0.9526666666666667,0.10882763142652821,No-acquisition / no-distortion,0.0001,64,rho0p7_seed01_width64_constant.json
64,0.001,1,200,0.0,0.9885,0.002749999999999919,0.15713333333333335,rho0p7_seed01_width64_cosine,3.16063960000065,3177346620,0.01,0.9,3000,4000,5000,2000,654e72b39310847b0d369796c31825e379aaf909,0.7,inf,cosine,3575537787,SUCCESS,0.282,0.99125,0.9523333333333334,0.11124494520303599,No-acquisition / no-distortion,0.0001,64,rho0p7_seed01_width64_cosine.json
64,0.001,1,200,0.007249999999999979,0.98875,0.0014999999999999458,0.15806666666666663,rho0p7_seed01_width8_constant,2.014551799999026,1687322270,0.01,0.9,3000,4000,5000,2000,654e72b39310847b0d369796c31825e379aaf909,0.7,inf,constant,3575537787,SUCCESS,0.2866666666666667,0.99025,0.9536666666666667,0.11624116422456489,No-acquisition / no-distortion,0.0001,8,rho0p7_seed01_width8_constant.json
64,0.001,1,200,0.0050000000000000044,0.99125,0.0007500000000000284,0.16366666666666665,rho0p7_seed01_width8_cosine,2.072023300001092,1687322270,0.01,0.9,3000,4000,5000,2000,654e72b39310847b0d369796c31825e379aaf909,0.7,inf,cosine,3575537787,SUCCESS,0.292,0.992,0.9526666666666667,0.11711200718731793,No-acquisition / no-distortion,0.0001,8,rho0p7_seed01_width8_cosine.json
64,0.001,2,200,0.019499999999999962,0.96475,0.012750000000000039,0.18646666666666661,rho0p7_seed02_width512_constant,11.14326230000006,4066582328,0.01,0.9,3000,4000,5000,2000,654e72b39310847b0d369796c31825e379aaf909,0.7,inf,constant,1062834817,SUCCESS,0.2826666666666667,0.9775,0.957,0.08653102077561323,No-acquisition / no-distortion,0.0001,512,rho0p7_seed02_width512_constant.json
64,0.001,2,200,0.008000000000000007,0.97625,0.007000000000000006,0.1813333333333333,rho0p7_seed02_width512_cosine,11.154394000001048,4066582328,0.01,0.9,3000,4000,5000,2000,654e72b39310847b0d369796c31825e379aaf909,0.7,inf,cosine,1062834817,SUCCESS,0.27666666666666667,0.98325,0.958,0.09276504421823185,No-acquisition / no-distortion,0.0001,512,rho0p7_seed02_width512_cosine.json
64,0.001,2,200,0.0034999999999999476,0.98075,0.0004999999999999449,0.1786666666666667,rho0p7_seed02_width64_constant,2.9745985999998084,2583934879,0.01,0.9,3000,4000,5000,2000,654e72b39310847b0d369796c31825e379aaf909,0.7,inf,constant,1062834817,SUCCESS,0.277,0.98125,0.9576666666666667,0.09641624599126428,No-acquisition / no-distortion,0.0001,64,rho0p7_seed02_width64_constant.json
64,0.001,2,200,0.0010000000000000009,0.98325,0.0017500000000000293,0.18046666666666672,rho0p7_seed02_width64_cosine,3.091817099999389,2583934879,0.01,0.9,3000,4000,5000,2000,654e72b39310847b0d369796c31825e379aaf909,0.7,inf,cosine,1062834817,SUCCESS,0.2783333333333333,0.985,0.9583333333333334,0.09853816801701991,No-acquisition / no-distortion,0.0001,64,rho0p7_seed02_width64_cosine.json
64,0.001,2,200,0.008499999999999952,0.97875,0.0020000000000000018,0.1806666666666667,rho0p7_seed02_width8_constant,1.8693567999998777,3239174892,0.01,0.9,3000,4000,5000,2000,654e72b39310847b0d369796c31825e379aaf909,0.7,inf,constant,1062834817,SUCCESS,0.2823333333333333,0.98075,0.9553333333333334,0.10194171123579224,No-acquisition / no-distortion,0.0001,8,rho0p7_seed02_width8_constant.json
64,0.001,2,200,0.006250000000000089,0.98125,0.0007500000000000284,0.18340000000000004,rho0p7_seed02_width8_cosine,2.125456399999166,3239174892,0.01,0.9,3000,4000,5000,2000,654e72b39310847b0d369796c31825e379aaf909,0.7,inf,cosine,1062834817,SUCCESS,0.2816666666666667,0.982,0.9573333333333334,0.10254478467043077,No-acquisition / no-distortion,0.0001,8,rho0p7_seed02_width8_cosine.json
64,0.001,3,200,0.022499999999999964,0.9605,0.012499999999999956,0.174,rho0p7_seed03_width512_constant,11.166453400001046,1875415832,0.01,0.9,3000,4000,5000,2000,654e72b39310847b0d369796c31825e379aaf909,0.7,inf,constant,544183228,SUCCESS,0.281,0.973,0.952,0.09218023710059865,No-acquisition / no-distortion,0.0001,512,rho0p7_seed03_width512_constant.json
64,0.001,3,200,0.00924999999999998,0.974,0.0,0.16713333333333338,rho0p7_seed03_width512_cosine,11.161711099999593,1875415832,0.01,0.9,3000,4000,5000,2000,654e72b39310847b0d369796c31825e379aaf909,0.7,inf,cosine,544183228,SUCCESS,0.2733333333333333,0.974,0.9533333333333334,0.09739287109716636,No-acquisition / no-distortion,0.0001,512,rho0p7_seed03_width512_cosine.json
64,0.001,3,200,0.009000000000000008,0.97675,0.0007500000000000284,0.16773333333333335,rho0p7_seed03_width64_constant,2.978613300001598,880586045,0.01,0.9,3000,4000,5000,2000,654e72b39310847b0d369796c31825e379aaf909,0.7,inf,constant,544183228,SUCCESS,0.284,0.9775,0.9516666666666667,0.10186185475670251,No-acquisition / no-distortion,0.0001,64,rho0p7_seed03_width64_constant.json
64,0.001,3,200,0.00550000000000006,0.98025,0.0,0.16686666666666666,rho0p7_seed03_width64_cosine,3.049818800000139,880586045,0.01,0.9,3000,4000,5000,2000,654e72b39310847b0d369796c31825e379aaf909,0.7,inf,cosine,544183228,SUCCESS,0.281,0.98025,0.9536666666666667,0.10395907625480627,No-acquisition / no-distortion,0.0001,64,rho0p7_seed03_width64_cosine.json
64,0.001,3,200,0.00825000000000009,0.98325,0.0,0.17060000000000003,rho0p7_seed03_width8_constant,1.8431264999999257,498438804,0.01,0.9,3000,4000,5000,2000,654e72b39310847b0d369796c31825e379aaf909,0.7,inf,constant,544183228,SUCCESS,0.281,0.98325,0.9533333333333334,0.10933088531342136,No-acquisition / no-distortion,0.0001,8,rho0p7_seed03_width8_constant.json
64,0.001,3,200,0.006250000000000089,0.98525,0.0,0.1692666666666667,rho0p7_seed03_width8_cosine,1.8786621000017476,498438804,0.01,0.9,3000,4000,5000,2000,654e72b39310847b0d369796c31825e379aaf909,0.7,inf,cosine,544183228,SUCCESS,0.278,0.98525,0.9533333333333334,0.11036517560553484,No-acquisition / no-distortion,0.0001,8,rho0p7_seed03_width8_cosine.json
64,0.001,4,200,0.014000000000000012,0.9635,0.00924999999999998,0.17019999999999996,rho0p7_seed04_width512_constant,11.037470299999768,936161921,0.01,0.9,3000,4000,5000,2000,654e72b39310847b0d369796c31825e379aaf909,0.7,inf,constant,635640415,SUCCESS,0.2623333333333333,0.97275,0.954,0.08779748652099428,No-acquisition / no-distortion,0.0001,512,rho0p7_seed04_width512_constant.json
64,0.001,4,200,0.011249999999999982,0.9665,0.010000000000000009,0.1614666666666666,rho0p7_seed04_width512_cosine,11.267379800001436,936161921,0.01,0.9,3000,4000,5000,2000,654e72b39310847b0d369796c31825e379aaf909,0.7,inf,cosine,635640415,SUCCESS,0.24566666666666667,0.9765,0.955,0.08982429379561681,No-acquisition / no-distortion,0.0001,512,rho0p7_seed04_width512_cosine.json
64,0.001,4,200,0.003249999999999975,0.98175,0.00024999999999997247,0.1631333333333333,rho0p7_seed04_width64_constant,3.065887799999473,969622061,0.01,0.9,3000,4000,5000,2000,654e72b39310847b0d369796c31825e379aaf909,0.7,inf,constant,635640415,SUCCESS,0.24866666666666667,0.982,0.955,0.09428668081653947,No-acquisition / no-distortion,0.0001,64,rho0p7_seed04_width64_constant.json
64,0.001,4,200,0.0,0.98525,0.00275000000000003,0.16566666666666666,rho0p7_seed04_width64_cosine,3.1716173000004346,969622061,0.01,0.9,3000,4000,5000,2000,654e72b39310847b0d369796c31825e379aaf909,0.7,inf,cosine,635640415,SUCCESS,0.25066666666666665,0.988,0.9556666666666667,0.09605138884264834,No-acquisition / no-distortion,0.0001,64,rho0p7_seed04_width64_cosine.json
64,0.001,4,200,0.0,0.974,0.005750000000000033,0.16206666666666664,rho0p7_seed04_width8_constant,1.80086399999891,459504190,0.01,0.9,3000,4000,5000,2000,654e72b39310847b0d369796c31825e379aaf909,0.7,inf,constant,635640415,SUCCESS,0.24733333333333332,0.97975,0.954,0.10202167255477643,No-acquisition / no-distortion,0.0001,8,rho0p7_seed04_width8_constant.json
64,0.001,4,200,0.0,0.974,0.007750000000000035,0.16066666666666665,rho0p7_seed04_width8_cosine,1.9973162000005686,459504190,0.01,0.9,3000,4000,5000,2000,654e72b39310847b0d369796c31825e379aaf909,0.7,inf,cosine,635640415,SUCCESS,0.24933333333333332,0.98175,0.953,0.10294170964292598,No-acquisition / no-distortion,0.0001,8,rho0p7_seed04_width8_cosine.json
64,0.001,5,200,0.022750000000000048,0.966,0.0,0.1566,rho0p7_seed05_width512_constant,11.018252300000313,924592659,0.01,0.9,3000,4000,5000,2000,654e72b39310847b0d369796c31825e379aaf909,0.7,inf,constant,4232763522,SUCCESS,0.25,0.966,0.9526666666666667,0.09923098711635278,No-acquisition / no-distortion,0.0001,512,rho0p7_seed05_width512_constant.json
64,0.001,5,200,0.01650000000000007,0.97225,0.006000000000000005,0.15200000000000002,rho0p7_seed05_width512_cosine,11.084161000000677,924592659,0.01,0.9,3000,4000,5000,2000,654e72b39310847b0d369796c31825e379aaf909,0.7,inf,cosine,4232763522,SUCCESS,0.24766666666666667,0.97825,0.9513333333333334,0.1046239214953577,No-acquisition / no-distortion,0.0001,512,rho0p7_seed05_width512_cosine.json
64,0.001,5,200,0.01200000000000001,0.973,0.0022499999999999742,0.14973333333333333,rho0p7_seed05_width64_constant,3.1674653999998554,3622955743,0.01,0.9,3000,4000,5000,2000,654e72b39310847b0d369796c31825e379aaf909,0.7,inf,constant,4232763522,SUCCESS,0.24766666666666667,0.97525,0.9516666666666667,0.108484540949507,No-acquisition / no-distortion,0.0001,64,rho0p7_seed05_width64_constant.json
64,0.001,5,200,0.011499999999999955,0.9735,0.006249999999999978,0.15059999999999993,rho0p7_seed05_width64_cosine,3.058342599999378,3622955743,0.01,0.9,3000,4000,5000,2000,654e72b39310847b0d369796c31825e379aaf909,0.7,inf,cosine,4232763522,SUCCESS,0.25166666666666665,0.97975,0.952,0.11114667140134782,No-acquisition / no-distortion,0.0001,64,rho0p7_seed05_width64_cosine.json
64,0.001,5,200,0.007749999999999924,0.9825,0.0,0.15220000000000003,rho0p7_seed05_width8_constant,1.8386217999996006,4261429707,0.01,0.9,3000,4000,5000,2000,654e72b39310847b0d369796c31825e379aaf909,0.7,inf,constant,4232763522,SUCCESS,0.26033333333333336,0.9825,0.9513333333333334,0.11681078986139164,No-acquisition / no-distortion,0.0001,8,rho0p7_seed05_width8_constant.json
64,0.001,5,200,0.0010000000000000009,0.9895,0.0004999999999999449,0.15206666666666663,rho0p7_seed05_width8_cosine,2.0269054000000324,4261429707,0.01,0.9,3000,4000,5000,2000,654e72b39310847b0d369796c31825e379aaf909,0.7,inf,cosine,4232763522,SUCCESS,0.26,0.99,0.951,0.11727348031974343,No-acquisition / no-distortion,0.0001,8,rho0p7_seed05_width8_cosine.json
64,0.001,6,200,0.018000000000000016,0.9485,0.022749999999999937,0.17140000000000005,rho0p7_seed06_width512_constant,11.175451400000384,2218486944,0.01,0.9,3000,4000,5000,2000,654e72b39310847b0d369796c31825e379aaf909,0.7,inf,constant,1848293636,SUCCESS,0.29933333333333334,0.97125,0.9563333333333334,0.08904266802705903,No-acquisition / no-distortion,0.0001,512,rho0p7_seed06_width512_constant.json
64,0.001,6,200,0.0010000000000000009,0.96625,0.00824999999999998,0.16213333333333335,rho0p7_seed06_width512_cosine,10.943910800000594,2218486944,0.01,0.9,3000,4000,5000,2000,654e72b39310847b0d369796c31825e379aaf909,0.7,inf,cosine,1848293636,SUCCESS,0.2856666666666667,0.9745,0.9563333333333334,0.09514450141273348,No-acquisition / no-distortion,0.0001,512,rho0p7_seed06_width512_cosine.json
64,0.001,6,200,0.007499999999999951,0.9745,0.0,0.1656,rho0p7_seed06_width64_constant,3.0726107000009506,657881920,0.01,0.9,3000,4000,5000,2000,654e72b39310847b0d369796c31825e379aaf909,0.7,inf,constant,1848293636,SUCCESS,0.2886666666666667,0.9745,0.9576666666666667,0.09782796370582603,No-acquisition / no-distortion,0.0001,64,rho0p7_seed06_width64_constant.json
64,0.001,6,200,0.00275000000000003,0.97975,0.0007500000000000284,0.16353333333333336,rho0p7_seed06_width64_cosine,3.107699500000308,657881920,0.01,0.9,3000,4000,5000,2000,654e72b39310847b0d369796c31825e379aaf909,0.7,inf,cosine,1848293636,SUCCESS,0.2916666666666667,0.9805,0.9576666666666667,0.1007609377365315,No-acquisition / no-distortion,0.0001,64,rho0p7_seed06_width64_cosine.json
64,0.001,6,200,0.003249999999999975,0.9855,0.0,0.16379999999999997,rho0p7_seed06_width8_constant,1.811096199999156,810052198,0.01,0.9,3000,4000,5000,2000,654e72b39310847b0d369796c31825e379aaf909,0.7,inf,constant,1848293636,SUCCESS,0.29133333333333333,0.9855,0.956,0.10635480783118041,No-acquisition / no-distortion,0.0001,8,rho0p7_seed06_width8_constant.json
64,0.001,6,200,0.003249999999999975,0.9855,0.0,0.16573333333333334,rho0p7_seed06_width8_cosine,2.017594299999473,810052198,0.01,0.9,3000,4000,5000,2000,654e72b39310847b0d369796c31825e379aaf909,0.7,inf,cosine,1848293636,SUCCESS,0.29133333333333333,0.9855,0.9566666666666667,0.10663190536446347,No-acquisition / no-distortion,0.0001,8,rho0p7_seed06_width8_cosine.json
64,0.001,7,200,0.015249999999999986,0.97375,0.0007500000000000284,0.16559999999999994,rho0p7_seed07_width512_constant,11.46209810000073,1223664488,0.01,0.9,3000,4000,5000,2000,654e72b39310847b0d369796c31825e379aaf909,0.7,inf,constant,4228953215,SUCCESS,0.269,0.9745,0.953,0.09270657602220522,No-acquisition / no-distortion,0.0001,512,rho0p7_seed07_width512_constant.json
64,0.001,7,200,0.011249999999999982,0.9775,0.003249999999999975,0.15799999999999997,rho0p7_seed07_width512_cosine,11.615174700000352,1223664488,0.01,0.9,3000,4000,5000,2000,654e72b39310847b0d369796c31825e379aaf909,0.7,inf,cosine,4228953215,SUCCESS,0.25966666666666666,0.98075,0.956,0.09663806130692669,No-acquisition / no-distortion,0.0001,512,rho0p7_seed07_width512_cosine.json
64,0.001,7,200,0.0040000000000000036,0.9885,0.0,0.15400000000000003,rho0p7_seed07_width64_constant,3.2159219999994093,1083371822,0.01,0.9,3000,4000,5000,2000,654e72b39310847b0d369796c31825e379aaf909,0.7,inf,constant,4228953215,SUCCESS,0.251,0.9885,0.9553333333333334,0.10189812619637023,No-acquisition / no-distortion,0.0001,64,rho0p7_seed07_width64_constant.json
64,0.001,7,200,0.0,0.9925,0.0004999999999999449,0.15499999999999997,rho0p7_seed07_width64_cosine,3.208435999998983,1083371822,0.01,0.9,3000,4000,5000,2000,654e72b39310847b0d369796c31825e379aaf909,0.7,inf,cosine,4228953215,SUCCESS,0.25566666666666665,0.993,0.955,0.10323316548453529,No-acquisition / no-distortion,0.0001,64,rho0p7_seed07_width64_cosine.json
64,0.001,7,200,0.0,0.98725,0.0017500000000000293,0.16033333333333338,rho0p7_seed07_width8_constant,2.05463459999919,1042651072,0.01,0.9,3000,4000,5000,2000,654e72b39310847b0d369796c31825e379aaf909,0.7,inf,constant,4228953215,SUCCESS,0.25866666666666666,0.989,0.9573333333333334,0.10643291456054803,No-acquisition / no-distortion,0.0001,8,rho0p7_seed07_width8_constant.json
64,0.001,7,200,0.0,0.98725,0.0025000000000000577,0.1620666666666667,rho0p7_seed07_width8_cosine,2.120655299999271,1042651072,0.01,0.9,3000,4000,5000,2000,654e72b39310847b0d369796c31825e379aaf909,0.7,inf,cosine,4228953215,SUCCESS,0.2623333333333333,0.98975,0.9573333333333334,0.10709044508910691,No-acquisition / no-distortion,0.0001,8,rho0p7_seed07_width8_cosine.json
64,0.001,8,200,0.019999999999999907,0.96125,0.013499999999999956,0.16199999999999998,rho0p7_seed08_width512_constant,377.1229599999988,2528999965,0.01,0.9,3000,4000,5000,2000,654e72b39310847b0d369796c31825e379aaf909,0.7,inf,constant,1042145113,SUCCESS,0.25733333333333336,0.97475,0.9566666666666667,0.09857490069980135,No-acquisition / no-distortion,0.0001,512,rho0p7_seed08_width512_constant.json
64,0.001,8,200,0.00824999999999998,0.973,0.009500000000000064,0.15086666666666662,rho0p7_seed08_width512_cosine,13.372652000000016,2528999965,0.01,0.9,3000,4000,5000,2000,654e72b39310847b0d369796c31825e379aaf909,0.7,inf,cosine,1042145113,SUCCESS,0.24266666666666667,0.9825,0.957,0.10278822773384363,No-acquisition / no-distortion,0.0001,512,rho0p7_seed08_width512_cosine.json
64,0.001,8,200,0.004750000000000032,0.976,0.0030000000000000027,0.15553333333333338,rho0p7_seed08_width64_constant,2.958682799999224,4189687313,0.01,0.9,3000,4000,5000,2000,654e72b39310847b0d369796c31825e379aaf909,0.7,inf,constant,1042145113,SUCCESS,0.24433333333333335,0.979,0.9583333333333334,0.10687099090671165,No-acquisition / no-distortion,0.0001,64,rho0p7_seed08_width64_constant.json
64,0.001,8,200,0.003250000000000086,0.97725,0.0017500000000000293,0.1558666666666667,rho0p7_seed08_width64_cosine,3.0440460999998322,4189687313,0.01,0.9,3000,4000,5000,2000,654e72b39310847b0d369796c31825e379aaf909,0.7,inf,cosine,1042145113,SUCCESS,0.24966666666666668,0.979,0.9573333333333334,0.10851637449381514,No-acquisition / no-distortion,0.0001,64,rho0p7_seed08_width64_cosine.json
64,0.001,8,200,0.00275000000000003,0.981,0.008500000000000063,0.15273333333333336,rho0p7_seed08_width8_constant,1.7981268000003183,4161202196,0.01,0.9,3000,4000,5000,2000,654e72b39310847b0d369796c31825e379aaf909,0.7,inf,constant,1042145113,SUCCESS,0.23933333333333334,0.9895,0.9593333333333334,0.11266789143815481,No-acquisition / no-distortion,0.0001,8,rho0p7_seed08_width8_constant.json
64,0.001,8,200,0.0,0.98375,0.0044999999999999485,0.1524,rho0p7_seed08_width8_cosine,1.8885307000000466,4161202196,0.01,0.9,3000,4000,5000,2000,654e72b39310847b0d369796c31825e379aaf909,0.7,inf,cosine,1042145113,SUCCESS,0.24033333333333334,0.98825,0.9586666666666667,0.11312898847725136,No-acquisition / no-distortion,0.0001,8,rho0p7_seed08_width8_cosine.json
64,0.001,9,200,0.020500000000000074,0.969,0.0,0.18739999999999998,rho0p7_seed09_width512_constant,12.308741999999256,2406592068,0.01,0.9,3000,4000,5000,2000,654e72b39310847b0d369796c31825e379aaf909,0.7,inf,constant,1423486396,SUCCESS,0.30666666666666664,0.969,0.9546666666666667,0.08859620866959897,No-acquisition / no-distortion,0.0001,512,rho0p7_seed09_width512_constant.json
64,0.001,9,200,0.014249999999999985,0.9755,0.006749999999999923,0.17186666666666667,rho0p7_seed09_width512_cosine,11.70954569999958,2406592068,0.01,0.9,3000,4000,5000,2000,654e72b39310847b0d369796c31825e379aaf909,0.7,inf,cosine,1423486396,SUCCESS,0.285,0.98225,0.9553333333333334,0.0932459520125927,No-acquisition / no-distortion,0.0001,512,rho0p7_seed09_width512_cosine.json
64,0.001,9,200,0.006000000000000005,0.9835,0.0,0.1721333333333334,rho0p7_seed09_width64_constant,3.2483246000010695,4108903491,0.01,0.9,3000,4000,5000,2000,654e72b39310847b0d369796c31825e379aaf909,0.7,inf,constant,1423486396,SUCCESS,0.2783333333333333,0.9835,0.9563333333333334,0.09670359130675328,No-acquisition / no-distortion,0.0001,64,rho0p7_seed09_width64_constant.json
64,0.001,9,200,0.003250000000000086,0.98625,0.0015000000000000568,0.1706,rho0p7_seed09_width64_cosine,3.4880881999997655,4108903491,0.01,0.9,3000,4000,5000,2000,654e72b39310847b0d369796c31825e379aaf909,0.7,inf,cosine,1423486396,SUCCESS,0.2763333333333333,0.98775,0.9566666666666667,0.0986670397740394,No-acquisition / no-distortion,0.0001,64,rho0p7_seed09_width64_cosine.json
64,0.001,9,200,0.0,0.985,0.007500000000000062,0.1680666666666667,rho0p7_seed09_width8_constant,1.9466748000013467,4045869358,0.01,0.9,3000,4000,5000,2000,654e72b39310847b0d369796c31825e379aaf909,0.7,inf,constant,1423486396,SUCCESS,0.271,0.9925,0.9573333333333334,0.10236069242259023,No-acquisition / no-distortion,0.0001,8,rho0p7_seed09_width8_constant.json
64,0.001,9,200,0.0,0.985,0.006000000000000005,0.16660000000000003,rho0p7_seed09_width8_cosine,2.0471978999994462,4045869358,0.01,0.9,3000,4000,5000,2000,654e72b39310847b0d369796c31825e379aaf909,0.7,inf,cosine,1423486396,SUCCESS,0.2693333333333333,0.991,0.9566666666666667,0.10302895936097457,No-acquisition / no-distortion,0.0001,8,rho0p7_seed09_width8_cosine.json
64,0.001,10,200,0.0044999999999999485,0.9715,0.00649999999999995,0.17826666666666666,rho0p7_seed10_width512_constant,12.07114570000158,3001937624,0.01,0.9,3000,4000,5000,2000,654e72b39310847b0d369796c31825e379aaf909,0.7,inf,constant,413993184,SUCCESS,0.2816666666666667,0.978,0.9546666666666667,0.09344895805519515,No-acquisition / no-distortion,0.0001,512,rho0p7_seed10_width512_constant.json
64,0.001,10,200,0.0,0.976,0.01100000000000001,0.169,rho0p7_seed10_width512_cosine,11.678896200000963,3001937624,0.01,0.9,3000,4000,5000,2000,654e72b39310847b0d369796c31825e379aaf909,0.7,inf,cosine,413993184,SUCCESS,0.26666666666666666,0.987,0.9533333333333334,0.09866742805798599,No-acquisition / no-distortion,0.0001,512,rho0p7_seed10_width512_cosine.json
64,0.001,10,200,0.004250000000000087,0.98125,0.0050000000000000044,0.1688,rho0p7_seed10_width64_constant,3.223477900000944,2156459619,0.01,0.9,3000,4000,5000,2000,654e72b39310847b0d369796c31825e379aaf909,0.7,inf,constant,413993184,SUCCESS,0.274,0.98625,0.9536666666666667,0.1011008360283316,No-acquisition / no-distortion,0.0001,64,rho0p7_seed10_width64_constant.json
64,0.001,10,200,0.0022499999999999742,0.9835,0.00374999999999992,0.1709333333333333,rho0p7_seed10_width64_cosine,2.9590420000004087,2156459619,0.01,0.9,3000,4000,5000,2000,654e72b39310847b0d369796c31825e379aaf909,0.7,inf,cosine,413993184,SUCCESS,0.2723333333333333,0.98725,0.954,0.10342993302430964,No-acquisition / no-distortion,0.0001,64,rho0p7_seed10_width64_cosine.json
64,0.001,10,200,0.0,0.98475,0.007249999999999979,0.17206666666666665,rho0p7_seed10_width8_constant,1.8908276000001933,1260989936,0.01,0.9,3000,4000,5000,2000,654e72b39310847b0d369796c31825e379aaf909,0.7,inf,constant,413993184,SUCCESS,0.2826666666666667,0.992,0.9536666666666667,0.10834840815857902,No-acquisition / no-distortion,0.0001,8,rho0p7_seed10_width8_constant.json
64,0.001,10,200,0.0,0.9845,0.005249999999999977,0.17326666666666665,rho0p7_seed10_width8_cosine,1.9467234000003373,1260989936,0.01,0.9,3000,4000,5000,2000,654e72b39310847b0d369796c31825e379aaf909,0.7,inf,cosine,413993184,SUCCESS,0.2826666666666667,0.98975,0.9536666666666667,0.10892505410953893,No-acquisition / no-distortion,0.0001,8,rho0p7_seed10_width8_cosine.json
64,0.001,11,200,0.02024999999999999,0.94525,0.021499999999999964,0.1485333333333333,rho0p7_seed11_width512_constant,11.555285800001002,1381932276,0.01,0.9,3000,4000,5000,2000,654e72b39310847b0d369796c31825e379aaf909,0.7,inf,constant,1201803729,SUCCESS,0.251,0.96675,0.952,0.08534086833468968,No-acquisition / no-distortion,0.0001,512,rho0p7_seed11_width512_constant.json
64,0.001,11,200,0.004750000000000032,0.96075,0.012249999999999983,0.15099999999999997,rho0p7_seed11_width512_cosine,12.114054700001361,1381932276,0.01,0.9,3000,4000,5000,2000,654e72b39310847b0d369796c31825e379aaf909,0.7,inf,cosine,1201803729,SUCCESS,0.253,0.973,0.955,0.0911952585022364,No-acquisition / no-distortion,0.0001,512,rho0p7_seed11_width512_cosine.json
64,0.001,11,200,0.015249999999999986,0.966,0.004249999999999976,0.1544666666666667,rho0p7_seed11_width64_constant,3.257455499999196,3865773442,0.01,0.9,3000,4000,5000,2000,654e72b39310847b0d369796c31825e379aaf909,0.7,inf,constant,1201803729,SUCCESS,0.24633333333333332,0.97025,0.9563333333333334,0.09270803107693475,No-acquisition / no-distortion,0.0001,64,rho0p7_seed11_width64_constant.json
64,0.001,11,200,0.01200000000000001,0.96925,0.0040000000000000036,0.15619999999999995,rho0p7_seed11_width64_cosine,3.235962099999597,3865773442,0.01,0.9,3000,4000,5000,2000,654e72b39310847b0d369796c31825e379aaf909,0.7,inf,cosine,1201803729,SUCCESS,0.24433333333333335,0.97325,0.957,0.09595433894088012,No-acquisition / no-distortion,0.0001,64,rho0p7_seed11_width64_cosine.json
64,0.001,11,200,0.011749999999999927,0.9785,0.0024999999999999467,0.15573333333333336,rho0p7_seed11_width8_constant,2.09311180000077,3619968434,0.01,0.9,3000,4000,5000,2000,654e72b39310847b0d369796c31825e379aaf909,0.7,inf,constant,1201803729,SUCCESS,0.255,0.981,0.9563333333333334,0.10381771657906823,No-acquisition / no-distortion,0.0001,8,rho0p7_seed11_width8_constant.json
64,0.001,11,200,0.006749999999999923,0.9835,0.0,0.15546666666666667,rho0p7_seed11_width8_cosine,2.137309199999436,3619968434,0.01,0.9,3000,4000,5000,2000,654e72b39310847b0d369796c31825e379aaf909,0.7,inf,cosine,1201803729,SUCCESS,0.256,0.9835,0.9576666666666667,0.10431972495770114,No-acquisition / no-distortion,0.0001,8,rho0p7_seed11_width8_cosine.json
64,0.001,12,200,0.013500000000000068,0.97625,0.00825000000000009,0.14806666666666662,rho0p7_seed12_width512_constant,11.772221499999432,2195343427,0.01,0.9,3000,4000,5000,2000,654e72b39310847b0d369796c31825e379aaf909,0.7,inf,constant,1095533827,SUCCESS,0.251,0.9845,0.945,0.09354193734412042,No-acquisition / no-distortion,0.0001,512,rho0p7_seed12_width512_constant.json
64,0.001,12,200,0.01100000000000001,0.9785,0.011249999999999982,0.15853333333333333,rho0p7_seed12_width512_cosine,12.337091200000941,2195343427,0.01,0.9,3000,4000,5000,2000,654e72b39310847b0d369796c31825e379aaf909,0.7,inf,cosine,1095533827,SUCCESS,0.27066666666666667,0.98975,0.9466666666666667,0.09941416417241052,No-acquisition / no-distortion,0.0001,512,rho0p7_seed12_width512_cosine.json
64,0.001,12,200,0.004250000000000087,0.98625,0.007500000000000062,0.1584,rho0p7_seed12_width64_constant,3.3661734999986948,3808462346,0.01,0.9,3000,4000,5000,2000,654e72b39310847b0d369796c31825e379aaf909,0.7,inf,constant,1095533827,SUCCESS,0.2743333333333333,0.99375,0.9456666666666667,0.10384451315329281,No-acquisition / no-distortion,0.0001,64,rho0p7_seed12_width64_constant.json
64,0.001,12,200,0.0,0.9905,0.0020000000000000018,0.1609333333333333,rho0p7_seed12_width64_cosine,3.38028630000008,3808462346,0.01,0.9,3000,4000,5000,2000,654e72b39310847b0d369796c31825e379aaf909,0.7,inf,cosine,1095533827,SUCCESS,0.2763333333333333,0.9925,0.946,0.10516027172687173,No-acquisition / no-distortion,0.0001,64,rho0p7_seed12_width64_cosine.json
64,0.001,12,200,0.0,0.989,0.003249999999999975,0.16106666666666666,rho0p7_seed12_width8_constant,1.9373336999997264,3895370836,0.01,0.9,3000,4000,5000,2000,654e72b39310847b0d369796c31825e379aaf909,0.7,inf,constant,1095533827,SUCCESS,0.2803333333333333,0.99225,0.9456666666666667,0.10791147931289784,No-acquisition / no-distortion,0.0001,8,rho0p7_seed12_width8_constant.json
64,0.001,12,200,0.0,0.989,0.0045000000000000595,0.16033333333333336,rho0p7_seed12_width8_cosine,2.002792799999952,3895370836,0.01,0.9,3000,4000,5000,2000,654e72b39310847b0d369796c31825e379aaf909,0.7,inf,cosine,1095533827,SUCCESS,0.2806666666666667,0.9935,0.9463333333333334,0.10851301551268908,No-acquisition / no-distortion,0.0001,8,rho0p7_seed12_width8_cosine.json
64,0.001,13,200,0.018500000000000072,0.956,0.0,0.1512666666666666,rho0p7_seed13_width512_constant,12.332687000000078,2449924919,0.01,0.9,3000,4000,5000,2000,654e72b39310847b0d369796c31825e379aaf909,0.7,inf,constant,3152183194,SUCCESS,0.255,0.956,0.949,0.0918339978769523,No-acquisition / no-distortion,0.0001,512,rho0p7_seed13_width512_constant.json
64,0.001,13,200,0.0007500000000000284,0.97375,0.004750000000000032,0.1675333333333333,rho0p7_seed13_width512_cosine,11.301508499998818,2449924919,0.01,0.9,3000,4000,5000,2000,654e72b39310847b0d369796c31825e379aaf909,0.7,inf,cosine,3152183194,SUCCESS,0.283,0.9785,0.951,0.09534812253996401,No-acquisition / no-distortion,0.0001,512,rho0p7_seed13_width512_cosine.json
64,0.001,13,200,0.0034999999999999476,0.98075,0.0030000000000000027,0.1711333333333333,rho0p7_seed13_width64_constant,3.4824129000007815,3457872849,0.01,0.9,3000,4000,5000,2000,654e72b39310847b0d369796c31825e379aaf909,0.7,inf,constant,3152183194,SUCCESS,0.2816666666666667,0.98375,0.955,0.10030697284224267,No-acquisition / no-distortion,0.0001,64,rho0p7_seed13_width64_constant.json
64,0.001,13,200,0.00275000000000003,0.98125,0.0040000000000000036,0.17106666666666664,rho0p7_seed13_width64_cosine,3.4053726000001916,3457872849,0.01,0.9,3000,4000,5000,2000,654e72b39310847b0d369796c31825e379aaf909,0.7,inf,cosine,3152183194,SUCCESS,0.2836666666666667,0.98525,0.9556666666666667,0.10309905171516903,No-acquisition / no-distortion,0.0001,64,rho0p7_seed13_width64_cosine.json
64,0.001,13,200,0.0045000000000000595,0.98525,0.0012500000000000844,0.16793333333333332,rho0p7_seed13_width8_constant,2.0001909999991767,271625662,0.01,0.9,3000,4000,5000,2000,654e72b39310847b0d369796c31825e379aaf909,0.7,inf,constant,3152183194,SUCCESS,0.2826666666666667,0.9865,0.9546666666666667,0.10755424631834856,No-acquisition / no-distortion,0.0001,8,rho0p7_seed13_width8_constant.json
64,0.001,13,200,0.0040000000000000036,0.98575,0.0014999999999999458,0.16913333333333339,rho0p7_seed13_width8_cosine,2.1842097000007925,271625662,0.01,0.9,3000,4000,5000,2000,654e72b39310847b0d369796c31825e379aaf909,0.7,inf,cosine,3152183194,SUCCESS,0.286,0.98725,0.9543333333333334,0.10825512825085552,No-acquisition / no-distortion,0.0001,8,rho0p7_seed13_width8_cosine.json
64,0.001,14,200,0.016000000000000014,0.962,0.0,0.177,rho0p7_seed14_width512_constant,11.335483300001215,2559685591,0.01,0.9,3000,4000,5000,2000,654e72b39310847b0d369796c31825e379aaf909,0.7,inf,constant,1475484183,SUCCESS,0.30533333333333335,0.962,0.9546666666666667,0.098544049533449,No-acquisition / no-distortion,0.0001,512,rho0p7_seed14_width512_constant.json
64,0.001,14,200,0.01474999999999993,0.9635,0.007000000000000006,0.1658,rho0p7_seed14_width512_cosine,11.78140600000006,2559685591,0.01,0.9,3000,4000,5000,2000,654e72b39310847b0d369796c31825e379aaf909,0.7,inf,cosine,1475484183,SUCCESS,0.2856666666666667,0.9705,0.9556666666666667,0.10049335261377132,No-acquisition / no-distortion,0.0001,512,rho0p7_seed14_width512_cosine.json
64,0.001,14,200,0.005499999999999949,0.9835,0.0004999999999999449,0.16580000000000003,rho0p7_seed14_width64_constant,3.3082308000011835,393263940,0.01,0.9,3000,4000,5000,2000,654e72b39310847b0d369796c31825e379aaf909,0.7,inf,constant,1475484183,SUCCESS,0.2836666666666667,0.984,0.9543333333333334,0.10556776720387662,No-acquisition / no-distortion,0.0001,64,rho0p7_seed14_width64_constant.json
64,0.001,14,200,0.0030000000000000027,0.986,0.000500000000000056,0.16613333333333336,rho0p7_seed14_width64_cosine,3.2887219000003824,393263940,0.01,0.9,3000,4000,5000,2000,654e72b39310847b0d369796c31825e379aaf909,0.7,inf,cosine,1475484183,SUCCESS,0.2866666666666667,0.9865,0.9553333333333334,0.108396166917651,No-acquisition / no-distortion,0.0001,64,rho0p7_seed14_width64_cosine.json
64,0.001,14,200,0.0007500000000000284,0.98925,0.0017500000000000293,0.1663333333333334,rho0p7_seed14_width8_constant,2.0953416000011202,3581722045,0.01,0.9,3000,4000,5000,2000,654e72b39310847b0d369796c31825e379aaf909,0.7,inf,constant,1475484183,SUCCESS,0.292,0.991,0.9543333333333334,0.11294110177993164,No-acquisition / no-distortion,0.0001,8,rho0p7_seed14_width8_constant.json
64,0.001,14,200,0.0,0.98975,0.005750000000000033,0.16599999999999995,rho0p7_seed14_width8_cosine,2.2710504999995464,3581722045,0.01,0.9,3000,4000,5000,2000,654e72b39310847b0d369796c31825e379aaf909,0.7,inf,cosine,1475484183,SUCCESS,0.289,0.9955,0.954,0.113420900849124,No-acquisition / no-distortion,0.0001,8,rho0p7_seed14_width8_cosine.json
64,0.001,15,200,0.022500000000000075,0.971,0.00824999999999998,0.16433333333333336,rho0p7_seed15_width512_constant,11.23496730000079,2254210050,0.01,0.9,3000,4000,5000,2000,654e72b39310847b0d369796c31825e379aaf909,0.7,inf,constant,638302190,SUCCESS,0.26166666666666666,0.97925,0.9576666666666667,0.08801980017197497,No-acquisition / no-distortion,0.0001,512,rho0p7_seed15_width512_constant.json
64,0.001,15,200,0.013749999999999929,0.9795,0.0022499999999999742,0.16506666666666664,rho0p7_seed15_width512_cosine,11.162057700001242,2254210050,0.01,0.9,3000,4000,5000,2000,654e72b39310847b0d369796c31825e379aaf909,0.7,inf,cosine,638302190,SUCCESS,0.26166666666666666,0.98175,0.959,0.09280315180367957,No-acquisition / no-distortion,0.0001,512,rho0p7_seed15_width512_cosine.json
64,0.001,15,200,0.0017500000000000293,0.98475,0.0024999999999999467,0.1666666666666666,rho0p7_seed15_width64_constant,2.8912762999989354,352719,0.01,0.9,3000,4000,5000,2000,654e72b39310847b0d369796c31825e379aaf909,0.7,inf,constant,638302190,SUCCESS,0.27,0.98725,0.96,0.09649354603773334,No-acquisition / no-distortion,0.0001,64,rho0p7_seed15_width64_constant.json
64,0.001,15,200,0.0020000000000000018,0.9845,0.0050000000000000044,0.1683333333333334,rho0p7_seed15_width64_cosine,3.0641964999995253,352719,0.01,0.9,3000,4000,5000,2000,654e72b39310847b0d369796c31825e379aaf909,0.7,inf,cosine,638302190,SUCCESS,0.2703333333333333,0.9895,0.9613333333333334,0.09867433390248898,No-acquisition / no-distortion,0.0001,64,rho0p7_seed15_width64_cosine.json
64,0.001,15,200,0.0012500000000000844,0.98925,0.003750000000000031,0.167,rho0p7_seed15_width8_constant,1.8791721000015968,3202818974,0.01,0.9,3000,4000,5000,2000,654e72b39310847b0d369796c31825e379aaf909,0.7,inf,constant,638302190,SUCCESS,0.2653333333333333,0.993,0.9596666666666667,0.09994362761218535,No-acquisition / no-distortion,0.0001,8,rho0p7_seed15_width8_constant.json
64,0.001,15,200,0.0007500000000000284,0.98975,0.0022499999999999742,0.16473333333333337,rho0p7_seed15_width8_cosine,1.968156299999464,3202818974,0.01,0.9,3000,4000,5000,2000,654e72b39310847b0d369796c31825e379aaf909,0.7,inf,cosine,638302190,SUCCESS,0.26166666666666666,0.992,0.9583333333333334,0.10025430588759827,No-acquisition / no-distortion,0.0001,8,rho0p7_seed15_width8_cosine.json
64,0.001,16,200,0.010249999999999981,0.97075,0.0004999999999999449,0.18413333333333332,rho0p7_seed16_width512_constant,11.091127800000322,4248213094,0.01,0.9,3000,4000,5000,2000,654e72b39310847b0d369796c31825e379aaf909,0.7,inf,constant,2097863080,SUCCESS,0.326,0.97125,0.9466666666666667,0.09145830572476293,No-acquisition / no-distortion,0.0001,512,rho0p7_seed16_width512_constant.json
64,0.001,16,200,0.0022500000000000853,0.97925,0.0025000000000000577,0.16780000000000003,rho0p7_seed16_width512_cosine,10.934823400000823,4248213094,0.01,0.9,3000,4000,5000,2000,654e72b39310847b0d369796c31825e379aaf909,0.7,inf,cosine,2097863080,SUCCESS,0.29933333333333334,0.98175,0.9473333333333334,0.09615193515810981,No-acquisition / no-distortion,0.0001,512,rho0p7_seed16_width512_cosine.json
64,0.001,16,200,0.0017500000000000293,0.98425,0.00275000000000003,0.16726666666666665,rho0p7_seed16_width64_constant,2.99947819999943,2011216355,0.01,0.9,3000,4000,5000,2000,654e72b39310847b0d369796c31825e379aaf909,0.7,inf,constant,2097863080,SUCCESS,0.303,0.987,0.9476666666666667,0.10032284028019695,No-acquisition / no-distortion,0.0001,64,rho0p7_seed16_width64_constant.json
64,0.001,16,200,0.0007500000000000284,0.98525,0.0,0.16573333333333334,rho0p7_seed16_width64_cosine,2.931777100000545,2011216355,0.01,0.9,3000,4000,5000,2000,654e72b39310847b0d369796c31825e379aaf909,0.7,inf,cosine,2097863080,SUCCESS,0.2966666666666667,0.98525,0.9483333333333334,0.10255257774847616,No-acquisition / no-distortion,0.0001,64,rho0p7_seed16_width64_cosine.json
64,0.001,16,200,0.0022499999999999742,0.988,0.0,0.16973333333333332,rho0p7_seed16_width8_constant,1.8345883000001777,3171171985,0.01,0.9,3000,4000,5000,2000,654e72b39310847b0d369796c31825e379aaf909,0.7,inf,constant,2097863080,SUCCESS,0.3,0.988,0.952,0.1094305633300984,No-acquisition / no-distortion,0.0001,8,rho0p7_seed16_width8_constant.json
64,0.001,16,200,0.0,0.99,0.000500000000000056,0.1718666666666666,rho0p7_seed16_width8_cosine,1.9265939999986585,3171171985,0.01,0.9,3000,4000,5000,2000,654e72b39310847b0d369796c31825e379aaf909,0.7,inf,cosine,2097863080,SUCCESS,0.2996666666666667,0.9905,0.952,0.1096644543928343,No-acquisition / no-distortion,0.0001,8,rho0p7_seed16_width8_cosine.json
64,0.001,17,200,0.010249999999999981,0.96825,0.017249999999999988,0.16393333333333332,rho0p7_seed17_width512_constant,11.33917939999992,3488605890,0.01,0.9,3000,4000,5000,2000,654e72b39310847b0d369796c31825e379aaf909,0.7,inf,constant,2675571292,SUCCESS,0.26766666666666666,0.9855,0.9466666666666667,0.09430314622027303,No-acquisition / no-distortion,0.0001,512,rho0p7_seed17_width512_constant.json
64,0.001,17,200,0.0012499999999999734,0.978,0.012249999999999983,0.16626666666666665,rho0p7_seed17_width512_cosine,10.892354699999487,3488605890,0.01,0.9,3000,4000,5000,2000,654e72b39310847b0d369796c31825e379aaf909,0.7,inf,cosine,2675571292,SUCCESS,0.274,0.99025,0.9476666666666667,0.09998873150215247,No-acquisition / no-distortion,0.0001,512,rho0p7_seed17_width512_cosine.json
64,0.001,17,200,0.004750000000000032,0.986,0.00275000000000003,0.16286666666666663,rho0p7_seed17_width64_constant,3.1452733000005537,2691785682,0.01,0.9,3000,4000,5000,2000,654e72b39310847b0d369796c31825e379aaf909,0.7,inf,constant,2675571292,SUCCESS,0.2663333333333333,0.98875,0.9456666666666667,0.10244766084197081,No-acquisition / no-distortion,0.0001,64,rho0p7_seed17_width64_constant.json
64,0.001,17,200,0.0044999999999999485,0.98575,0.007000000000000006,0.16533333333333328,rho0p7_seed17_width64_cosine,3.2254100999998627,2691785682,0.01,0.9,3000,4000,5000,2000,654e72b39310847b0d369796c31825e379aaf909,0.7,inf,cosine,2675571292,SUCCESS,0.26766666666666666,0.99275,0.947,0.10440490589090054,No-acquisition / no-distortion,0.0001,64,rho0p7_seed17_width64_cosine.json
64,0.001,17,200,0.003250000000000086,0.99225,0.00275000000000003,0.16759999999999997,rho0p7_seed17_width8_constant,1.8200178000006417,1645269916,0.01,0.9,3000,4000,5000,2000,654e72b39310847b0d369796c31825e379aaf909,0.7,inf,constant,2675571292,SUCCESS,0.2763333333333333,0.995,0.9496666666666667,0.1095664637860818,No-acquisition / no-distortion,0.0001,8,rho0p7_seed17_width8_constant.json
64,0.001,17,200,0.0017500000000000293,0.99375,0.0024999999999999467,0.16573333333333337,rho0p7_seed17_width8_cosine,1.9685114000003523,1645269916,0.01,0.9,3000,4000,5000,2000,654e72b39310847b0d369796c31825e379aaf909,0.7,inf,cosine,2675571292,SUCCESS,0.276,0.99625,0.9493333333333334,0.11019574677761756,No-acquisition / no-distortion,0.0001,8,rho0p7_seed17_width8_cosine.json
64,0.001,18,200,0.014499999999999957,0.96825,0.0,0.16540000000000005,rho0p7_seed18_width512_constant,10.880830799998876,2977274708,0.01,0.9,3000,4000,5000,2000,654e72b39310847b0d369796c31825e379aaf909,0.7,inf,constant,4289101760,SUCCESS,0.26466666666666666,0.96825,0.9523333333333334,0.10135671656584089,No-acquisition / no-distortion,0.0001,512,rho0p7_seed18_width512_constant.json
64,0.001,18,200,0.005250000000000088,0.97725,0.0025000000000000577,0.16680000000000003,rho0p7_seed18_width512_cosine,10.956712299999708,2977274708,0.01,0.9,3000,4000,5000,2000,654e72b39310847b0d369796c31825e379aaf909,0.7,inf,cosine,4289101760,SUCCESS,0.2663333333333333,0.97975,0.9543333333333334,0.10461784766094524,No-acquisition / no-distortion,0.0001,512,rho0p7_seed18_width512_cosine.json
64,0.001,18,200,0.00649999999999995,0.9805,0.0,0.16860000000000003,rho0p7_seed18_width64_constant,3.117544700000508,452410788,0.01,0.9,3000,4000,5000,2000,654e72b39310847b0d369796c31825e379aaf909,0.7,inf,constant,4289101760,SUCCESS,0.2683333333333333,0.9805,0.9573333333333334,0.10810286482033168,No-acquisition / no-distortion,0.0001,64,rho0p7_seed18_width64_constant.json
64,0.001,18,200,0.0030000000000000027,0.98425,0.0,0.16793333333333332,rho0p7_seed18_width64_cosine,2.9906009000005724,452410788,0.01,0.9,3000,4000,5000,2000,654e72b39310847b0d369796c31825e379aaf909,0.7,inf,cosine,4289101760,SUCCESS,0.263,0.98425,0.9576666666666667,0.11062657134769936,No-acquisition / no-distortion,0.0001,64,rho0p7_seed18_width64_cosine.json
64,0.001,18,200,0.0,0.9905,0.0030000000000000027,0.16960000000000003,rho0p7_seed18_width8_constant,1.904309800000192,162848839,0.01,0.9,3000,4000,5000,2000,654e72b39310847b0d369796c31825e379aaf909,0.7,inf,constant,4289101760,SUCCESS,0.2613333333333333,0.9935,0.9573333333333334,0.11616373172871108,No-acquisition / no-distortion,0.0001,8,rho0p7_seed18_width8_constant.json
64,0.001,18,200,0.0,0.9905,0.0022499999999999742,0.16900000000000004,rho0p7_seed18_width8_cosine,1.9146368999990955,162848839,0.01,0.9,3000,4000,5000,2000,654e72b39310847b0d369796c31825e379aaf909,0.7,inf,cosine,4289101760,SUCCESS,0.25666666666666665,0.99275,0.9583333333333334,0.11677898088050874,No-acquisition / no-distortion,0.0001,8,rho0p7_seed18_width8_cosine.json
64,0.001,19,200,0.018000000000000016,0.96175,0.011750000000000038,0.17699999999999996,rho0p7_seed19_width512_constant,11.03937169999881,3854191344,0.01,0.9,3000,4000,5000,2000,654e72b39310847b0d369796c31825e379aaf909,0.7,inf,constant,1602709263,SUCCESS,0.31166666666666665,0.9735,0.954,0.08934611043125126,No-acquisition / no-distortion,0.0001,512,rho0p7_seed19_width512_constant.json
64,0.001,19,200,0.004750000000000032,0.974,0.006500000000000061,0.16860000000000003,rho0p7_seed19_width512_cosine,11.522137500000099,3854191344,0.01,0.9,3000,4000,5000,2000,654e72b39310847b0d369796c31825e379aaf909,0.7,inf,cosine,1602709263,SUCCESS,0.288,0.9805,0.9553333333333334,0.09293058875075162,No-acquisition / no-distortion,0.0001,512,rho0p7_seed19_width512_cosine.json
64,0.001,19,200,0.0,0.9785,0.0010000000000000009,0.16813333333333327,rho0p7_seed19_width64_constant,3.201887400000487,1149115013,0.01,0.9,3000,4000,5000,2000,654e72b39310847b0d369796c31825e379aaf909,0.7,inf,constant,1602709263,SUCCESS,0.2853333333333333,0.9795,0.954,0.09628247276116164,No-acquisition / no-distortion,0.0001,64,rho0p7_seed19_width64_constant.json
64,0.001,19,200,0.0,0.97825,0.00275000000000003,0.16919999999999996,rho0p7_seed19_width64_cosine,3.1631271000005654,1149115013,0.01,0.9,3000,4000,5000,2000,654e72b39310847b0d369796c31825e379aaf909,0.7,inf,cosine,1602709263,SUCCESS,0.2876666666666667,0.981,0.956,0.09824144476708559,No-acquisition / no-distortion,0.0001,64,rho0p7_seed19_width64_cosine.json
64,0.001,19,200,0.005249999999999977,0.978,0.0,0.1706,rho0p7_seed19_width8_constant,1.9245960999996896,237871577,0.01,0.9,3000,4000,5000,2000,654e72b39310847b0d369796c31825e379aaf909,0.7,inf,constant,1602709263,SUCCESS,0.2916666666666667,0.978,0.9576666666666667,0.10235268387459535,No-acquisition / no-distortion,0.0001,8,rho0p7_seed19_width8_constant.json
64,0.001,19,200,0.00275000000000003,0.98075,0.0022499999999999742,0.17073333333333332,rho0p7_seed19_width8_cosine,1.9627280000004248,237871577,0.01,0.9,3000,4000,5000,2000,654e72b39310847b0d369796c31825e379aaf909,0.7,inf,cosine,1602709263,SUCCESS,0.288,0.983,0.9586666666666667,0.10250611391938137,No-acquisition / no-distortion,0.0001,8,rho0p7_seed19_width8_cosine.json
64,0.001,0,200,0.01200000000000001,0.9555,0.0030000000000000027,0.4285333333333333,rho0p9_seed00_width512_constant,10.956994299998769,3536527756,0.01,0.9,3000,4000,5000,2000,654e72b39310847b0d369796c31825e379aaf909,0.9,40.0,constant,2830413530,SUCCESS,0.731,0.9585,0.9913333333333333,0.011755730354335985,No-acquisition / no-distortion,0.0001,512,rho0p9_seed00_width512_constant.json
64,0.001,0,200,0.010000000000000009,0.9575,0.008499999999999952,0.42466666666666664,rho0p9_seed00_width512_cosine,11.165865699998903,3536527756,0.01,0.9,3000,4000,5000,2000,654e72b39310847b0d369796c31825e379aaf909,0.9,40.0,cosine,2830413530,SUCCESS,0.7276666666666667,0.966,0.9913333333333333,0.012921215652923672,No-acquisition / no-distortion,0.0001,512,rho0p9_seed00_width512_cosine.json
64,0.001,0,200,0.009750000000000036,0.962,0.0002500000000000835,0.43166666666666664,rho0p9_seed00_width64_constant,3.241184100001192,2333280871,0.01,0.9,3000,4000,5000,2000,654e72b39310847b0d369796c31825e379aaf909,0.9,40.0,constant,2830413530,SUCCESS,0.742,0.96225,0.993,0.013058856496659268,No-acquisition / no-distortion,0.0001,64,rho0p9_seed00_width64_constant.json
64,0.001,0,200,0.007500000000000062,0.964,0.0007500000000000284,0.4312666666666667,rho0p9_seed00_width64_cosine,3.197355399999651,2333280871,0.01,0.9,3000,4000,5000,2000,654e72b39310847b0d369796c31825e379aaf909,0.9,40.0,cosine,2830413530,SUCCESS,0.7396666666666667,0.96475,0.993,0.01389410401318645,No-acquisition / no-distortion,0.0001,64,rho0p9_seed00_width64_cosine.json
64,0.001,0,200,0.0017500000000000293,0.97525,0.006750000000000034,0.4262,rho0p9_seed00_width8_constant,1.92096440000023,1248158888,0.01,0.9,3000,4000,5000,2000,654e72b39310847b0d369796c31825e379aaf909,0.9,40.0,constant,2830413530,SUCCESS,0.7303333333333333,0.982,0.993,0.016212476690405105,No-acquisition / no-distortion,0.0001,8,rho0p9_seed00_width8_constant.json
64,0.001,0,200,0.0007500000000000284,0.97625,0.0040000000000000036,0.4255999999999999,rho0p9_seed00_width8_cosine,2.0438754000006156,1248158888,0.01,0.9,3000,4000,5000,2000,654e72b39310847b0d369796c31825e379aaf909,0.9,40.0,cosine,2830413530,SUCCESS,0.728,0.98025,0.993,0.016481175685845815,No-acquisition / no-distortion,0.0001,8,rho0p9_seed00_width8_cosine.json
64,0.001,1,200,0.030000000000000027,0.91425,0.011499999999999955,0.45439999999999997,rho0p9_seed01_width512_constant,11.026252999999997,837710427,0.01,0.9,3000,4000,5000,2000,654e72b39310847b0d369796c31825e379aaf909,0.9,40.0,constant,2231960168,SUCCESS,0.7663333333333333,0.92575,0.989,0.013008742676331687,No-acquisition / no-distortion,0.0001,512,rho0p9_seed01_width512_constant.json
64,0.001,1,200,0.01749999999999996,0.927,0.003249999999999975,0.4516000000000001,rho0p9_seed01_width512_cosine,11.292343499999333,837710427,0.01,0.9,3000,4000,5000,2000,654e72b39310847b0d369796c31825e379aaf909,0.9,40.0,cosine,2231960168,SUCCESS,0.7616666666666667,0.93025,0.989,0.014105461189262695,No-acquisition / no-distortion,0.0001,512,rho0p9_seed01_width512_cosine.json
64,0.001,1,200,0.03649999999999998,0.9275,0.0,0.44846666666666674,rho0p9_seed01_width64_constant,3.3117669000002934,3572611830,0.01,0.9,3000,4000,5000,2000,654e72b39310847b0d369796c31825e379aaf909,0.9,40.0,constant,2231960168,SUCCESS,0.7553333333333333,0.9275,0.9886666666666667,0.014548661999718979,No-acquisition / no-distortion,0.0001,64,rho0p9_seed01_width64_constant.json
64,0.001,1,200,0.028249999999999997,0.93625,0.0,0.45013333333333333,rho0p9_seed01_width64_cosine,3.1166219000006095,3572611830,0.01,0.9,3000,4000,5000,2000,654e72b39310847b0d369796c31825e379aaf909,0.9,40.0,cosine,2231960168,SUCCESS,0.7613333333333333,0.93625,0.989,0.015595262980843034,No-acquisition / no-distortion,0.0001,64,rho0p9_seed01_width64_cosine.json
64,0.001,1,200,0.020999999999999908,0.94925,0.0,0.45533333333333326,rho0p9_seed01_width8_constant,1.91009639999902,2037376792,0.01,0.9,3000,4000,5000,2000,654e72b39310847b0d369796c31825e379aaf909,0.9,40.0,constant,2231960168,SUCCESS,0.7713333333333333,0.94925,0.99,0.016782199674733947,No-acquisition / no-distortion,0.0001,8,rho0p9_seed01_width8_constant.json
64,0.001,1,200,0.008749999999999925,0.9615,0.0,0.453,rho0p9_seed01_width8_cosine,1.9445756000004621,2037376792,0.01,0.9,3000,4000,5000,2000,654e72b39310847b0d369796c31825e379aaf909,0.9,40.0,cosine,2231960168,SUCCESS,0.7663333333333333,0.9615,0.99,0.017436898964968958,No-acquisition / no-distortion,0.0001,8,rho0p9_seed01_width8_cosine.json
64,0.001,2,200,0.0022499999999999742,0.95375,0.0,0.46299999999999997,rho0p9_seed02_width512_constant,11.170034300001134,1504805980,0.01,0.9,3000,4000,5000,2000,654e72b39310847b0d369796c31825e379aaf909,0.9,40.0,constant,1032593518,SUCCESS,0.757,0.95375,0.994,0.010331181810674236,No-acquisition / no-distortion,0.0001,512,rho0p9_seed02_width512_constant.json
64,0.001,2,200,0.0,0.957,0.004750000000000032,0.4620000000000001,rho0p9_seed02_width512_cosine,11.155865699998685,1504805980,0.01,0.9,3000,4000,5000,2000,654e72b39310847b0d369796c31825e379aaf909,0.9,40.0,cosine,1032593518,SUCCESS,0.7556666666666667,0.96175,0.994,0.01103938041765937,No-acquisition / no-distortion,0.0001,512,rho0p9_seed02_width512_cosine.json
64,0.001,2,200,0.00824999999999998,0.9585,0.0,0.4613333333333333,rho0p9_seed02_width64_constant,3.2186639999999898,1196810556,0.01,0.9,3000,4000,5000,2000,654e72b39310847b0d369796c31825e379aaf909,0.9,40.0,constant,1032593518,SUCCESS,0.755,0.9585,0.9946666666666667,0.011716687168511833,No-acquisition / no-distortion,0.0001,64,rho0p9_seed02_width64_constant.json
64,0.001,2,200,0.005750000000000033,0.961,0.000500000000000056,0.46033333333333337,rho0p9_seed02_width64_cosine,3.111785699999018,1196810556,0.01,0.9,3000,4000,5000,2000,654e72b39310847b0d369796c31825e379aaf909,0.9,40.0,cosine,1032593518,SUCCESS,0.755,0.9615,0.9946666666666667,0.012343293249447131,No-acquisition / no-distortion,0.0001,64,rho0p9_seed02_width64_cosine.json
64,0.001,2,200,0.0025000000000000577,0.96375,0.005499999999999949,0.44973333333333326,rho0p9_seed02_width8_constant,1.8612477999995463,3309389451,0.01,0.9,3000,4000,5000,2000,654e72b39310847b0d369796c31825e379aaf909,0.9,40.0,constant,1032593518,SUCCESS,0.7403333333333333,0.96925,0.994,0.013332227327486151,No-acquisition / no-distortion,0.0001,8,rho0p9_seed02_width8_constant.json
64,0.001,2,200,0.0030000000000000027,0.9635,0.003750000000000031,0.44820000000000004,rho0p9_seed02_width8_cosine,1.9983491000002687,3309389451,0.01,0.9,3000,4000,5000,2000,654e72b39310847b0d369796c31825e379aaf909,0.9,40.0,cosine,1032593518,SUCCESS,0.7343333333333333,0.96725,0.994,0.01353711142727901,No-acquisition / no-distortion,0.0001,8,rho0p9_seed02_width8_cosine.json
64,0.001,3,200,0.007249999999999979,0.95675,0.00550000000000006,0.4321999999999999,rho0p9_seed03_width512_constant,11.361663300000146,3200277242,0.01,0.9,3000,4000,5000,2000,654e72b39310847b0d369796c31825e379aaf909,0.9,40.0,constant,3840629419,SUCCESS,0.7223333333333334,0.96225,0.9923333333333333,0.010882478017933125,No-acquisition / no-distortion,0.0001,512,rho0p9_seed03_width512_constant.json
64,0.001,3,200,0.006249999999999978,0.95775,0.0035000000000000586,0.43039999999999995,rho0p9_seed03_width512_cosine,11.349818599999708,3200277242,0.01,0.9,3000,4000,5000,2000,654e72b39310847b0d369796c31825e379aaf909,0.9,40.0,cosine,3840629419,SUCCESS,0.7203333333333334,0.96125,0.9923333333333333,0.012151801340373303,No-acquisition / no-distortion,0.0001,512,rho0p9_seed03_width512_cosine.json
64,0.001,3,200,0.005499999999999949,0.9585,0.0012499999999999734,0.4315333333333333,rho0p9_seed03_width64_constant,3.0170266999994055,1187184909,0.01,0.9,3000,4000,5000,2000,654e72b39310847b0d369796c31825e379aaf909,0.9,40.0,constant,3840629419,SUCCESS,0.721,0.95975,0.993,0.012058484346762986,No-acquisition / no-distortion,0.0001,64,rho0p9_seed03_width64_constant.json
64,0.001,3,200,0.004249999999999976,0.95975,0.0,0.43353333333333327,rho0p9_seed03_width64_cosine,3.1360727999999654,1187184909,0.01,0.9,3000,4000,5000,2000,654e72b39310847b0d369796c31825e379aaf909,0.9,40.0,cosine,3840629419,SUCCESS,0.728,0.95975,0.993,0.013014180169772623,No-acquisition / no-distortion,0.0001,64,rho0p9_seed03_width64_cosine.json
64,0.001,3,200,0.0044999999999999485,0.9715,0.0004999999999999449,0.4363333333333334,rho0p9_seed03_width8_constant,1.8739342000008037,1442962582,0.01,0.9,3000,4000,5000,2000,654e72b39310847b0d369796c31825e379aaf909,0.9,40.0,constant,3840629419,SUCCESS,0.7283333333333334,0.972,0.993,0.01491381095991958,No-acquisition / no-distortion,0.0001,8,rho0p9_seed03_width8_constant.json
64,0.001,3,200,0.00275000000000003,0.97325,0.0010000000000000009,0.43479999999999996,rho0p9_seed03_width8_cosine,2.0758937999999034,1442962582,0.01,0.9,3000,4000,5000,2000,654e72b39310847b0d369796c31825e379aaf909,0.9,40.0,cosine,3840629419,SUCCESS,0.7263333333333334,0.97425,0.992,0.015432566762669074,No-acquisition / no-distortion,0.0001,8,rho0p9_seed03_width8_cosine.json
64,0.001,4,200,0.004249999999999976,0.96075,0.006750000000000034,0.44413333333333327,rho0p9_seed04_width512_constant,11.133490599999277,1934000981,0.01,0.9,3000,4000,5000,2000,654e72b39310847b0d369796c31825e379aaf909,0.9,40.0,constant,1575813794,SUCCESS,0.7386666666666667,0.9675,0.9946666666666667,0.009418980710858171,No-acquisition / no-distortion,0.0001,512,rho0p9_seed04_width512_constant.json
64,0.001,4,200,0.0007499999999999174,0.96425,0.0024999999999999467,0.4454000000000001,rho0p9_seed04_width512_cosine,96.38097339999877,1934000981,0.01,0.9,3000,4000,5000,2000,654e72b39310847b0d369796c31825e379aaf909,0.9,40.0,cosine,1575813794,SUCCESS,0.743,0.96675,0.9946666666666667,0.01029702252475465,No-acquisition / no-distortion,0.0001,512,rho0p9_seed04_width512_cosine.json
64,0.001,4,200,0.0,0.9695,0.0014999999999999458,0.4434,rho0p9_seed04_width64_constant,3.2279311000002053,1097734205,0.01,0.9,3000,4000,5000,2000,654e72b39310847b0d369796c31825e379aaf909,0.9,40.0,constant,1575813794,SUCCESS,0.7453333333333333,0.971,0.9943333333333333,0.010804720715299664,No-acquisition / no-distortion,0.0001,64,rho0p9_seed04_width64_constant.json
64,0.001,4,200,0.0,0.9695,0.00374999999999992,0.44453333333333334,rho0p9_seed04_width64_cosine,3.2982243000005838,1097734205,0.01,0.9,3000,4000,5000,2000,654e72b39310847b0d369796c31825e379aaf909,0.9,40.0,cosine,1575813794,SUCCESS,0.747,0.97325,0.9943333333333333,0.0116746734828819,No-acquisition / no-distortion,0.0001,64,rho0p9_seed04_width64_cosine.json
64,0.001,4,200,0.002749999999999919,0.9725,0.00024999999999997247,0.4411999999999999,rho0p9_seed04_width8_constant,1.9529576999993878,3488032820,0.01,0.9,3000,4000,5000,2000,654e72b39310847b0d369796c31825e379aaf909,0.9,40.0,constant,1575813794,SUCCESS,0.7413333333333333,0.97275,0.9943333333333333,0.012460711390092468,No-acquisition / no-distortion,0.0001,8,rho0p9_seed04_width8_constant.json
64,0.001,4,200,0.0017500000000000293,0.97375,0.0004999999999999449,0.4437333333333333,rho0p9_seed04_width8_cosine,2.0265636000003724,3488032820,0.01,0.9,3000,4000,5000,2000,654e72b39310847b0d369796c31825e379aaf909,0.9,40.0,cosine,1575813794,SUCCESS,0.7456666666666667,0.97425,0.9943333333333333,0.012644355034003171,No-acquisition / no-distortion,0.0001,8,rho0p9_seed04_width8_cosine.json
64,0.001,5,200,0.03325,0.933,0.010999999999999899,0.43566666666666654,rho0p9_seed05_width512_constant,11.277826100000311,2443605416,0.01,0.9,3000,4000,5000,2000,654e72b39310847b0d369796c31825e379aaf909,0.9,40.0,constant,1280507074,SUCCESS,0.7283333333333334,0.944,0.9933333333333333,0.013071046364066103,No-acquisition / no-distortion,0.0001,512,rho0p9_seed05_width512_constant.json
64,0.001,5,200,0.031000000000000028,0.93525,0.013499999999999956,0.4350666666666666,rho0p9_seed05_width512_cosine,11.152541599998585,2443605416,0.01,0.9,3000,4000,5000,2000,654e72b39310847b0d369796c31825e379aaf909,0.9,40.0,cosine,1280507074,SUCCESS,0.7303333333333333,0.94875,0.993,0.014382504679476051,No-acquisition / no-distortion,0.0001,512,rho0p9_seed05_width512_cosine.json
64,0.001,5,200,0.02100000000000002,0.958,0.0,0.43479999999999996,rho0p9_seed05_width64_constant,3.344227800000226,1000567817,0.01,0.9,3000,4000,5000,2000,654e72b39310847b0d369796c31825e379aaf909,0.9,40.0,constant,1280507074,SUCCESS,0.7346666666666667,0.958,0.9926666666666667,0.015315338453421503,No-acquisition / no-distortion,0.0001,64,rho0p9_seed05_width64_constant.json
64,0.001,5,200,0.015499999999999958,0.96375,0.0,0.4359333333333334,rho0p9_seed05_width64_cosine,3.179718800000046,1000567817,0.01,0.9,3000,4000,5000,2000,654e72b39310847b0d369796c31825e379aaf909,0.9,40.0,cosine,1280507074,SUCCESS,0.7346666666666667,0.96375,0.9926666666666667,0.01622259425411053,No-acquisition / no-distortion,0.0001,64,rho0p9_seed05_width64_cosine.json
64,0.001,5,200,0.015499999999999958,0.96475,0.0,0.43633333333333335,rho0p9_seed05_width8_constant,2.954196700000466,230455978,0.01,0.9,3000,4000,5000,2000,654e72b39310847b0d369796c31825e379aaf909,0.9,40.0,constant,1280507074,SUCCESS,0.7426666666666667,0.96475,0.993,0.017763296659429953,No-acquisition / no-distortion,0.0001,8,rho0p9_seed05_width8_constant.json
64,0.001,5,200,0.007249999999999979,0.973,0.000500000000000056,0.4390666666666667,rho0p9_seed05_width8_cosine,2.6376614999990124,230455978,0.01,0.9,3000,4000,5000,2000,654e72b39310847b0d369796c31825e379aaf909,0.9,40.0,cosine,1280507074,SUCCESS,0.746,0.9735,0.9936666666666667,0.018446859087840245,No-acquisition / no-distortion,0.0001,8,rho0p9_seed05_width8_cosine.json
64,0.001,6,200,0.013999999999999901,0.96625,0.0024999999999999467,0.4265999999999999,rho0p9_seed06_width512_constant,11.284071399999448,505867487,0.01,0.9,3000,4000,5000,2000,654e72b39310847b0d369796c31825e379aaf909,0.9,40.0,constant,1282563061,SUCCESS,0.7353333333333333,0.96875,0.9953333333333333,0.012676090322599413,No-acquisition / no-distortion,0.0001,512,rho0p9_seed06_width512_constant.json
64,0.001,6,200,0.008499999999999952,0.97175,0.0007500000000000284,0.42766666666666675,rho0p9_seed06_width512_cosine,11.197701099999904,505867487,0.01,0.9,3000,4000,5000,2000,654e72b39310847b0d369796c31825e379aaf909,0.9,40.0,cosine,1282563061,SUCCESS,0.7363333333333333,0.9725,0.995,0.013897811678293903,No-acquisition / no-distortion,0.0001,512,rho0p9_seed06_width512_cosine.json
64,0.001,6,200,0.00374999999999992,0.9725,0.0,0.4338,rho0p9_seed06_width64_constant,3.2320812000016304,341065413,0.01,0.9,3000,4000,5000,2000,654e72b39310847b0d369796c31825e379aaf909,0.9,40.0,constant,1282563061,SUCCESS,0.75,0.9725,0.9956666666666667,0.014284876306982981,No-acquisition / no-distortion,0.0001,64,rho0p9_seed06_width64_constant.json
64,0.001,6,200,0.00275000000000003,0.973,0.00024999999999997247,0.43533333333333324,rho0p9_seed06_width64_cosine,3.2557864999998856,341065413,0.01,0.9,3000,4000,5000,2000,654e72b39310847b0d369796c31825e379aaf909,0.9,40.0,cosine,1282563061,SUCCESS,0.7526666666666667,0.97325,0.9953333333333333,0.015168113746784815,No-acquisition / no-distortion,0.0001,64,rho0p9_seed06_width64_cosine.json
64,0.001,6,200,0.004249999999999976,0.9815,0.0024999999999999467,0.4262666666666667,rho0p9_seed06_width8_constant,1.843982700000197,3747373884,0.01,0.9,3000,4000,5000,2000,654e72b39310847b0d369796c31825e379aaf909,0.9,40.0,constant,1282563061,SUCCESS,0.733,0.984,0.995,0.016654929989266366,No-acquisition / no-distortion,0.0001,8,rho0p9_seed06_width8_constant.json
64,0.001,6,200,0.0022500000000000853,0.98325,0.0002500000000000835,0.4288,rho0p9_seed06_width8_cosine,1.8399856999985786,3747373884,0.01,0.9,3000,4000,5000,2000,654e72b39310847b0d369796c31825e379aaf909,0.9,40.0,cosine,1282563061,SUCCESS,0.737,0.9835,0.995,0.01707439450634372,No-acquisition / no-distortion,0.0001,8,rho0p9_seed06_width8_cosine.json
64,0.001,7,200,0.0030000000000000027,0.97775,0.0050000000000000044,0.43739999999999996,rho0p9_seed07_width512_constant,11.441970699999729,1388385551,0.01,0.9,3000,4000,5000,2000,654e72b39310847b0d369796c31825e379aaf909,0.9,40.0,constant,3410655621,SUCCESS,0.7313333333333333,0.98275,0.9956666666666667,0.015591498997388868,No-acquisition / no-distortion,0.0001,512,rho0p9_seed07_width512_constant.json
64,0.001,7,200,0.0,0.98075,0.005750000000000033,0.43200000000000005,rho0p9_seed07_width512_cosine,11.329295999999886,1388385551,0.01,0.9,3000,4000,5000,2000,654e72b39310847b0d369796c31825e379aaf909,0.9,40.0,cosine,3410655621,SUCCESS,0.7246666666666667,0.9865,0.9956666666666667,0.01665486257330926,No-acquisition / no-distortion,0.0001,512,rho0p9_seed07_width512_cosine.json
64,0.001,7,200,0.0,0.98425,0.0045000000000000595,0.4262,rho0p9_seed07_width64_constant,3.198360099999263,3567466840,0.01,0.9,3000,4000,5000,2000,654e72b39310847b0d369796c31825e379aaf909,0.9,40.0,constant,3410655621,SUCCESS,0.7123333333333334,0.98875,0.995,0.017036552365612887,No-acquisition / no-distortion,0.0001,64,rho0p9_seed07_width64_constant.json
64,0.001,7,200,0.0,0.984,0.0040000000000000036,0.4229333333333334,rho0p9_seed07_width64_cosine,3.056648799998584,3567466840,0.01,0.9,3000,4000,5000,2000,654e72b39310847b0d369796c31825e379aaf909,0.9,40.0,cosine,3410655621,SUCCESS,0.7106666666666667,0.988,0.9946666666666667,0.01767838147315697,No-acquisition / no-distortion,0.0001,64,rho0p9_seed07_width64_cosine.json
64,0.001,7,200,0.0,0.98,0.0007500000000000284,0.42593333333333333,rho0p9_seed07_width8_constant,1.8901884000006248,650498750,0.01,0.9,3000,4000,5000,2000,654e72b39310847b0d369796c31825e379aaf909,0.9,40.0,constant,3410655621,SUCCESS,0.7093333333333334,0.98075,0.996,0.018499056471460773,No-acquisition / no-distortion,0.0001,8,rho0p9_seed07_width8_constant.json
64,0.001,7,200,0.0,0.9795,0.004749999999999921,0.42539999999999994,rho0p9_seed07_width8_cosine,1.9881408000001102,650498750,0.01,0.9,3000,4000,5000,2000,654e72b39310847b0d369796c31825e379aaf909,0.9,40.0,cosine,3410655621,SUCCESS,0.707,0.98425,0.9963333333333333,0.018815980140301412,No-acquisition / no-distortion,0.0001,8,rho0p9_seed07_width8_cosine.json
64,0.001,8,200,0.010249999999999981,0.9605,0.0,0.4199333333333334,rho0p9_seed08_width512_constant,11.227478300001167,1543590843,0.01,0.9,3000,4000,5000,2000,654e72b39310847b0d369796c31825e379aaf909,0.9,40.0,constant,4159652285,SUCCESS,0.6953333333333334,0.9605,0.9946666666666667,0.014378292778305041,No-acquisition / no-distortion,0.0001,512,rho0p9_seed08_width512_constant.json
64,0.001,8,200,0.0,0.97125,0.0,0.42106666666666664,rho0p9_seed08_width512_cosine,11.067349999999351,1543590843,0.01,0.9,3000,4000,5000,2000,654e72b39310847b0d369796c31825e379aaf909,0.9,40.0,cosine,4159652285,SUCCESS,0.6986666666666667,0.97125,0.9943333333333333,0.015059973762110644,No-acquisition / no-distortion,0.0001,512,rho0p9_seed08_width512_cosine.json
64,0.001,8,200,0.010750000000000037,0.96925,0.0025000000000000577,0.4206,rho0p9_seed08_width64_constant,3.114829299998746,2524499975,0.01,0.9,3000,4000,5000,2000,654e72b39310847b0d369796c31825e379aaf909,0.9,40.0,constant,4159652285,SUCCESS,0.702,0.97175,0.9943333333333333,0.015789749969536228,No-acquisition / no-distortion,0.0001,64,rho0p9_seed08_width64_constant.json
64,0.001,8,200,0.005750000000000033,0.974,0.0012499999999999734,0.42459999999999987,rho0p9_seed08_width64_cosine,3.1675169999998616,2524499975,0.01,0.9,3000,4000,5000,2000,654e72b39310847b0d369796c31825e379aaf909,0.9,40.0,cosine,4159652285,SUCCESS,0.7116666666666667,0.97525,0.994,0.016308557362659768,No-acquisition / no-distortion,0.0001,64,rho0p9_seed08_width64_cosine.json
64,0.001,8,200,0.0,0.95975,0.010499999999999954,0.4224,rho0p9_seed08_width8_constant,1.7168621999990137,406987715,0.01,0.9,3000,4000,5000,2000,654e72b39310847b0d369796c31825e379aaf909,0.9,40.0,constant,4159652285,SUCCESS,0.7023333333333334,0.97025,0.995,0.017038933646812197,No-acquisition / no-distortion,0.0001,8,rho0p9_seed08_width8_constant.json
64,0.001,8,200,0.0,0.95975,0.008750000000000036,0.42506666666666665,rho0p9_seed08_width8_cosine,1.9232176999994408,406987715,0.01,0.9,3000,4000,5000,2000,654e72b39310847b0d369796c31825e379aaf909,0.9,40.0,cosine,4159652285,SUCCESS,0.707,0.9685,0.9946666666666667,0.017192080237428766,No-acquisition / no-distortion,0.0001,8,rho0p9_seed08_width8_cosine.json
64,0.001,9,200,0.006000000000000005,0.9725,0.0,0.43046666666666666,rho0p9_seed09_width512_constant,11.552439500001128,1530262447,0.01,0.9,3000,4000,5000,2000,654e72b39310847b0d369796c31825e379aaf909,0.9,40.0,constant,1827688330,SUCCESS,0.7306666666666667,0.9725,0.993,0.00987433835748548,No-acquisition / no-distortion,0.0001,512,rho0p9_seed09_width512_constant.json
64,0.001,9,200,0.004250000000000087,0.97425,0.0010000000000000009,0.4304,rho0p9_seed09_width512_cosine,11.859546700001374,1530262447,0.01,0.9,3000,4000,5000,2000,654e72b39310847b0d369796c31825e379aaf909,0.9,40.0,cosine,1827688330,SUCCESS,0.7283333333333334,0.97525,0.9936666666666667,0.010714306182029884,No-acquisition / no-distortion,0.0001,512,rho0p9_seed09_width512_cosine.json
64,0.001,9,200,0.0,0.97175,0.0024999999999999467,0.4320666666666667,rho0p9_seed09_width64_constant,3.159619699999894,74449177,0.01,0.9,3000,4000,5000,2000,654e72b39310847b0d369796c31825e379aaf909,0.9,40.0,constant,1827688330,SUCCESS,0.7346666666666667,0.97425,0.993,0.010572171036541607,No-acquisition / no-distortion,0.0001,64,rho0p9_seed09_width64_constant.json
64,0.001,9,200,0.0,0.97175,0.005249999999999977,0.4317333333333333,rho0p9_seed09_width64_cosine,3.1122183999996196,74449177,0.01,0.9,3000,4000,5000,2000,654e72b39310847b0d369796c31825e379aaf909,0.9,40.0,cosine,1827688330,SUCCESS,0.7316666666666667,0.977,0.9933333333333333,0.011215600992230634,No-acquisition / no-distortion,0.0001,64,rho0p9_seed09_width64_cosine.json
64,0.001,9,200,0.000500000000000056,0.97925,0.0,0.4270666666666666,rho0p9_seed09_width8_constant,1.8284769000001688,2607295832,0.01,0.9,3000,4000,5000,2000,654e72b39310847b0d369796c31825e379aaf909,0.9,40.0,constant,1827688330,SUCCESS,0.7266666666666667,0.97925,0.9933333333333333,0.0122190368845008,No-acquisition / no-distortion,0.0001,8,rho0p9_seed09_width8_constant.json
64,0.001,9,200,0.0,0.98,0.0010000000000000009,0.42680000000000007,rho0p9_seed09_width8_cosine,1.9325628999995388,2607295832,0.01,0.9,3000,4000,5000,2000,654e72b39310847b0d369796c31825e379aaf909,0.9,40.0,cosine,1827688330,SUCCESS,0.722,0.981,0.9936666666666667,0.012502484473586623,No-acquisition / no-distortion,0.0001,8,rho0p9_seed09_width8_cosine.json
64,0.001,10,200,0.02499999999999991,0.94725,0.0020000000000000018,0.45699999999999996,rho0p9_seed10_width512_constant,12.005020000000513,2826874170,0.01,0.9,3000,4000,5000,2000,654e72b39310847b0d369796c31825e379aaf909,0.9,40.0,constant,1709918300,SUCCESS,0.7736666666666666,0.94925,0.9933333333333333,0.013016456058113812,No-acquisition / no-distortion,0.0001,512,rho0p9_seed10_width512_constant.json
64,0.001,10,200,0.014499999999999957,0.9575,0.00024999999999997247,0.4521333333333333,rho0p9_seed10_width512_cosine,11.681855700000597,2826874170,0.01,0.9,3000,4000,5000,2000,654e72b39310847b0d369796c31825e379aaf909,0.9,40.0,cosine,1709918300,SUCCESS,0.7676666666666667,0.95775,0.993,0.0141959174666433,No-acquisition / no-distortion,0.0001,512,rho0p9_seed10_width512_cosine.json
64,0.001,10,200,0.019000000000000017,0.9585,0.0,0.4528,rho0p9_seed10_width64_constant,3.2763033999999607,3309948593,0.01,0.9,3000,4000,5000,2000,654e72b39310847b0d369796c31825e379aaf909,0.9,40.0,constant,1709918300,SUCCESS,0.766,0.9585,0.9943333333333333,0.013916604947220657,No-acquisition / no-distortion,0.0001,64,rho0p9_seed10_width64_constant.json
64,0.001,10,200,0.017249999999999988,0.9605,0.00024999999999997247,0.4512666666666667,rho0p9_seed10_width64_cosine,3.116665899999134,3309948593,0.01,0.9,3000,4000,5000,2000,654e72b39310847b0d369796c31825e379aaf909,0.9,40.0,cosine,1709918300,SUCCESS,0.7666666666666667,0.96075,0.9946666666666667,0.014704112778127535,No-acquisition / no-distortion,0.0001,64,rho0p9_seed10_width64_cosine.json
64,0.001,10,200,0.0020000000000000018,0.9685,0.00024999999999997247,0.44399999999999995,rho0p9_seed10_width8_constant,2.0441264000000956,1528174961,0.01,0.9,3000,4000,5000,2000,654e72b39310847b0d369796c31825e379aaf909,0.9,40.0,constant,1709918300,SUCCESS,0.7506666666666667,0.96875,0.992,0.01538252474601322,No-acquisition / no-distortion,0.0001,8,rho0p9_seed10_width8_constant.json
64,0.001,10,200,0.0,0.9705,0.0004999999999999449,0.44033333333333324,rho0p9_seed10_width8_cosine,2.1144170999996277,1528174961,0.01,0.9,3000,4000,5000,2000,654e72b39310847b0d369796c31825e379aaf909,0.9,40.0,cosine,1709918300,SUCCESS,0.748,0.971,0.9923333333333333,0.015859735849650856,No-acquisition / no-distortion,0.0001,8,rho0p9_seed10_width8_cosine.json
64,0.001,11,200,0.004249999999999976,0.9735,0.005249999999999977,0.4131333333333333,rho0p9_seed11_width512_constant,11.91525720000027,2149162671,0.01,0.9,3000,4000,5000,2000,654e72b39310847b0d369796c31825e379aaf909,0.9,40.0,constant,3456605280,SUCCESS,0.6916666666666667,0.97875,0.9943333333333333,0.010706691492796714,No-acquisition / no-distortion,0.0001,512,rho0p9_seed11_width512_constant.json
64,0.001,11,200,0.004749999999999921,0.9735,0.0050000000000000044,0.4166666666666667,rho0p9_seed11_width512_cosine,11.433870299999398,2149162671,0.01,0.9,3000,4000,5000,2000,654e72b39310847b0d369796c31825e379aaf909,0.9,40.0,cosine,3456605280,SUCCESS,0.6956666666666667,0.9785,0.995,0.011603658479970604,No-acquisition / no-distortion,0.0001,512,rho0p9_seed11_width512_cosine.json
64,0.001,11,200,0.00824999999999998,0.97275,0.0,0.4221333333333333,rho0p9_seed11_width64_constant,3.145463099999688,1448663767,0.01,0.9,3000,4000,5000,2000,654e72b39310847b0d369796c31825e379aaf909,0.9,40.0,constant,3456605280,SUCCESS,0.7066666666666667,0.97275,0.9943333333333333,0.011952013229482111,No-acquisition / no-distortion,0.0001,64,rho0p9_seed11_width64_constant.json
64,0.001,11,200,0.0034999999999999476,0.9775,0.0,0.4230666666666667,rho0p9_seed11_width64_cosine,3.301115699998263,1448663767,0.01,0.9,3000,4000,5000,2000,654e72b39310847b0d369796c31825e379aaf909,0.9,40.0,cosine,3456605280,SUCCESS,0.7073333333333334,0.9775,0.9946666666666667,0.012909400151462138,No-acquisition / no-distortion,0.0001,64,rho0p9_seed11_width64_cosine.json
64,0.001,11,200,0.0022499999999999742,0.9885,0.0,0.41806666666666664,rho0p9_seed11_width8_constant,1.908648999999059,1944480607,0.01,0.9,3000,4000,5000,2000,654e72b39310847b0d369796c31825e379aaf909,0.9,40.0,constant,3456605280,SUCCESS,0.7026666666666667,0.9885,0.995,0.014463908241012052,No-acquisition / no-distortion,0.0001,8,rho0p9_seed11_width8_constant.json
64,0.001,11,200,0.0,0.99075,0.00275000000000003,0.4208,rho0p9_seed11_width8_cosine,2.0639037000000826,1944480607,0.01,0.9,3000,4000,5000,2000,654e72b39310847b0d369796c31825e379aaf909,0.9,40.0,cosine,3456605280,SUCCESS,0.708,0.9935,0.995,0.014978263577787044,No-acquisition / no-distortion,0.0001,8,rho0p9_seed11_width8_cosine.json
64,0.001,12,200,0.011749999999999927,0.9675,0.006749999999999923,0.44473333333333337,rho0p9_seed12_width512_constant,11.438606399999117,1172772633,0.01,0.9,3000,4000,5000,2000,654e72b39310847b0d369796c31825e379aaf909,0.9,40.0,constant,4068163507,SUCCESS,0.753,0.97425,0.9926666666666667,0.010312208637700977,No-acquisition / no-distortion,0.0001,512,rho0p9_seed12_width512_constant.json
64,0.001,12,200,0.0050000000000000044,0.97425,0.0010000000000000009,0.44659999999999994,rho0p9_seed12_width512_cosine,11.174522699999216,1172772633,0.01,0.9,3000,4000,5000,2000,654e72b39310847b0d369796c31825e379aaf909,0.9,40.0,cosine,4068163507,SUCCESS,0.76,0.97525,0.9923333333333333,0.01141164732421664,No-acquisition / no-distortion,0.0001,512,rho0p9_seed12_width512_cosine.json
64,0.001,12,200,0.0015000000000000568,0.98025,0.0,0.4471333333333334,rho0p9_seed12_width64_constant,3.3552101999994193,4051272440,0.01,0.9,3000,4000,5000,2000,654e72b39310847b0d369796c31825e379aaf909,0.9,40.0,constant,4068163507,SUCCESS,0.7666666666666667,0.98025,0.9923333333333333,0.011919595581926791,No-acquisition / no-distortion,0.0001,64,rho0p9_seed12_width64_constant.json
64,0.001,12,200,0.0,0.98175,0.0007500000000000284,0.4481333333333334,rho0p9_seed12_width64_cosine,3.2854010999999446,4051272440,0.01,0.9,3000,4000,5000,2000,654e72b39310847b0d369796c31825e379aaf909,0.9,40.0,cosine,4068163507,SUCCESS,0.766,0.9825,0.9923333333333333,0.012800419491783243,No-acquisition / no-distortion,0.0001,64,rho0p9_seed12_width64_cosine.json
64,0.001,12,200,0.0012499999999999734,0.97475,0.003249999999999975,0.44146666666666673,rho0p9_seed12_width8_constant,1.746739100000923,2267337534,0.01,0.9,3000,4000,5000,2000,654e72b39310847b0d369796c31825e379aaf909,0.9,40.0,constant,4068163507,SUCCESS,0.7543333333333333,0.978,0.9916666666666667,0.013623563680175825,No-acquisition / no-distortion,0.0001,8,rho0p9_seed12_width8_constant.json
64,0.001,12,200,0.0007500000000000284,0.975,0.0015000000000000568,0.4424,rho0p9_seed12_width8_cosine,1.9282147000012628,2267337534,0.01,0.9,3000,4000,5000,2000,654e72b39310847b0d369796c31825e379aaf909,0.9,40.0,cosine,4068163507,SUCCESS,0.755,0.9765,0.9916666666666667,0.013816858336568226,No-acquisition / no-distortion,0.0001,8,rho0p9_seed12_width8_cosine.json
64,0.001,13,200,0.019749999999999934,0.9505,0.007750000000000035,0.446,rho0p9_seed13_width512_constant,11.40240310000081,3213356078,0.01,0.9,3000,4000,5000,2000,654e72b39310847b0d369796c31825e379aaf909,0.9,40.0,constant,3983400133,SUCCESS,0.7636666666666667,0.95825,0.9926666666666667,0.011622854713229588,No-acquisition / no-distortion,0.0001,512,rho0p9_seed13_width512_constant.json
64,0.001,13,200,0.005249999999999977,0.965,0.0007500000000000284,0.4441333333333334,rho0p9_seed13_width512_cosine,11.192056200001389,3213356078,0.01,0.9,3000,4000,5000,2000,654e72b39310847b0d369796c31825e379aaf909,0.9,40.0,cosine,3983400133,SUCCESS,0.763,0.96575,0.993,0.01302451916676339,No-acquisition / no-distortion,0.0001,512,rho0p9_seed13_width512_cosine.json
64,0.001,13,200,0.0,0.969,0.003249999999999975,0.4438,rho0p9_seed13_width64_constant,3.4636962999993557,2519397950,0.01,0.9,3000,4000,5000,2000,654e72b39310847b0d369796c31825e379aaf909,0.9,40.0,constant,3983400133,SUCCESS,0.7606666666666667,0.97225,0.9943333333333333,0.013109311489039262,No-acquisition / no-distortion,0.0001,64,rho0p9_seed13_width64_constant.json
64,0.001,13,200,0.0,0.969,0.0025000000000000577,0.4455333333333334,rho0p9_seed13_width64_cosine,3.3810678999998345,2519397950,0.01,0.9,3000,4000,5000,2000,654e72b39310847b0d369796c31825e379aaf909,0.9,40.0,cosine,3983400133,SUCCESS,0.7603333333333333,0.9715,0.995,0.014105816564446429,No-acquisition / no-distortion,0.0001,64,rho0p9_seed13_width64_cosine.json
64,0.001,13,200,0.0017500000000000293,0.9665,0.0024999999999999467,0.4378666666666667,rho0p9_seed13_width8_constant,2.1163746999991417,859039007,0.01,0.9,3000,4000,5000,2000,654e72b39310847b0d369796c31825e379aaf909,0.9,40.0,constant,3983400133,SUCCESS,0.737,0.969,0.9936666666666667,0.01567042343580964,No-acquisition / no-distortion,0.0001,8,rho0p9_seed13_width8_constant.json
64,0.001,13,200,0.0,0.9685,0.0010000000000000009,0.4396000000000001,rho0p9_seed13_width8_cosine,2.1839084999992338,859039007,0.01,0.9,3000,4000,5000,2000,654e72b39310847b0d369796c31825e379aaf909,0.9,40.0,cosine,3983400133,SUCCESS,0.7406666666666667,0.9695,0.9936666666666667,0.01590892813172117,No-acquisition / no-distortion,0.0001,8,rho0p9_seed13_width8_cosine.json
64,0.001,14,200,0.011500000000000066,0.963,0.00550000000000006,0.42973333333333325,rho0p9_seed14_width512_constant,11.40018500000042,761367097,0.01,0.9,3000,4000,5000,2000,654e72b39310847b0d369796c31825e379aaf909,0.9,40.0,constant,92340919,SUCCESS,0.7023333333333334,0.9685,0.9923333333333333,0.01244991376604575,No-acquisition / no-distortion,0.0001,512,rho0p9_seed14_width512_constant.json
64,0.001,14,200,0.010000000000000009,0.9645,0.004249999999999976,0.42986666666666673,rho0p9_seed14_width512_cosine,11.264803300000494,761367097,0.01,0.9,3000,4000,5000,2000,654e72b39310847b0d369796c31825e379aaf909,0.9,40.0,cosine,92340919,SUCCESS,0.706,0.96875,0.9916666666666667,0.013916342444727595,No-acquisition / no-distortion,0.0001,512,rho0p9_seed14_width512_cosine.json
64,0.001,14,200,0.0024999999999999467,0.96675,0.0,0.4364,rho0p9_seed14_width64_constant,3.210972500000935,2900113071,0.01,0.9,3000,4000,5000,2000,654e72b39310847b0d369796c31825e379aaf909,0.9,40.0,constant,92340919,SUCCESS,0.7193333333333334,0.96675,0.9923333333333333,0.014238437158521071,No-acquisition / no-distortion,0.0001,64,rho0p9_seed14_width64_constant.json
64,0.001,14,200,0.0,0.96925,0.0022500000000000853,0.4406666666666667,rho0p9_seed14_width64_cosine,3.084771499999988,2900113071,0.01,0.9,3000,4000,5000,2000,654e72b39310847b0d369796c31825e379aaf909,0.9,40.0,cosine,92340919,SUCCESS,0.7323333333333333,0.9715,0.992,0.015662927342636527,No-acquisition / no-distortion,0.0001,64,rho0p9_seed14_width64_cosine.json
64,0.001,14,200,0.006249999999999978,0.98,0.0,0.44320000000000004,rho0p9_seed14_width8_constant,1.9391335000000254,1810063000,0.01,0.9,3000,4000,5000,2000,654e72b39310847b0d369796c31825e379aaf909,0.9,40.0,constant,92340919,SUCCESS,0.7316666666666667,0.98,0.9926666666666667,0.016982604770619157,No-acquisition / no-distortion,0.0001,8,rho0p9_seed14_width8_constant.json
64,0.001,14,200,0.0,0.98625,0.000500000000000056,0.44539999999999996,rho0p9_seed14_width8_cosine,2.039743499999531,1810063000,0.01,0.9,3000,4000,5000,2000,654e72b39310847b0d369796c31825e379aaf909,0.9,40.0,cosine,92340919,SUCCESS,0.735,0.98675,0.9933333333333333,0.017322079706945936,No-acquisition / no-distortion,0.0001,8,rho0p9_seed14_width8_cosine.json
64,0.001,15,200,0.0015000000000000568,0.978,0.006750000000000034,0.4495333333333333,rho0p9_seed15_width512_constant,11.48465380000016,554268426,0.01,0.9,3000,4000,5000,2000,654e72b39310847b0d369796c31825e379aaf909,0.9,40.0,constant,369001247,SUCCESS,0.749,0.98475,0.993,0.008192367386288184,No-acquisition / no-distortion,0.0001,512,rho0p9_seed15_width512_constant.json
64,0.001,15,200,0.0,0.9805,0.0024999999999999467,0.449,rho0p9_seed15_width512_cosine,11.558460100000957,554268426,0.01,0.9,3000,4000,5000,2000,654e72b39310847b0d369796c31825e379aaf909,0.9,40.0,cosine,369001247,SUCCESS,0.75,0.983,0.994,0.009033523356628544,No-acquisition / no-distortion,0.0001,512,rho0p9_seed15_width512_cosine.json
64,0.001,15,200,0.0,0.984,0.003249999999999975,0.44799999999999995,rho0p9_seed15_width64_constant,3.165047099999356,900898441,0.01,0.9,3000,4000,5000,2000,654e72b39310847b0d369796c31825e379aaf909,0.9,40.0,constant,369001247,SUCCESS,0.746,0.98725,0.9943333333333333,0.009244786901395585,No-acquisition / no-distortion,0.0001,64,rho0p9_seed15_width64_constant.json
64,0.001,15,200,0.0,0.98375,0.00275000000000003,0.44559999999999994,rho0p9_seed15_width64_cosine,3.1297630999997637,900898441,0.01,0.9,3000,4000,5000,2000,654e72b39310847b0d369796c31825e379aaf909,0.9,40.0,cosine,369001247,SUCCESS,0.742,0.9865,0.9943333333333333,0.009950804074006631,No-acquisition / no-distortion,0.0001,64,rho0p9_seed15_width64_cosine.json
64,0.001,15,200,0.0,0.95425,0.02399999999999991,0.4439333333333333,rho0p9_seed15_width8_constant,1.8745471000001999,3236232001,0.01,0.9,3000,4000,5000,2000,654e72b39310847b0d369796c31825e379aaf909,0.9,40.0,constant,369001247,SUCCESS,0.7366666666666667,0.97825,0.9943333333333333,0.010304613092204073,No-acquisition / no-distortion,0.0001,8,rho0p9_seed15_width8_constant.json
64,0.001,15,200,0.0,0.95425,0.022249999999999992,0.44366666666666654,rho0p9_seed15_width8_cosine,1.9636007999997673,3236232001,0.01,0.9,3000,4000,5000,2000,654e72b39310847b0d369796c31825e379aaf909,0.9,40.0,cosine,369001247,SUCCESS,0.7383333333333333,0.9765,0.9943333333333333,0.010494187537470438,No-acquisition / no-distortion,0.0001,8,rho0p9_seed15_width8_cosine.json
64,0.001,16,200,0.00024999999999997247,0.96675,0.007249999999999979,0.43113333333333337,rho0p9_seed16_width512_constant,11.381857399999717,86682227,0.01,0.9,3000,4000,5000,2000,654e72b39310847b0d369796c31825e379aaf909,0.9,40.0,constant,3203587994,SUCCESS,0.725,0.974,0.9946666666666667,0.01473334837733592,No-acquisition / no-distortion,0.0001,512,rho0p9_seed16_width512_constant.json
64,0.001,16,200,0.0,0.96725,0.008999999999999897,0.4305999999999999,rho0p9_seed16_width512_cosine,11.244959499999823,86682227,0.01,0.9,3000,4000,5000,2000,654e72b39310847b0d369796c31825e379aaf909,0.9,40.0,cosine,3203587994,SUCCESS,0.7253333333333334,0.97625,0.9943333333333333,0.01601495041623673,No-acquisition / no-distortion,0.0001,512,rho0p9_seed16_width512_cosine.json
64,0.001,16,200,0.0,0.965,0.014249999999999985,0.4273999999999999,rho0p9_seed16_width64_constant,3.0681228000012197,385770702,0.01,0.9,3000,4000,5000,2000,654e72b39310847b0d369796c31825e379aaf909,0.9,40.0,constant,3203587994,SUCCESS,0.721,0.97925,0.9953333333333333,0.01660082004822812,No-acquisition / no-distortion,0.0001,64,rho0p9_seed16_width64_constant.json
64,0.001,16,200,0.0,0.965,0.013000000000000012,0.4245333333333334,rho0p9_seed16_width64_cosine,3.072091800000635,385770702,0.01,0.9,3000,4000,5000,2000,654e72b39310847b0d369796c31825e379aaf909,0.9,40.0,cosine,3203587994,SUCCESS,0.7206666666666667,0.978,0.9946666666666667,0.017506483352693312,No-acquisition / no-distortion,0.0001,64,rho0p9_seed16_width64_cosine.json
64,0.001,16,200,0.0,0.94375,0.017249999999999988,0.4320666666666666,rho0p9_seed16_width8_constant,1.7471733000002132,1592483488,0.01,0.9,3000,4000,5000,2000,654e72b39310847b0d369796c31825e379aaf909,0.9,40.0,constant,3203587994,SUCCESS,0.7283333333333334,0.961,0.9943333333333333,0.019245193045702495,No-acquisition / no-distortion,0.0001,8,rho0p9_seed16_width8_constant.json
64,0.001,16,200,0.0,0.944,0.014500000000000068,0.4341333333333333,rho0p9_seed16_width8_cosine,1.8927174999989802,1592483488,0.01,0.9,3000,4000,5000,2000,654e72b39310847b0d369796c31825e379aaf909,0.9,40.0,cosine,3203587994,SUCCESS,0.7286666666666667,0.9585,0.9943333333333333,0.019561062011546212,No-acquisition / no-distortion,0.0001,8,rho0p9_seed16_width8_cosine.json
64,0.001,17,200,0.00824999999999998,0.9585,0.0,0.43979999999999997,rho0p9_seed17_width512_constant,11.297966399999495,265962788,0.01,0.9,3000,4000,5000,2000,654e72b39310847b0d369796c31825e379aaf909,0.9,40.0,constant,2750668401,SUCCESS,0.7426666666666667,0.9585,0.992,0.0100096507392563,No-acquisition / no-distortion,0.0001,512,rho0p9_seed17_width512_constant.json
64,0.001,17,200,0.004750000000000032,0.962,0.0020000000000000018,0.44086666666666663,rho0p9_seed17_width512_cosine,11.373057099999642,265962788,0.01,0.9,3000,4000,5000,2000,654e72b39310847b0d369796c31825e379aaf909,0.9,40.0,cosine,2750668401,SUCCESS,0.7426666666666667,0.964,0.992,0.01121360167325544,No-acquisition / no-distortion,0.0001,512,rho0p9_seed17_width512_cosine.json
64,0.001,17,200,0.014249999999999985,0.95725,0.0,0.43439999999999995,rho0p9_seed17_width64_constant,3.0981177000012394,1265746666,0.01,0.9,3000,4000,5000,2000,654e72b39310847b0d369796c31825e379aaf909,0.9,40.0,constant,2750668401,SUCCESS,0.734,0.95725,0.993,0.011928246645895004,No-acquisition / no-distortion,0.0001,64,rho0p9_seed17_width64_constant.json
64,0.001,17,200,0.012249999999999983,0.95925,0.0,0.43533333333333335,rho0p9_seed17_width64_cosine,3.036872900000162,1265746666,0.01,0.9,3000,4000,5000,2000,654e72b39310847b0d369796c31825e379aaf909,0.9,40.0,cosine,2750668401,SUCCESS,0.7346666666666667,0.95925,0.993,0.012684918558645546,No-acquisition / no-distortion,0.0001,64,rho0p9_seed17_width64_cosine.json
64,0.001,17,200,0.011749999999999927,0.9695,0.0,0.43513333333333326,rho0p9_seed17_width8_constant,1.8455222000011418,3433199071,0.01,0.9,3000,4000,5000,2000,654e72b39310847b0d369796c31825e379aaf909,0.9,40.0,constant,2750668401,SUCCESS,0.736,0.9695,0.993,0.013672061963064948,No-acquisition / no-distortion,0.0001,8,rho0p9_seed17_width8_constant.json
64,0.001,17,200,0.004249999999999976,0.977,0.0017500000000000293,0.43979999999999997,rho0p9_seed17_width8_cosine,1.8688003999996,3433199071,0.01,0.9,3000,4000,5000,2000,654e72b39310847b0d369796c31825e379aaf909,0.9,40.0,cosine,2750668401,SUCCESS,0.7453333333333333,0.97875,0.9933333333333333,0.014643806498806398,No-acquisition / no-distortion,0.0001,8,rho0p9_seed17_width8_cosine.json
64,0.001,18,200,0.01375000000000004,0.97325,0.0020000000000000018,0.47380000000000005,rho0p9_seed18_width512_constant,11.489637500000754,52638690,0.01,0.9,3000,4000,5000,2000,654e72b39310847b0d369796c31825e379aaf909,0.9,40.0,constant,2560439575,SUCCESS,0.7906666666666666,0.97525,0.993,0.012601573244098876,No-acquisition / no-distortion,0.0001,512,rho0p9_seed18_width512_constant.json
64,0.001,18,200,0.012249999999999983,0.97475,0.0044999999999999485,0.4744,rho0p9_seed18_width512_cosine,11.04595640000116,52638690,0.01,0.9,3000,4000,5000,2000,654e72b39310847b0d369796c31825e379aaf909,0.9,40.0,cosine,2560439575,SUCCESS,0.7903333333333333,0.97925,0.993,0.013804732648378592,No-acquisition / no-distortion,0.0001,512,rho0p9_seed18_width512_cosine.json
64,0.001,18,200,0.0014999999999999458,0.97875,0.0030000000000000027,0.4734666666666666,rho0p9_seed18_width64_constant,3.120921300000191,64782356,0.01,0.9,3000,4000,5000,2000,654e72b39310847b0d369796c31825e379aaf909,0.9,40.0,constant,2560439575,SUCCESS,0.78,0.98175,0.994,0.01400420617950212,No-acquisition / no-distortion,0.0001,64,rho0p9_seed18_width64_constant.json
64,0.001,18,200,0.0014999999999999458,0.97875,0.0020000000000000018,0.4746,rho0p9_seed18_width64_cosine,3.009081399999559,64782356,0.01,0.9,3000,4000,5000,2000,654e72b39310847b0d369796c31825e379aaf909,0.9,40.0,cosine,2560439575,SUCCESS,0.7816666666666666,0.98075,0.9943333333333333,0.014755191505946735,No-acquisition / no-distortion,0.0001,64,rho0p9_seed18_width64_cosine.json
64,0.001,18,200,0.0,0.9765,0.0030000000000000027,0.47059999999999996,rho0p9_seed18_width8_constant,1.785458700000163,2288445373,0.01,0.9,3000,4000,5000,2000,654e72b39310847b0d369796c31825e379aaf909,0.9,40.0,constant,2560439575,SUCCESS,0.7786666666666666,0.9795,0.9933333333333333,0.015373161826395478,No-acquisition / no-distortion,0.0001,8,rho0p9_seed18_width8_constant.json
64,0.001,18,200,0.0,0.9765,0.005749999999999922,0.4692,rho0p9_seed18_width8_cosine,1.784526300001744,2288445373,0.01,0.9,3000,4000,5000,2000,654e72b39310847b0d369796c31825e379aaf909,0.9,40.0,cosine,2560439575,SUCCESS,0.7773333333333333,0.98225,0.9936666666666667,0.015935354486745625,No-acquisition / no-distortion,0.0001,8,rho0p9_seed18_width8_cosine.json
64,0.001,19,200,0.02200000000000002,0.9495,0.0,0.4638,rho0p9_seed19_width512_constant,11.405153899999277,4226666219,0.01,0.9,3000,4000,5000,2000,654e72b39310847b0d369796c31825e379aaf909,0.9,40.0,constant,1007915154,SUCCESS,0.7943333333333333,0.9495,0.992,0.007506707200064418,No-acquisition / no-distortion,0.0001,512,rho0p9_seed19_width512_constant.json
64,0.001,19,200,0.015499999999999958,0.95575,0.0,0.4655999999999999,rho0p9_seed19_width512_cosine,11.785802800000965,4226666219,0.01,0.9,3000,4000,5000,2000,654e72b39310847b0d369796c31825e379aaf909,0.9,40.0,cosine,1007915154,SUCCESS,0.7996666666666666,0.95575,0.9913333333333333,0.008693294726405043,No-acquisition / no-distortion,0.0001,512,rho0p9_seed19_width512_cosine.json
64,0.001,19,200,0.00924999999999998,0.9625,0.0,0.4686,rho0p9_seed19_width64_constant,3.1020953000006557,826371534,0.01,0.9,3000,4000,5000,2000,654e72b39310847b0d369796c31825e379aaf909,0.9,40.0,constant,1007915154,SUCCESS,0.8096666666666666,0.9625,0.9933333333333333,0.009367343986717782,No-acquisition / no-distortion,0.0001,64,rho0p9_seed19_width64_constant.json
64,0.001,19,200,0.00924999999999998,0.9625,0.0,0.4686,rho0p9_seed19_width64_cosine,3.044627000001128,826371534,0.01,0.9,3000,4000,5000,2000,654e72b39310847b0d369796c31825e379aaf909,0.9,40.0,cosine,1007915154,SUCCESS,0.806,0.9625,0.9933333333333333,0.009992122712141348,No-acquisition / no-distortion,0.0001,64,rho0p9_seed19_width64_cosine.json
64,0.001,19,200,0.008750000000000036,0.965,0.0010000000000000009,0.4686666666666667,rho0p9_seed19_width8_constant,1.7754803999996511,729290362,0.01,0.9,3000,4000,5000,2000,654e72b39310847b0d369796c31825e379aaf909,0.9,40.0,constant,1007915154,SUCCESS,0.801,0.966,0.992,0.011383725574752021,No-acquisition / no-distortion,0.0001,8,rho0p9_seed19_width8_constant.json
64,0.001,19,200,0.006249999999999978,0.9675,0.00024999999999997247,0.46773333333333333,rho0p9_seed19_width8_cosine,1.8451339000002918,729290362,0.01,0.9,3000,4000,5000,2000,654e72b39310847b0d369796c31825e379aaf909,0.9,40.0,cosine,1007915154,SUCCESS,0.797,0.96775,0.992,0.011603493970735679,No-acquisition / no-distortion,0.0001,8,rho0p9_seed19_width8_cosine.json
