experiment_id,run_id,fit_id,config_id,config_hash,family,capacity_tier,capacity_tier_score,regularization_tier,regularization_flexibility_score,hyperparameters_json,rho_train,seed,status,failure_type,failure_message,fit_seconds,warning_count,warning_messages,validation_accuracy,validation_balanced_accuracy,validation_roc_auc,validation_brier_score,validation_log_loss,capacity_proxy_name,learned_capacity_primary,structural_parameter_count,effective_degrees_of_freedom,kernel_effective_rank,support_vector_fraction,tree_total_leaves,tree_mean_depth,boosting_total_leaves,boosting_iterations,mlp_parameter_count,optimization_iterations,converged,fitted_kernel_gamma,empirical_capacity_index
PHASE1-FAMILY-CAPACITY,PHASE1-FAMILY-CAPACITY-complete-fef9a5cb6b20,4ac6f3b3855c965302698bc1332802bf96f734542a9fce1537f963cd8420a9fa,LR-L,1d2a1642b5cc9ffeec4e67e117c0a2ab4fd6a563b127af2c2fb9c9262e90d737,logistic_regression,low,0.0,strong,0.0,"{""C"":0.03,""max_iter"":1500,""solver"":""lbfgs""}",0.0,0,success,,,0.0089797000400722,0,,0.9105,0.9104836685238914,0.9758590789485528,0.0662925629250881,0.2221950852572032,effective_degrees_of_freedom,4.474236089126061,6.0,4.474236089126061,,,,,,,,7.0,1.0,,0.23333333333333334
PHASE1-FAMILY-CAPACITY,PHASE1-FAMILY-CAPACITY-complete-fef9a5cb6b20,8373c5a267d3091d35ca82c03c71f38e28e4efdd04cbe1672a1226fb42251343,LR-M,2f0277ba6749dc50e77a697ebcae33e3932a27b63e857544fc1ec7f72f723bce,logistic_regression,medium,0.5,medium,0.5,"{""C"":1.0,""max_iter"":1500,""solver"":""lbfgs""}",0.0,0,success,,,0.0118942999979481,0,,0.91,0.9099891086821504,0.975842076891304,0.0627503339137699,0.1981936840545814,effective_degrees_of_freedom,4.950087476367675,6.0,4.950087476367675,,,,,,,,10.0,1.0,,0.5666666666666667
PHASE1-FAMILY-CAPACITY,PHASE1-FAMILY-CAPACITY-complete-fef9a5cb6b20,c3f0f24fe589750fcb2bd14d6e8b28a7c2315e6deea0719278c4255ccd3edc78,LR-H,7b1c2ec5fbbfbbdee64cc420019e5c8a9abaac2c5fc3f68515c1e2c1fa714d43,logistic_regression,high,1.0,weak,1.0,"{""C"":30.0,""max_iter"":1500,""solver"":""lbfgs""}",0.0,0,success,,,0.0096450000419281,0,,0.9105,0.9104836685238914,0.9758350760442014,0.0628241632731686,0.1980634368415028,effective_degrees_of_freedom,4.998130611938505,6.0,4.998130611938505,,,,,,,,11.0,1.0,,0.9
PHASE1-FAMILY-CAPACITY,PHASE1-FAMILY-CAPACITY-complete-fef9a5cb6b20,9e5fb0989ec7eacbffd7ad39f46ebd9f45ebb8a90d98d2e182e043d43c6c569a,SVM-L,3fbd371b0e2cef95735dd4da149551608834096e78275a14901c17ac75cb096e,rbf_svm,low,0.0,medium,0.5,"{""C"":1.0,""cache_size"":1000,""calibration_cv"":3,""gamma"":0.05}",0.0,0,success,,,0.8281934999977238,0,,0.9125,0.912483910553177,0.9751119885506148,0.063762660596349,0.202215559476006,kernel_effective_rank,2.34003665354826,7464.0,,2.34003665354826,0.2488,,,,,,,1.0,0.05,0.23333333333333334
PHASE1-FAMILY-CAPACITY,PHASE1-FAMILY-CAPACITY-complete-fef9a5cb6b20,954e9b1966e2a266b6c3641f13cc409e7c85bdf8e3b1d18114fd464cec52a32b,SVM-M,9db1d2bf313ca7ba2163130db40ea44518e99de2cc5a6c1b05d6c5c600e866d4,rbf_svm,medium,0.5,weak,1.0,"{""C"":10.0,""cache_size"":1000,""calibration_cv"":3,""gamma"":""scale""}",0.0,0,success,,,0.8038417000207119,0,,0.9055,0.9054720621195164,0.9714835495094906,0.0669917257223844,0.2174106179922837,kernel_effective_rank,11.078462671753918,6570.0,,11.078462671753918,0.219,,,,,,,1.0,0.2,0.5666666666666667
PHASE1-FAMILY-CAPACITY,PHASE1-FAMILY-CAPACITY-complete-fef9a5cb6b20,6609457c1ad3ebe9100e2d40bc97a1c64b9e9009a1c6f0dcdb0af4262a316f4d,SVM-H,405d3f89ec540b5d9527e4410c3337cad0e3f8b2cd09be2fa431cfc7a19bc06a,rbf_svm,high,1.0,strong,0.0,"{""C"":0.3,""cache_size"":1000,""calibration_cv"":3,""gamma"":1.0}",0.0,0,success,,,1.6515401999931782,0,,0.901,0.9010100222126878,0.9603502023744872,0.0736568876230497,0.2523217619072882,kernel_effective_rank,174.45312428641725,13770.0,,174.45312428641725,0.459,,,,,,,1.0,1.0,0.9
PHASE1-FAMILY-CAPACITY,PHASE1-FAMILY-CAPACITY-complete-fef9a5cb6b20,e4d35367e5ec1c97b9c061bd6e212092cf33e0324e69a10f92e671d55e802cfc,RF-L,c0f016366401e1557f071472bcb386b5eb2aff8542b2c2766d492e6f207fd133,random_forest,low,0.0,weak,1.0,"{""max_depth"":4,""max_features"":""sqrt"",""min_samples_leaf"":1,""n_estimators"":200,""n_jobs"":-1}",0.0,0,success,,,0.4372906999778934,0,,0.8825,0.8826342987501488,0.9572058219044504,0.1022390211045236,0.3494963914208385,tree_total_leaves,3126.0,6052.0,,,,3126.0,4.0,,,,,1.0,,0.1
PHASE1-FAMILY-CAPACITY,PHASE1-FAMILY-CAPACITY-complete-fef9a5cb6b20,db0088b8d6c9ca5892faeecde69ac5f7f6d1393aaa62043f5c21e75e852652ce,RF-M,5a017704fedc5eeaa5bfa51b469c2790db92ae9033f8403d454222bd9ca5b60a,random_forest,medium,0.5,strong,0.0,"{""max_depth"":10,""max_features"":""sqrt"",""min_samples_leaf"":10,""n_estimators"":250,""n_jobs"":-1}",0.0,0,success,,,0.7892833999940194,0,,0.9,0.900031903860367,0.968954243463459,0.0717712281156917,0.2392242621920509,tree_total_leaves,33519.0,66788.0,,,,33519.0,10.0,,,,,1.0,,0.5
PHASE1-FAMILY-CAPACITY,PHASE1-FAMILY-CAPACITY-complete-fef9a5cb6b20,892a6bd6d27e7f4dd3467461da4145e2d6e6c3e579242adac1f93e8f5ea4d0e6,RF-H,7ff7f8153ba561892eb3cfceb961e6a4c2bf8946870c60775c3bfce39fbaf2f9,random_forest,high,1.0,medium,0.5,"{""max_depth"":null,""max_features"":""sqrt"",""min_samples_leaf"":2,""n_estimators"":300,""n_jobs"":-1}",0.0,0,success,,,0.8536900000181049,0,,0.904,0.9040763932435824,0.969335289570038,0.0695996671785093,0.2286535550567401,tree_total_leaves,98651.0,197002.0,,,,98651.0,16.003333333333334,,,,,1.0,,0.7666666666666667
PHASE1-FAMILY-CAPACITY,PHASE1-FAMILY-CAPACITY-complete-fef9a5cb6b20,66ecd613b378089eac04a3666df3435be322a6d0956676a8f4b8b1301c676761,HGB-L,67769b8c901577287f7c69e46ea16a110fbcab250556e6c9ee68848fdafe1020,gradient_boosting,low,0.0,strong,0.0,"{""early_stopping"":false,""l2_regularization"":1.0,""learning_rate"":0.08,""max_iter"":100,""max_leaf_nodes"":7}",0.0,0,success,,,0.2611398000153713,0,,0.903,0.9030322669042954,0.9725766817784952,0.0672456450207199,0.2175109846224841,boosting_total_leaves,700.0,1300.0,,,,,,700.0,100.0,,100.0,1.0,,0.18333333333333332
PHASE1-FAMILY-CAPACITY,PHASE1-FAMILY-CAPACITY-complete-fef9a5cb6b20,535174b4e6edb08549c26f1d9ddf89f7243cc4aa9b9cd2bcfa90fd01bcd8c782,HGB-M,2d985fd608b45e3358b349990cabdc1f6ba1762a96e3f4ecf6a7596687075e1f,gradient_boosting,medium,0.5,weak,1.0,"{""early_stopping"":false,""l2_regularization"":0.01,""learning_rate"":0.08,""max_iter"":200,""max_leaf_nodes"":31}",0.0,0,success,,,2.7736082999617797,0,,0.893,0.8930640607513509,0.9679761251111384,0.0764750491317825,0.2524104670100958,boosting_total_leaves,6200.0,12200.0,,,,,,6200.0,200.0,,200.0,1.0,,0.5166666666666667
PHASE1-FAMILY-CAPACITY,PHASE1-FAMILY-CAPACITY-complete-fef9a5cb6b20,57f5e93139ef41e487160b0ce661a6cea45fb183f0530facdf109d47dead617f,HGB-H,e48f60055c364417c78405d739a17860d6e752f2fc096ea1f14f2b30f76dde1e,gradient_boosting,high,1.0,medium,0.5,"{""early_stopping"":false,""l2_regularization"":0.1,""learning_rate"":0.05,""max_iter"":300,""max_leaf_nodes"":63}",0.0,0,success,,,5.020702800014988,0,,0.8955,0.8955478612912162,0.9676160815458672,0.0803913210990919,0.2877023366518891,boosting_total_leaves,18900.0,37500.0,,,,,,18900.0,300.0,,300.0,1.0,,0.85
PHASE1-FAMILY-CAPACITY,PHASE1-FAMILY-CAPACITY-complete-fef9a5cb6b20,778f57d7f83d2c9f086b84f67ea8e120d8ae65f95a570bef6b43fc3a7bccacca,MLP-L,cf054be6f8198498238d75783b4261fc719b2300545c3ec57821015192487ce8,mlp,low,0.0,weak,1.0,"{""alpha"":0.0001,""early_stopping"":true,""hidden_layer_sizes"":[16],""learning_rate_init"":0.001,""max_iter"":250}",0.0,0,success,,,0.2886907000211067,0,,0.9085,0.908505429156928,0.9748379553926024,0.0692110359452445,0.2365076816862338,mlp_parameter_count,113.0,113.0,,,,,,,,113.0,30.0,1.0,,0.18333333333333332
PHASE1-FAMILY-CAPACITY,PHASE1-FAMILY-CAPACITY-complete-fef9a5cb6b20,149f03370703e31d1151337722b5026927cc7ed839007ec02d90019e7ecf7628,MLP-M,22caf9c6783beb7ef5313eeda008a6c74091af4d4ec3b2f9a80c796f31fc80c5,mlp,medium,0.5,medium,0.5,"{""alpha"":0.001,""early_stopping"":true,""hidden_layer_sizes"":[64,64],""learning_rate_init"":0.001,""max_iter"":300}",0.0,0,success,,,0.6958762999856845,0,,0.906,0.9061316419286732,0.9751429923020684,0.0645789822637945,0.2038526169043142,mlp_parameter_count,4609.0,4609.0,,,,,,,,4609.0,32.0,1.0,,0.5166666666666667
PHASE1-FAMILY-CAPACITY,PHASE1-FAMILY-CAPACITY-complete-fef9a5cb6b20,cc3f8bf9b4787c40ce3ed63b494c8660d7fe2e253494e9fd12c1f567a3f35c60,MLP-H,5d197816eeb622fc60ae6d2ceb820addf08e9a7cafa95fd016fcc47c1733d867,mlp,high,1.0,strong,0.0,"{""alpha"":0.01,""early_stopping"":true,""hidden_layer_sizes"":[128,128,64],""learning_rate_init"":0.001,""max_iter"":350}",0.0,0,success,,,2.3824191999738105,0,,0.912,0.9118903387309863,0.9755850457905406,0.0633078091010977,0.2017475952148929,mlp_parameter_count,25601.0,25601.0,,,,,,,,25601.0,27.0,1.0,,0.85
PHASE1-FAMILY-CAPACITY,PHASE1-FAMILY-CAPACITY-complete-fef9a5cb6b20,8a69718e9f9f7797d51310a46710d50c7e3ea8ae9447e5df6590284ab396ece2,LR-L,1d2a1642b5cc9ffeec4e67e117c0a2ab4fd6a563b127af2c2fb9c9262e90d737,logistic_regression,low,0.0,strong,0.0,"{""C"":0.03,""max_iter"":1500,""solver"":""lbfgs""}",0.0,1,success,,,0.0124885999830439,0,,0.9185,0.918343119951974,0.9784874788407592,0.0625458172797006,0.2138145101976238,effective_degrees_of_freedom,4.473303859606492,6.0,4.473303859606492,,,,,,,,8.0,1.0,,0.16666666666666666
PHASE1-FAMILY-CAPACITY,PHASE1-FAMILY-CAPACITY-complete-fef9a5cb6b20,eddbeefacf1ff3aa790096e4a7b1b2abebe1c860a578731a90459706a9de25ab,LR-M,2f0277ba6749dc50e77a697ebcae33e3932a27b63e857544fc1ec7f72f723bce,logistic_regression,medium,0.5,medium,0.5,"{""C"":1.0,""max_iter"":1500,""solver"":""lbfgs""}",0.0,1,success,,,0.0093314000405371,0,,0.9175,0.91734090606149,0.9784784589157448,0.0581152868433747,0.1876754629885527,effective_degrees_of_freedom,4.949559928072091,6.0,4.949559928072091,,,,,,,,10.0,1.0,,0.5
PHASE1-FAMILY-CAPACITY,PHASE1-FAMILY-CAPACITY-complete-fef9a5cb6b20,e56133b43398836c1c14acc38dc402dc650f03887bd8ab53b59cc32111dac85a,LR-H,7b1c2ec5fbbfbbdee64cc420019e5c8a9abaac2c5fc3f68515c1e2c1fa714d43,logistic_regression,high,1.0,weak,1.0,"{""C"":30.0,""max_iter"":1500,""solver"":""lbfgs""}",0.0,1,success,,,0.0089696000213734,0,,0.9175,0.91734090606149,0.9784804633435258,0.0581079677839113,0.1874200459299519,effective_degrees_of_freedom,4.9981068522847245,6.0,4.9981068522847245,,,,,,,,10.0,1.0,,0.8333333333333334
PHASE1-FAMILY-CAPACITY,PHASE1-FAMILY-CAPACITY-complete-fef9a5cb6b20,cb90d9b7a3d5baf5006dc33eba47c201ace69d6291697e66ad442266ccc24e44,SVM-L,3fbd371b0e2cef95735dd4da149551608834096e78275a14901c17ac75cb096e,rbf_svm,low,0.0,medium,0.5,"{""C"":1.0,""cache_size"":1000,""calibration_cv"":3,""gamma"":0.05}",0.0,1,success,,,0.8082950999960303,0,,0.9175,0.9173880101143426,0.9773028620222072,0.0595455490225269,0.1926405678264005,kernel_effective_rank,2.267622868987932,7614.0,,2.267622868987932,0.2538,,,,,,,1.0,0.05,0.16666666666666666
PHASE1-FAMILY-CAPACITY,PHASE1-FAMILY-CAPACITY-complete-fef9a5cb6b20,2ba0d0e7df9be81220ff103e2701fa11138e201290fc9cf5182a89f4d5691f8f,SVM-M,9db1d2bf313ca7ba2163130db40ea44518e99de2cc5a6c1b05d6c5c600e866d4,rbf_svm,medium,0.5,weak,1.0,"{""C"":10.0,""cache_size"":1000,""calibration_cv"":3,""gamma"":""scale""}",0.0,1,success,,,0.8587333000032231,0,,0.9145,0.9141458481786268,0.9738522395972704,0.0637624057704476,0.2075725027103285,kernel_effective_rank,10.1168690916444,6768.0,,10.1168690916444,0.2256,,,,,,,1.0,0.2,0.43333333333333335
PHASE1-FAMILY-CAPACITY,PHASE1-FAMILY-CAPACITY-complete-fef9a5cb6b20,328f55bdf62ff0ee7a705cc24552fc698f63cf53a5e0d2fd57b9aa630cd3ae6b,SVM-H,405d3f89ec540b5d9527e4410c3337cad0e3f8b2cd09be2fa431cfc7a19bc06a,rbf_svm,high,1.0,strong,0.0,"{""C"":0.3,""cache_size"":1000,""calibration_cv"":3,""gamma"":1.0}",0.0,1,success,,,1.6234117000130937,0,,0.9125,0.912235628503364,0.9646428961576122,0.0671472861524058,0.2353030925497138,kernel_effective_rank,155.209624134786,14106.0,,155.209624134786,0.4702,,,,,,,1.0,1.0,0.7666666666666667
PHASE1-FAMILY-CAPACITY,PHASE1-FAMILY-CAPACITY-complete-fef9a5cb6b20,b4f1532e54c197d1b7d1653630dd9ce8141b5642a21eff7850a3b9c8820db1b3,RF-L,c0f016366401e1557f071472bcb386b5eb2aff8542b2c2766d492e6f207fd133,random_forest,low,0.0,weak,1.0,"{""max_depth"":4,""max_features"":""sqrt"",""min_samples_leaf"":1,""n_estimators"":200,""n_jobs"":-1}",0.0,1,success,,,0.4604052999638952,0,,0.8865,0.8865077957207472,0.9618427105475996,0.0981828266673005,0.3408910093638589,tree_total_leaves,3136.0,6072.0,,,,3136.0,4.0,,,,,1.0,,0.21666666666666667
PHASE1-FAMILY-CAPACITY,PHASE1-FAMILY-CAPACITY-complete-fef9a5cb6b20,32e8eaa815214077197c97ff2d03d61b35097cb1c18cc08bc941e70d1ac543f4,RF-M,5a017704fedc5eeaa5bfa51b469c2790db92ae9033f8403d454222bd9ca5b60a,random_forest,medium,0.5,strong,0.0,"{""max_depth"":10,""max_features"":""sqrt"",""min_samples_leaf"":10,""n_estimators"":250,""n_jobs"":-1}",0.0,1,success,,,0.7868867999641225,0,,0.908,0.9077021139697592,0.9715671919269666,0.0686172556391653,0.2325597904694656,tree_total_leaves,34067.0,67884.0,,,,34067.0,10.0,,,,,1.0,,0.6666666666666666
PHASE1-FAMILY-CAPACITY,PHASE1-FAMILY-CAPACITY-complete-fef9a5cb6b20,bdb5cfee6ad3339c0898f4017942bcb50c9b1c912759edab22b105e5ebbe0d57,RF-H,7ff7f8153ba561892eb3cfceb961e6a4c2bf8946870c60775c3bfce39fbaf2f9,random_forest,high,1.0,medium,0.5,"{""max_depth"":null,""max_features"":""sqrt"",""min_samples_leaf"":2,""n_estimators"":300,""n_jobs"":-1}",0.0,1,success,,,0.8740418999805115,0,,0.909,0.9084688075959796,0.9722567150836195,0.0654249407805647,0.2184609065829122,tree_total_leaves,100989.0,201678.0,,,,100989.0,16.34,,,,,1.0,,0.9666666666666667
PHASE1-FAMILY-CAPACITY,PHASE1-FAMILY-CAPACITY-complete-fef9a5cb6b20,07c46fb3b71f19da1118be6a26cff7353b9708df6b13241faf7f20cd98c4aeb7,HGB-L,67769b8c901577287f7c69e46ea16a110fbcab250556e6c9ee68848fdafe1020,gradient_boosting,low,0.0,strong,0.0,"{""early_stopping"":false,""l2_regularization"":1.0,""learning_rate"":0.08,""max_iter"":100,""max_leaf_nodes"":7}",0.0,1,success,,,0.2267932000104338,0,,0.9075,0.9074129752623544,0.9739048558265208,0.0643553869151905,0.2121210988872026,boosting_total_leaves,700.0,1300.0,,,,,,700.0,100.0,,100.0,1.0,,0.18333333333333332
PHASE1-FAMILY-CAPACITY,PHASE1-FAMILY-CAPACITY-complete-fef9a5cb6b20,b1c661c92b2489497b7c7d508acf2bcdb08f8d63ed214420f9c5aa8a5a9a7a7f,HGB-M,2d985fd608b45e3358b349990cabdc1f6ba1762a96e3f4ecf6a7596687075e1f,gradient_boosting,medium,0.5,weak,1.0,"{""early_stopping"":false,""l2_regularization"":0.01,""learning_rate"":0.08,""max_iter"":200,""max_leaf_nodes"":31}",0.0,1,success,,,2.62662240001373,0,,0.906,0.905886102400202,0.9724701866422928,0.0691235860936826,0.226134860943043,boosting_total_leaves,6200.0,12200.0,,,,,,6200.0,200.0,,200.0,1.0,,0.5166666666666667
PHASE1-FAMILY-CAPACITY,PHASE1-FAMILY-CAPACITY-complete-fef9a5cb6b20,b67b2beedebdeb0d6d7eacb5ff7903a06e6ce050cf958722890e5646ebff6684,HGB-H,e48f60055c364417c78405d739a17860d6e752f2fc096ea1f14f2b30f76dde1e,gradient_boosting,high,1.0,medium,0.5,"{""early_stopping"":false,""l2_regularization"":0.1,""learning_rate"":0.05,""max_iter"":300,""max_leaf_nodes"":63}",0.0,1,success,,,5.409448399965186,0,,0.907,0.906888316290686,0.972656598425923,0.0714871168274982,0.2485082265625794,boosting_total_leaves,18900.0,37500.0,,,,,,18900.0,300.0,,300.0,1.0,,0.85
PHASE1-FAMILY-CAPACITY,PHASE1-FAMILY-CAPACITY-complete-fef9a5cb6b20,e1fa52e86f69b9b483b330d664feb441709bc43567f526fe539cfae9b4c9a087,MLP-L,cf054be6f8198498238d75783b4261fc719b2300545c3ec57821015192487ce8,mlp,low,0.0,weak,1.0,"{""alpha"":0.0001,""early_stopping"":true,""hidden_layer_sizes"":[16],""learning_rate_init"":0.001,""max_iter"":250}",0.0,1,success,,,0.2751297000213526,0,,0.9125,0.9122827325562168,0.9759699175478632,0.0679195294563429,0.236336474252896,mlp_parameter_count,113.0,113.0,,,,,,,,113.0,27.0,1.0,,0.18333333333333332
PHASE1-FAMILY-CAPACITY,PHASE1-FAMILY-CAPACITY-complete-fef9a5cb6b20,c48d1c1b00c74f2c55913a2e1eb81cb982a0ec21d0400776feb8482552f1ab72,MLP-M,22caf9c6783beb7ef5313eeda008a6c74091af4d4ec3b2f9a80c796f31fc80c5,mlp,medium,0.5,medium,0.5,"{""alpha"":0.001,""early_stopping"":true,""hidden_layer_sizes"":[64,64],""learning_rate_init"":0.001,""max_iter"":300}",0.0,1,success,,,0.3025115000200458,0,,0.9145,0.9144284724957432,0.9754998792332262,0.0793981868565725,0.2829196133675989,mlp_parameter_count,4609.0,4609.0,,,,,,,,4609.0,13.0,1.0,,0.5166666666666667
PHASE1-FAMILY-CAPACITY,PHASE1-FAMILY-CAPACITY-complete-fef9a5cb6b20,0aeedecc7cf3218429522d23fb008ab1dbef686173207a8b01e0e3a1051d1543,MLP-H,5d197816eeb622fc60ae6d2ceb820addf08e9a7cafa95fd016fcc47c1733d867,mlp,high,1.0,strong,0.0,"{""alpha"":0.01,""early_stopping"":true,""hidden_layer_sizes"":[128,128,64],""learning_rate_init"":0.001,""max_iter"":350}",0.0,1,success,,,0.8823222000501119,0,,0.91,0.9103188944378132,0.9765040975514914,0.0685690863211537,0.2420847617397288,mlp_parameter_count,25601.0,25601.0,,,,,,,,25601.0,12.0,1.0,,0.85
PHASE1-FAMILY-CAPACITY,PHASE1-FAMILY-CAPACITY-complete-fef9a5cb6b20,b9fa1edd88f3c0e1e00d1ea84bcc60c7e2fcda9163e8bfd86eaabbe17e4bc2b9,LR-L,1d2a1642b5cc9ffeec4e67e117c0a2ab4fd6a563b127af2c2fb9c9262e90d737,logistic_regression,low,0.0,strong,0.0,"{""C"":0.03,""max_iter"":1500,""solver"":""lbfgs""}",0.0,2,success,,,0.0130341000040061,0,,0.9015,0.901531042471274,0.9690400525751942,0.0730094714998696,0.240378838766322,effective_degrees_of_freedom,4.473058411985708,6.0,4.473058411985708,,,,,,,,7.0,1.0,,0.13333333333333333
PHASE1-FAMILY-CAPACITY,PHASE1-FAMILY-CAPACITY-complete-fef9a5cb6b20,e2e8e983bbbd2f95a9d6354db0a8f17cd99822753ff9bd537da8a357a96d9129,LR-M,2f0277ba6749dc50e77a697ebcae33e3932a27b63e857544fc1ec7f72f723bce,logistic_regression,medium,0.5,medium,0.5,"{""C"":1.0,""max_iter"":1500,""solver"":""lbfgs""}",0.0,2,success,,,0.0144256000057794,0,,0.9025,0.9025483364692396,0.9690960687638728,0.0699946691275872,0.2253839899091251,effective_degrees_of_freedom,4.948932034760778,6.0,4.948932034760778,,,,,,,,11.0,1.0,,0.4666666666666667
PHASE1-FAMILY-CAPACITY,PHASE1-FAMILY-CAPACITY-complete-fef9a5cb6b20,a5a46f912c859d2706fe3d39d2ce57c777e16fe6150c168d2ebbf8a86cfcba37,LR-H,7b1c2ec5fbbfbbdee64cc420019e5c8a9abaac2c5fc3f68515c1e2c1fa714d43,logistic_regression,high,1.0,weak,1.0,"{""C"":30.0,""max_iter"":1500,""solver"":""lbfgs""}",0.0,2,success,,,0.0160862999618984,0,,0.9025,0.9025483364692396,0.9690960687638728,0.0700859340089916,0.2261455988834703,effective_degrees_of_freedom,4.99808008171556,6.0,4.99808008171556,,,,,,,,11.0,1.0,,0.8
PHASE1-FAMILY-CAPACITY,PHASE1-FAMILY-CAPACITY-complete-fef9a5cb6b20,a09627e3872f427c7173981d854c5a7f5aed4746c282e7389edb208546dfdf96,SVM-L,3fbd371b0e2cef95735dd4da149551608834096e78275a14901c17ac75cb096e,rbf_svm,low,0.0,medium,0.5,"{""C"":1.0,""cache_size"":1000,""calibration_cv"":3,""gamma"":0.05}",0.0,2,success,,,0.8093440000084229,0,,0.8985,0.8985301752206387,0.9679727441230516,0.0712790838370386,0.2320290193589909,kernel_effective_rank,2.264294508950801,7614.0,,2.264294508950801,0.2538,,,,,,,1.0,0.05,0.13333333333333333
PHASE1-FAMILY-CAPACITY,PHASE1-FAMILY-CAPACITY-complete-fef9a5cb6b20,28338f47bdfa88a6c1ef0df05fa574927c14c9f5cc8594221293d620396ed198,SVM-M,9db1d2bf313ca7ba2163130db40ea44518e99de2cc5a6c1b05d6c5c600e866d4,rbf_svm,medium,0.5,weak,1.0,"{""C"":10.0,""cache_size"":1000,""calibration_cv"":3,""gamma"":""scale""}",0.0,2,success,,,0.8400593000114895,0,,0.8955,0.8954952981411628,0.9653159763171556,0.0742294287851738,0.2392290365666521,kernel_effective_rank,10.213995916782734,6816.0,,10.213995916782734,0.2272,,,,,,,1.0,0.2,0.5
PHASE1-FAMILY-CAPACITY,PHASE1-FAMILY-CAPACITY-complete-fef9a5cb6b20,7f1500f21dd04963b2fd7c038a34124f19c889b21a0e2b7f8d192738f9bbe146,SVM-H,405d3f89ec540b5d9527e4410c3337cad0e3f8b2cd09be2fa431cfc7a19bc06a,rbf_svm,high,1.0,strong,0.0,"{""C"":0.3,""cache_size"":1000,""calibration_cv"":3,""gamma"":1.0}",0.0,2,success,,,1.5762028000317514,0,,0.8945,0.8945290188864582,0.9510898649709764,0.0811743167647316,0.2818305269566279,kernel_effective_rank,155.22853547815944,14064.0,,155.22853547815944,0.4688,,,,,,,1.0,1.0,0.8
PHASE1-FAMILY-CAPACITY,PHASE1-FAMILY-CAPACITY-complete-fef9a5cb6b20,a053afe47c2f46df0ad379efb77e4fedcd29c9b843d303f82dc041df041e426b,RF-L,c0f016366401e1557f071472bcb386b5eb2aff8542b2c2766d492e6f207fd133,random_forest,low,0.0,weak,1.0,"{""max_depth"":4,""max_features"":""sqrt"",""min_samples_leaf"":1,""n_estimators"":200,""n_jobs"":-1}",0.0,2,success,,,0.4170715999789536,0,,0.8775,0.8773710602364083,0.954165753902878,0.1055561509737646,0.3596022319397994,tree_total_leaves,3115.0,6030.0,,,,3115.0,4.0,,,,,1.0,,0.06666666666666667
PHASE1-FAMILY-CAPACITY,PHASE1-FAMILY-CAPACITY-complete-fef9a5cb6b20,989fe40304a7f8e243286203114d67bc8c3a99bb512d9c40bc89d9029bd33d93,RF-M,5a017704fedc5eeaa5bfa51b469c2790db92ae9033f8403d454222bd9ca5b60a,random_forest,medium,0.5,strong,0.0,"{""max_depth"":10,""max_features"":""sqrt"",""min_samples_leaf"":10,""n_estimators"":250,""n_jobs"":-1}",0.0,2,success,,,0.7689464999712072,0,,0.8965,0.8965295970535485,0.962775242044951,0.0779509718224916,0.2581146843020458,tree_total_leaves,33466.0,66682.0,,,,33466.0,10.0,,,,,1.0,,0.4666666666666667
PHASE1-FAMILY-CAPACITY,PHASE1-FAMILY-CAPACITY-complete-fef9a5cb6b20,c1c4d93006932a72640c035ef2af30afab3791db50327e597b642a1e2a3716aa,RF-H,7ff7f8153ba561892eb3cfceb961e6a4c2bf8946870c60775c3bfce39fbaf2f9,random_forest,high,1.0,medium,0.5,"{""max_depth"":null,""max_features"":""sqrt"",""min_samples_leaf"":2,""n_estimators"":300,""n_jobs"":-1}",0.0,2,success,,,0.83454069995787,0,,0.896,0.8960209500545657,0.9629672975489918,0.0754162995674915,0.2487152250595415,tree_total_leaves,101076.0,201852.0,,,,101076.0,16.65,,,,,1.0,,1.0
PHASE1-FAMILY-CAPACITY,PHASE1-FAMILY-CAPACITY-complete-fef9a5cb6b20,561275de17dd06f9d1889e1ce3955ac2741c2d118ef82bed9372fe80f15c788a,HGB-L,67769b8c901577287f7c69e46ea16a110fbcab250556e6c9ee68848fdafe1020,gradient_boosting,low,0.0,strong,0.0,"{""early_stopping"":false,""l2_regularization"":1.0,""learning_rate"":0.08,""max_iter"":100,""max_leaf_nodes"":7}",0.0,2,success,,,0.21360379998805,0,,0.9025,0.9025313315548192,0.9666428597864783,0.0720897224659223,0.2366358826270985,boosting_total_leaves,700.0,1300.0,,,,,,700.0,100.0,,100.0,1.0,,0.18333333333333332
PHASE1-FAMILY-CAPACITY,PHASE1-FAMILY-CAPACITY-complete-fef9a5cb6b20,b3a1aec3b272963791517c30d444ce7694ff77cbfa8a447b721bcc758fec8adf,HGB-M,2d985fd608b45e3358b349990cabdc1f6ba1762a96e3f4ecf6a7596687075e1f,gradient_boosting,medium,0.5,weak,1.0,"{""early_stopping"":false,""l2_regularization"":0.01,""learning_rate"":0.08,""max_iter"":200,""max_leaf_nodes"":31}",0.0,2,success,,,2.647769099974539,0,,0.897,0.8970722538813717,0.9637365198542378,0.0780253446730553,0.2675964425861928,boosting_total_leaves,6200.0,12200.0,,,,,,6200.0,200.0,,200.0,1.0,,0.5166666666666667
PHASE1-FAMILY-CAPACITY,PHASE1-FAMILY-CAPACITY-complete-fef9a5cb6b20,4c37673b65761710674a84146213d3bad366c48258a3e341f5cfce71f369d4f4,HGB-H,e48f60055c364417c78405d739a17860d6e752f2fc096ea1f14f2b30f76dde1e,gradient_boosting,high,1.0,medium,0.5,"{""early_stopping"":false,""l2_regularization"":0.1,""learning_rate"":0.05,""max_iter"":300,""max_leaf_nodes"":63}",0.0,2,success,,,4.9207123999949545,0,,0.895,0.8950376658854409,0.9630563232774272,0.0817350114742605,0.3014931532939905,boosting_total_leaves,18900.0,37500.0,,,,,,18900.0,300.0,,300.0,1.0,,0.85
PHASE1-FAMILY-CAPACITY,PHASE1-FAMILY-CAPACITY-complete-fef9a5cb6b20,a64bb818bc97af4f8cda773abb4674773fb71f7bfe4cc90b3ebdfd52ae380ffc,MLP-L,cf054be6f8198498238d75783b4261fc719b2300545c3ec57821015192487ce8,mlp,low,0.0,weak,1.0,"{""alpha"":0.0001,""early_stopping"":true,""hidden_layer_sizes"":[16],""learning_rate_init"":0.001,""max_iter"":250}",0.0,2,success,,,0.3210332000162452,0,,0.8995,0.8995814790474448,0.9686809487942016,0.0715069528101009,0.2343408195524186,mlp_parameter_count,113.0,113.0,,,,,,,,113.0,34.0,1.0,,0.18333333333333332
PHASE1-FAMILY-CAPACITY,PHASE1-FAMILY-CAPACITY-complete-fef9a5cb6b20,1c87e06790d87d3e71bb9dc89af1f1565fbf392c517fccbb0f630d8f5e8cc79b,MLP-M,22caf9c6783beb7ef5313eeda008a6c74091af4d4ec3b2f9a80c796f31fc80c5,mlp,medium,0.5,medium,0.5,"{""alpha"":0.001,""early_stopping"":true,""hidden_layer_sizes"":[64,64],""learning_rate_init"":0.001,""max_iter"":300}",0.0,2,success,,,0.5269698000047356,0,,0.8945,0.8947840926027621,0.9682718305590317,0.0723232467565217,0.2324229110416618,mlp_parameter_count,4609.0,4609.0,,,,,,,,4609.0,24.0,1.0,,0.5166666666666667
PHASE1-FAMILY-CAPACITY,PHASE1-FAMILY-CAPACITY-complete-fef9a5cb6b20,62b8e6c810ad46caa51052b3906ee4192adabe07bdd680856244875e16a85892,MLP-H,5d197816eeb622fc60ae6d2ceb820addf08e9a7cafa95fd016fcc47c1733d867,mlp,high,1.0,strong,0.0,"{""alpha"":0.01,""early_stopping"":true,""hidden_layer_sizes"":[128,128,64],""learning_rate_init"":0.001,""max_iter"":350}",0.0,2,success,,,1.0248344999854453,0,,0.8925,0.8925284407193679,0.9654570170779356,0.0848431910098473,0.2921405892424526,mlp_parameter_count,25601.0,25601.0,,,,,,,,25601.0,12.0,1.0,,0.85
PHASE1-FAMILY-CAPACITY,PHASE1-FAMILY-CAPACITY-complete-fef9a5cb6b20,240511ba5501e7c8c578dc75cfb23d836f9dd0263f7d207d5856fcbe3975b5d9,LR-L,1d2a1642b5cc9ffeec4e67e117c0a2ab4fd6a563b127af2c2fb9c9262e90d737,logistic_regression,low,0.0,strong,0.0,"{""C"":0.03,""max_iter"":1500,""solver"":""lbfgs""}",0.0,3,success,,,0.0128611999680288,0,,0.908,0.908145559790343,0.9747149519111048,0.0683862814604336,0.2283859227345673,effective_degrees_of_freedom,4.474111288162211,6.0,4.474111288162211,,,,,,,,7.0,1.0,,0.2
PHASE1-FAMILY-CAPACITY,PHASE1-FAMILY-CAPACITY-complete-fef9a5cb6b20,1b6010210017b2c09e6d7b1cd9e9fbfe6205e68806159e9680d9480cc18f1369,LR-M,2f0277ba6749dc50e77a697ebcae33e3932a27b63e857544fc1ec7f72f723bce,logistic_regression,medium,0.5,medium,0.5,"{""C"":1.0,""max_iter"":1500,""solver"":""lbfgs""}",0.0,3,success,,,0.0135199999785982,0,,0.9075,0.9076320181934736,0.9747659560424394,0.0641936958419967,0.2035545789123318,effective_degrees_of_freedom,4.947860313266985,6.0,4.947860313266985,,,,,,,,11.0,1.0,,0.43333333333333335
PHASE1-FAMILY-CAPACITY,PHASE1-FAMILY-CAPACITY-complete-fef9a5cb6b20,b956d3892e11a15f27b66ea4147aa78886f02d47339b554e55149d73c3087df1,LR-H,7b1c2ec5fbbfbbdee64cc420019e5c8a9abaac2c5fc3f68515c1e2c1fa714d43,logistic_regression,high,1.0,weak,1.0,"{""C"":30.0,""max_iter"":1500,""solver"":""lbfgs""}",0.0,3,success,,,0.0124254000256769,0,,0.9075,0.9076320181934736,0.9747659560424397,0.0642195937313847,0.2034373817011008,effective_degrees_of_freedom,4.998031191774998,6.0,4.998031191774998,,,,,,,,11.0,1.0,,0.7333333333333333
PHASE1-FAMILY-CAPACITY,PHASE1-FAMILY-CAPACITY-complete-fef9a5cb6b20,0ae3dd55eaf3b2240d3d78abf1b63bbeab3a31e9bed5ead1a3020dc789aca933,SVM-L,3fbd371b0e2cef95735dd4da149551608834096e78275a14901c17ac75cb096e,rbf_svm,low,0.0,medium,0.5,"{""C"":1.0,""cache_size"":1000,""calibration_cv"":3,""gamma"":0.05}",0.0,3,success,,,1.04767359996913,0,,0.904,0.9041002321188016,0.9741719079245418,0.0647766058215495,0.2054310553219407,kernel_effective_rank,2.2949251669909474,7590.0,,2.2949251669909474,0.253,,,,,,,1.0,0.05,0.2
PHASE1-FAMILY-CAPACITY,PHASE1-FAMILY-CAPACITY-complete-fef9a5cb6b20,93c3f4930280083b8efcc3cbb3b1ce46f6f5210d53750d198fb2780b71e7d55a,SVM-M,9db1d2bf313ca7ba2163130db40ea44518e99de2cc5a6c1b05d6c5c600e866d4,rbf_svm,medium,0.5,weak,1.0,"{""C"":10.0,""cache_size"":1000,""calibration_cv"":3,""gamma"":""scale""}",0.0,3,success,,,0.813847600016743,0,,0.9005,0.9006224504184839,0.970688625778688,0.0692004059050251,0.2201813418815285,kernel_effective_rank,10.704443039075745,6708.0,,10.704443039075745,0.2236,,,,,,,1.0,0.2,0.5333333333333333
PHASE1-FAMILY-CAPACITY,PHASE1-FAMILY-CAPACITY-complete-fef9a5cb6b20,09bf33cfd62d41da0c6cb5be31f0955ea1553b11127c1dbb02f0eb6b079057ec,SVM-H,405d3f89ec540b5d9527e4410c3337cad0e3f8b2cd09be2fa431cfc7a19bc06a,rbf_svm,high,1.0,strong,0.0,"{""C"":0.3,""cache_size"":1000,""calibration_cv"":3,""gamma"":1.0}",0.0,3,success,,,1.6404887000098825,0,,0.8945,0.8945589592757013,0.959430713887825,0.076790746550771,0.2573073027047908,kernel_effective_rank,169.8531301824616,13890.0,,169.8531301824616,0.463,,,,,,,1.0,1.0,0.8666666666666667
PHASE1-FAMILY-CAPACITY,PHASE1-FAMILY-CAPACITY-complete-fef9a5cb6b20,206e04fdd08dc139ab63998cdf179b4ba4a92cc30c783020eb544eb8680b811f,RF-L,c0f016366401e1557f071472bcb386b5eb2aff8542b2c2766d492e6f207fd133,random_forest,low,0.0,weak,1.0,"{""max_depth"":4,""max_features"":""sqrt"",""min_samples_leaf"":1,""n_estimators"":200,""n_jobs"":-1}",0.0,3,success,,,0.4475375000038184,0,,0.887,0.8871168564653737,0.957968595456232,0.1054367449018684,0.3596140022025046,tree_total_leaves,3131.0,6062.0,,,,3131.0,4.0,,,,,1.0,,0.16666666666666666
PHASE1-FAMILY-CAPACITY,PHASE1-FAMILY-CAPACITY-complete-fef9a5cb6b20,2338ac929150a0d8dca1ecac4b8945a09e3c3f75a7efb46f44ab130a2ab2a801,RF-M,5a017704fedc5eeaa5bfa51b469c2790db92ae9033f8403d454222bd9ca5b60a,random_forest,medium,0.5,strong,0.0,"{""max_depth"":10,""max_features"":""sqrt"",""min_samples_leaf"":10,""n_estimators"":250,""n_jobs"":-1}",0.0,3,success,,,0.9126386999851092,0,,0.897,0.8970816636147527,0.9677903910216727,0.0748964793662328,0.249248854608042,tree_total_leaves,33166.0,66082.0,,,,33166.0,10.0,,,,,1.0,,0.4
PHASE1-FAMILY-CAPACITY,PHASE1-FAMILY-CAPACITY-complete-fef9a5cb6b20,9c3838c6dc363789f70b3cbf1ead5a6dac4cdcdbc3af747ccf1901d957eb716a,RF-H,7ff7f8153ba561892eb3cfceb961e6a4c2bf8946870c60775c3bfce39fbaf2f9,random_forest,high,1.0,medium,0.5,"{""max_depth"":null,""max_features"":""sqrt"",""min_samples_leaf"":2,""n_estimators"":300,""n_jobs"":-1}",0.0,3,success,,,0.8028590999892913,0,,0.8935,0.893585880456317,0.9671303375573422,0.0729110823312547,0.2376387035740845,tree_total_leaves,99808.0,199316.0,,,,99808.0,16.436666666666667,,,,,1.0,,0.8333333333333334
PHASE1-FAMILY-CAPACITY,PHASE1-FAMILY-CAPACITY-complete-fef9a5cb6b20,2f0e9e768651e513844d64ea0c43fc68c5829be2b1cdb4a3e18b9c19e9eceea9,HGB-L,67769b8c901577287f7c69e46ea16a110fbcab250556e6c9ee68848fdafe1020,gradient_boosting,low,0.0,strong,0.0,"{""early_stopping"":false,""l2_regularization"":1.0,""learning_rate"":0.08,""max_iter"":100,""max_leaf_nodes"":7}",0.0,3,success,,,0.2116671000258065,0,,0.9005,0.9005144416697752,0.9704386055270476,0.0698780704669019,0.2263398640350869,boosting_total_leaves,700.0,1300.0,,,,,,700.0,100.0,,100.0,1.0,,0.18333333333333332
PHASE1-FAMILY-CAPACITY,PHASE1-FAMILY-CAPACITY-complete-fef9a5cb6b20,8b24c02493a9410384e17ccbe92723d0a062d8385c0fb0625431984f58620092,HGB-M,2d985fd608b45e3358b349990cabdc1f6ba1762a96e3f4ecf6a7596687075e1f,gradient_boosting,medium,0.5,weak,1.0,"{""early_stopping"":false,""l2_regularization"":0.01,""learning_rate"":0.08,""max_iter"":200,""max_leaf_nodes"":31}",0.0,3,success,,,2.595800500013865,0,,0.89,0.8900270921944677,0.9664082790706048,0.0784847339749904,0.2525615908856102,boosting_total_leaves,6200.0,12200.0,,,,,,6200.0,200.0,,200.0,1.0,,0.5166666666666667
PHASE1-FAMILY-CAPACITY,PHASE1-FAMILY-CAPACITY-complete-fef9a5cb6b20,6db30f4725e9172b00dec985f7972dd578faad52cc35fdaca8b8ce2582034fee,HGB-H,e48f60055c364417c78405d739a17860d6e752f2fc096ea1f14f2b30f76dde1e,gradient_boosting,high,1.0,medium,0.5,"{""early_stopping"":false,""l2_regularization"":0.1,""learning_rate"":0.05,""max_iter"":300,""max_leaf_nodes"":63}",0.0,3,success,,,4.569346599979326,0,,0.8895,0.8895495535138347,0.964437119406672,0.0840477394805632,0.2919358683992308,boosting_total_leaves,18900.0,37500.0,,,,,,18900.0,300.0,,300.0,1.0,,0.85
PHASE1-FAMILY-CAPACITY,PHASE1-FAMILY-CAPACITY-complete-fef9a5cb6b20,0f4cbf667a0f810df95daa6c5895ec5fbc878c4b16ec0385c25ec544162c38d0,MLP-L,cf054be6f8198498238d75783b4261fc719b2300545c3ec57821015192487ce8,mlp,low,0.0,weak,1.0,"{""alpha"":0.0001,""early_stopping"":true,""hidden_layer_sizes"":[16],""learning_rate_init"":0.001,""max_iter"":250}",0.0,3,success,,,0.4805166999576613,0,,0.905,0.905055309480068,0.9737358726056812,0.0654523482532829,0.2077988685452711,mlp_parameter_count,113.0,113.0,,,,,,,,113.0,52.0,1.0,,0.18333333333333332
PHASE1-FAMILY-CAPACITY,PHASE1-FAMILY-CAPACITY-complete-fef9a5cb6b20,1f3e167a016a3d40b0170dc1327595f060b0004f999ae8fb9d04b134ad946cd8,MLP-M,22caf9c6783beb7ef5313eeda008a6c74091af4d4ec3b2f9a80c796f31fc80c5,mlp,medium,0.5,medium,0.5,"{""alpha"":0.001,""early_stopping"":true,""hidden_layer_sizes"":[64,64],""learning_rate_init"":0.001,""max_iter"":300}",0.0,3,success,,,0.2579127000062726,0,,0.9025,0.9025146036828984,0.9720327346515066,0.0963093447236218,0.3372245603047619,mlp_parameter_count,4609.0,4609.0,,,,,,,,4609.0,13.0,1.0,,0.5166666666666667
PHASE1-FAMILY-CAPACITY,PHASE1-FAMILY-CAPACITY-complete-fef9a5cb6b20,b36132d42da234b14567563086d8d81adc3a5878f234742229322c9884de20ff,MLP-H,5d197816eeb622fc60ae6d2ceb820addf08e9a7cafa95fd016fcc47c1733d867,mlp,high,1.0,strong,0.0,"{""alpha"":0.01,""early_stopping"":true,""hidden_layer_sizes"":[128,128,64],""learning_rate_init"":0.001,""max_iter"":350}",0.0,3,success,,,1.0154103000531904,0,,0.908,0.9081275583322248,0.97517298901211,0.0645380189551512,0.2049057792536006,mlp_parameter_count,25601.0,25601.0,,,,,,,,25601.0,13.0,1.0,,0.85
PHASE1-FAMILY-CAPACITY,PHASE1-FAMILY-CAPACITY-complete-fef9a5cb6b20,099c08f931089dd8bc564592191685f1d8c4c030accd43fafab5c6ed026b5b0c,LR-L,1d2a1642b5cc9ffeec4e67e117c0a2ab4fd6a563b127af2c2fb9c9262e90d737,logistic_regression,low,0.0,strong,0.0,"{""C"":0.03,""max_iter"":1500,""solver"":""lbfgs""}",0.0,4,success,,,0.0124771000118926,0,,0.9215,0.9215247937231434,0.9786528078752708,0.0633564952536893,0.2159809592158954,effective_degrees_of_freedom,4.464123566443498,6.0,4.464123566443498,,,,,,,,7.0,1.0,,0.03333333333333333
PHASE1-FAMILY-CAPACITY,PHASE1-FAMILY-CAPACITY-complete-fef9a5cb6b20,90cc77b6015c226e378485ae727db573c6b2b4685f0c8075b19e85bea9cd2df8,LR-M,2f0277ba6749dc50e77a697ebcae33e3932a27b63e857544fc1ec7f72f723bce,logistic_regression,medium,0.5,medium,0.5,"{""C"":1.0,""max_iter"":1500,""solver"":""lbfgs""}",0.0,4,success,,,0.0133300000452436,0,,0.9225,0.9225278027502248,0.9787938091442824,0.0578032158192461,0.1870472970033138,effective_degrees_of_freedom,4.946049621847013,6.0,4.946049621847013,,,,,,,,11.0,1.0,,0.36666666666666664
PHASE1-FAMILY-CAPACITY,PHASE1-FAMILY-CAPACITY-complete-fef9a5cb6b20,b18b6e68511425c0ed1967d0443a1c67e6463ef50e95d5f1a9f5204d56833336,LR-H,7b1c2ec5fbbfbbdee64cc420019e5c8a9abaac2c5fc3f68515c1e2c1fa714d43,logistic_regression,high,1.0,weak,1.0,"{""C"":30.0,""max_iter"":1500,""solver"":""lbfgs""}",0.0,4,success,,,0.0111458000028505,0,,0.9225,0.9225278027502248,0.9788038092342832,0.0577103469428704,0.1865381010545256,effective_degrees_of_freedom,4.997954286390672,6.0,4.997954286390672,,,,,,,,11.0,1.0,,0.7
PHASE1-FAMILY-CAPACITY,PHASE1-FAMILY-CAPACITY-complete-fef9a5cb6b20,c972a606d564197885f54a7ee89586d9e91b16c28a8f25616ff0438cb6713d23,SVM-L,3fbd371b0e2cef95735dd4da149551608834096e78275a14901c17ac75cb096e,rbf_svm,low,0.0,medium,0.5,"{""C"":1.0,""cache_size"":1000,""calibration_cv"":3,""gamma"":0.05}",0.0,4,success,,,0.7219180999672972,0,,0.919,0.9190262712364412,0.9779118012062108,0.0585803993930745,0.1902179022104506,kernel_effective_rank,2.23770334022756,7314.0,,2.23770334022756,0.2438,,,,,,,1.0,0.05,0.03333333333333333
PHASE1-FAMILY-CAPACITY,PHASE1-FAMILY-CAPACITY-complete-fef9a5cb6b20,11b376cdad7845241fcf626f3b860bec5871c92fe5f8f3153c3de2a552a2f5dd,SVM-M,9db1d2bf313ca7ba2163130db40ea44518e99de2cc5a6c1b05d6c5c600e866d4,rbf_svm,medium,0.5,weak,1.0,"{""C"":10.0,""cache_size"":1000,""calibration_cv"":3,""gamma"":""scale""}",0.0,4,success,,,0.8548128999536857,0,,0.91,0.9100141901277112,0.9744647701829316,0.0636260190234914,0.2060173692553206,kernel_effective_rank,9.803063925450294,6480.0,,9.803063925450294,0.216,,,,,,,1.0,0.2,0.36666666666666664
PHASE1-FAMILY-CAPACITY,PHASE1-FAMILY-CAPACITY-complete-fef9a5cb6b20,d287ae90d42da6f40c7a51de4540f2bb7fabf872bbda4739fb8b7775db41214a,SVM-H,405d3f89ec540b5d9527e4410c3337cad0e3f8b2cd09be2fa431cfc7a19bc06a,rbf_svm,high,1.0,strong,0.0,"{""C"":0.3,""cache_size"":1000,""calibration_cv"":3,""gamma"":1.0}",0.0,4,success,,,1.3094283999525942,0,,0.911,0.9110201991817926,0.965827692449232,0.0685242442889522,0.235195726390215,kernel_effective_rank,146.7805424990586,13800.0,,146.7805424990586,0.46,,,,,,,1.0,1.0,0.7
PHASE1-FAMILY-CAPACITY,PHASE1-FAMILY-CAPACITY-complete-fef9a5cb6b20,d6130735af7c965ddfb4f88a77a6f6a0faec2f15f59841444d6889afb42fdf26,RF-L,c0f016366401e1557f071472bcb386b5eb2aff8542b2c2766d492e6f207fd133,random_forest,low,0.0,weak,1.0,"{""max_depth"":4,""max_features"":""sqrt"",""min_samples_leaf"":1,""n_estimators"":200,""n_jobs"":-1}",0.0,4,success,,,0.3684900000225752,0,,0.891,0.8909840188561697,0.9636496728470556,0.0997265137351956,0.3466768557154316,tree_total_leaves,3156.0,6112.0,,,,3156.0,4.0,,,,,1.0,,0.3333333333333333
PHASE1-FAMILY-CAPACITY,PHASE1-FAMILY-CAPACITY-complete-fef9a5cb6b20,afcf1eca6bc1b2467d9a5bbd8e02f7a05556bfd973a4d022e1ffa75a533a5700,RF-M,5a017704fedc5eeaa5bfa51b469c2790db92ae9033f8403d454222bd9ca5b60a,random_forest,medium,0.5,strong,0.0,"{""max_depth"":10,""max_features"":""sqrt"",""min_samples_leaf"":10,""n_estimators"":250,""n_jobs"":-1}",0.0,4,success,,,0.7305440999916755,0,,0.914,0.9140022260200342,0.9736687630188672,0.0678059205003985,0.2309761874503254,tree_total_leaves,33793.0,67336.0,,,,33793.0,10.0,,,,,1.0,,0.6
PHASE1-FAMILY-CAPACITY,PHASE1-FAMILY-CAPACITY-complete-fef9a5cb6b20,709c91529c160b225a812582f7bb565509ed08b598fa8be65c5d8b07ee6295c1,RF-H,7ff7f8153ba561892eb3cfceb961e6a4c2bf8946870c60775c3bfce39fbaf2f9,random_forest,high,1.0,medium,0.5,"{""max_depth"":null,""max_features"":""sqrt"",""min_samples_leaf"":2,""n_estimators"":300,""n_jobs"":-1}",0.0,4,success,,,0.8681619000271894,0,,0.9135,0.9135097215874944,0.9730427573848164,0.0653770154824177,0.2187195237636658,tree_total_leaves,99263.0,198226.0,,,,99263.0,16.29,,,,,1.0,,0.8
PHASE1-FAMILY-CAPACITY,PHASE1-FAMILY-CAPACITY-complete-fef9a5cb6b20,d40b2150c20c3ce4332d09db29c64ddccd2261e2855ec6f26e6fe7c8dc31d13a,HGB-L,67769b8c901577287f7c69e46ea16a110fbcab250556e6c9ee68848fdafe1020,gradient_boosting,low,0.0,strong,0.0,"{""early_stopping"":false,""l2_regularization"":1.0,""learning_rate"":0.08,""max_iter"":100,""max_leaf_nodes"":7}",0.0,4,success,,,0.2390587000409141,0,,0.917,0.917014253128278,0.9758172823555412,0.0625936512645708,0.2079752536377281,boosting_total_leaves,700.0,1300.0,,,,,,700.0,100.0,,100.0,1.0,,0.18333333333333332
PHASE1-FAMILY-CAPACITY,PHASE1-FAMILY-CAPACITY-complete-fef9a5cb6b20,6bec0126f556072c6ae526c8e973066ba2d0df52d431a8a00b25566044506a56,HGB-M,2d985fd608b45e3358b349990cabdc1f6ba1762a96e3f4ecf6a7596687075e1f,gradient_boosting,medium,0.5,weak,1.0,"{""early_stopping"":false,""l2_regularization"":0.01,""learning_rate"":0.08,""max_iter"":200,""max_leaf_nodes"":31}",0.0,4,success,,,2.1508673999924213,0,,0.911,0.9109961989657906,0.972492752434772,0.0677307619593107,0.2253044941810933,boosting_total_leaves,6200.0,12200.0,,,,,,6200.0,200.0,,200.0,1.0,,0.5166666666666667
PHASE1-FAMILY-CAPACITY,PHASE1-FAMILY-CAPACITY-complete-fef9a5cb6b20,d8ce179453554188d071a3f009e50750e609540f758e32e593d1008c2c06e1b7,HGB-H,e48f60055c364417c78405d739a17860d6e752f2fc096ea1f14f2b30f76dde1e,gradient_boosting,high,1.0,medium,0.5,"{""early_stopping"":false,""l2_regularization"":0.1,""learning_rate"":0.05,""max_iter"":300,""max_leaf_nodes"":63}",0.0,4,success,,,5.291854400013108,0,,0.9055,0.9054916494248448,0.9718837469537224,0.0718208014043489,0.2532188003743701,boosting_total_leaves,18900.0,37500.0,,,,,,18900.0,300.0,,300.0,1.0,,0.85
PHASE1-FAMILY-CAPACITY,PHASE1-FAMILY-CAPACITY-complete-fef9a5cb6b20,4fd44df99aa5d63f56e18fcf59d5a5c9f04288903319d14e1dad0ebe9af3ec91,MLP-L,cf054be6f8198498238d75783b4261fc719b2300545c3ec57821015192487ce8,mlp,low,0.0,weak,1.0,"{""alpha"":0.0001,""early_stopping"":true,""hidden_layer_sizes"":[16],""learning_rate_init"":0.001,""max_iter"":250}",0.0,4,success,,,0.2244777000159956,0,,0.906,0.906062154559391,0.9716337447037025,0.0959712191887826,0.3355845731254574,mlp_parameter_count,113.0,113.0,,,,,,,,113.0,22.0,1.0,,0.18333333333333332
PHASE1-FAMILY-CAPACITY,PHASE1-FAMILY-CAPACITY-complete-fef9a5cb6b20,8a156e6451920bfbffe53ac7a3389530fd99c3efa48a1c97b5e668ba535ffeac,MLP-M,22caf9c6783beb7ef5313eeda008a6c74091af4d4ec3b2f9a80c796f31fc80c5,mlp,medium,0.5,medium,0.5,"{""alpha"":0.001,""early_stopping"":true,""hidden_layer_sizes"":[64,64],""learning_rate_init"":0.001,""max_iter"":300}",0.0,4,success,,,0.3519755000015721,0,,0.915,0.9150082350741156,0.9763017867160804,0.0653902758088053,0.2242311936763884,mlp_parameter_count,4609.0,4609.0,,,,,,,,4609.0,14.0,1.0,,0.5166666666666667
PHASE1-FAMILY-CAPACITY,PHASE1-FAMILY-CAPACITY-complete-fef9a5cb6b20,7f7b78922a1ee1f2a1107e17945b917d4845038328469aed44d94c9c0e9d7237,MLP-H,5d197816eeb622fc60ae6d2ceb820addf08e9a7cafa95fd016fcc47c1733d867,mlp,high,1.0,strong,0.0,"{""alpha"":0.01,""early_stopping"":true,""hidden_layer_sizes"":[128,128,64],""learning_rate_init"":0.001,""max_iter"":350}",0.0,4,success,,,1.2511697000009008,0,,0.92,0.9200142801285212,0.97826980442824,0.0583065490676599,0.1893177191737807,mlp_parameter_count,25601.0,25601.0,,,,,,,,25601.0,15.0,1.0,,0.85
PHASE1-FAMILY-CAPACITY,PHASE1-FAMILY-CAPACITY-complete-fef9a5cb6b20,5faa61dd764653a39d9a5007c0b6bfbd354de8c4bcb20cd21dcf1e03f4f3dce4,LR-L,1d2a1642b5cc9ffeec4e67e117c0a2ab4fd6a563b127af2c2fb9c9262e90d737,logistic_regression,low,0.0,strong,0.0,"{""C"":0.03,""max_iter"":1500,""solver"":""lbfgs""}",0.0,5,success,,,0.0116381999687291,0,,0.9095,0.9095559555955596,0.9764426442644264,0.0659052201751298,0.2213312919026757,effective_degrees_of_freedom,4.476860432724124,6.0,4.476860432724124,,,,,,,,7.0,1.0,,0.3333333333333333
PHASE1-FAMILY-CAPACITY,PHASE1-FAMILY-CAPACITY-complete-fef9a5cb6b20,aa60eb185a6a9369ff067103ec0ef74224185741d8caa1488eb90c5bd2f96ac4,LR-M,2f0277ba6749dc50e77a697ebcae33e3932a27b63e857544fc1ec7f72f723bce,logistic_regression,medium,0.5,medium,0.5,"{""C"":1.0,""max_iter"":1500,""solver"":""lbfgs""}",0.0,5,success,,,0.0118456000345759,0,,0.91,0.9100810081008102,0.9764386438643864,0.0620852562660303,0.1963081250898497,effective_degrees_of_freedom,4.950645401656916,6.0,4.950645401656916,,,,,,,,9.0,1.0,,0.6333333333333333
PHASE1-FAMILY-CAPACITY,PHASE1-FAMILY-CAPACITY-complete-fef9a5cb6b20,97359eaf77afa58ebe104ba80a3f25a2ee0a96b29a68868f3a78035b05098518,LR-H,7b1c2ec5fbbfbbdee64cc420019e5c8a9abaac2c5fc3f68515c1e2c1fa714d43,logistic_regression,high,1.0,weak,1.0,"{""C"":30.0,""max_iter"":1500,""solver"":""lbfgs""}",0.0,5,success,,,0.0120438999729231,0,,0.909,0.9090909090909092,0.9764316431643164,0.0621232330527605,0.1960472177133664,effective_degrees_of_freedom,4.998157654137478,6.0,4.998157654137478,,,,,,,,9.0,1.0,,0.9666666666666667
PHASE1-FAMILY-CAPACITY,PHASE1-FAMILY-CAPACITY-complete-fef9a5cb6b20,be23fcc7e58711391fb8b9f2d1ed5367169b45e1fe7c1d9e2607484c59019c63,SVM-L,3fbd371b0e2cef95735dd4da149551608834096e78275a14901c17ac75cb096e,rbf_svm,low,0.0,medium,0.5,"{""C"":1.0,""cache_size"":1000,""calibration_cv"":3,""gamma"":0.05}",0.0,5,success,,,0.7880621000076644,0,,0.909,0.909040904090409,0.9754265426542654,0.0632023689315306,0.2008501789373281,kernel_effective_rank,2.254936259760122,7560.0,,2.254936259760122,0.252,,,,,,,1.0,0.05,0.1
PHASE1-FAMILY-CAPACITY,PHASE1-FAMILY-CAPACITY-complete-fef9a5cb6b20,8413d7f309e48d9311c3814e083ea215b1d578b7c9a76be714cbc9bc3ea0e259,SVM-M,9db1d2bf313ca7ba2163130db40ea44518e99de2cc5a6c1b05d6c5c600e866d4,rbf_svm,medium,0.5,weak,1.0,"{""C"":10.0,""cache_size"":1000,""calibration_cv"":3,""gamma"":""scale""}",0.0,5,success,,,0.8122506000217982,0,,0.9,0.9001300130013001,0.9709700970097008,0.0686742421135331,0.2210670065535182,kernel_effective_rank,10.020206540147738,6654.0,,10.020206540147738,0.2218,,,,,,,1.0,0.2,0.4
PHASE1-FAMILY-CAPACITY,PHASE1-FAMILY-CAPACITY-complete-fef9a5cb6b20,31f467be77784d41ba86d9b406149b06b5bb95b446a68602eb0c7625937288e3,SVM-H,405d3f89ec540b5d9527e4410c3337cad0e3f8b2cd09be2fa431cfc7a19bc06a,rbf_svm,high,1.0,strong,0.0,"{""C"":0.3,""cache_size"":1000,""calibration_cv"":3,""gamma"":1.0}",0.0,5,success,,,1.5051148000056855,0,,0.9015,0.9015251525152516,0.9622932293229324,0.0729359134396245,0.2480077448545894,kernel_effective_rank,152.95055227038097,13932.0,,152.95055227038097,0.4644,,,,,,,1.0,1.0,0.7333333333333333
PHASE1-FAMILY-CAPACITY,PHASE1-FAMILY-CAPACITY-complete-fef9a5cb6b20,ee2597c76a3245af65eee87be808ad18773021a3d21263b031755dba904cb264,RF-L,c0f016366401e1557f071472bcb386b5eb2aff8542b2c2766d492e6f207fd133,random_forest,low,0.0,weak,1.0,"{""max_depth"":4,""max_features"":""sqrt"",""min_samples_leaf"":1,""n_estimators"":200,""n_jobs"":-1}",0.0,5,success,,,0.438983800006099,0,,0.884,0.883968396839684,0.95997499749975,0.1018291649665735,0.3519702217560487,tree_total_leaves,3146.0,6092.0,,,,3146.0,4.0,,,,,1.0,,0.26666666666666666
PHASE1-FAMILY-CAPACITY,PHASE1-FAMILY-CAPACITY-complete-fef9a5cb6b20,ac13dbf2248e9fb50f01c78aec1e7e50ee2b8d4c55d57974fdc1bf08ccce5115,RF-M,5a017704fedc5eeaa5bfa51b469c2790db92ae9033f8403d454222bd9ca5b60a,random_forest,medium,0.5,strong,0.0,"{""max_depth"":10,""max_features"":""sqrt"",""min_samples_leaf"":10,""n_estimators"":250,""n_jobs"":-1}",0.0,5,success,,,0.8941147999721579,0,,0.903,0.9030803080308032,0.9703340334033403,0.071474195693707,0.2393471540818102,tree_total_leaves,33643.0,67036.0,,,,33643.0,10.0,,,,,1.0,,0.5333333333333333
PHASE1-FAMILY-CAPACITY,PHASE1-FAMILY-CAPACITY-complete-fef9a5cb6b20,ceae05df71f59adb390cab8ee88ce455a9c41411a6997566b01180df64ea52e4,RF-H,7ff7f8153ba561892eb3cfceb961e6a4c2bf8946870c60775c3bfce39fbaf2f9,random_forest,high,1.0,medium,0.5,"{""max_depth"":null,""max_features"":""sqrt"",""min_samples_leaf"":2,""n_estimators"":300,""n_jobs"":-1}",0.0,5,success,,,0.8791794999851845,0,,0.8995,0.8995949594959496,0.9690009000900088,0.0702605125219818,0.2317346691098673,tree_total_leaves,99863.0,199426.0,,,,99863.0,16.496666666666666,,,,,1.0,,0.8666666666666667
PHASE1-FAMILY-CAPACITY,PHASE1-FAMILY-CAPACITY-complete-fef9a5cb6b20,c3746bd4ac2d80037948a0979ed35509ca9adfa0a70b530f24e3e9590a8a1b54,HGB-L,67769b8c901577287f7c69e46ea16a110fbcab250556e6c9ee68848fdafe1020,gradient_boosting,low,0.0,strong,0.0,"{""early_stopping"":false,""l2_regularization"":1.0,""learning_rate"":0.08,""max_iter"":100,""max_leaf_nodes"":7}",0.0,5,success,,,0.2721487000235356,0,,0.898,0.8980498049804981,0.9713256325632564,0.0687001348711708,0.2226898488193221,boosting_total_leaves,700.0,1300.0,,,,,,700.0,100.0,,100.0,1.0,,0.18333333333333332
PHASE1-FAMILY-CAPACITY,PHASE1-FAMILY-CAPACITY-complete-fef9a5cb6b20,ef861fe8f304770dacb77b99333bc0f1e332cc19d33da158f60bbb6349004ff4,HGB-M,2d985fd608b45e3358b349990cabdc1f6ba1762a96e3f4ecf6a7596687075e1f,gradient_boosting,medium,0.5,weak,1.0,"{""early_stopping"":false,""l2_regularization"":0.01,""learning_rate"":0.08,""max_iter"":200,""max_leaf_nodes"":31}",0.0,5,success,,,3.108396299998276,0,,0.8965,0.8965746574657466,0.9670447044704472,0.0770770616868792,0.2517382361395351,boosting_total_leaves,6200.0,12200.0,,,,,,6200.0,200.0,,200.0,1.0,,0.5166666666666667
PHASE1-FAMILY-CAPACITY,PHASE1-FAMILY-CAPACITY-complete-fef9a5cb6b20,7f140df4ae955fb0315d9eef8cadb462269628a57cbfb1c73b2c4763fb1c02a5,HGB-H,e48f60055c364417c78405d739a17860d6e752f2fc096ea1f14f2b30f76dde1e,gradient_boosting,high,1.0,medium,0.5,"{""early_stopping"":false,""l2_regularization"":0.1,""learning_rate"":0.05,""max_iter"":300,""max_leaf_nodes"":63}",0.0,5,success,,,5.002919299993664,0,,0.894,0.8940094009400941,0.9666656665666568,0.0809515011353935,0.2833317966304247,boosting_total_leaves,18900.0,37500.0,,,,,,18900.0,300.0,,300.0,1.0,,0.85
PHASE1-FAMILY-CAPACITY,PHASE1-FAMILY-CAPACITY-complete-fef9a5cb6b20,fa69a249fe5b72300ff910696f28ae91f1acda6a54e3bb2dcda4b5e5598902fd,MLP-L,cf054be6f8198498238d75783b4261fc719b2300545c3ec57821015192487ce8,mlp,low,0.0,weak,1.0,"{""alpha"":0.0001,""early_stopping"":true,""hidden_layer_sizes"":[16],""learning_rate_init"":0.001,""max_iter"":250}",0.0,5,success,,,0.3757366999634541,0,,0.909,0.9091109110911092,0.9756365636563656,0.0636312185250743,0.2086970025477089,mlp_parameter_count,113.0,113.0,,,,,,,,113.0,39.0,1.0,,0.18333333333333332
PHASE1-FAMILY-CAPACITY,PHASE1-FAMILY-CAPACITY-complete-fef9a5cb6b20,f62969b79f2fd1ad7b683fdfa2e1c57520157ee95f9ce36242b46fbd98926ac5,MLP-M,22caf9c6783beb7ef5313eeda008a6c74091af4d4ec3b2f9a80c796f31fc80c5,mlp,medium,0.5,medium,0.5,"{""alpha"":0.001,""early_stopping"":true,""hidden_layer_sizes"":[64,64],""learning_rate_init"":0.001,""max_iter"":300}",0.0,5,success,,,0.696719600004144,0,,0.9095,0.9095359535953595,0.9754865486548656,0.0630381068190692,0.2012183344578008,mlp_parameter_count,4609.0,4609.0,,,,,,,,4609.0,29.0,1.0,,0.5166666666666667
PHASE1-FAMILY-CAPACITY,PHASE1-FAMILY-CAPACITY-complete-fef9a5cb6b20,667eaa44b9a971d4c566bb3be278af5d2eff27ca91911699409d9ff9876a5a35,MLP-H,5d197816eeb622fc60ae6d2ceb820addf08e9a7cafa95fd016fcc47c1733d867,mlp,high,1.0,strong,0.0,"{""alpha"":0.01,""early_stopping"":true,""hidden_layer_sizes"":[128,128,64],""learning_rate_init"":0.001,""max_iter"":350}",0.0,5,success,,,1.107008999970276,0,,0.9105,0.9104660466046604,0.971933193319332,0.0724655029620557,0.2502370089026604,mlp_parameter_count,25601.0,25601.0,,,,,,,,25601.0,12.0,1.0,,0.85
PHASE1-FAMILY-CAPACITY,PHASE1-FAMILY-CAPACITY-complete-fef9a5cb6b20,69f95538f7105a3dbc152808afdeddc4352ef3330c9a3dddf65f0f2bcfafde20,LR-L,1d2a1642b5cc9ffeec4e67e117c0a2ab4fd6a563b127af2c2fb9c9262e90d737,logistic_regression,low,0.0,strong,0.0,"{""C"":0.03,""max_iter"":1500,""solver"":""lbfgs""}",0.0,6,success,,,0.0113809999893419,0,,0.9085,0.9085205363285812,0.976351621625946,0.0658159843350819,0.2209822130115492,effective_degrees_of_freedom,4.475644446245976,6.0,4.475644446245976,,,,,,,,8.0,1.0,,0.26666666666666666
PHASE1-FAMILY-CAPACITY,PHASE1-FAMILY-CAPACITY-complete-fef9a5cb6b20,8567551063987a4802ba93f7078f9cd0e4df8e7050274496de447f3561d9b9a5,LR-M,2f0277ba6749dc50e77a697ebcae33e3932a27b63e857544fc1ec7f72f723bce,logistic_regression,medium,0.5,medium,0.5,"{""C"":1.0,""max_iter"":1500,""solver"":""lbfgs""}",0.0,6,success,,,0.012835300003644,0,,0.909,0.9090225443607098,0.9763216211459383,0.0623625661003948,0.196071887640806,effective_degrees_of_freedom,4.949649116987099,6.0,4.949649116987099,,,,,,,,10.0,1.0,,0.5333333333333333
PHASE1-FAMILY-CAPACITY,PHASE1-FAMILY-CAPACITY-complete-fef9a5cb6b20,2e3f76a07456571067f73654cd5e7346f27b098972bd036a7575b83ee7c3b11f,LR-H,7b1c2ec5fbbfbbdee64cc420019e5c8a9abaac2c5fc3f68515c1e2c1fa714d43,logistic_regression,high,1.0,weak,1.0,"{""C"":30.0,""max_iter"":1500,""solver"":""lbfgs""}",0.0,6,success,,,0.0187954999855719,0,,0.9095,0.9095245523928382,0.976320621129938,0.06244450431357,0.1958860598398271,effective_degrees_of_freedom,4.998109854411104,6.0,4.998109854411104,,,,,,,,10.0,1.0,,0.8666666666666667
PHASE1-FAMILY-CAPACITY,PHASE1-FAMILY-CAPACITY-complete-fef9a5cb6b20,2cef6ee0f617fe101e86f7aa325968d8546405babdf5a254aaecadc97caa2512,SVM-L,3fbd371b0e2cef95735dd4da149551608834096e78275a14901c17ac75cb096e,rbf_svm,low,0.0,medium,0.5,"{""C"":1.0,""cache_size"":1000,""calibration_cv"":3,""gamma"":0.05}",0.0,6,success,,,1.042895500024315,0,,0.908,0.9080185282964528,0.9758646138338212,0.063202002014315,0.1981956012594511,kernel_effective_rank,2.380603639071894,7602.0,,2.380603639071894,0.2534,,,,,,,1.0,0.05,0.3333333333333333
PHASE1-FAMILY-CAPACITY,PHASE1-FAMILY-CAPACITY-complete-fef9a5cb6b20,b07145775984c642b4d534978fd814e9fd907a42f91c6741b664454cc1385b75,SVM-M,9db1d2bf313ca7ba2163130db40ea44518e99de2cc5a6c1b05d6c5c600e866d4,rbf_svm,medium,0.5,weak,1.0,"{""C"":10.0,""cache_size"":1000,""calibration_cv"":3,""gamma"":""scale""}",0.0,6,success,,,0.7733098999597132,0,,0.8975,0.8975083601337621,0.971359541752668,0.0692449586950457,0.2182619643359264,kernel_effective_rank,11.681802204185397,6708.0,,11.681802204185397,0.2236,,,,,,,1.0,0.2,0.6666666666666666
PHASE1-FAMILY-CAPACITY,PHASE1-FAMILY-CAPACITY-complete-fef9a5cb6b20,3e967140f74dfc89952b28436c75a3c9950de7a833e6a1e17c52337681f17384,SVM-H,405d3f89ec540b5d9527e4410c3337cad0e3f8b2cd09be2fa431cfc7a19bc06a,rbf_svm,high,1.0,strong,0.0,"{""C"":0.3,""cache_size"":1000,""calibration_cv"":3,""gamma"":1.0}",0.0,6,success,,,1.448792900016997,0,,0.899,0.8990023840381446,0.9623223971583544,0.0737001405325812,0.248065272024595,kernel_effective_rank,186.20703772731656,13878.0,,186.20703772731656,0.4626,,,,,,,1.0,1.0,1.0
PHASE1-FAMILY-CAPACITY,PHASE1-FAMILY-CAPACITY-complete-fef9a5cb6b20,683ce661d1803f899c932a6c7b7d6d9bcdedf12055eb1210564c1eecf53bda22,RF-L,c0f016366401e1557f071472bcb386b5eb2aff8542b2c2766d492e6f207fd133,random_forest,low,0.0,weak,1.0,"{""max_depth"":4,""max_features"":""sqrt"",""min_samples_leaf"":1,""n_estimators"":200,""n_jobs"":-1}",0.0,6,success,,,0.4227670999825932,0,,0.8825,0.882496119937919,0.9604783676538824,0.1011838897159056,0.3503593764557797,tree_total_leaves,3076.0,5952.0,,,,3076.0,4.0,,,,,1.0,,0.03333333333333333
PHASE1-FAMILY-CAPACITY,PHASE1-FAMILY-CAPACITY-complete-fef9a5cb6b20,17d7ac37688c3f75b2b1ef9bfce673e0c6065c8e8d1c878a74294abc3765132f,RF-M,5a017704fedc5eeaa5bfa51b469c2790db92ae9033f8403d454222bd9ca5b60a,random_forest,medium,0.5,strong,0.0,"{""max_depth"":10,""max_features"":""sqrt"",""min_samples_leaf"":10,""n_estimators"":250,""n_jobs"":-1}",0.0,6,success,,,1.267551299999468,0,,0.904,0.9039864637834204,0.9700495207923326,0.0709888479199564,0.2378630215647291,tree_total_leaves,33936.0,67622.0,,,,33936.0,9.996,,,,,1.0,,0.6333333333333333
PHASE1-FAMILY-CAPACITY,PHASE1-FAMILY-CAPACITY-complete-fef9a5cb6b20,3e02a27c3f3587790184f4ca6d2330b7c143d6bff0a541e688ca4402c028051e,RF-H,7ff7f8153ba561892eb3cfceb961e6a4c2bf8946870c60775c3bfce39fbaf2f9,random_forest,high,1.0,medium,0.5,"{""max_depth"":null,""max_features"":""sqrt"",""min_samples_leaf"":2,""n_estimators"":300,""n_jobs"":-1}",0.0,6,success,,,1.1281801000004634,0,,0.9115,0.911492583881342,0.9706695307124914,0.0682780518501066,0.2259330090319368,tree_total_leaves,100554.0,200808.0,,,,100554.0,16.213333333333335,,,,,1.0,,0.9333333333333333
PHASE1-FAMILY-CAPACITY,PHASE1-FAMILY-CAPACITY-complete-fef9a5cb6b20,c963afca9a33b01de53a9e03e359bc07eb0bea5385805cb6a905861c1c173e24,HGB-L,67769b8c901577287f7c69e46ea16a110fbcab250556e6c9ee68848fdafe1020,gradient_boosting,low,0.0,strong,0.0,"{""early_stopping"":false,""l2_regularization"":1.0,""learning_rate"":0.08,""max_iter"":100,""max_leaf_nodes"":7}",0.0,6,success,,,0.3870882000192068,0,,0.901,0.9010224163586618,0.9720875534008544,0.0674464789275238,0.2191001333798876,boosting_total_leaves,700.0,1300.0,,,,,,700.0,100.0,,100.0,1.0,,0.18333333333333332
PHASE1-FAMILY-CAPACITY,PHASE1-FAMILY-CAPACITY-complete-fef9a5cb6b20,d3e92c57cf69131f4b4386e48510d11fbcc6cfd1c0346cd3235eb8bf73d8cb1c,HGB-M,2d985fd608b45e3358b349990cabdc1f6ba1762a96e3f4ecf6a7596687075e1f,gradient_boosting,medium,0.5,weak,1.0,"{""early_stopping"":false,""l2_regularization"":0.01,""learning_rate"":0.08,""max_iter"":200,""max_leaf_nodes"":31}",0.0,6,success,,,3.257575700001325,0,,0.902,0.9020184322949168,0.9696265140242244,0.0721050803005304,0.2352847822808031,boosting_total_leaves,6200.0,12200.0,,,,,,6200.0,200.0,,200.0,1.0,,0.5166666666666667
PHASE1-FAMILY-CAPACITY,PHASE1-FAMILY-CAPACITY-complete-fef9a5cb6b20,c0e1b9d47f07e6ad584beb9904afd71c7219caccc51aa48d949357e1dbd18e69,HGB-H,e48f60055c364417c78405d739a17860d6e752f2fc096ea1f14f2b30f76dde1e,gradient_boosting,high,1.0,medium,0.5,"{""early_stopping"":false,""l2_regularization"":0.1,""learning_rate"":0.05,""max_iter"":300,""max_leaf_nodes"":63}",0.0,6,success,,,5.891802900005132,0,,0.9025,0.9025244403910462,0.9693325093201492,0.0747974008791702,0.2616986054450129,boosting_total_leaves,18900.0,37500.0,,,,,,18900.0,300.0,,300.0,1.0,,0.85
PHASE1-FAMILY-CAPACITY,PHASE1-FAMILY-CAPACITY-complete-fef9a5cb6b20,8638f4948ab7cebaab7421a4c6721e133000660d8fc1018fe45e312678f03e72,MLP-L,cf054be6f8198498238d75783b4261fc719b2300545c3ec57821015192487ce8,mlp,low,0.0,weak,1.0,"{""alpha"":0.0001,""early_stopping"":true,""hidden_layer_sizes"":[16],""learning_rate_init"":0.001,""max_iter"":250}",0.0,6,success,,,0.2242301999940537,0,,0.907,0.9069905118481896,0.9737155794492712,0.0747871826784906,0.2590974467338979,mlp_parameter_count,113.0,113.0,,,,,,,,113.0,27.0,1.0,,0.18333333333333332
PHASE1-FAMILY-CAPACITY,PHASE1-FAMILY-CAPACITY-complete-fef9a5cb6b20,cc5dc7b146b7a920c96ca78b76ef0a2b78e465630336601e611c8a431c6653b7,MLP-M,22caf9c6783beb7ef5313eeda008a6c74091af4d4ec3b2f9a80c796f31fc80c5,mlp,medium,0.5,medium,0.5,"{""alpha"":0.001,""early_stopping"":true,""hidden_layer_sizes"":[64,64],""learning_rate_init"":0.001,""max_iter"":300}",0.0,6,success,,,0.6643231999478303,0,,0.906,0.9059784956559304,0.9761056176898828,0.0629529682938005,0.1981972277175041,mlp_parameter_count,4609.0,4609.0,,,,,,,,4609.0,25.0,1.0,,0.5166666666666667
PHASE1-FAMILY-CAPACITY,PHASE1-FAMILY-CAPACITY-complete-fef9a5cb6b20,2ba9ba070c333edbd2c507dbab8d76d444c9b3add8666282c122f90a8a4ddd98,MLP-H,5d197816eeb622fc60ae6d2ceb820addf08e9a7cafa95fd016fcc47c1733d867,mlp,high,1.0,strong,0.0,"{""alpha"":0.01,""early_stopping"":true,""hidden_layer_sizes"":[128,128,64],""learning_rate_init"":0.001,""max_iter"":350}",0.0,6,success,,,3.412492500036024,0,,0.903,0.9029904478471656,0.9752196035136562,0.065025088383576,0.2016760762120259,mlp_parameter_count,25601.0,25601.0,,,,,,,,25601.0,31.0,1.0,,0.85
PHASE1-FAMILY-CAPACITY,PHASE1-FAMILY-CAPACITY-complete-fef9a5cb6b20,ba0827f84c11a61aef07f78ede461080a4a13517497347c388a721c934388bf7,LR-L,1d2a1642b5cc9ffeec4e67e117c0a2ab4fd6a563b127af2c2fb9c9262e90d737,logistic_regression,low,0.0,strong,0.0,"{""C"":0.03,""max_iter"":1500,""solver"":""lbfgs""}",0.0,7,success,,,0.0157746000331826,0,,0.9085,0.9086608471619914,0.9763015874285896,0.0656177711609895,0.2186315832489632,effective_degrees_of_freedom,4.47027922366307,6.0,4.47027922366307,,,,,,,,7.0,1.0,,0.06666666666666667
PHASE1-FAMILY-CAPACITY,PHASE1-FAMILY-CAPACITY-complete-fef9a5cb6b20,f809a4f0f05247cfef06d51cd5ca988519a434f4753247cca9210e868dfed353,LR-M,2f0277ba6749dc50e77a697ebcae33e3932a27b63e857544fc1ec7f72f723bce,logistic_regression,medium,0.5,medium,0.5,"{""C"":1.0,""max_iter"":1500,""solver"":""lbfgs""}",0.0,7,success,,,0.0181272000190801,0,,0.9085,0.9086368437054936,0.9762755836840504,0.0627753030109649,0.1974929846197275,effective_degrees_of_freedom,4.947819926294496,6.0,4.947819926294496,,,,,,,,11.0,1.0,,0.4
PHASE1-FAMILY-CAPACITY,PHASE1-FAMILY-CAPACITY-complete-fef9a5cb6b20,0fe7e12f617c8d584db1b8abc34fa46ca03391a98ae441a0d69cbde13b2a56f5,LR-H,7b1c2ec5fbbfbbdee64cc420019e5c8a9abaac2c5fc3f68515c1e2c1fa714d43,logistic_regression,high,1.0,weak,1.0,"{""C"":30.0,""max_iter"":1500,""solver"":""lbfgs""}",0.0,7,success,,,0.0163780999719165,0,,0.9085,0.9086368437054936,0.9762795842601336,0.0629079507618975,0.197724640536404,effective_degrees_of_freedom,4.998031288696999,6.0,4.998031288696999,,,,,,,,11.0,1.0,,0.7666666666666667
PHASE1-FAMILY-CAPACITY,PHASE1-FAMILY-CAPACITY-complete-fef9a5cb6b20,83d1191ab5e48e2f289d8067ee97a2a8e7800d7b97dee67346f4c8e65087d5f4,SVM-L,3fbd371b0e2cef95735dd4da149551608834096e78275a14901c17ac75cb096e,rbf_svm,low,0.0,medium,0.5,"{""C"":1.0,""cache_size"":1000,""calibration_cv"":3,""gamma"":0.05}",0.0,7,success,,,1.207714400021359,0,,0.909,0.9091309148517388,0.9761115600646492,0.0628961433074218,0.1987225035029718,kernel_effective_rank,2.374194801836131,7278.0,,2.374194801836131,0.2426,,,,,,,1.0,0.05,0.26666666666666666
PHASE1-FAMILY-CAPACITY,PHASE1-FAMILY-CAPACITY-complete-fef9a5cb6b20,e39de35647ff6562aec284f4768939905891e01d8241f8beb5b1dde229fd5c57,SVM-M,9db1d2bf313ca7ba2163130db40ea44518e99de2cc5a6c1b05d6c5c600e866d4,rbf_svm,medium,0.5,weak,1.0,"{""C"":10.0,""cache_size"":1000,""calibration_cv"":3,""gamma"":""scale""}",0.0,7,success,,,0.7507084000390023,0,,0.9095,0.9096609911827304,0.9734771807140228,0.0652696460108429,0.2116457700954093,kernel_effective_rank,11.465801390281284,6498.0,,11.465801390281284,0.2166,,,,,,,1.0,0.2,0.6333333333333333
PHASE1-FAMILY-CAPACITY,PHASE1-FAMILY-CAPACITY-complete-fef9a5cb6b20,c2912e38abecec354f179421dcf552f50f40677c988eb7febb4992e683ec7576,SVM-H,405d3f89ec540b5d9527e4410c3337cad0e3f8b2cd09be2fa431cfc7a19bc06a,rbf_svm,high,1.0,strong,0.0,"{""C"":0.3,""cache_size"":1000,""calibration_cv"":3,""gamma"":1.0}",0.0,7,success,,,1.2961784999934025,0,,0.911,0.91109519770847,0.9645108895680978,0.0688963514978256,0.2390635410581268,kernel_effective_rank,177.8218861247017,13758.0,,177.8218861247017,0.4586,,,,,,,1.0,1.0,0.9666666666666667
PHASE1-FAMILY-CAPACITY,PHASE1-FAMILY-CAPACITY-complete-fef9a5cb6b20,99a921d4895d35e474743036452896366e8e71f1c66d567f0333f9b4880b87c1,RF-L,c0f016366401e1557f071472bcb386b5eb2aff8542b2c2766d492e6f207fd133,random_forest,low,0.0,weak,1.0,"{""max_depth"":4,""max_features"":""sqrt"",""min_samples_leaf"":1,""n_estimators"":200,""n_jobs"":-1}",0.0,7,success,,,0.3845525999786332,0,,0.89,0.8901641836424445,0.9609483765662254,0.098960113474185,0.3420287526786619,tree_total_leaves,3147.0,6094.0,,,,3147.0,4.0,,,,,1.0,,0.3
PHASE1-FAMILY-CAPACITY,PHASE1-FAMILY-CAPACITY-complete-fef9a5cb6b20,3f2abae4398d733854a1961946208abb51fea46b6e4be42045c1face9d8f09e8,RF-M,5a017704fedc5eeaa5bfa51b469c2790db92ae9033f8403d454222bd9ca5b60a,random_forest,medium,0.5,strong,0.0,"{""max_depth"":10,""max_features"":""sqrt"",""min_samples_leaf"":10,""n_estimators"":250,""n_jobs"":-1}",0.0,7,success,,,0.7172818999970332,0,,0.9005,0.9006716967243282,0.9693975932534284,0.0719708515835597,0.2393351426273513,tree_total_leaves,33036.0,65822.0,,,,33036.0,10.0,,,,,1.0,,0.36666666666666664
PHASE1-FAMILY-CAPACITY,PHASE1-FAMILY-CAPACITY-complete-fef9a5cb6b20,467d90b6b6f2fdb227b1cfa612ae319426c189ac61e367165efa444a71f445c9,RF-H,7ff7f8153ba561892eb3cfceb961e6a4c2bf8946870c60775c3bfce39fbaf2f9,random_forest,high,1.0,medium,0.5,"{""max_depth"":null,""max_features"":""sqrt"",""min_samples_leaf"":2,""n_estimators"":300,""n_jobs"":-1}",0.0,7,success,,,0.8549104999983683,0,,0.9005,0.9006596949960795,0.968824510729545,0.0700702973370758,0.2314663226373786,tree_total_leaves,96816.0,193332.0,,,,96816.0,15.936666666666667,,,,,1.0,,0.7
PHASE1-FAMILY-CAPACITY,PHASE1-FAMILY-CAPACITY-complete-fef9a5cb6b20,ebca26657f84cab399501dffcfa942c601ff23a68002b1c90bd012f5969c243c,HGB-L,67769b8c901577287f7c69e46ea16a110fbcab250556e6c9ee68848fdafe1020,gradient_boosting,low,0.0,strong,0.0,"{""early_stopping"":false,""l2_regularization"":1.0,""learning_rate"":0.08,""max_iter"":100,""max_leaf_nodes"":7}",0.0,7,success,,,0.1802907999954186,0,,0.904,0.9041661999327903,0.9716474172280808,0.0684027043308846,0.2212039395115254,boosting_total_leaves,700.0,1300.0,,,,,,700.0,100.0,,100.0,1.0,,0.18333333333333332
PHASE1-FAMILY-CAPACITY,PHASE1-FAMILY-CAPACITY-complete-fef9a5cb6b20,b8dcc689314fede3aa1de36f15e7694447f917bf187c8b51ebf1d259138aab4e,HGB-M,2d985fd608b45e3358b349990cabdc1f6ba1762a96e3f4ecf6a7596687075e1f,gradient_boosting,medium,0.5,weak,1.0,"{""early_stopping"":false,""l2_regularization"":0.01,""learning_rate"":0.08,""max_iter"":200,""max_leaf_nodes"":31}",0.0,7,success,,,2.7532325999927707,0,,0.9025,0.9027199916788018,0.9693135811556864,0.0733173147434342,0.2455479824699387,boosting_total_leaves,6200.0,12200.0,,,,,,6200.0,200.0,,200.0,1.0,,0.5166666666666667
PHASE1-FAMILY-CAPACITY,PHASE1-FAMILY-CAPACITY-complete-fef9a5cb6b20,22b194901f1cfd91d4f976269845b0e3cb46aa0293f9d9868c2b31be01a08d46,HGB-H,e48f60055c364417c78405d739a17860d6e752f2fc096ea1f14f2b30f76dde1e,gradient_boosting,high,1.0,medium,0.5,"{""early_stopping"":false,""l2_regularization"":0.1,""learning_rate"":0.05,""max_iter"":300,""max_leaf_nodes"":63}",0.0,7,success,,,4.32062740001129,0,,0.9005,0.9006596949960795,0.9684004496647516,0.0771213737275476,0.2783119962107713,boosting_total_leaves,18900.0,37500.0,,,,,,18900.0,300.0,,300.0,1.0,,0.85
PHASE1-FAMILY-CAPACITY,PHASE1-FAMILY-CAPACITY-complete-fef9a5cb6b20,3c9a8a61dd9e3e542dbeacd24d5d4cb1eb5c1dc82aaef8f00e21ceb6ade1f944,MLP-L,cf054be6f8198498238d75783b4261fc719b2300545c3ec57821015192487ce8,mlp,low,0.0,weak,1.0,"{""alpha"":0.0001,""early_stopping"":true,""hidden_layer_sizes"":[16],""learning_rate_init"":0.001,""max_iter"":250}",0.0,7,success,,,0.3785737999714911,0,,0.9085,0.908612840248996,0.9760415499831976,0.0626937101089409,0.2021480614397763,mlp_parameter_count,113.0,113.0,,,,,,,,113.0,44.0,1.0,,0.18333333333333332
PHASE1-FAMILY-CAPACITY,PHASE1-FAMILY-CAPACITY-complete-fef9a5cb6b20,b684d4f84a63e2db4825f2023e0f8e4fd548d2269e7c6711769743a7de1137a8,MLP-M,22caf9c6783beb7ef5313eeda008a6c74091af4d4ec3b2f9a80c796f31fc80c5,mlp,medium,0.5,medium,0.5,"{""alpha"":0.001,""early_stopping"":true,""hidden_layer_sizes"":[64,64],""learning_rate_init"":0.001,""max_iter"":300}",0.0,7,success,,,0.2946070999605581,0,,0.9005,0.900695700180826,0.9744813253108447,0.0709475865785286,0.2437662935626979,mlp_parameter_count,4609.0,4609.0,,,,,,,,4609.0,14.0,1.0,,0.5166666666666667
PHASE1-FAMILY-CAPACITY,PHASE1-FAMILY-CAPACITY-complete-fef9a5cb6b20,7264db9b2972820a999f8bbe5b68c8ef3769621370cdf776d9811fc8b239b549,MLP-H,5d197816eeb622fc60ae6d2ceb820addf08e9a7cafa95fd016fcc47c1733d867,mlp,high,1.0,strong,0.0,"{""alpha"":0.01,""early_stopping"":true,""hidden_layer_sizes"":[128,128,64],""learning_rate_init"":0.001,""max_iter"":350}",0.0,7,success,,,1.309134200040717,0,,0.9075,0.9077447152389944,0.975860523915444,0.0647813341231111,0.2040558231349099,mlp_parameter_count,25601.0,25601.0,,,,,,,,25601.0,16.0,1.0,,0.85
PHASE1-FAMILY-CAPACITY,PHASE1-FAMILY-CAPACITY-complete-fef9a5cb6b20,4bd407124c043e778521407f4033d10934298588f0b4ed6356ed8ae042716a2a,LR-L,1d2a1642b5cc9ffeec4e67e117c0a2ab4fd6a563b127af2c2fb9c9262e90d737,logistic_regression,low,0.0,strong,0.0,"{""C"":0.03,""max_iter"":1500,""solver"":""lbfgs""}",0.0,8,success,,,0.0094434000202454,0,,0.909,0.9090101766513056,0.9759394601254484,0.0663022700050612,0.222003091020828,effective_degrees_of_freedom,4.4720854119218325,6.0,4.4720854119218325,,,,,,,,7.0,1.0,,0.1
PHASE1-FAMILY-CAPACITY,PHASE1-FAMILY-CAPACITY-complete-fef9a5cb6b20,ced507762ebe1c182cf29d8ff89ecf0c40409dfd068bcfb14e04c06e5f686e21,LR-M,2f0277ba6749dc50e77a697ebcae33e3932a27b63e857544fc1ec7f72f723bce,logistic_regression,medium,0.5,medium,0.5,"{""C"":1.0,""max_iter"":1500,""solver"":""lbfgs""}",0.0,8,success,,,0.0098390000057406,0,,0.911,0.911018305171531,0.9757854502688172,0.0625385856904778,0.1981557289109997,effective_degrees_of_freedom,4.950468630770367,6.0,4.950468630770367,,,,,,,,9.0,1.0,,0.6
PHASE1-FAMILY-CAPACITY,PHASE1-FAMILY-CAPACITY-complete-fef9a5cb6b20,8522d58ac7cb9868f6bc3132f5864a46489cd620507c284722dbf86778ef3cea,LR-H,7b1c2ec5fbbfbbdee64cc420019e5c8a9abaac2c5fc3f68515c1e2c1fa714d43,logistic_regression,high,1.0,weak,1.0,"{""C"":30.0,""max_iter"":1500,""solver"":""lbfgs""}",0.0,8,success,,,0.0095647000125609,0,,0.9105,0.9105142729134664,0.9757704493087556,0.0625814254917621,0.1979811162114827,effective_degrees_of_freedom,4.998145160377563,6.0,4.998145160377563,,,,,,,,10.0,1.0,,0.9333333333333333
PHASE1-FAMILY-CAPACITY,PHASE1-FAMILY-CAPACITY-complete-fef9a5cb6b20,83d8cf091536e7ac211f318800cd260a2aba31ebc931628299bc2846a69238bf,SVM-L,3fbd371b0e2cef95735dd4da149551608834096e78275a14901c17ac75cb096e,rbf_svm,low,0.0,medium,0.5,"{""C"":1.0,""cache_size"":1000,""calibration_cv"":3,""gamma"":0.05}",0.0,8,success,,,0.7488258000230417,0,,0.91,0.909970238095238,0.9754724302355352,0.0629666775257524,0.1999947935034517,kernel_effective_rank,2.376381422739549,7356.0,,2.376381422739549,0.2452,,,,,,,1.0,0.05,0.3
PHASE1-FAMILY-CAPACITY,PHASE1-FAMILY-CAPACITY-complete-fef9a5cb6b20,8b72e7c29e5a754c6e37d7f8cef428bf56e9a2020c6fbd32a8cbdc3bae6b45e4,SVM-M,9db1d2bf313ca7ba2163130db40ea44518e99de2cc5a6c1b05d6c5c600e866d4,rbf_svm,medium,0.5,weak,1.0,"{""C"":10.0,""cache_size"":1000,""calibration_cv"":3,""gamma"":""scale""}",0.0,8,success,,,0.8205990000278689,0,,0.9025,0.9024817588325652,0.9704141065028162,0.0683183412311121,0.2205299538423463,kernel_effective_rank,11.388702248190198,6456.0,,11.388702248190198,0.2152,,,,,,,1.0,0.2,0.6
PHASE1-FAMILY-CAPACITY,PHASE1-FAMILY-CAPACITY-complete-fef9a5cb6b20,19b4e49c3ca1b1e49c888e86041edb894d1364426d6a857d3ff08bd7f54b1ca3,SVM-H,405d3f89ec540b5d9527e4410c3337cad0e3f8b2cd09be2fa431cfc7a19bc06a,rbf_svm,high,1.0,strong,0.0,"{""C"":0.3,""cache_size"":1000,""calibration_cv"":3,""gamma"":1.0}",0.0,8,success,,,1.590920399990864,0,,0.8975,0.8975214413722479,0.9593343974014336,0.0761292799280803,0.2568839300541312,kernel_effective_rank,177.71856432086378,13692.0,,177.71856432086378,0.4564,,,,,,,1.0,1.0,0.9333333333333333
PHASE1-FAMILY-CAPACITY,PHASE1-FAMILY-CAPACITY-complete-fef9a5cb6b20,f749e9a2b27d29ce0802851e609c33e7baf12bf811594c4d0daa2a227670c2b2,RF-L,c0f016366401e1557f071472bcb386b5eb2aff8542b2c2766d492e6f207fd133,random_forest,low,0.0,weak,1.0,"{""max_depth"":4,""max_features"":""sqrt"",""min_samples_leaf"":1,""n_estimators"":200,""n_jobs"":-1}",0.0,8,success,,,0.3589920999947935,0,,0.8855,0.8854806707629288,0.9607134856630823,0.0999850339637338,0.3456718609280537,tree_total_leaves,3127.0,6054.0,,,,3127.0,4.0,,,,,1.0,,0.13333333333333333
PHASE1-FAMILY-CAPACITY,PHASE1-FAMILY-CAPACITY-complete-fef9a5cb6b20,f57d9a1f1bf2aa4e4a0f658f620c7277577dec7b347d7da7b06504b81cdfe442,RF-M,5a017704fedc5eeaa5bfa51b469c2790db92ae9033f8403d454222bd9ca5b60a,random_forest,medium,0.5,strong,0.0,"{""max_depth"":10,""max_features"":""sqrt"",""min_samples_leaf"":10,""n_estimators"":250,""n_jobs"":-1}",0.0,8,success,,,0.706675500026904,0,,0.9055,0.9055059523809524,0.9688050035202254,0.07309557861038,0.2443540149881319,tree_total_leaves,33180.0,66110.0,,,,33180.0,10.0,,,,,1.0,,0.43333333333333335
PHASE1-FAMILY-CAPACITY,PHASE1-FAMILY-CAPACITY-complete-fef9a5cb6b20,dd38f019911838942467f8c48e54b44840df7f0554ec2cfeec16228cbebeb938,RF-H,7ff7f8153ba561892eb3cfceb961e6a4c2bf8946870c60775c3bfce39fbaf2f9,random_forest,high,1.0,medium,0.5,"{""max_depth"":null,""max_features"":""sqrt"",""min_samples_leaf"":2,""n_estimators"":300,""n_jobs"":-1}",0.0,8,success,,,0.894971199973952,0,,0.9,0.9000336021505376,0.966972886264721,0.0721154775204207,0.2374741844631586,tree_total_leaves,98522.0,196744.0,,,,98522.0,16.083333333333332,,,,,1.0,,0.7333333333333333
PHASE1-FAMILY-CAPACITY,PHASE1-FAMILY-CAPACITY-complete-fef9a5cb6b20,16316f69145955999799d046a155dcea5e324fc8a814bdfe8f326bc7f50c14b7,HGB-L,67769b8c901577287f7c69e46ea16a110fbcab250556e6c9ee68848fdafe1020,gradient_boosting,low,0.0,strong,0.0,"{""early_stopping"":false,""l2_regularization"":1.0,""learning_rate"":0.08,""max_iter"":100,""max_leaf_nodes"":7}",0.0,8,success,,,0.2078085000393912,0,,0.9065,0.9065220174091142,0.9715921818996416,0.0676646481900345,0.2213223314890672,boosting_total_leaves,700.0,1300.0,,,,,,700.0,100.0,,100.0,1.0,,0.18333333333333332
PHASE1-FAMILY-CAPACITY,PHASE1-FAMILY-CAPACITY-complete-fef9a5cb6b20,b4570f19737a8d45e2de2b07e789ef456d7f090b3abddb4e0cf83f25acc840a7,HGB-M,2d985fd608b45e3358b349990cabdc1f6ba1762a96e3f4ecf6a7596687075e1f,gradient_boosting,medium,0.5,weak,1.0,"{""early_stopping"":false,""l2_regularization"":0.01,""learning_rate"":0.08,""max_iter"":200,""max_leaf_nodes"":31}",0.0,8,success,,,2.3433528000023216,0,,0.9005,0.9004976318484383,0.9678659434203788,0.0747777371471187,0.2471946463526368,boosting_total_leaves,6200.0,12200.0,,,,,,6200.0,200.0,,200.0,1.0,,0.5166666666666667
PHASE1-FAMILY-CAPACITY,PHASE1-FAMILY-CAPACITY-complete-fef9a5cb6b20,5d8543f726845f8316c508783cbff917adc8f8d89be8360c4dc0f6d62104b84a,HGB-H,e48f60055c364417c78405d739a17860d6e752f2fc096ea1f14f2b30f76dde1e,gradient_boosting,high,1.0,medium,0.5,"{""early_stopping"":false,""l2_regularization"":0.1,""learning_rate"":0.05,""max_iter"":300,""max_leaf_nodes"":63}",0.0,8,success,,,3.776029600005131,0,,0.888,0.8879688300051203,0.965810811891961,0.0818818614693899,0.2879472829182355,boosting_total_leaves,18900.0,37500.0,,,,,,18900.0,300.0,,300.0,1.0,,0.85
PHASE1-FAMILY-CAPACITY,PHASE1-FAMILY-CAPACITY-complete-fef9a5cb6b20,c4d18e2a6a4a4fba5979a047d87c8695aa6fd4f51df4e491f591ebeb2f479ef6,MLP-L,cf054be6f8198498238d75783b4261fc719b2300545c3ec57821015192487ce8,mlp,low,0.0,weak,1.0,"{""alpha"":0.0001,""early_stopping"":true,""hidden_layer_sizes"":[16],""learning_rate_init"":0.001,""max_iter"":250}",0.0,8,success,,,0.2583242999971844,0,,0.9035,0.9035058243727598,0.9742413514464926,0.0672738399122555,0.2243099795731137,mlp_parameter_count,113.0,113.0,,,,,,,,113.0,33.0,1.0,,0.18333333333333332
PHASE1-FAMILY-CAPACITY,PHASE1-FAMILY-CAPACITY-complete-fef9a5cb6b20,a9613a29f2f29d149b3be138273a1afa1fb697d298f390f67f0d48c9be4cd1ae,MLP-M,22caf9c6783beb7ef5313eeda008a6c74091af4d4ec3b2f9a80c796f31fc80c5,mlp,medium,0.5,medium,0.5,"{""alpha"":0.001,""early_stopping"":true,""hidden_layer_sizes"":[64,64],""learning_rate_init"":0.001,""max_iter"":300}",0.0,8,success,,,0.3885008000070229,0,,0.9055,0.9056099590373784,0.9752034130184332,0.0640640888424572,0.2022255284231484,mlp_parameter_count,4609.0,4609.0,,,,,,,,4609.0,19.0,1.0,,0.5166666666666667
PHASE1-FAMILY-CAPACITY,PHASE1-FAMILY-CAPACITY-complete-fef9a5cb6b20,4d36f0dff346a96403517b44d8563579c9dd390ec64a31800217b6c739c90808,MLP-H,5d197816eeb622fc60ae6d2ceb820addf08e9a7cafa95fd016fcc47c1733d867,mlp,high,1.0,strong,0.0,"{""alpha"":0.01,""early_stopping"":true,""hidden_layer_sizes"":[128,128,64],""learning_rate_init"":0.001,""max_iter"":350}",0.0,8,success,,,0.90273310005432,0,,0.908,0.9080341141833076,0.9754034258192524,0.0636406494994993,0.2022855860218058,mlp_parameter_count,25601.0,25601.0,,,,,,,,25601.0,13.0,1.0,,0.85
PHASE1-FAMILY-CAPACITY,PHASE1-FAMILY-CAPACITY-complete-fef9a5cb6b20,107c0d2bd575a1eeed64b9bcd6f294241acac59dbf460f3851167a96ca90e5dd,LR-L,1d2a1642b5cc9ffeec4e67e117c0a2ab4fd6a563b127af2c2fb9c9262e90d737,logistic_regression,low,0.0,strong,0.0,"{""C"":0.03,""max_iter"":1500,""solver"":""lbfgs""}",0.0,9,success,,,0.0134937000111676,0,,0.919,0.9187787897377188,0.978465301204578,0.0638847640907168,0.2172411723647513,effective_degrees_of_freedom,4.476077077764025,6.0,4.476077077764025,,,,,,,,7.0,1.0,,0.3
PHASE1-FAMILY-CAPACITY,PHASE1-FAMILY-CAPACITY-complete-fef9a5cb6b20,2d2d689aaf884009d60723109cb77717b6403580f320063bd2c623689f1562d1,LR-M,2f0277ba6749dc50e77a697ebcae33e3932a27b63e857544fc1ec7f72f723bce,logistic_regression,medium,0.5,medium,0.5,"{""C"":1.0,""max_iter"":1500,""solver"":""lbfgs""}",0.0,9,success,,,0.037492299976293,0,,0.918,0.9177240208111713,0.9783992530554775,0.058874199747389985,0.18979303841554246,effective_degrees_of_freedom,4.9521071228199505,6.0,4.9521071228199505,,,,,,,,10.0,1.0,,0.6666666666666666
PHASE1-FAMILY-CAPACITY,PHASE1-FAMILY-CAPACITY-complete-fef9a5cb6b20,6003bb75594d5d309efcd820a2a8912f4b1cbd2106cabfa3c895f69f6cf640ae,LR-H,7b1c2ec5fbbfbbdee64cc420019e5c8a9abaac2c5fc3f68515c1e2c1fa714d43,logistic_regression,high,1.0,weak,1.0,"{""C"":30.0,""max_iter"":1500,""solver"":""lbfgs""}",0.0,9,success,,,0.011784199974499643,0,,0.918,0.9177240208111713,0.9783882450306273,0.05880677656582284,0.18918542182738574,effective_degrees_of_freedom,4.99821990637285,6.0,4.99821990637285,,,,,,,,10.0,1.0,,1.0
PHASE1-FAMILY-CAPACITY,PHASE1-FAMILY-CAPACITY-complete-fef9a5cb6b20,da3dba6b5f3c2eb4f69bc3fa5a4554907cea38eeffa4d236b5e0e67a807e7b75,SVM-L,3fbd371b0e2cef95735dd4da149551608834096e78275a14901c17ac75cb096e,rbf_svm,low,0.0,medium,0.5,"{""C"":1.0,""cache_size"":1000,""calibration_cv"":3,""gamma"":0.05}",0.0,9,success,,,0.85079689999111,0,,0.9155,0.9152357068302792,0.9775996701595464,0.06000037513380029,0.1921443762088544,kernel_effective_rank,2.246100733050243,7536.0,,2.246100733050243,0.2512,,,,,,,1.0,0.05,0.06666666666666667
PHASE1-FAMILY-CAPACITY,PHASE1-FAMILY-CAPACITY-complete-fef9a5cb6b20,4375543b299d1dd55006f88b607f3abc60eea92bdd34ffb47c4929e02ab5ae51,SVM-M,9db1d2bf313ca7ba2163130db40ea44518e99de2cc5a6c1b05d6c5c600e866d4,rbf_svm,medium,0.5,weak,1.0,"{""C"":10.0,""cache_size"":1000,""calibration_cv"":3,""gamma"":""scale""}",0.0,9,success,,,0.9008893999853171,0,,0.9045,0.9043898001643198,0.9717994417930673,0.06554977117386378,0.215258617327303,kernel_effective_rank,10.144514363843715,6822.0,,10.144514363843715,0.2274,,,,,,,1.0,0.2,0.4666666666666667
PHASE1-FAMILY-CAPACITY,PHASE1-FAMILY-CAPACITY-complete-fef9a5cb6b20,6c743f44f2a004978ff747ea97156beb56dbb7646c16ff63f9393eb6818430af,SVM-H,405d3f89ec540b5d9527e4410c3337cad0e3f8b2cd09be2fa431cfc7a19bc06a,rbf_svm,high,1.0,strong,0.0,"{""C"":0.3,""cache_size"":1000,""calibration_cv"":3,""gamma"":1.0}",0.0,9,success,,,1.649663700023666,0,,0.908,0.9076356664008062,0.9656949916489121,0.06975013355030854,0.2368224754593564,kernel_effective_rank,157.60833792440835,13878.0,,157.60833792440835,0.4626,,,,,,,1.0,1.0,0.8333333333333334
PHASE1-FAMILY-CAPACITY,PHASE1-FAMILY-CAPACITY-complete-fef9a5cb6b20,96169ae19f543ffaff7dd952b7f0f8baa3a06b8f08ba96c301c2c038ee93dca2,RF-L,c0f016366401e1557f071472bcb386b5eb2aff8542b2c2766d492e6f207fd133,random_forest,low,0.0,weak,1.0,"{""max_depth"":4,""max_features"":""sqrt"",""min_samples_leaf"":1,""n_estimators"":200,""n_jobs"":-1}",0.0,9,success,,,0.47195360000478104,0,,0.8995,0.899440191899895,0.9681597884858063,0.09637653239741985,0.3378652952925594,tree_total_leaves,3136.0,6072.0,,,,3136.0,4.0,,,,,1.0,,0.21666666666666667
PHASE1-FAMILY-CAPACITY,PHASE1-FAMILY-CAPACITY-complete-fef9a5cb6b20,5cc100409167d76ebbdd905bdeea90b107f33196a31ebe3154a0534a597fa4d9,RF-M,5a017704fedc5eeaa5bfa51b469c2790db92ae9033f8403d454222bd9ca5b60a,random_forest,medium,0.5,strong,0.0,"{""max_depth"":10,""max_features"":""sqrt"",""min_samples_leaf"":10,""n_estimators"":250,""n_jobs"":-1}",0.0,9,success,,,0.7462849000003189,0,,0.9085,0.9081225213180408,0.9738159117997021,0.06785651662008402,0.23059239537981432,tree_total_leaves,33731.0,67212.0,,,,33731.0,10.0,,,,,1.0,,0.5666666666666667
PHASE1-FAMILY-CAPACITY,PHASE1-FAMILY-CAPACITY-complete-fef9a5cb6b20,79923cd80627d76d3a58d344051c8df2cf7da9e30d8173a276c2c68ef7dde20b,RF-H,7ff7f8153ba561892eb3cfceb961e6a4c2bf8946870c60775c3bfce39fbaf2f9,random_forest,high,1.0,medium,0.5,"{""max_depth"":null,""max_features"":""sqrt"",""min_samples_leaf"":2,""n_estimators"":300,""n_jobs"":-1}",0.0,9,success,,,0.7930356999859214,0,,0.907,0.9066079171716181,0.9730243347400256,0.06624934979701726,0.21877089320001158,tree_total_leaves,100455.0,200610.0,,,,100455.0,15.906666666666666,,,,,1.0,,0.9
PHASE1-FAMILY-CAPACITY,PHASE1-FAMILY-CAPACITY-complete-fef9a5cb6b20,5697dc8f4e580b3fc2ccee9f6eed74999c7570c0157922b5929bcc9c41d1dcf2,HGB-L,67769b8c901577287f7c69e46ea16a110fbcab250556e6c9ee68848fdafe1020,gradient_boosting,low,0.0,strong,0.0,"{""early_stopping"":false,""l2_regularization"":1.0,""learning_rate"":0.08,""max_iter"":100,""max_leaf_nodes"":7}",0.0,9,success,,,1.231969799962826,1,"Could not find the number of physical cores for the following reason:
[WinError 2] 系统找不到指定的文件。
Returning the number of logical cores instead. You can silence this warning by setting LOKY_MAX_CPU_COUNT to the number of cores you want to use.",0.907,0.9067159959610556,0.9750873386698904,0.06369941014956201,0.2095104152480939,boosting_total_leaves,700.0,1300.0,,,,,,700.0,100.0,,100.0,1.0,,0.18333333333333332
PHASE1-FAMILY-CAPACITY,PHASE1-FAMILY-CAPACITY-complete-fef9a5cb6b20,57a92428cd5101e2aa6dba2e3ab1125e2535c2bb07e238a7e3fdef902fa7f640,HGB-M,2d985fd608b45e3358b349990cabdc1f6ba1762a96e3f4ecf6a7596687075e1f,gradient_boosting,medium,0.5,weak,1.0,"{""early_stopping"":false,""l2_regularization"":0.01,""learning_rate"":0.08,""max_iter"":200,""max_leaf_nodes"":31}",0.0,9,success,,,3.0589647999731824,0,,0.906,0.9056882467318675,0.9698059885656645,0.07062715941322577,0.23551658972719053,boosting_total_leaves,6200.0,12200.0,,,,,,6200.0,200.0,,200.0,1.0,,0.5166666666666667
PHASE1-FAMILY-CAPACITY,PHASE1-FAMILY-CAPACITY-complete-fef9a5cb6b20,c636a843b73be9b5becf276c47ab8f3773a50593e7949816e8c6333b4cb3f738,HGB-H,e48f60055c364417c78405d739a17860d6e752f2fc096ea1f14f2b30f76dde1e,gradient_boosting,high,1.0,medium,0.5,"{""early_stopping"":false,""l2_regularization"":0.1,""learning_rate"":0.05,""max_iter"":300,""max_leaf_nodes"":63}",0.0,9,success,,,4.0568546000286005,0,,0.9015,0.9013605918714743,0.9693356456857047,0.07494204122765884,0.26071528932667065,boosting_total_leaves,18900.0,37500.0,,,,,,18900.0,300.0,,300.0,1.0,,0.85
PHASE1-FAMILY-CAPACITY,PHASE1-FAMILY-CAPACITY-complete-fef9a5cb6b20,5fdd1aaa115a1b7823c66b602842066d6eee6b2fff2f9c146e157c66ce85440e,MLP-L,cf054be6f8198498238d75783b4261fc719b2300545c3ec57821015192487ce8,mlp,low,0.0,weak,1.0,"{""alpha"":0.0001,""early_stopping"":true,""hidden_layer_sizes"":[16],""learning_rate_init"":0.001,""max_iter"":250}",0.0,9,success,,,0.40566349995788187,0,,0.9155,0.9153978250144355,0.9774365512458582,0.06024215623878156,0.1966398930456753,mlp_parameter_count,113.0,113.0,,,,,,,,113.0,46.0,1.0,,0.18333333333333332
PHASE1-FAMILY-CAPACITY,PHASE1-FAMILY-CAPACITY-complete-fef9a5cb6b20,8c8ce99be61559214805e4ad4f9bfafc2d6388ef50c078dfcc003f00bd07d48e,MLP-M,22caf9c6783beb7ef5313eeda008a6c74091af4d4ec3b2f9a80c796f31fc80c5,mlp,medium,0.5,medium,0.5,"{""alpha"":0.001,""early_stopping"":true,""hidden_layer_sizes"":[64,64],""learning_rate_init"":0.001,""max_iter"":300}",0.0,9,success,,,0.49873559997649863,0,,0.91,0.9097992436486199,0.976871139060375,0.061267128231036486,0.19733250604866714,mlp_parameter_count,4609.0,4609.0,,,,,,,,4609.0,17.0,1.0,,0.5166666666666667
PHASE1-FAMILY-CAPACITY,PHASE1-FAMILY-CAPACITY-complete-fef9a5cb6b20,4e8dd9fc8ccd428ad2b79b35c377820f55de69bd40a1a3ee1ce93bd066b26ee5,MLP-H,5d197816eeb622fc60ae6d2ceb820addf08e9a7cafa95fd016fcc47c1733d867,mlp,high,1.0,strong,0.0,"{""alpha"":0.01,""early_stopping"":true,""hidden_layer_sizes"":[128,128,64],""learning_rate_init"":0.001,""max_iter"":350}",0.0,9,success,,,1.033061699999962,0,,0.919,0.9189679276192344,0.9774135344666263,0.06774369419167835,0.2405664548562456,mlp_parameter_count,25601.0,25601.0,,,,,,,,25601.0,12.0,1.0,,0.85
PHASE1-FAMILY-CAPACITY,PHASE1-FAMILY-CAPACITY-complete-fef9a5cb6b20,09616e6058f3760f40a1663eebb5c80355fc8605b9edf75a3987ce1569c310f8,LR-L,1d2a1642b5cc9ffeec4e67e117c0a2ab4fd6a563b127af2c2fb9c9262e90d737,logistic_regression,low,0.0,strong,0.0,"{""C"":0.03,""max_iter"":1500,""solver"":""lbfgs""}",0.5,0,success,,,0.014089300006162375,0,,0.928,0.9280132896080426,0.983728031091762,0.05404764866776155,0.18675228320892898,effective_degrees_of_freedom,4.391602783721205,6.0,4.391602783721205,,,,,,,,8.0,1.0,,0.16666666666666666
PHASE1-FAMILY-CAPACITY,PHASE1-FAMILY-CAPACITY-complete-fef9a5cb6b20,c521c243f9ef0788ec35629d9fd7ca19ee0bc74b1109222fb2f26e5261d29a6f,LR-M,2f0277ba6749dc50e77a697ebcae33e3932a27b63e857544fc1ec7f72f723bce,logistic_regression,medium,0.5,medium,0.5,"{""C"":1.0,""max_iter"":1500,""solver"":""lbfgs""}",0.5,0,success,,,0.014378699997905642,0,,0.927,0.9270241699245609,0.9841780855483513,0.05056370072523036,0.16194332756218552,effective_degrees_of_freedom,4.936627690487366,6.0,4.936627690487366,,,,,,,,10.0,1.0,,0.5666666666666667
PHASE1-FAMILY-CAPACITY,PHASE1-FAMILY-CAPACITY-complete-fef9a5cb6b20,737c71bb4436bafe29c3f37428335c88e56f0fbfb73b07d9437cba794f3a3904,LR-H,7b1c2ec5fbbfbbdee64cc420019e5c8a9abaac2c5fc3f68515c1e2c1fa714d43,logistic_regression,high,1.0,weak,1.0,"{""C"":30.0,""max_iter"":1500,""solver"":""lbfgs""}",0.5,0,success,,,0.018101599998772144,0,,0.9275,0.9275297310974628,0.9841770854273367,0.050694211688319946,0.16184314301168098,effective_degrees_of_freedom,4.997562489988635,6.0,4.997562489988635,,,,,,,,11.0,1.0,,0.9
PHASE1-FAMILY-CAPACITY,PHASE1-FAMILY-CAPACITY-complete-fef9a5cb6b20,a08223218683c00d7d4d0e134b7f4007c01ed22ea931a5032c6b7946a6f50cc3,SVM-L,3fbd371b0e2cef95735dd4da149551608834096e78275a14901c17ac75cb096e,rbf_svm,low,0.0,medium,0.5,"{""C"":1.0,""cache_size"":1000,""calibration_cv"":3,""gamma"":0.05}",0.5,0,success,,,0.7793239000020549,0,,0.9275,0.9275077284351406,0.9831919662279136,0.05222157283667582,0.16754184021890528,kernel_effective_rank,2.33579088915398,6126.0,,2.33579088915398,0.2042,,,,,,,1.0,0.05,0.23333333333333334
PHASE1-FAMILY-CAPACITY,PHASE1-FAMILY-CAPACITY-complete-fef9a5cb6b20,717a92bc652bd0121e6d9769fa01011479155e1f9fa8374610e54f366a79f55d,SVM-M,9db1d2bf313ca7ba2163130db40ea44518e99de2cc5a6c1b05d6c5c600e866d4,rbf_svm,medium,0.5,weak,1.0,"{""C"":10.0,""cache_size"":1000,""calibration_cv"":3,""gamma"":""scale""}",0.5,0,success,,,0.6792406999738887,0,,0.919,0.9189571938204523,0.9805946519528863,0.055245277251459696,0.18087824870632221,kernel_effective_rank,10.896956268092826,5268.0,,10.896956268092826,0.1756,,,,,,,1.0,0.19999999999999996,0.5666666666666667
PHASE1-FAMILY-CAPACITY,PHASE1-FAMILY-CAPACITY-complete-fef9a5cb6b20,ad7b40edcaff5b199edcff69dcbbaef7eec9c119f249111a2237826db58d8e31,SVM-H,405d3f89ec540b5d9527e4410c3337cad0e3f8b2cd09be2fa431cfc7a19bc06a,rbf_svm,high,1.0,strong,0.0,"{""C"":0.3,""cache_size"":1000,""calibration_cv"":3,""gamma"":1.0}",0.5,0,success,,,1.4977087999577634,0,,0.9235,0.9234962430454086,0.9717855860559128,0.058906776081956554,0.20804495167484846,kernel_effective_rank,167.11852327321634,12240.0,,167.11852327321634,0.408,,,,,,,1.0,1.0,0.9
PHASE1-FAMILY-CAPACITY,PHASE1-FAMILY-CAPACITY-complete-fef9a5cb6b20,1eea8d2ba041959f34fe3a80a87c6f2933446dd4a29674bdf87432426f79aabb,RF-L,c0f016366401e1557f071472bcb386b5eb2aff8542b2c2766d492e6f207fd133,random_forest,low,0.0,weak,1.0,"{""max_depth"":4,""max_features"":""sqrt"",""min_samples_leaf"":1,""n_estimators"":200,""n_jobs"":-1}",0.5,0,success,,,0.4655147000448778,0,,0.899,0.8989987788522411,0.962344443677685,0.09164120828037525,0.3200393067941852,tree_total_leaves,3199.0,6198.0,,,,3199.0,4.0,,,,,1.0,,0.18333333333333332
PHASE1-FAMILY-CAPACITY,PHASE1-FAMILY-CAPACITY-complete-fef9a5cb6b20,6b48588f622dbcad0840b8f0d2f693036597d34c2c7a943ff6a5ffd2f10f9011,RF-M,5a017704fedc5eeaa5bfa51b469c2790db92ae9033f8403d454222bd9ca5b60a,random_forest,medium,0.5,strong,0.0,"{""max_depth"":10,""max_features"":""sqrt"",""min_samples_leaf"":10,""n_estimators"":250,""n_jobs"":-1}",0.5,0,success,,,0.7049697000184096,0,,0.918,0.9180120794616149,0.976368140545006,0.06337070188905759,0.2144205163877063,tree_total_leaves,32204.0,64158.0,,,,32204.0,9.996,,,,,1.0,,0.43333333333333335
PHASE1-FAMILY-CAPACITY,PHASE1-FAMILY-CAPACITY-complete-fef9a5cb6b20,78a591754c028e4eb8adb5180e3046ebca7f15feaff84d2cd41a216388ac8547,RF-H,7ff7f8153ba561892eb3cfceb961e6a4c2bf8946870c60775c3bfce39fbaf2f9,random_forest,high,1.0,medium,0.5,"{""max_depth"":null,""max_features"":""sqrt"",""min_samples_leaf"":2,""n_estimators"":300,""n_jobs"":-1}",0.5,0,success,,,0.7781522999866866,0,,0.922,0.9220125635201859,0.9770587241056168,0.05987780380490805,0.20061029214090645,tree_total_leaves,89778.0,179256.0,,,,89778.0,14.983333333333333,,,,,1.0,,0.7333333333333333
PHASE1-FAMILY-CAPACITY,PHASE1-FAMILY-CAPACITY-complete-fef9a5cb6b20,403adeda0f5259655f424efe4ccaf3dedd1c383a7c51957029b5d54d312afe40,HGB-L,67769b8c901577287f7c69e46ea16a110fbcab250556e6c9ee68848fdafe1020,gradient_boosting,low,0.0,strong,0.0,"{""early_stopping"":false,""l2_regularization"":1.0,""learning_rate"":0.08,""max_iter"":100,""max_leaf_nodes"":7}",0.5,0,success,,,0.22359940002206713,0,,0.9225,0.92254012735541,0.9803166183108156,0.056235190865954,0.18794086914950564,boosting_total_leaves,700.0,1300.0,,,,,,700.0,100.0,,100.0,1.0,,0.18333333333333332
PHASE1-FAMILY-CAPACITY,PHASE1-FAMILY-CAPACITY-complete-fef9a5cb6b20,d0a670497663d126b495edf328f415d64d6a4e81d73bca14f7a1c2b0716006b3,HGB-M,2d985fd608b45e3358b349990cabdc1f6ba1762a96e3f4ecf6a7596687075e1f,gradient_boosting,medium,0.5,weak,1.0,"{""early_stopping"":false,""l2_regularization"":0.01,""learning_rate"":0.08,""max_iter"":200,""max_leaf_nodes"":31}",0.5,0,success,,,1.877307999995537,0,,0.9215,0.921507002347284,0.978333378338779,0.06081399342687807,0.20899853672843435,boosting_total_leaves,6200.0,12200.0,,,,,,6200.0,200.0,,200.0,1.0,,0.5166666666666667
PHASE1-FAMILY-CAPACITY,PHASE1-FAMILY-CAPACITY-complete-fef9a5cb6b20,db5ae630969b22007691ea11cc540df9c7faaae70615b7fd6fce10e14f7d1c80,HGB-H,e48f60055c364417c78405d739a17860d6e752f2fc096ea1f14f2b30f76dde1e,gradient_boosting,high,1.0,medium,0.5,"{""early_stopping"":false,""l2_regularization"":0.1,""learning_rate"":0.05,""max_iter"":300,""max_leaf_nodes"":63}",0.5,0,success,,,4.615861499973107,0,,0.9185,0.9184846366410335,0.9779323298119071,0.06462883849306965,0.24344648618998138,boosting_total_leaves,18900.0,37500.0,,,,,,18900.0,300.0,,300.0,1.0,,0.85
PHASE1-FAMILY-CAPACITY,PHASE1-FAMILY-CAPACITY-complete-fef9a5cb6b20,d45f231ef917e42ff6fd9588f359aeef3f8f0a0f0870e542b931a072837542c2,MLP-L,cf054be6f8198498238d75783b4261fc719b2300545c3ec57821015192487ce8,mlp,low,0.0,weak,1.0,"{""alpha"":0.0001,""early_stopping"":true,""hidden_layer_sizes"":[16],""learning_rate_init"":0.001,""max_iter"":250}",0.5,0,success,,,0.3552252000081353,0,,0.9255,0.9255294890681772,0.9825538890205715,0.05448991758454823,0.1862468094507786,mlp_parameter_count,113.0,113.0,,,,,,,,113.0,35.0,1.0,,0.18333333333333332
PHASE1-FAMILY-CAPACITY,PHASE1-FAMILY-CAPACITY-complete-fef9a5cb6b20,7c8d24b52b8deb08c046cfb0302cd84d59a7875512ded72672b0986edf689b08,MLP-M,22caf9c6783beb7ef5313eeda008a6c74091af4d4ec3b2f9a80c796f31fc80c5,mlp,medium,0.5,medium,0.5,"{""alpha"":0.001,""early_stopping"":true,""hidden_layer_sizes"":[64,64],""learning_rate_init"":0.001,""max_iter"":300}",0.5,0,success,,,0.5214225000236183,0,,0.925,0.9251119385445639,0.983549009430141,0.05186777016636262,0.16761641587650314,mlp_parameter_count,4609.0,4609.0,,,,,,,,4609.0,18.0,1.0,,0.5166666666666667
PHASE1-FAMILY-CAPACITY,PHASE1-FAMILY-CAPACITY-complete-fef9a5cb6b20,252821ab1fe751c6a31bb364cafdce238c108c8293729247eb6ca67251139134,MLP-H,5d197816eeb622fc60ae6d2ceb820addf08e9a7cafa95fd016fcc47c1733d867,mlp,high,1.0,strong,0.0,"{""alpha"":0.01,""early_stopping"":true,""hidden_layer_sizes"":[128,128,64],""learning_rate_init"":0.001,""max_iter"":350}",0.5,0,success,,,2.1910402000066824,0,,0.9255,0.9255624930616604,0.983002943356146,0.05296037462211871,0.16990342093235863,mlp_parameter_count,25601.0,25601.0,,,,,,,,25601.0,25.0,1.0,,0.85
PHASE1-FAMILY-CAPACITY,PHASE1-FAMILY-CAPACITY-complete-fef9a5cb6b20,fe84ec93233be3be38f7cac7fb331ce5ded73c7e57a760d84b54d0dec5331040,LR-L,1d2a1642b5cc9ffeec4e67e117c0a2ab4fd6a563b127af2c2fb9c9262e90d737,logistic_regression,low,0.0,strong,0.0,"{""C"":0.03,""max_iter"":1500,""solver"":""lbfgs""}",0.5,1,success,,,0.014065499999560416,0,,0.9315,0.9310892762111505,0.9831708243509912,0.05366829024740861,0.18636506169647404,effective_degrees_of_freedom,4.3943259340350425,6.0,4.3943259340350425,,,,,,,,8.0,1.0,,0.2
PHASE1-FAMILY-CAPACITY,PHASE1-FAMILY-CAPACITY-complete-fef9a5cb6b20,98f0b2725a77511f3441508c8a9d5ea2b197b589faaa3e38e273b55ac30b200e,LR-M,2f0277ba6749dc50e77a697ebcae33e3932a27b63e857544fc1ec7f72f723bce,logistic_regression,medium,0.5,medium,0.5,"{""C"":1.0,""max_iter"":1500,""solver"":""lbfgs""}",0.5,1,success,,,0.013558399979956448,0,,0.929,0.9285601894585138,0.9838302810909298,0.05000884518549392,0.16286563339283594,effective_degrees_of_freedom,4.939889302627761,6.0,4.939889302627761,,,,,,,,9.0,1.0,,0.6333333333333333
PHASE1-FAMILY-CAPACITY,PHASE1-FAMILY-CAPACITY-complete-fef9a5cb6b20,15958fd19902eb459a7fe7c9e9299186e7eec03682146276a8ecf2f3ef7ebbea,LR-H,7b1c2ec5fbbfbbdee64cc420019e5c8a9abaac2c5fc3f68515c1e2c1fa714d43,logistic_regression,high,1.0,weak,1.0,"{""C"":30.0,""max_iter"":1500,""solver"":""lbfgs""}",0.5,1,success,,,0.0113003000151366,0,,0.93,0.9295152992961452,0.98385132758263,0.05004959446526112,0.16282469951750167,effective_degrees_of_freedom,4.997718321828887,6.0,4.997718321828887,,,,,,,,9.0,1.0,,0.9666666666666667
PHASE1-FAMILY-CAPACITY,PHASE1-FAMILY-CAPACITY-complete-fef9a5cb6b20,c7f9489d02b512bd81232704dcae67c036f89bd3dc5d3b81b4d7d0f7a55d70cc,SVM-L,3fbd371b0e2cef95735dd4da149551608834096e78275a14901c17ac75cb096e,rbf_svm,low,0.0,medium,0.5,"{""C"":1.0,""cache_size"":1000,""calibration_cv"":3,""gamma"":0.05}",0.5,1,success,,,0.6961254000198096,0,,0.9295,0.9289906403244768,0.9826466664862682,0.05143683541899311,0.16927351425555212,kernel_effective_rank,2.2577710963253006,6276.0,,2.2577710963253006,0.2092,,,,,,,1.0,0.05,0.16666666666666666
PHASE1-FAMILY-CAPACITY,PHASE1-FAMILY-CAPACITY-complete-fef9a5cb6b20,f425aed293b031bdc747f1213a4064e8c00fbb1d03b0c1afe45e9bac079ea595,SVM-M,9db1d2bf313ca7ba2163130db40ea44518e99de2cc5a6c1b05d6c5c600e866d4,rbf_svm,medium,0.5,weak,1.0,"{""C"":10.0,""cache_size"":1000,""calibration_cv"":3,""gamma"":""scale""}",0.5,1,success,,,0.7338110000127926,0,,0.9245,0.9237911546606454,0.9796801133704353,0.05571078718427301,0.1846373876013709,kernel_effective_rank,9.855116515470085,5514.0,,9.855116515470085,0.1838,,,,,,,1.0,0.2,0.4
PHASE1-FAMILY-CAPACITY,PHASE1-FAMILY-CAPACITY-complete-fef9a5cb6b20,6dfe56ccf9d27027616b511688f47884a7494881dbca78a91c88893ce36e5267,SVM-H,405d3f89ec540b5d9527e4410c3337cad0e3f8b2cd09be2fa431cfc7a19bc06a,rbf_svm,high,1.0,strong,0.0,"{""C"":0.3,""cache_size"":1000,""calibration_cv"":3,""gamma"":1.0}",0.5,1,success,,,1.4152720000129193,0,,0.9255,0.9249817847625404,0.9697722268491096,0.059542951989378264,0.2138765166256813,kernel_effective_rank,145.54652490928913,12474.0,,145.54652490928913,0.4158,,,,,,,1.0,1.0,0.7666666666666667
PHASE1-FAMILY-CAPACITY,PHASE1-FAMILY-CAPACITY-complete-fef9a5cb6b20,4432cbdaca637b7ddf4d4d1493fbea2a44e04359c74c4287b45d3cf66076d08c,RF-L,c0f016366401e1557f071472bcb386b5eb2aff8542b2c2766d492e6f207fd133,random_forest,low,0.0,weak,1.0,"{""max_depth"":4,""max_features"":""sqrt"",""min_samples_leaf"":1,""n_estimators"":200,""n_jobs"":-1}",0.5,1,success,,,0.48234210000373423,0,,0.905,0.9044128479811905,0.9690355996396038,0.08811798944179079,0.31281130614936037,tree_total_leaves,3200.0,6200.0,,,,3200.0,4.0,,,,,1.0,,0.31666666666666665
PHASE1-FAMILY-CAPACITY,PHASE1-FAMILY-CAPACITY-complete-fef9a5cb6b20,0e0552c2faceb43880fe023ef1b29c2750b52d1423941c1c76d19f1ba0801770,RF-M,5a017704fedc5eeaa5bfa51b469c2790db92ae9033f8403d454222bd9ca5b60a,random_forest,medium,0.5,strong,0.0,"{""max_depth"":10,""max_features"":""sqrt"",""min_samples_leaf"":10,""n_estimators"":250,""n_jobs"":-1}",0.5,1,success,,,0.709861200011801,0,,0.9195,0.9189213973667832,0.9767486377407694,0.06241598016922847,0.2151163540214194,tree_total_leaves,32936.0,65622.0,,,,32936.0,10.0,,,,,1.0,,0.6333333333333333
PHASE1-FAMILY-CAPACITY,PHASE1-FAMILY-CAPACITY-complete-fef9a5cb6b20,d4a9dee7145a74b68af6afb90fdd1ee602792c48f80b59198f31b5f27de1401c,RF-H,7ff7f8153ba561892eb3cfceb961e6a4c2bf8946870c60775c3bfce39fbaf2f9,random_forest,high,1.0,medium,0.5,"{""max_depth"":null,""max_features"":""sqrt"",""min_samples_leaf"":2,""n_estimators"":300,""n_jobs"":-1}",0.5,1,success,,,0.7660214999923483,0,,0.9225,0.9221164552496465,0.9767596620935646,0.05938498186425239,0.20218086691476894,tree_total_leaves,93395.0,186490.0,,,,93395.0,15.126666666666667,,,,,1.0,,1.0
PHASE1-FAMILY-CAPACITY,PHASE1-FAMILY-CAPACITY-complete-fef9a5cb6b20,d37712ff7e89eef736e477b3eb030464c2ed021d209f297efff9ddd9d6f7cc85,HGB-L,67769b8c901577287f7c69e46ea16a110fbcab250556e6c9ee68848fdafe1020,gradient_boosting,low,0.0,strong,0.0,"{""early_stopping"":false,""l2_regularization"":1.0,""learning_rate"":0.08,""max_iter"":100,""max_leaf_nodes"":7}",0.5,1,success,,,0.24153530003968626,0,,0.9205,0.9199707153101201,0.9795393023188222,0.056233339995284855,0.18969555772875799,boosting_total_leaves,700.0,1300.0,,,,,,700.0,100.0,,100.0,1.0,,0.18333333333333332
PHASE1-FAMILY-CAPACITY,PHASE1-FAMILY-CAPACITY-complete-fef9a5cb6b20,c32e86dc4d16e1aeff2bb8b80755ddb0cacd7ab2b98c3a5793174893ed82bd44,HGB-M,2d985fd608b45e3358b349990cabdc1f6ba1762a96e3f4ecf6a7596687075e1f,gradient_boosting,medium,0.5,weak,1.0,"{""early_stopping"":false,""l2_regularization"":0.01,""learning_rate"":0.08,""max_iter"":200,""max_leaf_nodes"":31}",0.5,1,success,,,1.8712497999658808,0,,0.9115,0.9109978943486161,0.9774281387585175,0.06296747962900502,0.21262988433188443,boosting_total_leaves,6200.0,12200.0,,,,,,6200.0,200.0,,200.0,1.0,,0.5166666666666667
PHASE1-FAMILY-CAPACITY,PHASE1-FAMILY-CAPACITY-complete-fef9a5cb6b20,c9356525e7cb2f118d70f6131e84f6b98532f92a505ba7bbc683f1a9d35956de,HGB-H,e48f60055c364417c78405d739a17860d6e752f2fc096ea1f14f2b30f76dde1e,gradient_boosting,high,1.0,medium,0.5,"{""early_stopping"":false,""l2_regularization"":0.1,""learning_rate"":0.05,""max_iter"":300,""max_leaf_nodes"":63}",0.5,1,success,,,3.8620509000029415,0,,0.9105,0.9101369926166902,0.975857669592129,0.06849104568367875,0.2550390485655609,boosting_total_leaves,18900.0,37500.0,,,,,,18900.0,300.0,,300.0,1.0,,0.85
PHASE1-FAMILY-CAPACITY,PHASE1-FAMILY-CAPACITY-complete-fef9a5cb6b20,b52179b98581f47fe506d5b3f36b4c98fe46676747f34496bda5de61bafb4c96,MLP-L,cf054be6f8198498238d75783b4261fc719b2300545c3ec57821015192487ce8,mlp,low,0.0,weak,1.0,"{""alpha"":0.0001,""early_stopping"":true,""hidden_layer_sizes"":[16],""learning_rate_init"":0.001,""max_iter"":250}",0.5,1,success,,,0.1837320000049658,0,,0.916,0.9163792818335703,0.9751310645215281,0.0853413519090054,0.3037326978176447,mlp_parameter_count,113.0,113.0,,,,,,,,113.0,19.0,1.0,,0.18333333333333332
PHASE1-FAMILY-CAPACITY,PHASE1-FAMILY-CAPACITY-complete-fef9a5cb6b20,143a3ee459e28f6cc7a3f5ed73c8765b6b8c18ba66274c727ca6fb786899c07c,MLP-M,22caf9c6783beb7ef5313eeda008a6c74091af4d4ec3b2f9a80c796f31fc80c5,mlp,medium,0.5,medium,0.5,"{""alpha"":0.001,""early_stopping"":true,""hidden_layer_sizes"":[64,64],""learning_rate_init"":0.001,""max_iter"":300}",0.5,1,success,,,0.6649706999887712,0,,0.9275,0.9273159409134779,0.9830726073897238,0.05122891007042563,0.16758387382541032,mlp_parameter_count,4609.0,4609.0,,,,,,,,4609.0,23.0,1.0,,0.5166666666666667
PHASE1-FAMILY-CAPACITY,PHASE1-FAMILY-CAPACITY-complete-fef9a5cb6b20,afcd5031a0b08212f1f2b4bb7bce3edeebb3761b742f2470eda347bf83c7ff3d,MLP-H,5d197816eeb622fc60ae6d2ceb820addf08e9a7cafa95fd016fcc47c1733d867,mlp,high,1.0,strong,0.0,"{""alpha"":0.01,""early_stopping"":true,""hidden_layer_sizes"":[128,128,64],""learning_rate_init"":0.001,""max_iter"":350}",0.5,1,success,,,1.2646695000003092,0,,0.9275,0.9262796517507174,0.9818669440794716,0.05344839726799579,0.17784974506072854,mlp_parameter_count,25601.0,25601.0,,,,,,,,25601.0,14.0,1.0,,0.85
PHASE1-FAMILY-CAPACITY,PHASE1-FAMILY-CAPACITY-complete-fef9a5cb6b20,612bbbe579d61840881cdd7d5e87addc9ca29e81f16f9eee8740e217f85f6458,LR-L,1d2a1642b5cc9ffeec4e67e117c0a2ab4fd6a563b127af2c2fb9c9262e90d737,logistic_regression,low,0.0,strong,0.0,"{""C"":0.03,""max_iter"":1500,""solver"":""lbfgs""}",0.5,2,success,,,0.011653200024738908,0,,0.9195,0.9197573098625502,0.9785748081195466,0.05993425458204637,0.2018715373811118,effective_degrees_of_freedom,4.383214478721496,6.0,4.383214478721496,,,,,,,,8.0,1.0,,0.06666666666666667
PHASE1-FAMILY-CAPACITY,PHASE1-FAMILY-CAPACITY-complete-fef9a5cb6b20,5504dc549c7ad563c3917203faf4050aa46af894293ecad99a98f6f77f857dfc,LR-M,2f0277ba6749dc50e77a697ebcae33e3932a27b63e857544fc1ec7f72f723bce,logistic_regression,medium,0.5,medium,0.5,"{""C"":1.0,""max_iter"":1500,""solver"":""lbfgs""}",0.5,2,success,,,0.012145799992140383,0,,0.9245,0.9247247454514355,0.9792920153924484,0.0565628327934552,0.18566861916254168,effective_degrees_of_freedom,4.935008723192492,6.0,4.935008723192492,,,,,,,,9.0,1.0,,0.43333333333333335
PHASE1-FAMILY-CAPACITY,PHASE1-FAMILY-CAPACITY-complete-fef9a5cb6b20,d5efa40f03d8c0297629eca599adb8a7c818cc739c6aed8d9bbf1c7adbf4d4ab,LR-H,7b1c2ec5fbbfbbdee64cc420019e5c8a9abaac2c5fc3f68515c1e2c1fa714d43,logistic_regression,high,1.0,weak,1.0,"{""C"":30.0,""max_iter"":1500,""solver"":""lbfgs""}",0.5,2,success,,,0.012118400016333908,0,,0.9235,0.9237244563678904,0.9793050191505345,0.05661520365951105,0.18642314827967976,effective_degrees_of_freedom,4.997496093390814,6.0,4.997496093390814,,,,,,,,9.0,1.0,,0.7666666666666667
PHASE1-FAMILY-CAPACITY,PHASE1-FAMILY-CAPACITY-complete-fef9a5cb6b20,b25dbb77909c952ac06cc748b7c40d0e38f899753de6c52101a96d5fbb326fb3,SVM-L,3fbd371b0e2cef95735dd4da149551608834096e78275a14901c17ac75cb096e,rbf_svm,low,0.0,medium,0.5,"{""C"":1.0,""cache_size"":1000,""calibration_cv"":3,""gamma"":0.05}",0.5,2,success,,,0.7302182999555953,0,,0.9205,0.9207746038605157,0.9784527728513541,0.057658598362398325,0.19223492126634692,kernel_effective_rank,2.249085574695178,5976.0,,2.249085574695178,0.1992,,,,,,,1.0,0.05,0.1
PHASE1-FAMILY-CAPACITY,PHASE1-FAMILY-CAPACITY-complete-fef9a5cb6b20,93f736fa909eb12cf9fb8261405acec615cc308db96877ba67f2f18ae13faf76,SVM-M,9db1d2bf313ca7ba2163130db40ea44518e99de2cc5a6c1b05d6c5c600e866d4,rbf_svm,medium,0.5,weak,1.0,"{""C"":10.0,""cache_size"":1000,""calibration_cv"":3,""gamma"":""scale""}",0.5,2,success,,,0.6988451000070199,0,,0.92,0.9200618978884898,0.9758910325083949,0.05896398034218609,0.1997850423192548,kernel_effective_rank,9.953761867442589,5280.0,,9.953761867442589,0.176,,,,,,,1.0,0.2,0.5
PHASE1-FAMILY-CAPACITY,PHASE1-FAMILY-CAPACITY-complete-fef9a5cb6b20,05bbe455d8252a7c8a1f0e3981286ac7f45fa3852fe7d66cf6051941508fc345,SVM-H,405d3f89ec540b5d9527e4410c3337cad0e3f8b2cd09be2fa431cfc7a19bc06a,rbf_svm,high,1.0,strong,0.0,"{""C"":0.3,""cache_size"":1000,""calibration_cv"":3,""gamma"":1.0}",0.5,2,success,,,1.451675999967847,0,,0.914,0.9141111781304797,0.9623241116682721,0.06665198815719132,0.24169442386264803,kernel_effective_rank,148.86643291720992,12336.0,,148.86643291720992,0.4112,,,,,,,1.0,1.0,0.8
PHASE1-FAMILY-CAPACITY,PHASE1-FAMILY-CAPACITY-complete-fef9a5cb6b20,5a98438e22b9ae6c94d358376baf5a68da7d3910f30321e376a88ac2ee81db0b,RF-L,c0f016366401e1557f071472bcb386b5eb2aff8542b2c2766d492e6f207fd133,random_forest,low,0.0,weak,1.0,"{""max_depth"":4,""max_features"":""sqrt"",""min_samples_leaf"":1,""n_estimators"":200,""n_jobs"":-1}",0.5,2,success,,,0.4699240000336431,0,,0.893,0.8930370877183507,0.9607686621433594,0.09420619123235889,0.32811429829840333,tree_total_leaves,3198.0,6196.0,,,,3198.0,4.0,,,,,1.0,,0.06666666666666667
PHASE1-FAMILY-CAPACITY,PHASE1-FAMILY-CAPACITY-complete-fef9a5cb6b20,cb4102eca12da6e26ad01047f62ae28858a9dc2ac48390ab58d8f6112d9e39f3,RF-M,5a017704fedc5eeaa5bfa51b469c2790db92ae9033f8403d454222bd9ca5b60a,random_forest,medium,0.5,strong,0.0,"{""max_depth"":10,""max_features"":""sqrt"",""min_samples_leaf"":10,""n_estimators"":250,""n_jobs"":-1}",0.5,2,success,,,0.7447878000093624,0,,0.9125,0.9126702617056329,0.972748124207896,0.06734157375564546,0.22792630669901864,tree_total_leaves,32524.0,64798.0,,,,32524.0,10.0,,,,,1.0,,0.5666666666666667
PHASE1-FAMILY-CAPACITY,PHASE1-FAMILY-CAPACITY-complete-fef9a5cb6b20,8ee39737df5d7dfa5aeb195b670ab4e44e3d7f1a0b9defd7fe407fcdad0f5a5d,RF-H,7ff7f8153ba561892eb3cfceb961e6a4c2bf8946870c60775c3bfce39fbaf2f9,random_forest,high,1.0,medium,0.5,"{""max_depth"":null,""max_features"":""sqrt"",""min_samples_leaf"":2,""n_estimators"":300,""n_jobs"":-1}",0.5,2,success,,,0.7463238000054844,0,,0.914,0.9142302125314216,0.9738429406098362,0.06375198192097874,0.21353975209461862,tree_total_leaves,90458.0,180616.0,,,,90458.0,15.18,,,,,1.0,,0.8333333333333334
PHASE1-FAMILY-CAPACITY,PHASE1-FAMILY-CAPACITY-complete-fef9a5cb6b20,dfbe3d3e62ae6f043914f53dbc54b9b059acbc8a26f4def082e5f2533605fe88,HGB-L,67769b8c901577287f7c69e46ea16a110fbcab250556e6c9ee68848fdafe1020,gradient_boosting,low,0.0,strong,0.0,"{""early_stopping"":false,""l2_regularization"":1.0,""learning_rate"":0.08,""max_iter"":100,""max_leaf_nodes"":7}",0.5,2,success,,,0.4122350999969058,0,,0.92,0.9201299175461708,0.9761436055019901,0.06045688620154336,0.20277397997539337,boosting_total_leaves,700.0,1300.0,,,,,,700.0,100.0,,100.0,1.0,,0.18333333333333332
PHASE1-FAMILY-CAPACITY,PHASE1-FAMILY-CAPACITY-complete-fef9a5cb6b20,fae030465f78829fbbaa3eed306d0b95c42470fb572a148631cbe59db582eb42,HGB-M,2d985fd608b45e3358b349990cabdc1f6ba1762a96e3f4ecf6a7596687075e1f,gradient_boosting,medium,0.5,weak,1.0,"{""early_stopping"":false,""l2_regularization"":0.01,""learning_rate"":0.08,""max_iter"":200,""max_leaf_nodes"":31}",0.5,2,success,,,1.8072586999624036,0,,0.9155,0.9156711289562683,0.9738134320818718,0.0665794649448827,0.23458921137301314,boosting_total_leaves,6200.0,12200.0,,,,,,6200.0,200.0,,200.0,1.0,,0.5166666666666667
PHASE1-FAMILY-CAPACITY,PHASE1-FAMILY-CAPACITY-complete-fef9a5cb6b20,ce3800989918d4b03a926eea571b06d4aa39046081790ee91d71ce22258c33a1,HGB-H,e48f60055c364417c78405d739a17860d6e752f2fc096ea1f14f2b30f76dde1e,gradient_boosting,high,1.0,medium,0.5,"{""early_stopping"":false,""l2_regularization"":0.1,""learning_rate"":0.05,""max_iter"":300,""max_leaf_nodes"":63}",0.5,2,success,,,4.3433566999738105,0,,0.9155,0.915705138785109,0.9738884537631376,0.06849114972423194,0.2669678625826792,boosting_total_leaves,18900.0,37500.0,,,,,,18900.0,300.0,,300.0,1.0,,0.85
PHASE1-FAMILY-CAPACITY,PHASE1-FAMILY-CAPACITY-complete-fef9a5cb6b20,641d2f3766a109d0233fdf91eb0e9f92f65565680fbefcfa9e824872a9f5ad95,MLP-L,cf054be6f8198498238d75783b4261fc719b2300545c3ec57821015192487ce8,mlp,low,0.0,weak,1.0,"{""alpha"":0.0001,""early_stopping"":true,""hidden_layer_sizes"":[16],""learning_rate_init"":0.001,""max_iter"":250}",0.5,2,success,,,0.268071600003168,0,,0.906,0.9062449047774808,0.9742625618803833,0.06824494677878123,0.23499439519487902,mlp_parameter_count,113.0,113.0,,,,,,,,113.0,26.0,1.0,,0.18333333333333332
PHASE1-FAMILY-CAPACITY,PHASE1-FAMILY-CAPACITY-complete-fef9a5cb6b20,04e6002d78128793ea84c038ff24f4696586b688a36e7924de74d3f9f2701477,MLP-M,22caf9c6783beb7ef5313eeda008a6c74091af4d4ec3b2f9a80c796f31fc80c5,mlp,medium,0.5,medium,0.5,"{""alpha"":0.001,""early_stopping"":true,""hidden_layer_sizes"":[64,64],""learning_rate_init"":0.001,""max_iter"":300}",0.5,2,success,,,0.42372389999218285,0,,0.9185,0.9187910306078457,0.9784497719841034,0.05820935019004001,0.1914998865933245,mlp_parameter_count,4609.0,4609.0,,,,,,,,4609.0,15.0,1.0,,0.5166666666666667
PHASE1-FAMILY-CAPACITY,PHASE1-FAMILY-CAPACITY-complete-fef9a5cb6b20,a0be01b0d363273d87be5e8307bc5e466201190bb5c19a740c37b8f69b15dfdd,MLP-H,5d197816eeb622fc60ae6d2ceb820addf08e9a7cafa95fd016fcc47c1733d867,mlp,high,1.0,strong,0.0,"{""alpha"":0.01,""early_stopping"":true,""hidden_layer_sizes"":[128,128,64],""learning_rate_init"":0.001,""max_iter"":350}",0.5,2,success,,,1.9642129999701865,0,,0.9235,0.9235714121381079,0.9790789538176533,0.05676783817390845,0.1883229385250378,mlp_parameter_count,25601.0,25601.0,,,,,,,,25601.0,20.0,1.0,,0.85
PHASE1-FAMILY-CAPACITY,PHASE1-FAMILY-CAPACITY-complete-fef9a5cb6b20,a86e53fdeaf217a0d0cc56cfb08e85640031c75f362916cbb1f4ae4dd89cfef9,LR-L,1d2a1642b5cc9ffeec4e67e117c0a2ab4fd6a563b127af2c2fb9c9262e90d737,logistic_regression,low,0.0,strong,0.0,"{""C"":0.03,""max_iter"":1500,""solver"":""lbfgs""}",0.5,3,success,,,0.014903899980708957,0,,0.9315,0.9315169528731827,0.9828036070921745,0.05438081384946447,0.188551266429694,effective_degrees_of_freedom,4.3944100329046805,6.0,4.3944100329046805,,,,,,,,8.0,1.0,,0.23333333333333334
PHASE1-FAMILY-CAPACITY,PHASE1-FAMILY-CAPACITY-complete-fef9a5cb6b20,51a41130eba39e4ec22dc8296ff1c68b0c70b417e8a876fb12b825d273aabfed,LR-M,2f0277ba6749dc50e77a697ebcae33e3932a27b63e857544fc1ec7f72f723bce,logistic_regression,medium,0.5,medium,0.5,"{""C"":1.0,""max_iter"":1500,""solver"":""lbfgs""}",0.5,3,success,,,0.020721399981994182,0,,0.9295,0.9295257915891187,0.9833646525368556,0.050926187186401614,0.166288582982529,effective_degrees_of_freedom,4.936094905700234,6.0,4.936094905700234,,,,,,,,11.0,1.0,,0.5
PHASE1-FAMILY-CAPACITY,PHASE1-FAMILY-CAPACITY-complete-fef9a5cb6b20,e1abaae908cb3ae677c7f7dbab1d660dd0776e3f89806584d3a91702c932339d,LR-H,7b1c2ec5fbbfbbdee64cc420019e5c8a9abaac2c5fc3f68515c1e2c1fa714d43,logistic_regression,high,1.0,weak,1.0,"{""C"":30.0,""max_iter"":1500,""solver"":""lbfgs""}",0.5,3,success,,,0.015126999991480261,0,,0.929,0.9290212507213085,0.983379653751954,0.051022429739206045,0.16641254285052445,effective_degrees_of_freedom,4.9975304061952786,6.0,4.9975304061952786,,,,,,,,11.0,1.0,,0.8333333333333334
PHASE1-FAMILY-CAPACITY,PHASE1-FAMILY-CAPACITY-complete-fef9a5cb6b20,fa4c75730bed96be4e7bab852ffa54ca94e2fa6cf56215674460d7d7e8e32589,SVM-L,3fbd371b0e2cef95735dd4da149551608834096e78275a14901c17ac75cb096e,rbf_svm,low,0.0,medium,0.5,"{""C"":1.0,""cache_size"":1000,""calibration_cv"":3,""gamma"":0.05}",0.5,3,success,,,0.6724001999828033,0,,0.9285,0.92849870839538,0.9822615631866182,0.052610577331087975,0.17178924720343014,kernel_effective_rank,2.2887646346502617,6090.0,,2.2887646346502617,0.203,,,,,,,1.0,0.05,0.2
PHASE1-FAMILY-CAPACITY,PHASE1-FAMILY-CAPACITY-complete-fef9a5cb6b20,02c162db8bc6b24ec28aa8b108f85bc203e6b0301fe529dd1b379d91c67c362c,SVM-M,9db1d2bf313ca7ba2163130db40ea44518e99de2cc5a6c1b05d6c5c600e866d4,rbf_svm,medium,0.5,weak,1.0,"{""C"":10.0,""cache_size"":1000,""calibration_cv"":3,""gamma"":""scale""}",0.5,3,success,,,0.6834363999660127,0,,0.924,0.9240208456885008,0.9802143973661867,0.05531675788019678,0.18185965470587814,kernel_effective_rank,10.516997794790388,5376.0,,10.516997794790388,0.1792,,,,,,,1.0,0.2,0.5333333333333333
PHASE1-FAMILY-CAPACITY,PHASE1-FAMILY-CAPACITY-complete-fef9a5cb6b20,fe8c8fd25ec3b31e9b37000cebbdf5c29f6928c9b5c6f5e18bd1698d52ec76cd,SVM-H,405d3f89ec540b5d9527e4410c3337cad0e3f8b2cd09be2fa431cfc7a19bc06a,rbf_svm,high,1.0,strong,0.0,"{""C"":0.3,""cache_size"":1000,""calibration_cv"":3,""gamma"":1.0}",0.5,3,success,,,1.4786359000136144,0,,0.926,0.9260120069725648,0.9708446384157116,0.06087088670769213,0.21360884091209784,kernel_effective_rank,164.66645916760658,12180.0,,164.66645916760658,0.406,,,,,,,1.0,1.0,0.8666666666666667
PHASE1-FAMILY-CAPACITY,PHASE1-FAMILY-CAPACITY-complete-fef9a5cb6b20,d1c6f461a31927a53d478cd2ee043a9b6c648598d6c0c58e6c4c8d36985fab41,RF-L,c0f016366401e1557f071472bcb386b5eb2aff8542b2c2766d492e6f207fd133,random_forest,low,0.0,weak,1.0,"{""max_depth"":4,""max_features"":""sqrt"",""min_samples_leaf"":1,""n_estimators"":200,""n_jobs"":-1}",0.5,3,success,,,0.5078762999619357,0,,0.896,0.8960275782338369,0.9660662513663607,0.09109512634809992,0.32081921234182825,tree_total_leaves,3199.0,6198.0,,,,3199.0,4.0,,,,,1.0,,0.18333333333333332
PHASE1-FAMILY-CAPACITY,PHASE1-FAMILY-CAPACITY-complete-fef9a5cb6b20,0967b621fa6d0d6fa6b1a13174de5ecf67a34fbae3ba7eb138f379cc46c17d0e,RF-M,5a017704fedc5eeaa5bfa51b469c2790db92ae9033f8403d454222bd9ca5b60a,random_forest,medium,0.5,strong,0.0,"{""max_depth"":10,""max_features"":""sqrt"",""min_samples_leaf"":10,""n_estimators"":250,""n_jobs"":-1}",0.5,3,success,,,0.709325700008776,0,,0.913,0.913028955345383,0.9753800057804682,0.06560110289574009,0.22360335123607564,tree_total_leaves,32664.0,65078.0,,,,32664.0,10.0,,,,,1.0,,0.6
PHASE1-FAMILY-CAPACITY,PHASE1-FAMILY-CAPACITY-complete-fef9a5cb6b20,c8c0de9ce81145487e601253dcbd800bccb5b4a5cc9f0d2b0fa6a4506def9a0b,RF-H,7ff7f8153ba561892eb3cfceb961e6a4c2bf8946870c60775c3bfce39fbaf2f9,random_forest,high,1.0,medium,0.5,"{""max_depth"":null,""max_features"":""sqrt"",""min_samples_leaf"":2,""n_estimators"":300,""n_jobs"":-1}",0.5,3,success,,,0.7758199000381865,0,,0.9175,0.9175428209684984,0.9768121217818644,0.061007942141649,0.20545591731490634,tree_total_leaves,91927.0,183554.0,,,,91927.0,15.586666666666666,,,,,1.0,,0.9333333333333333
PHASE1-FAMILY-CAPACITY,PHASE1-FAMILY-CAPACITY-complete-fef9a5cb6b20,01180b717f07691bab4c772a7511daf43ef4589f3bdf3257f7c663bccfefd889,HGB-L,67769b8c901577287f7c69e46ea16a110fbcab250556e6c9ee68848fdafe1020,gradient_boosting,low,0.0,strong,0.0,"{""early_stopping"":false,""l2_regularization"":1.0,""learning_rate"":0.08,""max_iter"":100,""max_leaf_nodes"":7}",0.5,3,success,,,0.2049350999877788,0,,0.9225,0.922534225272247,0.9794838381908935,0.05743270335141848,0.1932230910757214,boosting_total_leaves,700.0,1300.0,,,,,,700.0,100.0,,100.0,1.0,,0.18333333333333332
PHASE1-FAMILY-CAPACITY,PHASE1-FAMILY-CAPACITY-complete-fef9a5cb6b20,7b1b37a12adb3bcc2302937bcee3435f2a31efce3a1c58ed15b30e14bb21f05e,HGB-M,2d985fd608b45e3358b349990cabdc1f6ba1762a96e3f4ecf6a7596687075e1f,gradient_boosting,medium,0.5,weak,1.0,"{""early_stopping"":false,""l2_regularization"":0.01,""learning_rate"":0.08,""max_iter"":200,""max_leaf_nodes"":31}",0.5,3,success,,,1.9400706000160426,0,,0.919,0.9189934384685159,0.9780982259563024,0.060290060174517254,0.20524733977156295,boosting_total_leaves,6200.0,12200.0,,,,,,6200.0,200.0,,200.0,1.0,,0.5166666666666667
PHASE1-FAMILY-CAPACITY,PHASE1-FAMILY-CAPACITY-complete-fef9a5cb6b20,bd5aca3b57ee1dfa3ce8ed6c14ff5517a6914eb98f15d046ca822ab917c60ea9,HGB-H,e48f60055c364417c78405d739a17860d6e752f2fc096ea1f14f2b30f76dde1e,gradient_boosting,high,1.0,medium,0.5,"{""early_stopping"":false,""l2_regularization"":0.1,""learning_rate"":0.05,""max_iter"":300,""max_leaf_nodes"":63}",0.5,3,success,,,5.029236499976832,0,,0.9185,0.9185158997878828,0.9762910795774457,0.06502486814543391,0.24527857734960068,boosting_total_leaves,18900.0,37500.0,,,,,,18900.0,300.0,,300.0,1.0,,0.85
PHASE1-FAMILY-CAPACITY,PHASE1-FAMILY-CAPACITY-complete-fef9a5cb6b20,7fc9a14133f3e01eb93f434fc4497b384ce0bbd1e6398c8c699354fce35efd63,MLP-L,cf054be6f8198498238d75783b4261fc719b2300545c3ec57821015192487ce8,mlp,low,0.0,weak,1.0,"{""alpha"":0.0001,""early_stopping"":true,""hidden_layer_sizes"":[16],""learning_rate_init"":0.001,""max_iter"":250}",0.5,3,success,,,0.3090989000047557,0,,0.926,0.926048009888801,0.9805924279866669,0.05741948054969052,0.19829460564236556,mlp_parameter_count,113.0,113.0,,,,,,,,113.0,32.0,1.0,,0.18333333333333332
PHASE1-FAMILY-CAPACITY,PHASE1-FAMILY-CAPACITY-complete-fef9a5cb6b20,1dcebc15dd3e733ad355858e07f4270fb55a955fd4a1f4f5ac354a1f721397d9,MLP-M,22caf9c6783beb7ef5313eeda008a6c74091af4d4ec3b2f9a80c796f31fc80c5,mlp,medium,0.5,medium,0.5,"{""alpha"":0.001,""early_stopping"":true,""hidden_layer_sizes"":[64,64],""learning_rate_init"":0.001,""max_iter"":300}",0.5,3,success,,,0.8696432000142522,0,,0.9265,0.9265525507566112,0.9827766049049973,0.051930112171032224,0.17011801147998795,mlp_parameter_count,4609.0,4609.0,,,,,,,,4609.0,30.0,1.0,,0.5166666666666667
PHASE1-FAMILY-CAPACITY,PHASE1-FAMILY-CAPACITY-complete-fef9a5cb6b20,a6331394ae7d1e3c5fb71618ff4c6be5efa1639437506d7318a3460511600287,MLP-H,5d197816eeb622fc60ae6d2ceb820addf08e9a7cafa95fd016fcc47c1733d867,mlp,high,1.0,strong,0.0,"{""alpha"":0.01,""early_stopping"":true,""hidden_layer_sizes"":[128,128,64],""learning_rate_init"":0.001,""max_iter"":350}",0.5,3,success,,,1.8020880999974906,0,,0.927,0.9268770770432405,0.982608591295895,0.05283285362653117,0.17319769583214314,mlp_parameter_count,25601.0,25601.0,,,,,,,,25601.0,21.0,1.0,,0.85
PHASE1-FAMILY-CAPACITY,PHASE1-FAMILY-CAPACITY-complete-fef9a5cb6b20,d168550506f1f3563c9dbcb43d93bc6bfcc46a16e8760957911411530c06fd0f,LR-L,1d2a1642b5cc9ffeec4e67e117c0a2ab4fd6a563b127af2c2fb9c9262e90d737,logistic_regression,low,0.0,strong,0.0,"{""C"":0.03,""max_iter"":1500,""solver"":""lbfgs""}",0.5,4,success,,,0.012400100007653236,0,,0.931,0.9310233792104129,0.984789863108768,0.05176893898137382,0.18197809550807995,effective_degrees_of_freedom,4.371758102145108,6.0,4.371758102145108,,,,,,,,8.0,1.0,,0.03333333333333333
PHASE1-FAMILY-CAPACITY,PHASE1-FAMILY-CAPACITY-complete-fef9a5cb6b20,b49388097992fce3835add20d412a111a9dfbb10c559cc6bb071e7f503adc8ce,LR-M,2f0277ba6749dc50e77a697ebcae33e3932a27b63e857544fc1ec7f72f723bce,logistic_regression,medium,0.5,medium,0.5,"{""C"":1.0,""max_iter"":1500,""solver"":""lbfgs""}",0.5,4,success,,,0.015285999979823828,0,,0.934,0.9340354063186569,0.9855788702098319,0.04682157036026326,0.15455779823491134,effective_degrees_of_freedom,4.929551133543056,6.0,4.929551133543056,,,,,,,,11.0,1.0,,0.36666666666666664
PHASE1-FAMILY-CAPACITY,PHASE1-FAMILY-CAPACITY-complete-fef9a5cb6b20,415d09b3daa4a104687ae3f3da7691aa8bf09dc666c3ddf993a8ae84ab245894,LR-H,7b1c2ec5fbbfbbdee64cc420019e5c8a9abaac2c5fc3f68515c1e2c1fa714d43,logistic_regression,high,1.0,weak,1.0,"{""C"":30.0,""max_iter"":1500,""solver"":""lbfgs""}",0.5,4,success,,,0.013832100026775151,0,,0.932,0.9320443883994955,0.9855878702908326,0.046795720595257814,0.15436307901841295,effective_degrees_of_freedom,4.9972329680264505,6.0,4.9972329680264505,,,,,,,,12.0,1.0,,0.7
PHASE1-FAMILY-CAPACITY,PHASE1-FAMILY-CAPACITY-complete-fef9a5cb6b20,4e34b03a1538e476ee734fd3a14793ef636c9fc41b47007d81db57a79aef88f2,SVM-L,3fbd371b0e2cef95735dd4da149551608834096e78275a14901c17ac75cb096e,rbf_svm,low,0.0,medium,0.5,"{""C"":1.0,""cache_size"":1000,""calibration_cv"":3,""gamma"":0.05}",0.5,4,success,,,0.670287000015378,0,,0.93,0.9300293702643323,0.9850508654577891,0.047514770887906815,0.15721851151393162,kernel_effective_rank,2.21704357302055,5826.0,,2.21704357302055,0.1942,,,,,,,1.0,0.05,0.03333333333333333
PHASE1-FAMILY-CAPACITY,PHASE1-FAMILY-CAPACITY-complete-fef9a5cb6b20,55f97c5884169ca084c2dd78e2c05be5a5495d2b84b3421389eace47913bb47b,SVM-M,9db1d2bf313ca7ba2163130db40ea44518e99de2cc5a6c1b05d6c5c600e866d4,rbf_svm,medium,0.5,weak,1.0,"{""C"":10.0,""cache_size"":1000,""calibration_cv"":3,""gamma"":""scale""}",0.5,4,success,,,0.6265938999713399,0,,0.926,0.9260293342640084,0.9822128399155591,0.052053395222484374,0.17246116644378753,kernel_effective_rank,9.497621941259052,5070.0,,9.497621941259052,0.169,,,,,,,1.0,0.2,0.36666666666666664
PHASE1-FAMILY-CAPACITY,PHASE1-FAMILY-CAPACITY-complete-fef9a5cb6b20,656da4777d5922d108a9f0cd606b9ead3c4175c2048544d61881d2e147cea88e,SVM-H,405d3f89ec540b5d9527e4410c3337cad0e3f8b2cd09be2fa431cfc7a19bc06a,rbf_svm,high,1.0,strong,0.0,"{""C"":0.3,""cache_size"":1000,""calibration_cv"":3,""gamma"":1.0}",0.5,4,success,,,1.3639604999916628,0,,0.928,0.9280203521831696,0.9742407681669135,0.054727280445199485,0.19652269131440842,kernel_effective_rank,138.9360507018329,12036.0,,138.9360507018329,0.4012,,,,,,,1.0,1.0,0.7
PHASE1-FAMILY-CAPACITY,PHASE1-FAMILY-CAPACITY-complete-fef9a5cb6b20,76fa2b24e769f38521d3ac360d720aa3c04ff0eeb95e4604367314ee96f56941,RF-L,c0f016366401e1557f071472bcb386b5eb2aff8542b2c2766d492e6f207fd133,random_forest,low,0.0,weak,1.0,"{""max_depth"":4,""max_features"":""sqrt"",""min_samples_leaf"":1,""n_estimators"":200,""n_jobs"":-1}",0.5,4,success,,,0.48699619999388233,0,,0.899,0.8990050910458194,0.9666907002163019,0.08933550916477544,0.31677158576960474,tree_total_leaves,3199.0,6198.0,,,,3199.0,4.0,,,,,1.0,,0.18333333333333332
PHASE1-FAMILY-CAPACITY,PHASE1-FAMILY-CAPACITY-complete-fef9a5cb6b20,374e1c1a7887616dcf5afa792d8149baffc6f43a70f10fa51ae10dbc111a8fa2,RF-M,5a017704fedc5eeaa5bfa51b469c2790db92ae9033f8403d454222bd9ca5b60a,random_forest,medium,0.5,strong,0.0,"{""max_depth"":10,""max_features"":""sqrt"",""min_samples_leaf"":10,""n_estimators"":250,""n_jobs"":-1}",0.5,4,success,,,0.6666248999536037,0,,0.9225,0.9225128026152235,0.9789418104762942,0.060447433304653304,0.21092503724091072,tree_total_leaves,32394.0,64538.0,,,,32394.0,10.0,,,,,1.0,,0.5
PHASE1-FAMILY-CAPACITY,PHASE1-FAMILY-CAPACITY-complete-fef9a5cb6b20,467187a8273904271b1fec122464e703ba4866404032049400ac1ec9da82b25c,RF-H,7ff7f8153ba561892eb3cfceb961e6a4c2bf8946870c60775c3bfce39fbaf2f9,random_forest,high,1.0,medium,0.5,"{""max_depth"":null,""max_features"":""sqrt"",""min_samples_leaf"":2,""n_estimators"":300,""n_jobs"":-1}",0.5,4,success,,,0.5664824999985285,0,,0.928,0.9280113521021689,0.9801453213078917,0.055409530890038694,0.19130223302519556,tree_total_leaves,90361.0,180422.0,,,,90361.0,15.2,,,,,1.0,,0.8
PHASE1-FAMILY-CAPACITY,PHASE1-FAMILY-CAPACITY-complete-fef9a5cb6b20,de7c40aaafa5999b395f53de0cb52d6a231e44f7af1b464ad64b277a74ce8a9e,HGB-L,67769b8c901577287f7c69e46ea16a110fbcab250556e6c9ee68848fdafe1020,gradient_boosting,low,0.0,strong,0.0,"{""early_stopping"":false,""l2_regularization"":1.0,""learning_rate"":0.08,""max_iter"":100,""max_leaf_nodes"":7}",0.5,4,success,,,0.43285559996729717,0,,0.9315,0.931506883561952,0.9827883450951058,0.0516513047846761,0.17811944064793653,boosting_total_leaves,700.0,1300.0,,,,,,700.0,100.0,,100.0,1.0,,0.18333333333333332
PHASE1-FAMILY-CAPACITY,PHASE1-FAMILY-CAPACITY-complete-fef9a5cb6b20,bd5caffe3aeaa0c7fb1c01ba11ef4e2ffc282db4f1277c6c40e5648d24e425c6,HGB-M,2d985fd608b45e3358b349990cabdc1f6ba1762a96e3f4ecf6a7596687075e1f,gradient_boosting,medium,0.5,weak,1.0,"{""early_stopping"":false,""l2_regularization"":0.01,""learning_rate"":0.08,""max_iter"":200,""max_leaf_nodes"":31}",0.5,4,success,,,1.1172084999852814,0,,0.921,0.9210112891016019,0.980839827558448,0.05664772122120868,0.1936006318136438,boosting_total_leaves,6200.0,12200.0,,,,,,6200.0,200.0,,200.0,1.0,,0.5166666666666667
PHASE1-FAMILY-CAPACITY,PHASE1-FAMILY-CAPACITY-complete-fef9a5cb6b20,6b50a9ad3d23dc210f71bc511b25fedb76624d62defac9d234ffc9b54c147ea3,HGB-H,e48f60055c364417c78405d739a17860d6e752f2fc096ea1f14f2b30f76dde1e,gradient_boosting,high,1.0,medium,0.5,"{""early_stopping"":false,""l2_regularization"":0.1,""learning_rate"":0.05,""max_iter"":300,""max_leaf_nodes"":63}",0.5,4,success,,,2.575622199976351,0,,0.923,0.9230203071827646,0.9803588232294091,0.06097477085903721,0.2238606468116801,boosting_total_leaves,18900.0,37500.0,,,,,,18900.0,300.0,,300.0,1.0,,0.85
PHASE1-FAMILY-CAPACITY,PHASE1-FAMILY-CAPACITY-complete-fef9a5cb6b20,d8436de4022a5a779a706e6613360dc1a4cc7a51d0007c87df3ae66f9f1575c4,MLP-L,cf054be6f8198498238d75783b4261fc719b2300545c3ec57821015192487ce8,mlp,low,0.0,weak,1.0,"{""alpha"":0.0001,""early_stopping"":true,""hidden_layer_sizes"":[16],""learning_rate_init"":0.001,""max_iter"":250}",0.5,4,success,,,0.2256370999966748,0,,0.936,0.9360294242648184,0.9843858594727353,0.04912333442128727,0.16821280446813555,mlp_parameter_count,113.0,113.0,,,,,,,,113.0,41.0,1.0,,0.18333333333333332
PHASE1-FAMILY-CAPACITY,PHASE1-FAMILY-CAPACITY-complete-fef9a5cb6b20,19403e2e9afb78e27dc61b1e485718bf69bcedb66f8e303757a94ae872ed6d3b,MLP-M,22caf9c6783beb7ef5313eeda008a6c74091af4d4ec3b2f9a80c796f31fc80c5,mlp,medium,0.5,medium,0.5,"{""alpha"":0.001,""early_stopping"":true,""hidden_layer_sizes"":[64,64],""learning_rate_init"":0.001,""max_iter"":300}",0.5,4,success,,,0.29843679995974526,0,,0.9325,0.9325488929400365,0.985419868778819,0.04758178487542161,0.15777517705164623,mlp_parameter_count,4609.0,4609.0,,,,,,,,4609.0,21.0,1.0,,0.5166666666666667
PHASE1-FAMILY-CAPACITY,PHASE1-FAMILY-CAPACITY-complete-fef9a5cb6b20,34ff07d4a46fccf00929bf7c2c9c8be9424cf2e66b54af0db3adc7cb93b2be28,MLP-H,5d197816eeb622fc60ae6d2ceb820addf08e9a7cafa95fd016fcc47c1733d867,mlp,high,1.0,strong,0.0,"{""alpha"":0.01,""early_stopping"":true,""hidden_layer_sizes"":[128,128,64],""learning_rate_init"":0.001,""max_iter"":350}",0.5,4,success,,,0.8628067999961786,0,,0.9335,0.9335189016701151,0.9850668656017904,0.04793417188020652,0.15774097439348167,mlp_parameter_count,25601.0,25601.0,,,,,,,,25601.0,17.0,1.0,,0.85
PHASE1-FAMILY-CAPACITY,PHASE1-FAMILY-CAPACITY-complete-fef9a5cb6b20,72139bc77234303fac5ca5ab3d03279749e537930f3e600f000c9e4b312924c5,LR-L,1d2a1642b5cc9ffeec4e67e117c0a2ab4fd6a563b127af2c2fb9c9262e90d737,logistic_regression,low,0.0,strong,0.0,"{""C"":0.03,""max_iter"":1500,""solver"":""lbfgs""}",0.5,5,success,,,0.009831700008362532,0,,0.925,0.9249824982498249,0.9830353035303531,0.055542068641102775,0.1912861460789597,effective_degrees_of_freedom,4.402834438404064,6.0,4.402834438404064,,,,,,,,8.0,1.0,,0.3333333333333333
PHASE1-FAMILY-CAPACITY,PHASE1-FAMILY-CAPACITY-complete-fef9a5cb6b20,d667d71a43cdeee72efe0d6ecd985bf565a3164fc66ded04a41acef82561eebc,LR-M,2f0277ba6749dc50e77a697ebcae33e3932a27b63e857544fc1ec7f72f723bce,logistic_regression,medium,0.5,medium,0.5,"{""C"":1.0,""max_iter"":1500,""solver"":""lbfgs""}",0.5,5,success,,,0.010557800007518381,0,,0.925,0.924962496249625,0.9836553655365536,0.051157720777445945,0.1646982578904291,effective_degrees_of_freedom,4.94117946809075,6.0,4.94117946809075,,,,,,,,12.0,1.0,,0.6666666666666666
PHASE1-FAMILY-CAPACITY,PHASE1-FAMILY-CAPACITY-complete-fef9a5cb6b20,b5e2ffa566be23e9e5d83f1ae4405a87e5503843ef8e836910a715e41dec282d,LR-H,7b1c2ec5fbbfbbdee64cc420019e5c8a9abaac2c5fc3f68515c1e2c1fa714d43,logistic_regression,high,1.0,weak,1.0,"{""C"":30.0,""max_iter"":1500,""solver"":""lbfgs""}",0.5,5,success,,,0.009979799971915781,0,,0.9255,0.9254675467546756,0.9836623662366236,0.05116421049251412,0.16424523190275903,effective_degrees_of_freedom,4.9977648802489885,6.0,4.9977648802489885,,,,,,,,12.0,1.0,,1.0
PHASE1-FAMILY-CAPACITY,PHASE1-FAMILY-CAPACITY-complete-fef9a5cb6b20,cf3f7981953b825debc50ce08474b8db1a4fc2b71e643dcc448d3509945cf358,SVM-L,3fbd371b0e2cef95735dd4da149551608834096e78275a14901c17ac75cb096e,rbf_svm,low,0.0,medium,0.5,"{""C"":1.0,""cache_size"":1000,""calibration_cv"":3,""gamma"":0.05}",0.5,5,success,,,0.39640690002124757,0,,0.925,0.924962496249625,0.9834883488348835,0.051421435525999704,0.16530778753219996,kernel_effective_rank,2.252879754967754,6300.0,,2.252879754967754,0.21,,,,,,,1.0,0.05,0.13333333333333333
PHASE1-FAMILY-CAPACITY,PHASE1-FAMILY-CAPACITY-complete-fef9a5cb6b20,8075f3cc2f7f3ec013fca29ddff7b784284f1959c94a2bf39a59652d899938df,SVM-M,9db1d2bf313ca7ba2163130db40ea44518e99de2cc5a6c1b05d6c5c600e866d4,rbf_svm,medium,0.5,weak,1.0,"{""C"":10.0,""cache_size"":1000,""calibration_cv"":3,""gamma"":""scale""}",0.5,5,success,,,0.42305559996748343,0,,0.9185,0.9185268526852686,0.9795939593959395,0.056342202155566457,0.1863721396945221,kernel_effective_rank,9.862476175515905,5568.0,,9.862476175515905,0.1856,,,,,,,1.0,0.2,0.43333333333333335
PHASE1-FAMILY-CAPACITY,PHASE1-FAMILY-CAPACITY-complete-fef9a5cb6b20,7f6704503fc958cc4231c3b226146657812efef73e78b9cfc6ddde9ed2d48b3a,SVM-H,405d3f89ec540b5d9527e4410c3337cad0e3f8b2cd09be2fa431cfc7a19bc06a,rbf_svm,high,1.0,strong,0.0,"{""C"":0.3,""cache_size"":1000,""calibration_cv"":3,""gamma"":1.0}",0.5,5,success,,,0.765154300024733,0,,0.9175,0.9174267426742675,0.9725422542254226,0.06138651505904573,0.20886307159451983,kernel_effective_rank,145.0491137292223,12372.0,,145.0491137292223,0.4124,,,,,,,1.0,1.0,0.7333333333333333
PHASE1-FAMILY-CAPACITY,PHASE1-FAMILY-CAPACITY-complete-fef9a5cb6b20,4a977828857bfdfbc0a527b0537d3c16a3d9ed787192aa602fb2812476d81ac3,RF-L,c0f016366401e1557f071472bcb386b5eb2aff8542b2c2766d492e6f207fd133,random_forest,low,0.0,weak,1.0,"{""max_depth"":4,""max_features"":""sqrt"",""min_samples_leaf"":1,""n_estimators"":200,""n_jobs"":-1}",0.5,5,success,,,0.2671915999962948,0,,0.8895,0.8894039403940395,0.9604940494049404,0.09438860265174208,0.32723828184910225,tree_total_leaves,3199.0,6198.0,,,,3199.0,4.0,,,,,1.0,,0.18333333333333332
PHASE1-FAMILY-CAPACITY,PHASE1-FAMILY-CAPACITY-complete-fef9a5cb6b20,f43d162e6bb620927a769917eada3107b74af9be4ef4b9720b172ddb7375d5d6,RF-M,5a017704fedc5eeaa5bfa51b469c2790db92ae9033f8403d454222bd9ca5b60a,random_forest,medium,0.5,strong,0.0,"{""max_depth"":10,""max_features"":""sqrt"",""min_samples_leaf"":10,""n_estimators"":250,""n_jobs"":-1}",0.5,5,success,,,0.44440039998153225,0,,0.914,0.9139413941394139,0.9761536153615361,0.06536529192609399,0.2206735026213957,tree_total_leaves,33314.0,66378.0,,,,33314.0,10.0,,,,,1.0,,0.6666666666666666
PHASE1-FAMILY-CAPACITY,PHASE1-FAMILY-CAPACITY-complete-fef9a5cb6b20,1df8f02012852f44a468c248afb8a369fdbe07399db9008018e23cb552214b28,RF-H,7ff7f8153ba561892eb3cfceb961e6a4c2bf8946870c60775c3bfce39fbaf2f9,random_forest,high,1.0,medium,0.5,"{""max_depth"":null,""max_features"":""sqrt"",""min_samples_leaf"":2,""n_estimators"":300,""n_jobs"":-1}",0.5,5,success,,,0.48440459999255836,0,,0.9155,0.9154765476547655,0.9764726472647265,0.06219806581198966,0.20654564690840915,tree_total_leaves,92627.0,184954.0,,,,92627.0,15.316666666666666,,,,,1.0,,0.9666666666666667
PHASE1-FAMILY-CAPACITY,PHASE1-FAMILY-CAPACITY-complete-fef9a5cb6b20,e3fd4667d384f94590936aa1715ec7c7506a307e4d48061d111580f64951dd68,HGB-L,67769b8c901577287f7c69e46ea16a110fbcab250556e6c9ee68848fdafe1020,gradient_boosting,low,0.0,strong,0.0,"{""early_stopping"":false,""l2_regularization"":1.0,""learning_rate"":0.08,""max_iter"":100,""max_leaf_nodes"":7}",0.5,5,success,,,0.3196650000172667,0,,0.9185,0.9184668466846685,0.9790194019401941,0.05889863504694679,0.19451341176423503,boosting_total_leaves,700.0,1300.0,,,,,,700.0,100.0,,100.0,1.0,,0.18333333333333332
PHASE1-FAMILY-CAPACITY,PHASE1-FAMILY-CAPACITY-complete-fef9a5cb6b20,03849ab4f16125697d2f0417c6901e90704e9d40d9e624d0dbec0a84be9f3299,HGB-M,2d985fd608b45e3358b349990cabdc1f6ba1762a96e3f4ecf6a7596687075e1f,gradient_boosting,medium,0.5,weak,1.0,"{""early_stopping"":false,""l2_regularization"":0.01,""learning_rate"":0.08,""max_iter"":200,""max_leaf_nodes"":31}",0.5,5,success,,,1.1664242999977432,0,,0.9075,0.9074557455745575,0.9756685668566857,0.06735011693912789,0.22133017605469993,boosting_total_leaves,6200.0,12200.0,,,,,,6200.0,200.0,,200.0,1.0,,0.5166666666666667
PHASE1-FAMILY-CAPACITY,PHASE1-FAMILY-CAPACITY-complete-fef9a5cb6b20,eb0fb484406f6b45cb02576ba48fddcecdc3281a1e381628cd96e7a42ecd0091,HGB-H,e48f60055c364417c78405d739a17860d6e752f2fc096ea1f14f2b30f76dde1e,gradient_boosting,high,1.0,medium,0.5,"{""early_stopping"":false,""l2_regularization"":0.1,""learning_rate"":0.05,""max_iter"":300,""max_leaf_nodes"":63}",0.5,5,success,,,2.582767200015951,0,,0.9085,0.9085258525852585,0.9758555855585559,0.07009017438565325,0.249966418302946,boosting_total_leaves,18900.0,37500.0,,,,,,18900.0,300.0,,300.0,1.0,,0.85
PHASE1-FAMILY-CAPACITY,PHASE1-FAMILY-CAPACITY-complete-fef9a5cb6b20,5f63b219401b1c3c799b7f75c24ec572506ca801e66b18667c7cae6ce085c4cf,MLP-L,cf054be6f8198498238d75783b4261fc719b2300545c3ec57821015192487ce8,mlp,low,0.0,weak,1.0,"{""alpha"":0.0001,""early_stopping"":true,""hidden_layer_sizes"":[16],""learning_rate_init"":0.001,""max_iter"":250}",0.5,5,success,,,0.203447200008668,0,,0.924,0.923972397239724,0.9826602660266026,0.053168105413383834,0.17852964063027588,mlp_parameter_count,113.0,113.0,,,,,,,,113.0,39.0,1.0,,0.18333333333333332
PHASE1-FAMILY-CAPACITY,PHASE1-FAMILY-CAPACITY-complete-fef9a5cb6b20,0a53b54580152430a8504056d123d0b2d52987390f16646270b3e5ea7450d024,MLP-M,22caf9c6783beb7ef5313eeda008a6c74091af4d4ec3b2f9a80c796f31fc80c5,mlp,medium,0.5,medium,0.5,"{""alpha"":0.001,""early_stopping"":true,""hidden_layer_sizes"":[64,64],""learning_rate_init"":0.001,""max_iter"":300}",0.5,5,success,,,0.22378030000254512,0,,0.9245,0.9244974497449745,0.9827532753275328,0.05299779273397554,0.17981447700324718,mlp_parameter_count,4609.0,4609.0,,,,,,,,4609.0,15.0,1.0,,0.5166666666666667
PHASE1-FAMILY-CAPACITY,PHASE1-FAMILY-CAPACITY-complete-fef9a5cb6b20,542f8ff4eb5db69f1d01fc6c41e67b231989b733dd608d4e5c73bc538df5ce49,MLP-H,5d197816eeb622fc60ae6d2ceb820addf08e9a7cafa95fd016fcc47c1733d867,mlp,high,1.0,strong,0.0,"{""alpha"":0.01,""early_stopping"":true,""hidden_layer_sizes"":[128,128,64],""learning_rate_init"":0.001,""max_iter"":350}",0.5,5,success,,,0.8680935999727808,0,,0.925,0.924962496249625,0.9830273027302731,0.05193475414919457,0.16788324728860915,mlp_parameter_count,25601.0,25601.0,,,,,,,,25601.0,18.0,1.0,,0.85
PHASE1-FAMILY-CAPACITY,PHASE1-FAMILY-CAPACITY-complete-fef9a5cb6b20,3b3c07945dad9ba2a4b70b779632c53c7b4362fa69cce082da2bf8b12fa9c93e,LR-L,1d2a1642b5cc9ffeec4e67e117c0a2ab4fd6a563b127af2c2fb9c9262e90d737,logistic_regression,low,0.0,strong,0.0,"{""C"":0.03,""max_iter"":1500,""solver"":""lbfgs""}",0.5,6,success,,,0.009127400000579655,0,,0.9285,0.928472855565689,0.9835017360277765,0.05437314056260558,0.18720834861613572,effective_degrees_of_freedom,4.389428557093835,6.0,4.389428557093835,,,,,,,,8.0,1.0,,0.1
PHASE1-FAMILY-CAPACITY,PHASE1-FAMILY-CAPACITY-complete-fef9a5cb6b20,540359df154a486d0f2676587bac3ed10352ba86b2bf84c7da9289d270549c46,LR-M,2f0277ba6749dc50e77a697ebcae33e3932a27b63e857544fc1ec7f72f723bce,logistic_regression,medium,0.5,medium,0.5,"{""C"":1.0,""max_iter"":1500,""solver"":""lbfgs""}",0.5,6,success,,,0.010324699978809804,0,,0.9305,0.930480887694203,0.9842017472279556,0.050707827463897556,0.16169544634670108,effective_degrees_of_freedom,4.935646614594543,6.0,4.935646614594543,,,,,,,,11.0,1.0,,0.4666666666666667
PHASE1-FAMILY-CAPACITY,PHASE1-FAMILY-CAPACITY-complete-fef9a5cb6b20,c778e70504c3e3c5c16d50ab705d5eecd5a4e0085ac863592a9c8f318df83b7e,LR-H,7b1c2ec5fbbfbbdee64cc420019e5c8a9abaac2c5fc3f68515c1e2c1fa714d43,logistic_regression,high,1.0,weak,1.0,"{""C"":30.0,""max_iter"":1500,""solver"":""lbfgs""}",0.5,6,success,,,0.009907900006510317,0,,0.9295,0.9294808716939471,0.9842257476119618,0.05080288438822583,0.16154867230219205,effective_degrees_of_freedom,4.997510851093178,6.0,4.997510851093178,,,,,,,,11.0,1.0,,0.8
PHASE1-FAMILY-CAPACITY,PHASE1-FAMILY-CAPACITY-complete-fef9a5cb6b20,f0ca3f75896b8d4ee56af4f754a0dbad0ab7d875858b90e9db3165620f09bb47,SVM-L,3fbd371b0e2cef95735dd4da149551608834096e78275a14901c17ac75cb096e,rbf_svm,low,0.0,medium,0.5,"{""C"":1.0,""cache_size"":1000,""calibration_cv"":3,""gamma"":0.05}",0.5,6,success,,,0.38301379996119067,0,,0.929,0.9289668634698155,0.9838217411478584,0.05166163196192065,0.16474191233885632,kernel_effective_rank,2.3708610857856556,6006.0,,2.3708610857856556,0.2002,,,,,,,1.0,0.05,0.3
PHASE1-FAMILY-CAPACITY,PHASE1-FAMILY-CAPACITY-complete-fef9a5cb6b20,9e44c1b29734ff2307719c6fb5b6d990386e13e43d9e5fa57549e9340594668f,SVM-M,9db1d2bf313ca7ba2163130db40ea44518e99de2cc5a6c1b05d6c5c600e866d4,rbf_svm,medium,0.5,weak,1.0,"{""C"":10.0,""cache_size"":1000,""calibration_cv"":3,""gamma"":""scale""}",0.5,6,success,,,0.37245920003624633,0,,0.9265,0.9264568233091729,0.9815727051632825,0.05407116521318989,0.17708859339295213,kernel_effective_rank,11.399976155705563,5346.0,,11.399976155705563,0.1782,,,,,,,1.0,0.2,0.6666666666666666
PHASE1-FAMILY-CAPACITY,PHASE1-FAMILY-CAPACITY-complete-fef9a5cb6b20,8b32c1afd42e634a9427f759643310e5dd6992216363ce90e08d111db7c415a4,SVM-H,405d3f89ec540b5d9527e4410c3337cad0e3f8b2cd09be2fa431cfc7a19bc06a,rbf_svm,high,1.0,strong,0.0,"{""C"":0.3,""cache_size"":1000,""calibration_cv"":3,""gamma"":1.0}",0.5,6,success,,,0.7722459000069648,0,,0.925,0.9249787996607945,0.9693815101041616,0.05945379492452992,0.21351302942368552,kernel_effective_rank,177.89088349913573,12030.0,,177.89088349913573,0.401,,,,,,,1.0,1.0,1.0
PHASE1-FAMILY-CAPACITY,PHASE1-FAMILY-CAPACITY-complete-fef9a5cb6b20,36176a9ab8bc8391af6c29004852a2daf8b059da6830e92c3cf019e9c1e56006,RF-L,c0f016366401e1557f071472bcb386b5eb2aff8542b2c2766d492e6f207fd133,random_forest,low,0.0,weak,1.0,"{""max_depth"":4,""max_features"":""sqrt"",""min_samples_leaf"":1,""n_estimators"":200,""n_jobs"":-1}",0.5,6,success,,,0.2881712000234984,0,,0.901,0.9009784156546505,0.9651314421030736,0.09084393353164137,0.3191191646995185,tree_total_leaves,3199.0,6198.0,,,,3199.0,4.0,,,,,1.0,,0.18333333333333332
PHASE1-FAMILY-CAPACITY,PHASE1-FAMILY-CAPACITY-complete-fef9a5cb6b20,cf02b626769664af22835c810c1f73843a85e226ada776e98a8432037245e580,RF-M,5a017704fedc5eeaa5bfa51b469c2790db92ae9033f8403d454222bd9ca5b60a,random_forest,medium,0.5,strong,0.0,"{""max_depth"":10,""max_features"":""sqrt"",""min_samples_leaf"":10,""n_estimators"":250,""n_jobs"":-1}",0.5,6,success,,,0.43251820001751184,0,,0.92,0.9199347189555033,0.9765156242499881,0.06339580168876882,0.2158629733022965,tree_total_leaves,32436.0,64622.0,,,,32436.0,9.996,,,,,1.0,,0.5333333333333333
PHASE1-FAMILY-CAPACITY,PHASE1-FAMILY-CAPACITY-complete-fef9a5cb6b20,7e5a537bb4377565518d10413f2758055d74a34602c137680e13782ce67cbb5b,RF-H,7ff7f8153ba561892eb3cfceb961e6a4c2bf8946870c60775c3bfce39fbaf2f9,random_forest,high,1.0,medium,0.5,"{""max_depth"":null,""max_features"":""sqrt"",""min_samples_leaf"":2,""n_estimators"":300,""n_jobs"":-1}",0.5,6,success,,,0.46892199997091666,0,,0.92,0.9199627194035105,0.9775271404342469,0.059199365468890076,0.19989507278376453,tree_total_leaves,91596.0,182892.0,,,,91596.0,15.226666666666667,,,,,1.0,,0.9
PHASE1-FAMILY-CAPACITY,PHASE1-FAMILY-CAPACITY-complete-fef9a5cb6b20,ab6f799cdc75c4fd5d2036abf423e8c9026c04c55de3c4cf3230afed96e13346,HGB-L,67769b8c901577287f7c69e46ea16a110fbcab250556e6c9ee68848fdafe1020,gradient_boosting,low,0.0,strong,0.0,"{""early_stopping"":false,""l2_regularization"":1.0,""learning_rate"":0.08,""max_iter"":100,""max_leaf_nodes"":7}",0.5,6,success,,,0.4454159999731928,0,,0.9215,0.9214487431798908,0.9791496663946622,0.05761613435855723,0.19172743909771386,boosting_total_leaves,700.0,1300.0,,,,,,700.0,100.0,,100.0,1.0,,0.18333333333333332
PHASE1-FAMILY-CAPACITY,PHASE1-FAMILY-CAPACITY-complete-fef9a5cb6b20,121e801e086d601704f10b4a2a0de18fb62a7c9dfa9fefd472d684bb383c4789,HGB-M,2d985fd608b45e3358b349990cabdc1f6ba1762a96e3f4ecf6a7596687075e1f,gradient_boosting,medium,0.5,weak,1.0,"{""early_stopping"":false,""l2_regularization"":0.01,""learning_rate"":0.08,""max_iter"":200,""max_leaf_nodes"":31}",0.5,6,success,,,1.4583671999862418,0,,0.9225,0.9224927598841581,0.9777686442983088,0.061290672218006,0.21067085348817832,boosting_total_leaves,6200.0,12200.0,,,,,,6200.0,200.0,,200.0,1.0,,0.5166666666666667
PHASE1-FAMILY-CAPACITY,PHASE1-FAMILY-CAPACITY-complete-fef9a5cb6b20,c89149973b6007be1cde2e221370b51bf2889d72169b76775fc4a203c9b51acf,HGB-H,e48f60055c364417c78405d739a17860d6e752f2fc096ea1f14f2b30f76dde1e,gradient_boosting,high,1.0,medium,0.5,"{""early_stopping"":false,""l2_regularization"":0.1,""learning_rate"":0.05,""max_iter"":300,""max_leaf_nodes"":63}",0.5,6,success,,,2.7581509000156075,0,,0.921,0.9209987359797757,0.9768746299940799,0.0642953987055549,0.24828101959966362,boosting_total_leaves,18900.0,37500.0,,,,,,18900.0,300.0,,300.0,1.0,,0.85
PHASE1-FAMILY-CAPACITY,PHASE1-FAMILY-CAPACITY-complete-fef9a5cb6b20,ea6947d8b6e619ffcf28adeb1046aea58a5a96350032ba9d7db5d9531cb82cc9,MLP-L,cf054be6f8198498238d75783b4261fc719b2300545c3ec57821015192487ce8,mlp,low,0.0,weak,1.0,"{""alpha"":0.0001,""early_stopping"":true,""hidden_layer_sizes"":[16],""learning_rate_init"":0.001,""max_iter"":250}",0.5,6,success,,,0.13773210003273562,0,,0.9145,0.9144486311780988,0.9777526440423047,0.06590175028649953,0.23067819122570032,mlp_parameter_count,113.0,113.0,,,,,,,,113.0,26.0,1.0,,0.18333333333333332
PHASE1-FAMILY-CAPACITY,PHASE1-FAMILY-CAPACITY-complete-fef9a5cb6b20,1ceef91bbcbecda2345ca8138012cd5eb0e5801e38f35c7dd3d11ebdf39c7659,MLP-M,22caf9c6783beb7ef5313eeda008a6c74091af4d4ec3b2f9a80c796f31fc80c5,mlp,medium,0.5,medium,0.5,"{""alpha"":0.001,""early_stopping"":true,""hidden_layer_sizes"":[64,64],""learning_rate_init"":0.001,""max_iter"":300}",0.5,6,success,,,0.36001770000439137,0,,0.9325,0.9324449191187059,0.984113745819933,0.05164568324374553,0.16429485307382916,mlp_parameter_count,4609.0,4609.0,,,,,,,,4609.0,25.0,1.0,,0.5166666666666667
PHASE1-FAMILY-CAPACITY,PHASE1-FAMILY-CAPACITY-complete-fef9a5cb6b20,df531c695820fab3ce7829b60604e8e255994bb46cbaa630714001964666607e,MLP-H,5d197816eeb622fc60ae6d2ceb820addf08e9a7cafa95fd016fcc47c1733d867,mlp,high,1.0,strong,0.0,"{""alpha"":0.01,""early_stopping"":true,""hidden_layer_sizes"":[128,128,64],""learning_rate_init"":0.001,""max_iter"":350}",0.5,6,success,,,1.2525341999717057,0,,0.9265,0.9264968239491831,0.9837367397878366,0.05159986079821764,0.16488800128609568,mlp_parameter_count,25601.0,25601.0,,,,,,,,25601.0,23.0,1.0,,0.85
PHASE1-FAMILY-CAPACITY,PHASE1-FAMILY-CAPACITY-complete-fef9a5cb6b20,9ecd2750a4b06e736cfa398a0dad3cba043d094ebc886d248f1045a58612c72d,LR-L,1d2a1642b5cc9ffeec4e67e117c0a2ab4fd6a563b127af2c2fb9c9262e90d737,logistic_regression,low,0.0,strong,0.0,"{""C"":0.03,""max_iter"":1500,""solver"":""lbfgs""}",0.5,7,success,,,0.006884699978400022,0,,0.932,0.9320262117744955,0.982726512617817,0.05449158787251083,0.18657510522938675,effective_degrees_of_freedom,4.394814253747233,6.0,4.394814253747233,,,,,,,,8.0,1.0,,0.26666666666666666
PHASE1-FAMILY-CAPACITY,PHASE1-FAMILY-CAPACITY-complete-fef9a5cb6b20,f2c4b90511333d03907c9f4141158520cd541e734a4727ce1cb8964ce422736a,LR-M,2f0277ba6749dc50e77a697ebcae33e3932a27b63e857544fc1ec7f72f723bce,logistic_regression,medium,0.5,medium,0.5,"{""C"":1.0,""max_iter"":1500,""solver"":""lbfgs""}",0.5,7,success,,,0.008476100047118962,0,,0.9305,0.9305680017922581,0.9833966091117121,0.051284200029679025,0.16594303335461616,effective_degrees_of_freedom,4.934783269625021,6.0,4.934783269625021,,,,,,,,11.0,1.0,,0.4
PHASE1-FAMILY-CAPACITY,PHASE1-FAMILY-CAPACITY-complete-fef9a5cb6b20,71b6feff196c70e794ddfaeadb92e5d55cb0421f0872d1f677226a3240911b2d,LR-H,7b1c2ec5fbbfbbdee64cc420019e5c8a9abaac2c5fc3f68515c1e2c1fa714d43,logistic_regression,high,1.0,weak,1.0,"{""C"":30.0,""max_iter"":1500,""solver"":""lbfgs""}",0.5,7,success,,,0.010956899961456656,0,,0.9305,0.9305680017922581,0.9834126114160439,0.051389121698665476,0.1663168341887598,effective_degrees_of_freedom,4.997463950958403,6.0,4.997463950958403,,,,,,,,11.0,1.0,,0.7333333333333333
PHASE1-FAMILY-CAPACITY,PHASE1-FAMILY-CAPACITY-complete-fef9a5cb6b20,8c9fdc7be3070a37946e52e03b28742d672ff8e1367fe12d97ca09dc5a11f171,SVM-L,3fbd371b0e2cef95735dd4da149551608834096e78275a14901c17ac75cb096e,rbf_svm,low,0.0,medium,0.5,"{""C"":1.0,""cache_size"":1000,""calibration_cv"":3,""gamma"":0.05}",0.5,7,success,,,0.507526199973654,0,,0.931,0.9310620729385031,0.9830345569762046,0.05171848323313725,0.16891959624011454,kernel_effective_rank,2.37434099851678,5982.0,,2.37434099851678,0.1994,,,,,,,1.0,0.05,0.3333333333333333
PHASE1-FAMILY-CAPACITY,PHASE1-FAMILY-CAPACITY-complete-fef9a5cb6b20,2118394ccf9cdafc8bf5f47d6648b13d3a24d3bbed9a6d5e6ffc08b1e9806031,SVM-M,9db1d2bf313ca7ba2163130db40ea44518e99de2cc5a6c1b05d6c5c600e866d4,rbf_svm,medium,0.5,weak,1.0,"{""C"":10.0,""cache_size"":1000,""calibration_cv"":3,""gamma"":""scale""}",0.5,7,success,,,0.40770620002876967,0,,0.9285,0.9286037189355267,0.9805371973564193,0.0535996194854627,0.1798271662522805,kernel_effective_rank,11.327160836371556,5262.0,,11.327160836371556,0.1754,,,,,,,1.0,0.20000000000000004,0.6333333333333333
PHASE1-FAMILY-CAPACITY,PHASE1-FAMILY-CAPACITY-complete-fef9a5cb6b20,a816f370cd7e9c2f397d8d245180bf37559223677a2a8a1129047180757922d7,SVM-H,405d3f89ec540b5d9527e4410c3337cad0e3f8b2cd09be2fa431cfc7a19bc06a,rbf_svm,high,1.0,strong,0.0,"{""C"":0.3,""cache_size"":1000,""calibration_cv"":3,""gamma"":1.0}",0.5,7,success,,,0.7833982000011019,0,,0.92,0.9200724904386233,0.9710948376566225,0.05933846197160764,0.2116397893265408,kernel_effective_rank,171.7227238129127,12078.0,,171.7227238129127,0.4026,,,,,,,1.0,1.0,0.9333333333333333
PHASE1-FAMILY-CAPACITY,PHASE1-FAMILY-CAPACITY-complete-fef9a5cb6b20,069a1282b25ff7a2e93dce4c2d263ac727dd271f8b6466d5102d5bc1a56a08cd,RF-L,c0f016366401e1557f071472bcb386b5eb2aff8542b2c2766d492e6f207fd133,random_forest,low,0.0,weak,1.0,"{""max_depth"":4,""max_features"":""sqrt"",""min_samples_leaf"":1,""n_estimators"":200,""n_jobs"":-1}",0.5,7,success,,,0.2831896999850869,0,,0.8975,0.8975752508361203,0.9655240354611064,0.09032182616285113,0.31710351475524984,tree_total_leaves,3200.0,6200.0,,,,3200.0,4.0,,,,,1.0,,0.31666666666666665
PHASE1-FAMILY-CAPACITY,PHASE1-FAMILY-CAPACITY-complete-fef9a5cb6b20,e313a39f5ff58cee0a43aac8b679598b4525d1fcae4a8b22a9f5f24a3e73fdcf,RF-M,5a017704fedc5eeaa5bfa51b469c2790db92ae9033f8403d454222bd9ca5b60a,random_forest,medium,0.5,strong,0.0,"{""max_depth"":10,""max_features"":""sqrt"",""min_samples_leaf"":10,""n_estimators"":250,""n_jobs"":-1}",0.5,7,success,,,0.5382358999922872,0,,0.915,0.9151317789761726,0.9763585956377718,0.06355266261156133,0.21609226179569208,tree_total_leaves,32039.0,63828.0,,,,32039.0,10.0,,,,,1.0,,0.36666666666666664
PHASE1-FAMILY-CAPACITY,PHASE1-FAMILY-CAPACITY-complete-fef9a5cb6b20,4c3e43cccf8b951bb859927217850a85db6ffbc420af8abda11ef961860bc0d8,RF-H,7ff7f8153ba561892eb3cfceb961e6a4c2bf8946870c60775c3bfce39fbaf2f9,random_forest,high,1.0,medium,0.5,"{""max_depth"":null,""max_features"":""sqrt"",""min_samples_leaf"":2,""n_estimators"":300,""n_jobs"":-1}",0.5,7,success,,,0.7167815000284463,0,,0.918,0.9180962058536429,0.9768606679361829,0.05965929392615252,0.20194098928656345,tree_total_leaves,88752.0,177204.0,,,,88752.0,14.776666666666667,,,,,1.0,,0.7
PHASE1-FAMILY-CAPACITY,PHASE1-FAMILY-CAPACITY-complete-fef9a5cb6b20,96b5db53d6016db8e7c149b78dbcf43b14d7a7f569c613e7f450124d94b7605c,HGB-L,67769b8c901577287f7c69e46ea16a110fbcab250556e6c9ee68848fdafe1020,gradient_boosting,low,0.0,strong,0.0,"{""early_stopping"":false,""l2_regularization"":1.0,""learning_rate"":0.08,""max_iter"":100,""max_leaf_nodes"":7}",0.5,7,success,,,0.2670287999790162,0,,0.9185,0.9185902769998879,0.979473044118353,0.05722129578535495,0.19112671444097204,boosting_total_leaves,700.0,1300.0,,,,,,700.0,100.0,,100.0,1.0,,0.18333333333333332
PHASE1-FAMILY-CAPACITY,PHASE1-FAMILY-CAPACITY-complete-fef9a5cb6b20,fec9b36bc3d347d8edef6e2e29bce555c71e79dcd88763012124324b7eab4743,HGB-M,2d985fd608b45e3358b349990cabdc1f6ba1762a96e3f4ecf6a7596687075e1f,gradient_boosting,medium,0.5,weak,1.0,"{""early_stopping"":false,""l2_regularization"":0.01,""learning_rate"":0.08,""max_iter"":200,""max_leaf_nodes"":31}",0.5,7,success,,,1.624928799981717,0,,0.9205,0.9205425581283705,0.977955825638892,0.05993013061386416,0.2098969163281694,boosting_total_leaves,6200.0,12200.0,,,,,,6200.0,200.0,,200.0,1.0,,0.5166666666666667
PHASE1-FAMILY-CAPACITY,PHASE1-FAMILY-CAPACITY-complete-fef9a5cb6b20,7f23171f4d92983483799f9f5b05f001b1b4136354138d47a288cdb0b06b1641,HGB-H,e48f60055c364417c78405d739a17860d6e752f2fc096ea1f14f2b30f76dde1e,gradient_boosting,high,1.0,medium,0.5,"{""early_stopping"":false,""l2_regularization"":0.1,""learning_rate"":0.05,""max_iter"":300,""max_leaf_nodes"":63}",0.5,7,success,,,3.316343799990136,0,,0.9215,0.9215186986926118,0.978269870861404,0.06145281067162637,0.23678917970451782,boosting_total_leaves,18900.0,37500.0,,,,,,18900.0,300.0,,300.0,1.0,,0.85
PHASE1-FAMILY-CAPACITY,PHASE1-FAMILY-CAPACITY-complete-fef9a5cb6b20,dd5ae6eb6ada33138a6d083403ac4b0682d61a96acf4ce819ef4ba1c34d82ddb,MLP-L,cf054be6f8198498238d75783b4261fc719b2300545c3ec57821015192487ce8,mlp,low,0.0,weak,1.0,"{""alpha"":0.0001,""early_stopping"":true,""hidden_layer_sizes"":[16],""learning_rate_init"":0.001,""max_iter"":250}",0.5,7,success,,,0.23611120000714436,0,,0.933,0.9330383575234833,0.9822944504008576,0.052217354111234925,0.1727850945370275,mlp_parameter_count,113.0,113.0,,,,,,,,113.0,44.0,1.0,,0.18333333333333332
PHASE1-FAMILY-CAPACITY,PHASE1-FAMILY-CAPACITY-complete-fef9a5cb6b20,8dc9e038f041a550eef1ae01c65b836e9d3eae39819bba5391d80522acf3a6cb,MLP-M,22caf9c6783beb7ef5313eeda008a6c74091af4d4ec3b2f9a80c796f31fc80c5,mlp,medium,0.5,medium,0.5,"{""alpha"":0.001,""early_stopping"":true,""hidden_layer_sizes"":[64,64],""learning_rate_init"":0.001,""max_iter"":300}",0.5,7,success,,,0.26859769999282435,0,,0.9325,0.9324842777359941,0.9828125250036005,0.05121347628073801,0.17049650087779428,mlp_parameter_count,4609.0,4609.0,,,,,,,,4609.0,16.0,1.0,,0.5166666666666667
PHASE1-FAMILY-CAPACITY,PHASE1-FAMILY-CAPACITY-complete-fef9a5cb6b20,55e37114995af860121e2d515c3c928941d1eca00a6abe14722f3e5388893a4a,MLP-H,5d197816eeb622fc60ae6d2ceb820addf08e9a7cafa95fd016fcc47c1733d867,mlp,high,1.0,strong,0.0,"{""alpha"":0.01,""early_stopping"":true,""hidden_layer_sizes"":[128,128,64],""learning_rate_init"":0.001,""max_iter"":350}",0.5,7,success,,,0.9381979999598116,0,,0.9265,0.926771455089533,0.9830965659054903,0.05418688175122797,0.17592793222758557,mlp_parameter_count,25601.0,25601.0,,,,,,,,25601.0,16.0,1.0,,0.85
PHASE1-FAMILY-CAPACITY,PHASE1-FAMILY-CAPACITY-complete-fef9a5cb6b20,9856e3021b9001e5e2684d2aa53efae75971eed2bafc8a31f71a63f9ef6729ac,LR-L,1d2a1642b5cc9ffeec4e67e117c0a2ab4fd6a563b127af2c2fb9c9262e90d737,logistic_regression,low,0.0,strong,0.0,"{""C"":0.03,""max_iter"":1500,""solver"":""lbfgs""}",0.5,8,success,,,0.011597699951380491,0,,0.9215,0.9214669738863288,0.9798757120455709,0.05945266195686437,0.2008994013617895,effective_degrees_of_freedom,4.398464797081019,6.0,4.398464797081019,,,,,,,,8.0,1.0,,0.3
PHASE1-FAMILY-CAPACITY,PHASE1-FAMILY-CAPACITY-complete-fef9a5cb6b20,23a41b62d3fe7e63df5327dc06329aa89d4d1c98e975e22962b82377f308da95,LR-M,2f0277ba6749dc50e77a697ebcae33e3932a27b63e857544fc1ec7f72f723bce,logistic_regression,medium,0.5,medium,0.5,"{""C"":1.0,""max_iter"":1500,""solver"":""lbfgs""}",0.5,8,success,,,0.009275799966417253,0,,0.9205,0.9204589093701997,0.9807507680491552,0.05574992045411729,0.17787010808639428,effective_degrees_of_freedom,4.938480139635304,6.0,4.938480139635304,,,,,,,,10.0,1.0,,0.6
PHASE1-FAMILY-CAPACITY,PHASE1-FAMILY-CAPACITY-complete-fef9a5cb6b20,997e8036432c57704a58fe2664e8c77f751c8ef7773a996dc9c2fa545bde091e,LR-H,7b1c2ec5fbbfbbdee64cc420019e5c8a9abaac2c5fc3f68515c1e2c1fa714d43,logistic_regression,high,1.0,weak,1.0,"{""C"":30.0,""max_iter"":1500,""solver"":""lbfgs""}",0.5,8,success,,,0.009585299994796515,0,,0.9205,0.9204589093701997,0.9807777697772658,0.055829011453172345,0.17798333691420495,effective_degrees_of_freedom,4.997639771613689,6.0,4.997639771613689,,,,,,,,11.0,1.0,,0.9333333333333333
PHASE1-FAMILY-CAPACITY,PHASE1-FAMILY-CAPACITY-complete-fef9a5cb6b20,b096f8d8744885f4295b1d56f161b1eef9d75da4f3dcd9933e1f78ab14321f72,SVM-L,3fbd371b0e2cef95735dd4da149551608834096e78275a14901c17ac75cb096e,rbf_svm,low,0.0,medium,0.5,"{""C"":1.0,""cache_size"":1000,""calibration_cv"":3,""gamma"":0.05}",0.5,8,success,,,0.45703340001637116,0,,0.9195,0.9194588453661034,0.9801747311827957,0.05671360650071262,0.1816757546639934,kernel_effective_rank,2.357820341781077,6186.0,,2.357820341781077,0.2062,,,,,,,1.0,0.05,0.26666666666666666
PHASE1-FAMILY-CAPACITY,PHASE1-FAMILY-CAPACITY-complete-fef9a5cb6b20,5771c4e64ca14da604fd8a25e8fb16fcfdd41b706b73c61e585e25139ce675a5,SVM-M,9db1d2bf313ca7ba2163130db40ea44518e99de2cc5a6c1b05d6c5c600e866d4,rbf_svm,medium,0.5,weak,1.0,"{""C"":10.0,""cache_size"":1000,""calibration_cv"":3,""gamma"":""scale""}",0.5,8,success,,,0.434708499989938,0,,0.912,0.9119943676395289,0.9755354342677932,0.06225598426682033,0.20215500535224254,kernel_effective_rank,11.050615329948627,5418.0,,11.050615329948627,0.1806,,,,,,,1.0,0.20000000000000004,0.6
PHASE1-FAMILY-CAPACITY,PHASE1-FAMILY-CAPACITY-complete-fef9a5cb6b20,a3b0a048a9e7f30cf77f4e1197d927783d6f9fc9a0645b7e6546cfe06edbe629,SVM-H,405d3f89ec540b5d9527e4410c3337cad0e3f8b2cd09be2fa431cfc7a19bc06a,rbf_svm,high,1.0,strong,0.0,"{""C"":0.3,""cache_size"":1000,""calibration_cv"":3,""gamma"":1.0}",0.5,8,success,,,0.9331754999584518,0,,0.914,0.9140024961597542,0.9656788034434203,0.06875973968341753,0.2366804595956611,kernel_effective_rank,172.69038992893732,12216.0,,172.69038992893732,0.4072,,,,,,,1.0,1.0,0.9666666666666667
PHASE1-FAMILY-CAPACITY,PHASE1-FAMILY-CAPACITY-complete-fef9a5cb6b20,29c6d201ac123520a1e238ba366c4ffd77a8ed5f15b6979770eea888988d53eb,RF-L,c0f016366401e1557f071472bcb386b5eb2aff8542b2c2766d492e6f207fd133,random_forest,low,0.0,weak,1.0,"{""max_depth"":4,""max_features"":""sqrt"",""min_samples_leaf"":1,""n_estimators"":200,""n_jobs"":-1}",0.5,8,success,,,0.3493272999767214,0,,0.8855,0.8854806707629288,0.9604744703661034,0.09486509856889111,0.3279867518403456,tree_total_leaves,3199.0,6198.0,,,,3199.0,4.0,,,,,1.0,,0.18333333333333332
PHASE1-FAMILY-CAPACITY,PHASE1-FAMILY-CAPACITY-complete-fef9a5cb6b20,d2274d986f04309ff61fb68530dbf10d587f70398674a5aa52fcb5adaa98e880,RF-M,5a017704fedc5eeaa5bfa51b469c2790db92ae9033f8403d454222bd9ca5b60a,random_forest,medium,0.5,strong,0.0,"{""max_depth"":10,""max_features"":""sqrt"",""min_samples_leaf"":10,""n_estimators"":250,""n_jobs"":-1}",0.5,8,success,,,0.6262741999817081,0,,0.906,0.9060179851510497,0.9720342101894521,0.06985486663752737,0.2326675131636457,tree_total_leaves,32170.0,64090.0,,,,32170.0,10.0,,,,,1.0,,0.4
PHASE1-FAMILY-CAPACITY,PHASE1-FAMILY-CAPACITY-complete-fef9a5cb6b20,4398e2dd8f0e4089ad0cd33f722ecc90992f283f1981e933762e1bf2ca45ec2d,RF-H,7ff7f8153ba561892eb3cfceb961e6a4c2bf8946870c60775c3bfce39fbaf2f9,random_forest,high,1.0,medium,0.5,"{""max_depth"":null,""max_features"":""sqrt"",""min_samples_leaf"":2,""n_estimators"":300,""n_jobs"":-1}",0.5,8,success,,,0.7502445999998599,0,,0.9055,0.9055299539170507,0.9718276969726063,0.06712106165204124,0.22098677421773819,tree_total_leaves,90782.0,181264.0,,,,90782.0,15.01,,,,,1.0,,0.8666666666666667
PHASE1-FAMILY-CAPACITY,PHASE1-FAMILY-CAPACITY-complete-fef9a5cb6b20,7d9989dc81b0d375d005c284f8f8863ccab8c6e8e33e40b3e0b051dde72ff4f2,HGB-L,67769b8c901577287f7c69e46ea16a110fbcab250556e6c9ee68848fdafe1020,gradient_boosting,low,0.0,strong,0.0,"{""early_stopping"":false,""l2_regularization"":1.0,""learning_rate"":0.08,""max_iter"":100,""max_leaf_nodes"":7}",0.5,8,success,,,0.21709789999295026,0,,0.9105,0.9105222734254992,0.9756784434203789,0.06290096220554575,0.20630055216422594,boosting_total_leaves,700.0,1300.0,,,,,,700.0,100.0,,100.0,1.0,,0.18333333333333332
PHASE1-FAMILY-CAPACITY,PHASE1-FAMILY-CAPACITY-complete-fef9a5cb6b20,3da3cfc1da22c58bee0a45de06cf88fcac12194349dd64241dc1245272e88622,HGB-M,2d985fd608b45e3358b349990cabdc1f6ba1762a96e3f4ecf6a7596687075e1f,gradient_boosting,medium,0.5,weak,1.0,"{""early_stopping"":false,""l2_regularization"":0.01,""learning_rate"":0.08,""max_iter"":200,""max_leaf_nodes"":31}",0.5,8,success,,,1.5341579000232741,0,,0.899,0.8990015360983103,0.9728802643369175,0.07084935169986117,0.23810024361192428,boosting_total_leaves,6200.0,12200.0,,,,,,6200.0,200.0,,200.0,1.0,,0.5166666666666667
PHASE1-FAMILY-CAPACITY,PHASE1-FAMILY-CAPACITY-complete-fef9a5cb6b20,b070d5e6a3cff29a63f9eea25fd601480658ab1c643c618c50d2e0e65d784af9,HGB-H,e48f60055c364417c78405d739a17860d6e752f2fc096ea1f14f2b30f76dde1e,gradient_boosting,high,1.0,medium,0.5,"{""early_stopping"":false,""l2_regularization"":0.1,""learning_rate"":0.05,""max_iter"":300,""max_leaf_nodes"":63}",0.5,8,success,,,3.6634860999765806,0,,0.9085,0.9084821428571428,0.9721532178059397,0.0738956708140646,0.2764543432363865,boosting_total_leaves,18900.0,37500.0,,,,,,18900.0,300.0,,300.0,1.0,,0.85
PHASE1-FAMILY-CAPACITY,PHASE1-FAMILY-CAPACITY-complete-fef9a5cb6b20,3b7b3b82f7e310e2683390dc34ffd2c165c38aba2133ba3925f592818b016f69,MLP-L,cf054be6f8198498238d75783b4261fc719b2300545c3ec57821015192487ce8,mlp,low,0.0,weak,1.0,"{""alpha"":0.0001,""early_stopping"":true,""hidden_layer_sizes"":[16],""learning_rate_init"":0.001,""max_iter"":250}",0.5,8,success,,,0.22524180001346394,0,,0.92,0.9199388760880697,0.9789936555939579,0.058395492173017746,0.1940248310546056,mlp_parameter_count,113.0,113.0,,,,,,,,113.0,37.0,1.0,,0.18333333333333332
PHASE1-FAMILY-CAPACITY,PHASE1-FAMILY-CAPACITY-complete-fef9a5cb6b20,81880e2141c97b5f063ca3d9013370a28bfade3a68b90f5360af38e9d624fab6,MLP-M,22caf9c6783beb7ef5313eeda008a6c74091af4d4ec3b2f9a80c796f31fc80c5,mlp,medium,0.5,medium,0.5,"{""alpha"":0.001,""early_stopping"":true,""hidden_layer_sizes"":[64,64],""learning_rate_init"":0.001,""max_iter"":300}",0.5,8,success,,,0.43348420003894717,0,,0.92,0.919922875064004,0.9803047395033282,0.05683180656292511,0.18160908670182313,mlp_parameter_count,4609.0,4609.0,,,,,,,,4609.0,26.0,1.0,,0.5166666666666667
PHASE1-FAMILY-CAPACITY,PHASE1-FAMILY-CAPACITY-complete-fef9a5cb6b20,a98aa8e619f0a3f0bb7e1bcc9081e59542a6b77b9d6dbe9cb12a412b9c2ee1ce,MLP-H,5d197816eeb622fc60ae6d2ceb820addf08e9a7cafa95fd016fcc47c1733d867,mlp,high,1.0,strong,0.0,"{""alpha"":0.01,""early_stopping"":true,""hidden_layer_sizes"":[128,128,64],""learning_rate_init"":0.001,""max_iter"":350}",0.5,8,success,,,1.1641072999918833,0,,0.921,0.9210669482846903,0.9804237471198157,0.05670166554261535,0.18277335601116734,mlp_parameter_count,25601.0,25601.0,,,,,,,,25601.0,16.0,1.0,,0.85
PHASE1-FAMILY-CAPACITY,PHASE1-FAMILY-CAPACITY-complete-fef9a5cb6b20,69ab2d68296f0684adad832dd5f5724f5fdfe0cdca06b5b9b34cfe71dda8ccca,LR-L,1d2a1642b5cc9ffeec4e67e117c0a2ab4fd6a563b127af2c2fb9c9262e90d737,logistic_regression,low,0.0,strong,0.0,"{""C"":0.03,""max_iter"":1500,""solver"":""lbfgs""}",0.5,9,success,,,0.008489000028930604,0,,0.9335,0.9334920156794303,0.9848729723968773,0.05235092517115095,0.18233348771629881,effective_degrees_of_freedom,4.389895817015772,6.0,4.389895817015772,,,,,,,,7.0,1.0,,0.13333333333333333
PHASE1-FAMILY-CAPACITY,PHASE1-FAMILY-CAPACITY-complete-fef9a5cb6b20,4fd3905abb201d416ad30434c209fad9e3fb078efed61ffc4eaf854d5f47cd8e,LR-M,2f0277ba6749dc50e77a697ebcae33e3932a27b63e857544fc1ec7f72f723bce,logistic_regression,medium,0.5,medium,0.5,"{""C"":1.0,""max_iter"":1500,""solver"":""lbfgs""}",0.5,9,success,,,0.008520200033672154,0,,0.933,0.9328970819727581,0.985628523193408,0.04751984847536954,0.15445698520711862,effective_degrees_of_freedom,4.936255590228585,6.0,4.936255590228585,,,,,,,,9.0,1.0,,0.5333333333333333
PHASE1-FAMILY-CAPACITY,PHASE1-FAMILY-CAPACITY-complete-fef9a5cb6b20,436233431ba2efc3355c763f1c8614c167aff9c226f423e202180e90fda84ad8,LR-H,7b1c2ec5fbbfbbdee64cc420019e5c8a9abaac2c5fc3f68515c1e2c1fa714d43,logistic_regression,high,1.0,weak,1.0,"{""C"":30.0,""max_iter"":1500,""solver"":""lbfgs""}",0.5,9,success,,,0.007917100039776415,0,,0.9325,0.9323832073581642,0.9856395312182582,0.047480224882696306,0.15393398412614404,effective_degrees_of_freedom,4.997547274210206,6.0,4.997547274210206,,,,,,,,9.0,1.0,,0.8666666666666667
PHASE1-FAMILY-CAPACITY,PHASE1-FAMILY-CAPACITY-complete-fef9a5cb6b20,40c0ef1b4da2fe452ebc41bda0b5317791acaf1d77e53980e2e42adca402bb70,SVM-L,3fbd371b0e2cef95735dd4da149551608834096e78275a14901c17ac75cb096e,rbf_svm,low,0.0,medium,0.5,"{""C"":1.0,""cache_size"":1000,""calibration_cv"":3,""gamma"":0.05}",0.5,9,success,,,0.44370010000420734,0,,0.9335,0.9334379762847116,0.9848679687492182,0.04880931111512933,0.15810902570328447,kernel_effective_rank,2.2290606288920687,6006.0,,2.2290606288920687,0.2002,,,,,,,1.0,0.05,0.06666666666666667
PHASE1-FAMILY-CAPACITY,PHASE1-FAMILY-CAPACITY-complete-fef9a5cb6b20,975b33284824d555ecd5023d7c15fd0f687ce605edcf643517782f2f48240844,SVM-M,9db1d2bf313ca7ba2163130db40ea44518e99de2cc5a6c1b05d6c5c600e866d4,rbf_svm,medium,0.5,weak,1.0,"{""C"":10.0,""cache_size"":1000,""calibration_cv"":3,""gamma"":""scale""}",0.5,9,success,,,0.4488316999631934,0,,0.929,0.9289211835428027,0.9817867225207175,0.051458043810243784,0.17197872679375414,kernel_effective_rank,9.889426133972746,5346.0,,9.889426133972746,0.1782,,,,,,,1.0,0.2,0.4666666666666667
PHASE1-FAMILY-CAPACITY,PHASE1-FAMILY-CAPACITY-complete-fef9a5cb6b20,1f2da4834fe251125a44ba0855a980e608132742f2fe2e23a6a9ee35552f5bfc,SVM-H,405d3f89ec540b5d9527e4410c3337cad0e3f8b2cd09be2fa431cfc7a19bc06a,rbf_svm,high,1.0,strong,0.0,"{""C"":0.3,""cache_size"":1000,""calibration_cv"":3,""gamma"":1.0}",0.5,9,success,,,0.9299259000108577,0,,0.9295,0.9295161172494748,0.974669534090352,0.056622923337975736,0.19992419667909705,kernel_effective_rank,151.7510775647397,12144.0,,151.7510775647397,0.4048,,,,,,,1.0,1.0,0.8333333333333334
PHASE1-FAMILY-CAPACITY,PHASE1-FAMILY-CAPACITY-complete-fef9a5cb6b20,a93caffbdbed4859dabcbc6496acecc19aea8c2ba8227306703eb57d435444e0,RF-L,c0f016366401e1557f071472bcb386b5eb2aff8542b2c2766d492e6f207fd133,random_forest,low,0.0,weak,1.0,"{""max_depth"":4,""max_features"":""sqrt"",""min_samples_leaf"":1,""n_estimators"":200,""n_jobs"":-1}",0.5,9,success,,,0.3313913000165485,0,,0.8955,0.8954642934699396,0.9671600596835095,0.08975338462499943,0.31544375986070927,tree_total_leaves,3197.0,6194.0,,,,3197.0,4.0,,,,,1.0,,0.03333333333333333
PHASE1-FAMILY-CAPACITY,PHASE1-FAMILY-CAPACITY-complete-fef9a5cb6b20,9b1f84b0c51cb4f4def7aa716de640bb7ee6db9cddea6726c687ebe7a2e744f8,RF-M,5a017704fedc5eeaa5bfa51b469c2790db92ae9033f8403d454222bd9ca5b60a,random_forest,medium,0.5,strong,0.0,"{""max_depth"":10,""max_features"":""sqrt"",""min_samples_leaf"":10,""n_estimators"":250,""n_jobs"":-1}",0.5,9,success,,,0.739352400007192,0,,0.9225,0.9223488923425177,0.9795560963942713,0.06027791722406181,0.2076231798001408,tree_total_leaves,32236.0,64222.0,,,,32236.0,9.992,,,,,1.0,,0.4666666666666667
PHASE1-FAMILY-CAPACITY,PHASE1-FAMILY-CAPACITY-complete-fef9a5cb6b20,669452afe2735985ca0dea58ecf82218938465f7bc40748fd14f354d40179c42,RF-H,7ff7f8153ba561892eb3cfceb961e6a4c2bf8946870c60775c3bfce39fbaf2f9,random_forest,high,1.0,medium,0.5,"{""max_depth"":null,""max_features"":""sqrt"",""min_samples_leaf"":2,""n_estimators"":300,""n_jobs"":-1}",0.5,9,success,,,0.7387333000078797,0,,0.9265,0.9264058498645513,0.9804032139429645,0.05581369642015638,0.1906073817993465,tree_total_leaves,89815.0,179330.0,,,,89815.0,14.75,,,,,1.0,,0.7666666666666667
PHASE1-FAMILY-CAPACITY,PHASE1-FAMILY-CAPACITY-complete-fef9a5cb6b20,d30277b14049ea6940edca07a4a5c45517cc9c3c3099746bb9e0484f98836fa7,HGB-L,67769b8c901577287f7c69e46ea16a110fbcab250556e6c9ee68848fdafe1020,gradient_boosting,low,0.0,strong,0.0,"{""early_stopping"":false,""l2_regularization"":1.0,""learning_rate"":0.08,""max_iter"":100,""max_leaf_nodes"":7}",0.5,9,success,,,0.21962180000264198,0,,0.9275,0.9274335990937393,0.982596312711967,0.05317603096310919,0.17927817817147007,boosting_total_leaves,700.0,1300.0,,,,,,700.0,100.0,,100.0,1.0,,0.18333333333333332
PHASE1-FAMILY-CAPACITY,PHASE1-FAMILY-CAPACITY-complete-fef9a5cb6b20,0a20c1b8a58a11c57343b9cf48fe03cdf94a144e135713d061f1eb7fff12a3a9,HGB-M,2d985fd608b45e3358b349990cabdc1f6ba1762a96e3f4ecf6a7596687075e1f,gradient_boosting,medium,0.5,weak,1.0,"{""early_stopping"":false,""l2_regularization"":0.01,""learning_rate"":0.08,""max_iter"":200,""max_leaf_nodes"":31}",0.5,9,success,,,1.9978523000027053,0,,0.9225,0.9221867741583615,0.9803927062828803,0.05756501745940107,0.19341626795717087,boosting_total_leaves,6200.0,12200.0,,,,,,6200.0,200.0,,200.0,1.0,,0.5166666666666667
PHASE1-FAMILY-CAPACITY,PHASE1-FAMILY-CAPACITY-complete-fef9a5cb6b20,d54b4348846f3586838f6a165727d455c69c93368799a9833d2621406c1412fc,HGB-H,e48f60055c364417c78405d739a17860d6e752f2fc096ea1f14f2b30f76dde1e,gradient_boosting,high,1.0,medium,0.5,"{""early_stopping"":false,""l2_regularization"":0.1,""learning_rate"":0.05,""max_iter"":300,""max_leaf_nodes"":63}",0.5,9,success,,,3.583265300025232,0,,0.919,0.9187787897377189,0.9800294414628263,0.05987788129293832,0.22128693028747973,boosting_total_leaves,18900.0,37500.0,,,,,,18900.0,300.0,,300.0,1.0,,0.85
PHASE1-FAMILY-CAPACITY,PHASE1-FAMILY-CAPACITY-complete-fef9a5cb6b20,a1240c11e3eac4c5ef1bd1f18e8da4c92d900b4f42f0ba72fecbb9691a68a976,MLP-L,cf054be6f8198498238d75783b4261fc719b2300545c3ec57821015192487ce8,mlp,low,0.0,weak,1.0,"{""alpha"":0.0001,""early_stopping"":true,""hidden_layer_sizes"":[16],""learning_rate_init"":0.001,""max_iter"":250}",0.5,9,success,,,0.23999959998764098,0,,0.935,0.9351146986152905,0.9836660925814921,0.05109210065331503,0.1729261758652398,mlp_parameter_count,113.0,113.0,,,,,,,,113.0,38.0,1.0,,0.18333333333333332
PHASE1-FAMILY-CAPACITY,PHASE1-FAMILY-CAPACITY-complete-fef9a5cb6b20,5708a6cf011a457e9db02bde492bafdb46385eb425cf38cf8ec0b90a03a33a2a,MLP-M,22caf9c6783beb7ef5313eeda008a6c74091af4d4ec3b2f9a80c796f31fc80c5,mlp,medium,0.5,medium,0.5,"{""alpha"":0.001,""early_stopping"":true,""hidden_layer_sizes"":[64,64],""learning_rate_init"":0.001,""max_iter"":300}",0.5,9,success,,,0.2801144999684766,0,,0.9315,0.9313824778263353,0.9845107083063553,0.049386101950238036,0.16330819622367698,mlp_parameter_count,4609.0,4609.0,,,,,,,,4609.0,16.0,1.0,,0.5166666666666667
PHASE1-FAMILY-CAPACITY,PHASE1-FAMILY-CAPACITY-complete-fef9a5cb6b20,6d3b94618aee39482ac149963b5c31977906b52c390e2a52dc6ff2135fbc495e,MLP-H,5d197816eeb622fc60ae6d2ceb820addf08e9a7cafa95fd016fcc47c1733d867,mlp,high,1.0,strong,0.0,"{""alpha"":0.01,""early_stopping"":true,""hidden_layer_sizes"":[128,128,64],""learning_rate_init"":0.001,""max_iter"":350}",0.5,9,success,,,1.269515499996487,0,,0.935,0.9354119152862437,0.9851361642637482,0.0487626191617772,0.16011552682281024,mlp_parameter_count,25601.0,25601.0,,,,,,,,25601.0,17.0,1.0,,0.85
PHASE1-FAMILY-CAPACITY,PHASE1-FAMILY-CAPACITY-complete-fef9a5cb6b20,9b2b509e11a5004e167bb7e6711b56d8fd086816b5e402f2d1453c99a606627f,LR-L,1d2a1642b5cc9ffeec4e67e117c0a2ab4fd6a563b127af2c2fb9c9262e90d737,logistic_regression,low,0.0,strong,0.0,"{""C"":0.03,""max_iter"":1500,""solver"":""lbfgs""}",0.7,0,success,,,0.010059199994429946,0,,0.9525,0.952521755132371,0.9920530384176486,0.03757577275317705,0.13815802695145915,effective_degrees_of_freedom,4.239781941534962,6.0,4.239781941534962,,,,,,,,8.0,1.0,,0.16666666666666666
PHASE1-FAMILY-CAPACITY,PHASE1-FAMILY-CAPACITY-complete-fef9a5cb6b20,57611c8072d9ae4b13d78d35153d65c6f6717a59dda3727852fbbdd867d1f527,LR-M,2f0277ba6749dc50e77a697ebcae33e3932a27b63e857544fc1ec7f72f723bce,logistic_regression,medium,0.5,medium,0.5,"{""C"":1.0,""max_iter"":1500,""solver"":""lbfgs""}",0.7,0,success,,,0.009535299963317811,0,,0.952,0.9520161939594691,0.9924200828300224,0.03345234530827437,0.11150182758679214,effective_degrees_of_freedom,4.906542756628451,6.0,4.906542756628451,,,,,,,,10.0,1.0,,0.5333333333333333
PHASE1-FAMILY-CAPACITY,PHASE1-FAMILY-CAPACITY-complete-fef9a5cb6b20,a38835e9face18d454b7e6286a0fada18e4816409342b1181f1204a72f657fc9,LR-H,7b1c2ec5fbbfbbdee64cc420019e5c8a9abaac2c5fc3f68515c1e2c1fa714d43,logistic_regression,high,1.0,weak,1.0,"{""C"":30.0,""max_iter"":1500,""solver"":""lbfgs""}",0.7,0,success,,,0.01109139999607578,0,,0.952,0.952005192628308,0.9924280837981396,0.03350836915370769,0.11119344114779739,effective_degrees_of_freedom,4.99618381091571,6.0,4.99618381091571,,,,,,,,10.0,1.0,,0.8666666666666667
PHASE1-FAMILY-CAPACITY,PHASE1-FAMILY-CAPACITY-complete-fef9a5cb6b20,b3e934aaa9a795619e8e12f130581171ef655a748807c6b34ec5ef5e53090a9b,SVM-L,3fbd371b0e2cef95735dd4da149551608834096e78275a14901c17ac75cb096e,rbf_svm,low,0.0,medium,0.5,"{""C"":1.0,""cache_size"":1000,""calibration_cv"":3,""gamma"":0.05}",0.7,0,success,,,0.3439330999972299,0,,0.953,0.9530163149741119,0.9921600513662153,0.03386353258982731,0.1132516918508175,kernel_effective_rank,2.331987460916793,4380.0,,2.331987460916793,0.146,,,,,,,1.0,0.05,0.23333333333333334
PHASE1-FAMILY-CAPACITY,PHASE1-FAMILY-CAPACITY-complete-fef9a5cb6b20,fbb6dbcf4a0922d758e6f2a7c26f2f0ddea3b591b5e86eaa93636c3160782a02,SVM-M,9db1d2bf313ca7ba2163130db40ea44518e99de2cc5a6c1b05d6c5c600e866d4,rbf_svm,medium,0.5,weak,1.0,"{""C"":10.0,""cache_size"":1000,""calibration_cv"":3,""gamma"":""scale""}",0.7,0,success,,,0.3210232999990694,0,,0.949,0.9489828269220576,0.989982787917338,0.03748187504444516,0.1289227154152007,kernel_effective_rank,10.672897960994884,3714.0,,10.672897960994884,0.1238,,,,,,,1.0,0.2,0.5666666666666667
PHASE1-FAMILY-CAPACITY,PHASE1-FAMILY-CAPACITY-complete-fef9a5cb6b20,77f6b4a82c46dc01626d9c67453162110831217a21b08ab23c09d5b5d6864bda,SVM-H,405d3f89ec540b5d9527e4410c3337cad0e3f8b2cd09be2fa431cfc7a19bc06a,rbf_svm,high,1.0,strong,0.0,"{""C"":0.3,""cache_size"":1000,""calibration_cv"":3,""gamma"":1.0}",0.7,0,success,,,0.9430926999775693,0,,0.9555,0.9555001155139772,0.9834559981757791,0.039462094523879214,0.15044069964650264,kernel_effective_rank,157.34073994266726,10200.0,,157.34073994266726,0.34,,,,,,,1.0,1.0,0.9
PHASE1-FAMILY-CAPACITY,PHASE1-FAMILY-CAPACITY-complete-fef9a5cb6b20,6565c49de8326cc6032fa20a9887f5626522d172007a30a354593c5c189ad43e,RF-L,c0f016366401e1557f071472bcb386b5eb2aff8542b2c2766d492e6f207fd133,random_forest,low,0.0,weak,1.0,"{""max_depth"":4,""max_features"":""sqrt"",""min_samples_leaf"":1,""n_estimators"":200,""n_jobs"":-1}",0.7,0,success,,,0.3161390000022948,0,,0.922,0.9219685581955417,0.9785204009685172,0.06534458538593123,0.2419306719918143,tree_total_leaves,3197.0,6194.0,,,,3197.0,4.0,,,,,1.0,,0.21666666666666667
PHASE1-FAMILY-CAPACITY,PHASE1-FAMILY-CAPACITY-complete-fef9a5cb6b20,c445520726a8d480801ab6569f396d55a0f0d3b1b9903a89b38abe6aa43c9bb3,RF-M,5a017704fedc5eeaa5bfa51b469c2790db92ae9033f8403d454222bd9ca5b60a,random_forest,medium,0.5,strong,0.0,"{""max_depth"":10,""max_features"":""sqrt"",""min_samples_leaf"":10,""n_estimators"":250,""n_jobs"":-1}",0.7,0,success,,,0.6377000999636948,0,,0.939,0.9389596141133078,0.9864763636400005,0.046849011758396446,0.16411968186981302,tree_total_leaves,26522.0,52794.0,,,,26522.0,9.964,,,,,1.0,,0.5
PHASE1-FAMILY-CAPACITY,PHASE1-FAMILY-CAPACITY-complete-fef9a5cb6b20,e3de884d62473f7133d573f4cd38f5e9c7d03609c8af3d827aefe883aa442594,RF-H,7ff7f8153ba561892eb3cfceb961e6a4c2bf8946870c60775c3bfce39fbaf2f9,random_forest,high,1.0,medium,0.5,"{""max_depth"":null,""max_features"":""sqrt"",""min_samples_leaf"":2,""n_estimators"":300,""n_jobs"":-1}",0.7,0,success,,,0.8368157999939285,0,,0.949,0.9490158309155408,0.9880645558112532,0.04175656127158087,0.14655800365991167,tree_total_leaves,68105.0,135910.0,,,,68105.0,13.973333333333333,,,,,1.0,,0.7333333333333333
PHASE1-FAMILY-CAPACITY,PHASE1-FAMILY-CAPACITY-complete-fef9a5cb6b20,66c96d71188e2724adced6ecd65838bf249770dcfb0fd38ab8547ba1281d2fe8,HGB-L,67769b8c901577287f7c69e46ea16a110fbcab250556e6c9ee68848fdafe1020,gradient_boosting,low,0.0,strong,0.0,"{""early_stopping"":false,""l2_regularization"":1.0,""learning_rate"":0.08,""max_iter"":100,""max_leaf_nodes"":7}",0.7,0,success,,,0.1822233999846503,0,,0.9445,0.9445207870152288,0.9899397827137083,0.0390459175530726,0.13396021532308633,boosting_total_leaves,700.0,1300.0,,,,,,700.0,100.0,,100.0,1.0,,0.18333333333333332
PHASE1-FAMILY-CAPACITY,PHASE1-FAMILY-CAPACITY-complete-fef9a5cb6b20,48b791aacd0b641d9d88a3fb078b1cace35975bdd854e96e0375b74a2728568a,HGB-M,2d985fd608b45e3358b349990cabdc1f6ba1762a96e3f4ecf6a7596687075e1f,gradient_boosting,medium,0.5,weak,1.0,"{""early_stopping"":false,""l2_regularization"":0.01,""learning_rate"":0.08,""max_iter"":200,""max_leaf_nodes"":31}",0.7,0,success,,,1.9095175000256859,0,,0.9455,0.9454769027052273,0.9895507356390124,0.04170206392826151,0.15257431860379966,boosting_total_leaves,6200.0,12200.0,,,,,,6200.0,200.0,,200.0,1.0,,0.5166666666666667
PHASE1-FAMILY-CAPACITY,PHASE1-FAMILY-CAPACITY-complete-fef9a5cb6b20,604789f6131416d992dfc7da88d41436579fb9733e278fab7c4c30f774db0ae3,HGB-H,e48f60055c364417c78405d739a17860d6e752f2fc096ea1f14f2b30f76dde1e,gradient_boosting,high,1.0,medium,0.5,"{""early_stopping"":false,""l2_regularization"":0.1,""learning_rate"":0.05,""max_iter"":300,""max_leaf_nodes"":63}",0.7,0,success,,,4.540645600005519,0,,0.945,0.9449273362076811,0.9890986809403938,0.044591349840433954,0.18361885047471513,boosting_total_leaves,18900.0,37500.0,,,,,,18900.0,300.0,,300.0,1.0,,0.85
PHASE1-FAMILY-CAPACITY,PHASE1-FAMILY-CAPACITY-complete-fef9a5cb6b20,84b70a7d65e8425b1fb96e215d6714e7f0fe08557a2ad7a47f6073eac9c6966b,MLP-L,cf054be6f8198498238d75783b4261fc719b2300545c3ec57821015192487ce8,mlp,low,0.0,weak,1.0,"{""alpha"":0.0001,""early_stopping"":true,""hidden_layer_sizes"":[16],""learning_rate_init"":0.001,""max_iter"":250}",0.7,0,success,,,0.2070106000173837,0,,0.949,0.9490048295843797,0.9903718349920341,0.04330725294888528,0.16331864677655614,mlp_parameter_count,113.0,113.0,,,,,,,,113.0,28.0,1.0,,0.18333333333333332
PHASE1-FAMILY-CAPACITY,PHASE1-FAMILY-CAPACITY-complete-fef9a5cb6b20,0051bba6fae2cef143ec1b2620c6c5a44f980848b43b58e109b901fc2616edcc,MLP-M,22caf9c6783beb7ef5313eeda008a6c74091af4d4ec3b2f9a80c796f31fc80c5,mlp,medium,0.5,medium,0.5,"{""alpha"":0.001,""early_stopping"":true,""hidden_layer_sizes"":[64,64],""learning_rate_init"":0.001,""max_iter"":300}",0.7,0,success,,,0.532367300009355,0,,0.9545,0.9545770038174619,0.9920750410799707,0.03379514443813656,0.11402596646732144,mlp_parameter_count,4609.0,4609.0,,,,,,,,4609.0,22.0,1.0,,0.5166666666666667
PHASE1-FAMILY-CAPACITY,PHASE1-FAMILY-CAPACITY-complete-fef9a5cb6b20,41e690493d3ac2c6410a62aed4dd1e5228552ebd20040264ea44fa3d6e2155ca,MLP-H,5d197816eeb622fc60ae6d2ceb820addf08e9a7cafa95fd016fcc47c1733d867,mlp,high,1.0,strong,0.0,"{""alpha"":0.01,""early_stopping"":true,""hidden_layer_sizes"":[128,128,64],""learning_rate_init"":0.001,""max_iter"":350}",0.7,0,success,,,1.4888461999944411,0,,0.951,0.9509060596332156,0.9922220588691232,0.03457244443613399,0.11512258678756368,mlp_parameter_count,25601.0,25601.0,,,,,,,,25601.0,17.0,1.0,,0.85
PHASE1-FAMILY-CAPACITY,PHASE1-FAMILY-CAPACITY-complete-fef9a5cb6b20,bd99506247386755c0f3638a70dc7ccf92ecfbc11f399396a6c47f01377f05b3,LR-L,1d2a1642b5cc9ffeec4e67e117c0a2ab4fd6a563b127af2c2fb9c9262e90d737,logistic_regression,low,0.0,strong,0.0,"{""C"":0.03,""max_iter"":1500,""solver"":""lbfgs""}",0.7,1,success,,,0.012054999999236315,0,,0.9565,0.9560975194203997,0.9914441000169374,0.03796908454684643,0.13960153267069564,effective_degrees_of_freedom,4.244287822290284,6.0,4.244287822290284,,,,,,,,8.0,1.0,,0.2
PHASE1-FAMILY-CAPACITY,PHASE1-FAMILY-CAPACITY-complete-fef9a5cb6b20,04256029c21ddbf6c699d7f71e11ecce28111992345a87245c272fa5ebd8bcd5,LR-M,2f0277ba6749dc50e77a697ebcae33e3932a27b63e857544fc1ec7f72f723bce,logistic_regression,medium,0.5,medium,0.5,"{""C"":1.0,""max_iter"":1500,""solver"":""lbfgs""}",0.7,1,success,,,0.012450499983970076,0,,0.9545,0.9539046754280205,0.9919031139787791,0.0344783677280865,0.11573966680824083,effective_degrees_of_freedom,4.912030760772381,6.0,4.912030760772381,,,,,,,,10.0,1.0,,0.6333333333333333
PHASE1-FAMILY-CAPACITY,PHASE1-FAMILY-CAPACITY-complete-fef9a5cb6b20,758ec8d697e826a35d31a07d008b99a590bbca04032bc6fda3bfcdd8ea3084a0,LR-H,7b1c2ec5fbbfbbdee64cc420019e5c8a9abaac2c5fc3f68515c1e2c1fa714d43,logistic_regression,high,1.0,weak,1.0,"{""C"":30.0,""max_iter"":1500,""solver"":""lbfgs""}",0.7,1,success,,,0.013295200013089925,0,,0.9545,0.9539046754280205,0.991907122834341,0.03456294580072837,0.11577437038282723,effective_degrees_of_freedom,4.996473016263812,6.0,4.996473016263812,,,,,,,,10.0,1.0,,0.9666666666666667
PHASE1-FAMILY-CAPACITY,PHASE1-FAMILY-CAPACITY-complete-fef9a5cb6b20,86fc05cd998a385602a792d4b37c9fc209f66f9b0d5856019e478a9daa187742,SVM-L,3fbd371b0e2cef95735dd4da149551608834096e78275a14901c17ac75cb096e,rbf_svm,low,0.0,medium,0.5,"{""C"":1.0,""cache_size"":1000,""calibration_cv"":3,""gamma"":0.05}",0.7,1,success,,,0.4328269000397995,0,,0.9535,0.9529495655903892,0.9910412100329629,0.03542014035035828,0.12143305012236169,kernel_effective_rank,2.2530342566727213,4488.0,,2.2530342566727213,0.1496,,,,,,,1.0,0.05,0.13333333333333333
PHASE1-FAMILY-CAPACITY,PHASE1-FAMILY-CAPACITY-complete-fef9a5cb6b20,76538d2862406405b42a245fbfe18c8f11becd79d2aa788829bd2e760ee11ddb,SVM-M,9db1d2bf313ca7ba2163130db40ea44518e99de2cc5a6c1b05d6c5c600e866d4,rbf_svm,medium,0.5,weak,1.0,"{""C"":10.0,""cache_size"":1000,""calibration_cv"":3,""gamma"":""scale""}",0.7,1,success,,,0.3081934999790974,0,,0.9475,0.9467949700889264,0.9885998169957436,0.03933279111746417,0.1358188658437719,kernel_effective_rank,9.644528690860698,3864.0,,9.644528690860698,0.1288,,,,,,,1.0,0.20000000000000004,0.4
PHASE1-FAMILY-CAPACITY,PHASE1-FAMILY-CAPACITY-complete-fef9a5cb6b20,1af3a84ce15579ad61541006a8f396b651f0138fd140eac33c4fff61af441d82,SVM-H,405d3f89ec540b5d9527e4410c3337cad0e3f8b2cd09be2fa431cfc7a19bc06a,rbf_svm,high,1.0,strong,0.0,"{""C"":0.3,""cache_size"":1000,""calibration_cv"":3,""gamma"":1.0}",0.7,1,success,,,1.0035157999955118,0,,0.9515,0.9510864499679792,0.9813257485786101,0.040204880578183916,0.1554844691012088,kernel_effective_rank,137.106494985898,10512.0,,137.106494985898,0.3504,,,,,,,1.0,1.0,0.7333333333333333
PHASE1-FAMILY-CAPACITY,PHASE1-FAMILY-CAPACITY-complete-fef9a5cb6b20,a92360f1e624708587e00bfef53359d705e7bd6bfcefe18fa497750a235c3744,RF-L,c0f016366401e1557f071472bcb386b5eb2aff8542b2c2766d492e6f207fd133,random_forest,low,0.0,weak,1.0,"{""max_depth"":4,""max_features"":""sqrt"",""min_samples_leaf"":1,""n_estimators"":200,""n_jobs"":-1}",0.7,1,success,,,0.3204943999880925,0,,0.927,0.926697073836104,0.9800348970876667,0.06312749515622681,0.23672249938878698,tree_total_leaves,3197.0,6194.0,,,,3197.0,4.0,,,,,1.0,,0.21666666666666667
PHASE1-FAMILY-CAPACITY,PHASE1-FAMILY-CAPACITY-complete-fef9a5cb6b20,8c762b9f618e2e43b44556e99bd1fc3fd10ec51874cca0399d701efd77f6d81d,RF-M,5a017704fedc5eeaa5bfa51b469c2790db92ae9033f8403d454222bd9ca5b60a,random_forest,medium,0.5,strong,0.0,"{""max_depth"":10,""max_features"":""sqrt"",""min_samples_leaf"":10,""n_estimators"":250,""n_jobs"":-1}",0.7,1,success,,,0.6953568999888375,0,,0.9455,0.9452615828364858,0.9862045257974867,0.046968315267812685,0.16685834054329046,tree_total_leaves,27156.0,54062.0,,,,27156.0,9.988,,,,,1.0,,0.6333333333333333
PHASE1-FAMILY-CAPACITY,PHASE1-FAMILY-CAPACITY-complete-fef9a5cb6b20,ad84c7686fe0f35a43957e0842470df1cdb095217b8c4c177e0a58db1429563b,RF-H,7ff7f8153ba561892eb3cfceb961e6a4c2bf8946870c60775c3bfce39fbaf2f9,random_forest,high,1.0,medium,0.5,"{""max_depth"":null,""max_features"":""sqrt"",""min_samples_leaf"":2,""n_estimators"":300,""n_jobs"":-1}",0.7,1,success,,,0.6783502999460325,0,,0.947,0.9467413516457855,0.9865542984452655,0.04309843496022277,0.15252366335469583,tree_total_leaves,72036.0,143772.0,,,,72036.0,14.563333333333333,,,,,1.0,,1.0
PHASE1-FAMILY-CAPACITY,PHASE1-FAMILY-CAPACITY-complete-fef9a5cb6b20,70579edcf7cc588fdffd1f9d40faeb6dc3baf3acbdf474333f4bbd324d5ba956,HGB-L,67769b8c901577287f7c69e46ea16a110fbcab250556e6c9ee68848fdafe1020,gradient_boosting,low,0.0,strong,0.0,"{""early_stopping"":false,""l2_regularization"":1.0,""learning_rate"":0.08,""max_iter"":100,""max_leaf_nodes"":7}",0.7,1,success,,,0.3441025000065565,0,,0.9485,0.9484095366664962,0.9886093380277033,0.03957742563079663,0.1387264024054964,boosting_total_leaves,700.0,1300.0,,,,,,700.0,100.0,,100.0,1.0,,0.18333333333333332
PHASE1-FAMILY-CAPACITY,PHASE1-FAMILY-CAPACITY-complete-fef9a5cb6b20,b249d2e7604705dab719aa4524499828c2cfb3916d33653892fdb3e35a8f6124,HGB-M,2d985fd608b45e3358b349990cabdc1f6ba1762a96e3f4ecf6a7596687075e1f,gradient_boosting,medium,0.5,weak,1.0,"{""early_stopping"":false,""l2_regularization"":0.01,""learning_rate"":0.08,""max_iter"":200,""max_leaf_nodes"":31}",0.7,1,success,,,2.047587599954568,0,,0.946,0.945833345861007,0.9887331114431779,0.041530257862567,0.1554423410445958,boosting_total_leaves,6200.0,12200.0,,,,,,6200.0,200.0,,200.0,1.0,,0.5166666666666667
PHASE1-FAMILY-CAPACITY,PHASE1-FAMILY-CAPACITY-complete-fef9a5cb6b20,7f5d52b74d53228b560e8a9dec193b28c51587d795a92e5d1eae9110be6d8a8d,HGB-H,e48f60055c364417c78405d739a17860d6e752f2fc096ea1f14f2b30f76dde1e,gradient_boosting,high,1.0,medium,0.5,"{""early_stopping"":false,""l2_regularization"":0.1,""learning_rate"":0.05,""max_iter"":300,""max_leaf_nodes"":63}",0.7,1,success,,,3.6272150999866426,0,,0.946,0.945833345861007,0.9875996075330404,0.04484942808864067,0.18987123269361428,boosting_total_leaves,18900.0,37500.0,,,,,,18900.0,300.0,,300.0,1.0,,0.85
PHASE1-FAMILY-CAPACITY,PHASE1-FAMILY-CAPACITY-complete-fef9a5cb6b20,60cc3759cd8744c2b9a2f1a131065cf8a47efe599bf28b0c1effb06927c84b6f,MLP-L,cf054be6f8198498238d75783b4261fc719b2300545c3ec57821015192487ce8,mlp,low,0.0,weak,1.0,"{""alpha"":0.0001,""early_stopping"":true,""hidden_layer_sizes"":[16],""learning_rate_init"":0.001,""max_iter"":250}",0.7,1,success,,,0.23742880002828315,0,,0.954,0.9535213286149103,0.9914501133002802,0.03590515520910478,0.12921790724567256,mlp_parameter_count,113.0,113.0,,,,,,,,113.0,34.0,1.0,,0.18333333333333332
PHASE1-FAMILY-CAPACITY,PHASE1-FAMILY-CAPACITY-complete-fef9a5cb6b20,d40636e9d14324d67199a9fff5e569fc0a7f3e3b666cb235f389b97e18aaf3de,MLP-M,22caf9c6783beb7ef5313eeda008a6c74091af4d4ec3b2f9a80c796f31fc80c5,mlp,medium,0.5,medium,0.5,"{""alpha"":0.001,""early_stopping"":true,""hidden_layer_sizes"":[64,64],""learning_rate_init"":0.001,""max_iter"":300}",0.7,1,success,,,0.27081459999317303,0,,0.955,0.9545235425053944,0.9909890949106577,0.038504150656701625,0.14503578290034846,mlp_parameter_count,4609.0,4609.0,,,,,,,,4609.0,14.0,1.0,,0.5166666666666667
PHASE1-FAMILY-CAPACITY,PHASE1-FAMILY-CAPACITY-complete-fef9a5cb6b20,d57ba1b34d1e1199cf482f9b8cddd79816ea8e3454bc0c6d2e09518440e71a93,MLP-H,5d197816eeb622fc60ae6d2ceb820addf08e9a7cafa95fd016fcc47c1733d867,mlp,high,1.0,strong,0.0,"{""alpha"":0.01,""early_stopping"":true,""hidden_layer_sizes"":[128,128,64],""learning_rate_init"":0.001,""max_iter"":350}",0.7,1,success,,,1.0343670999864116,0,,0.951,0.9507031031548692,0.9911845266193021,0.035787513189483484,0.12104902062289187,mlp_parameter_count,25601.0,25601.0,,,,,,,,25601.0,15.0,1.0,,0.85
PHASE1-FAMILY-CAPACITY,PHASE1-FAMILY-CAPACITY-complete-fef9a5cb6b20,48243c55d10e8674837968e5cf321772b235194b8bcb52d0c98a1e5c3681565e,LR-L,1d2a1642b5cc9ffeec4e67e117c0a2ab4fd6a563b127af2c2fb9c9262e90d737,logistic_regression,low,0.0,strong,0.0,"{""C"":0.03,""max_iter"":1500,""solver"":""lbfgs""}",0.7,2,success,,,0.010647699993569404,0,,0.9465,0.9466630856317476,0.9895219718498646,0.04184413638593019,0.1485336895041879,effective_degrees_of_freedom,4.22644728410608,6.0,4.22644728410608,,,,,,,,9.0,1.0,,0.06666666666666667
PHASE1-FAMILY-CAPACITY,PHASE1-FAMILY-CAPACITY-complete-fef9a5cb6b20,6a6376de5ffc4b22befb610b6b44f765ae566444d71898c98e5a033e5fde5db9,LR-M,2f0277ba6749dc50e77a697ebcae33e3932a27b63e857544fc1ec7f72f723bce,logistic_regression,medium,0.5,medium,0.5,"{""C"":1.0,""max_iter"":1500,""solver"":""lbfgs""}",0.7,2,success,,,0.008872299978975207,0,,0.949,0.9491893157122409,0.9899070831470295,0.03845439722975407,0.13012318542524506,effective_degrees_of_freedom,4.897900861042064,6.0,4.897900861042064,,,,,,,,10.0,1.0,,0.4
PHASE1-FAMILY-CAPACITY,PHASE1-FAMILY-CAPACITY-complete-fef9a5cb6b20,cad129b5be2e547c931202c07860c851bc4ad5fc0da6169dee4b04d080d6fe16,LR-H,7b1c2ec5fbbfbbdee64cc420019e5c8a9abaac2c5fc3f68515c1e2c1fa714d43,logistic_regression,high,1.0,weak,1.0,"{""C"":30.0,""max_iter"":1500,""solver"":""lbfgs""}",0.7,2,success,,,0.009088899998459965,0,,0.9485,0.9486976736276784,0.9899020817016118,0.03853408689564044,0.13125160876129732,effective_degrees_of_freedom,4.995693988808377,6.0,4.995693988808377,,,,,,,,11.0,1.0,,0.7333333333333333
PHASE1-FAMILY-CAPACITY,PHASE1-FAMILY-CAPACITY-complete-fef9a5cb6b20,b201f1148f6d148f6b83ff83b3886991972bc5aa4add4514fd5ae46fa58e61ea,SVM-L,3fbd371b0e2cef95735dd4da149551608834096e78275a14901c17ac75cb096e,rbf_svm,low,0.0,medium,0.5,"{""C"":1.0,""cache_size"":1000,""calibration_cv"":3,""gamma"":0.05}",0.7,2,success,,,0.35956489999080077,0,,0.9475,0.9476803796297131,0.989518970982614,0.03880522571372509,0.1345807210756106,kernel_effective_rank,2.2473457563363213,4152.0,,2.2473457563363213,0.1384,,,,,,,1.0,0.05,0.1
PHASE1-FAMILY-CAPACITY,PHASE1-FAMILY-CAPACITY-complete-fef9a5cb6b20,0defe2df31526915199df240da20e8b004eee820ed9f92daad42237b00851ab7,SVM-M,9db1d2bf313ca7ba2163130db40ea44518e99de2cc5a6c1b05d6c5c600e866d4,rbf_svm,medium,0.5,weak,1.0,"{""C"":10.0,""cache_size"":1000,""calibration_cv"":3,""gamma"":""scale""}",0.7,2,success,,,0.2948545999825001,0,,0.949,0.9491553058834004,0.9884166524125472,0.039628015164114176,0.13821233124395751,kernel_effective_rank,9.774884329159773,3534.0,,9.774884329159773,0.1178,,,,,,,1.0,0.2,0.5
PHASE1-FAMILY-CAPACITY,PHASE1-FAMILY-CAPACITY-complete-fef9a5cb6b20,ada9b0fd37f5750a83af8fc2ac32a9f6b72c84ef4041852f6db09ad57a0b35dd,SVM-H,405d3f89ec540b5d9527e4410c3337cad0e3f8b2cd09be2fa431cfc7a19bc06a,rbf_svm,high,1.0,strong,0.0,"{""C"":0.3,""cache_size"":1000,""calibration_cv"":3,""gamma"":1.0}",0.7,2,success,,,0.9741068999865092,0,,0.9445,0.9446455025502369,0.9773304484996164,0.044904346483880545,0.17586349725619846,kernel_effective_rank,140.61201110049163,10098.0,,140.61201110049163,0.3366,,,,,,,1.0,1.0,0.8
PHASE1-FAMILY-CAPACITY,PHASE1-FAMILY-CAPACITY-complete-fef9a5cb6b20,e23fffd2e997e90ee8b6a06cb4048a0da7b3578b911e429b57a6eef6a0d4d195,RF-L,c0f016366401e1557f071472bcb386b5eb2aff8542b2c2766d492e6f207fd133,random_forest,low,0.0,weak,1.0,"{""max_depth"":4,""max_features"":""sqrt"",""min_samples_leaf"":1,""n_estimators"":200,""n_jobs"":-1}",0.7,2,success,,,0.3696903999662027,0,,0.9155,0.9157561535283697,0.9766412493210538,0.06721728343985461,0.2467591047445239,tree_total_leaves,3199.0,6198.0,,,,3199.0,4.0,,,,,1.0,,0.31666666666666665
PHASE1-FAMILY-CAPACITY,PHASE1-FAMILY-CAPACITY-complete-fef9a5cb6b20,d6b70166dee75b5f354e18fc60dc9db1b138b9ac6b0493fef30149f0855c092d,RF-M,5a017704fedc5eeaa5bfa51b469c2790db92ae9033f8403d454222bd9ca5b60a,random_forest,medium,0.5,strong,0.0,"{""max_depth"":10,""max_features"":""sqrt"",""min_samples_leaf"":10,""n_estimators"":250,""n_jobs"":-1}",0.7,2,success,,,0.7269851000164635,0,,0.935,0.9352702931147101,0.9851217001713496,0.04905301527685536,0.17090121950496195,tree_total_leaves,26252.0,52254.0,,,,26252.0,9.988,,,,,1.0,,0.43333333333333335
PHASE1-FAMILY-CAPACITY,PHASE1-FAMILY-CAPACITY-complete-fef9a5cb6b20,f96ea8d9bf486e8adeb8b748888d4bf20f74c3421227bb8d1da73a5894f55ade,RF-H,7ff7f8153ba561892eb3cfceb961e6a4c2bf8946870c60775c3bfce39fbaf2f9,random_forest,high,1.0,medium,0.5,"{""max_depth"":null,""max_features"":""sqrt"",""min_samples_leaf"":2,""n_estimators"":300,""n_jobs"":-1}",0.7,2,success,,,0.6898327000089921,0,,0.9445,0.9447305271223383,0.9864550855197152,0.044725171039582276,0.15490146940514374,tree_total_leaves,67932.0,135564.0,,,,67932.0,14.47,,,,,1.0,,0.7
PHASE1-FAMILY-CAPACITY,PHASE1-FAMILY-CAPACITY-complete-fef9a5cb6b20,fe424471028f262175f415f785dda405bb8186fe749b56f1a743bac0aed67c4a,HGB-L,67769b8c901577287f7c69e46ea16a110fbcab250556e6c9ee68848fdafe1020,gradient_boosting,low,0.0,strong,0.0,"{""early_stopping"":false,""l2_regularization"":1.0,""learning_rate"":0.08,""max_iter"":100,""max_leaf_nodes"":7}",0.7,2,success,,,0.22577119997004047,0,,0.943,0.9431705762965497,0.9873493439604044,0.042520530682191776,0.14752995561563603,boosting_total_leaves,700.0,1300.0,,,,,,700.0,100.0,,100.0,1.0,,0.18333333333333332
PHASE1-FAMILY-CAPACITY,PHASE1-FAMILY-CAPACITY-complete-fef9a5cb6b20,0a855dd08b7a52095680db9545cb5d4b5fcf2f7676a684d49ee8fdba58a27763,HGB-M,2d985fd608b45e3358b349990cabdc1f6ba1762a96e3f4ecf6a7596687075e1f,gradient_boosting,medium,0.5,weak,1.0,"{""early_stopping"":false,""l2_regularization"":0.01,""learning_rate"":0.08,""max_iter"":200,""max_leaf_nodes"":31}",0.7,2,success,,,1.8935516999918036,0,,0.942,0.9421872921274248,0.9879465165432809,0.04504972007701854,0.16897360362108316,boosting_total_leaves,6200.0,12200.0,,,,,,6200.0,200.0,,200.0,1.0,,0.5166666666666667
PHASE1-FAMILY-CAPACITY,PHASE1-FAMILY-CAPACITY-complete-fef9a5cb6b20,69b425d6133f8f8e4613e8b79fb9190148d295a45af551bd9e00deda3c525935,HGB-H,e48f60055c364417c78405d739a17860d6e752f2fc096ea1f14f2b30f76dde1e,gradient_boosting,high,1.0,medium,0.5,"{""early_stopping"":false,""l2_regularization"":0.1,""learning_rate"":0.05,""max_iter"":300,""max_leaf_nodes"":63}",0.7,2,success,,,3.735152199980803,0,,0.9375,0.9376944937086817,0.9870292514536702,0.04879583195265413,0.20471859567686015,boosting_total_leaves,18900.0,37500.0,,,,,,18900.0,300.0,,300.0,1.0,,0.85
PHASE1-FAMILY-CAPACITY,PHASE1-FAMILY-CAPACITY-complete-fef9a5cb6b20,08479185d35444d1517c276a84d5f88c4141caadf8c268c282ff8b6dd5969472,MLP-L,cf054be6f8198498238d75783b4261fc719b2300545c3ec57821015192487ce8,mlp,low,0.0,weak,1.0,"{""alpha"":0.0001,""early_stopping"":true,""hidden_layer_sizes"":[16],""learning_rate_init"":0.001,""max_iter"":250}",0.7,2,success,,,0.20836799999233335,0,,0.9465,0.9467481102038489,0.9892678984226442,0.04195376366328636,0.14818788489129608,mlp_parameter_count,113.0,113.0,,,,,,,,113.0,31.0,1.0,,0.18333333333333332
PHASE1-FAMILY-CAPACITY,PHASE1-FAMILY-CAPACITY-complete-fef9a5cb6b20,ffabce0479f64ce84a6c7826752b00731ec2ffbd4711b5e558795ca86ec78d73,MLP-M,22caf9c6783beb7ef5313eeda008a6c74091af4d4ec3b2f9a80c796f31fc80c5,mlp,medium,0.5,medium,0.5,"{""alpha"":0.001,""early_stopping"":true,""hidden_layer_sizes"":[64,64],""learning_rate_init"":0.001,""max_iter"":300}",0.7,2,success,,,0.24122850003186613,0,,0.9405,0.9407293707881579,0.9881175659765673,0.043830671082223424,0.15345112527175483,mlp_parameter_count,4609.0,4609.0,,,,,,,,4609.0,14.0,1.0,,0.5166666666666667
PHASE1-FAMILY-CAPACITY,PHASE1-FAMILY-CAPACITY-complete-fef9a5cb6b20,1df652a14f7a1497d48adb079a7ca69e83ac6335074ac97cc3eaeb19e61e511a,MLP-H,5d197816eeb622fc60ae6d2ceb820addf08e9a7cafa95fd016fcc47c1733d867,mlp,high,1.0,strong,0.0,"{""alpha"":0.01,""early_stopping"":true,""hidden_layer_sizes"":[128,128,64],""learning_rate_init"":0.001,""max_iter"":350}",0.7,2,success,,,1.0941669000312686,0,,0.951,0.9509008103341866,0.9895489796551202,0.03823406459168325,0.13261352068508794,mlp_parameter_count,25601.0,25601.0,,,,,,,,25601.0,16.0,1.0,,0.85
PHASE1-FAMILY-CAPACITY,PHASE1-FAMILY-CAPACITY-complete-fef9a5cb6b20,782bf251310adc4a69297e679335a2ebc5525353138017427a6f5e8054869a86,LR-L,1d2a1642b5cc9ffeec4e67e117c0a2ab4fd6a563b127af2c2fb9c9262e90d737,logistic_regression,low,0.0,strong,0.0,"{""C"":0.03,""max_iter"":1500,""solver"":""lbfgs""}",0.7,3,success,,,0.011238400009460747,0,,0.951,0.9510410343237803,0.991638322704139,0.03718595847962375,0.13751950489125178,effective_degrees_of_freedom,4.244526944867715,6.0,4.244526944867715,,,,,,,,9.0,1.0,,0.23333333333333334
PHASE1-FAMILY-CAPACITY,PHASE1-FAMILY-CAPACITY-complete-fef9a5cb6b20,7070f8373b43dce49bd1d4263566074eb27a57dbcfb062526acc28af3d9e5b89,LR-M,2f0277ba6749dc50e77a697ebcae33e3932a27b63e857544fc1ec7f72f723bce,logistic_regression,medium,0.5,medium,0.5,"{""C"":1.0,""max_iter"":1500,""solver"":""lbfgs""}",0.7,3,success,,,0.008980499987956136,0,,0.952,0.9520231138722237,0.9919913512994551,0.0339385254336158,0.1146107431352655,effective_degrees_of_freedom,4.908205771664816,6.0,4.908205771664816,,,,,,,,9.0,1.0,,0.5666666666666667
PHASE1-FAMILY-CAPACITY,PHASE1-FAMILY-CAPACITY-complete-fef9a5cb6b20,e90d2326461c7268d87ce52af0df0f6f9b8bc6206a40e56c705dbd13360c1bd8,LR-H,7b1c2ec5fbbfbbdee64cc420019e5c8a9abaac2c5fc3f68515c1e2c1fa714d43,logistic_regression,high,1.0,weak,1.0,"{""C"":30.0,""max_iter"":1500,""solver"":""lbfgs""}",0.7,3,success,,,0.010217599978204817,0,,0.951,0.9510230328656621,0.9919903512184488,0.034075329274259186,0.11471419591207294,effective_degrees_of_freedom,4.996228542556921,6.0,4.996228542556921,,,,,,,,12.0,1.0,,0.9
PHASE1-FAMILY-CAPACITY,PHASE1-FAMILY-CAPACITY-complete-fef9a5cb6b20,4d316873b053c8ff5fecc702ef86faa6e51735b519cf8739c553d4845c566d8d,SVM-L,3fbd371b0e2cef95735dd4da149551608834096e78275a14901c17ac75cb096e,rbf_svm,low,0.0,medium,0.5,"{""C"":1.0,""cache_size"":1000,""calibration_cv"":3,""gamma"":0.05}",0.7,3,success,,,0.3618859999696724,0,,0.9485,0.9485183299847287,0.99162932197508,0.035337470108504694,0.11836598470149715,kernel_effective_rank,2.2869211134736394,4308.0,,2.2869211134736394,0.1436,,,,,,,1.0,0.05,0.2
PHASE1-FAMILY-CAPACITY,PHASE1-FAMILY-CAPACITY-complete-fef9a5cb6b20,06834f4ebf87a201869b0f438bb7bb8492f168286dacd92053094f695715f3f8,SVM-M,9db1d2bf313ca7ba2163130db40ea44518e99de2cc5a6c1b05d6c5c600e866d4,rbf_svm,medium,0.5,weak,1.0,"{""C"":10.0,""cache_size"":1000,""calibration_cv"":3,""gamma"":""scale""}",0.7,3,success,,,0.341258900007233,0,,0.946,0.9460496300200316,0.9906822452618662,0.037083353586693964,0.12462553883462694,kernel_effective_rank,10.329316881104125,3732.0,,10.329316881104125,0.1244,,,,,,,1.0,0.2,0.5333333333333333
PHASE1-FAMILY-CAPACITY,PHASE1-FAMILY-CAPACITY-complete-fef9a5cb6b20,bbcd685b0c2a1d413ee75a377109e7503e7102dac588735544670147bea6c825,SVM-H,405d3f89ec540b5d9527e4410c3337cad0e3f8b2cd09be2fa431cfc7a19bc06a,rbf_svm,high,1.0,strong,0.0,"{""C"":0.3,""cache_size"":1000,""calibration_cv"":3,""gamma"":1.0}",0.7,3,success,,,0.8264667000039481,0,,0.9505,0.9505184919978518,0.9839266980625431,0.0406386903485216,0.15143970804942292,kernel_effective_rank,155.60611341990244,10230.0,,155.60611341990244,0.341,,,,,,,1.0,1.0,0.8666666666666667
PHASE1-FAMILY-CAPACITY,PHASE1-FAMILY-CAPACITY-complete-fef9a5cb6b20,dfa20044c3dc78e42eda6d0c398c5fa6237509eb8384e4ac3c26e286ca2a3748,RF-L,c0f016366401e1557f071472bcb386b5eb2aff8542b2c2766d492e6f207fd133,random_forest,low,0.0,weak,1.0,"{""max_depth"":4,""max_features"":""sqrt"",""min_samples_leaf"":1,""n_estimators"":200,""n_jobs"":-1}",0.7,3,success,,,0.32116120000137016,0,,0.9275,0.9275886346794091,0.9803254063579151,0.06218734114630638,0.23590845954202372,tree_total_leaves,3193.0,6186.0,,,,3193.0,4.0,,,,,1.0,,0.06666666666666667
PHASE1-FAMILY-CAPACITY,PHASE1-FAMILY-CAPACITY-complete-fef9a5cb6b20,baeaee5742e72b902c4eb2ed04de4c8bad31ec8a85eb4bb53cd35e6ea117ce55,RF-M,5a017704fedc5eeaa5bfa51b469c2790db92ae9033f8403d454222bd9ca5b60a,random_forest,medium,0.5,strong,0.0,"{""max_depth"":10,""max_features"":""sqrt"",""min_samples_leaf"":10,""n_estimators"":250,""n_jobs"":-1}",0.7,3,success,,,0.6420615999959409,0,,0.9425,0.9425628475906549,0.9863608952325139,0.04623900019134737,0.16557045554695546,tree_total_leaves,26581.0,52912.0,,,,26581.0,9.992,,,,,1.0,,0.5666666666666667
PHASE1-FAMILY-CAPACITY,PHASE1-FAMILY-CAPACITY-complete-fef9a5cb6b20,7ce3146dbb3a062444f79da91d06e0bc04a5fb1627e666b3bff031925f2fe746,RF-H,7ff7f8153ba561892eb3cfceb961e6a4c2bf8946870c60775c3bfce39fbaf2f9,random_forest,high,1.0,medium,0.5,"{""max_depth"":null,""max_features"":""sqrt"",""min_samples_leaf"":2,""n_estimators"":300,""n_jobs"":-1}",0.7,3,success,,,0.8167997999698855,0,,0.945,0.9450315475553519,0.9874864864053988,0.04257462831548968,0.14993390569320628,tree_total_leaves,69732.0,139164.0,,,,69732.0,14.626666666666667,,,,,1.0,,0.9
PHASE1-FAMILY-CAPACITY,PHASE1-FAMILY-CAPACITY-complete-fef9a5cb6b20,99cac23ebfcbe29ed7ef2c820ae6dcd752fb42bf7a3f48d717cadb32af4624d7,HGB-L,67769b8c901577287f7c69e46ea16a110fbcab250556e6c9ee68848fdafe1020,gradient_boosting,low,0.0,strong,0.0,"{""early_stopping"":false,""l2_regularization"":1.0,""learning_rate"":0.08,""max_iter"":100,""max_leaf_nodes"":7}",0.7,3,success,,,0.32300420000683516,0,,0.9495,0.9495904168237628,0.989574155506596,0.03872912482858852,0.13532954791680823,boosting_total_leaves,700.0,1300.0,,,,,,700.0,100.0,,100.0,1.0,,0.18333333333333332
PHASE1-FAMILY-CAPACITY,PHASE1-FAMILY-CAPACITY-complete-fef9a5cb6b20,fdab002805859f56e6311f59eb3bd0b3cf033f414f6f8d8b550fcda888b899a0,HGB-M,2d985fd608b45e3358b349990cabdc1f6ba1762a96e3f4ecf6a7596687075e1f,gradient_boosting,medium,0.5,weak,1.0,"{""early_stopping"":false,""l2_regularization"":0.01,""learning_rate"":0.08,""max_iter"":200,""max_leaf_nodes"":31}",0.7,3,success,,,3.220548199955374,0,,0.948,0.9480227898459774,0.9885480723938639,0.04209183326782856,0.1594782672778695,boosting_total_leaves,6200.0,12200.0,,,,,,6200.0,200.0,,200.0,1.0,,0.5166666666666667
PHASE1-FAMILY-CAPACITY,PHASE1-FAMILY-CAPACITY-complete-fef9a5cb6b20,717c78a1b0a90c2e479c8d50c8938dca7cfef937435289c597a4551783902b89,HGB-H,e48f60055c364417c78405d739a17860d6e752f2fc096ea1f14f2b30f76dde1e,gradient_boosting,high,1.0,medium,0.5,"{""early_stopping"":false,""l2_regularization"":0.1,""learning_rate"":0.05,""max_iter"":300,""max_leaf_nodes"":63}",0.7,3,success,,,4.20805630000541,0,,0.946,0.9460406292909725,0.9880850348878258,0.04447716294020416,0.1891755250897122,boosting_total_leaves,18900.0,37500.0,,,,,,18900.0,300.0,,300.0,1.0,,0.85
PHASE1-FAMILY-CAPACITY,PHASE1-FAMILY-CAPACITY-complete-fef9a5cb6b20,5ee38df9e453f631c8aa81b437530701fd62baff7991570a446542a079d2344b,MLP-L,cf054be6f8198498238d75783b4261fc719b2300545c3ec57821015192487ce8,mlp,low,0.0,weak,1.0,"{""alpha"":0.0001,""early_stopping"":true,""hidden_layer_sizes"":[16],""learning_rate_init"":0.001,""max_iter"":250}",0.7,3,success,,,0.34801659994991496,0,,0.95,0.9500319525881596,0.9915573161426076,0.035033971090113546,0.11960272184118904,mlp_parameter_count,113.0,113.0,,,,,,,,113.0,49.0,1.0,,0.18333333333333332
PHASE1-FAMILY-CAPACITY,PHASE1-FAMILY-CAPACITY-complete-fef9a5cb6b20,aa48ad460f7240fe717513fb4c7a340f5fd672492764ecc0482d5086e970c0e1,MLP-M,22caf9c6783beb7ef5313eeda008a6c74091af4d4ec3b2f9a80c796f31fc80c5,mlp,medium,0.5,medium,0.5,"{""alpha"":0.001,""early_stopping"":true,""hidden_layer_sizes"":[64,64],""learning_rate_init"":0.001,""max_iter"":300}",0.7,3,success,,,0.2561287000426091,0,,0.9525,0.952536655469093,0.9897231675765736,0.039016807280493754,0.14641625339661116,mlp_parameter_count,4609.0,4609.0,,,,,,,,4609.0,14.0,1.0,,0.5166666666666667
PHASE1-FAMILY-CAPACITY,PHASE1-FAMILY-CAPACITY-complete-fef9a5cb6b20,67de34dac99ba237bfab12cfd53ade10e7ed9742085bd517091836ec1a58de71,MLP-H,5d197816eeb622fc60ae6d2ceb820addf08e9a7cafa95fd016fcc47c1733d867,mlp,high,1.0,strong,0.0,"{""alpha"":0.01,""early_stopping"":true,""hidden_layer_sizes"":[128,128,64],""learning_rate_init"":0.001,""max_iter"":350}",0.7,3,success,,,1.2969602000084706,0,,0.951,0.9510320335947211,0.9917943353411626,0.03477521222570001,0.1174049611183901,mlp_parameter_count,25601.0,25601.0,,,,,,,,25601.0,13.0,1.0,,0.85
PHASE1-FAMILY-CAPACITY,PHASE1-FAMILY-CAPACITY-complete-fef9a5cb6b20,c9d5589a8346af9a3bc7c0a54a59647b6507dc60d12837198ca05d8128fdc5ba,LR-L,1d2a1642b5cc9ffeec4e67e117c0a2ab4fd6a563b127af2c2fb9c9262e90d737,logistic_regression,low,0.0,strong,0.0,"{""C"":0.03,""max_iter"":1500,""solver"":""lbfgs""}",0.7,4,success,,,0.016501500038430095,0,,0.9545,0.9545160906448158,0.992689934209408,0.03576262691086994,0.13431495966281345,effective_degrees_of_freedom,4.216237045782415,6.0,4.216237045782415,,,,,,,,9.0,1.0,,0.03333333333333333
PHASE1-FAMILY-CAPACITY,PHASE1-FAMILY-CAPACITY-complete-fef9a5cb6b20,47088ca053483f8de33dda619d91aca6164031dd1143824de1b7602d15d56481,LR-M,2f0277ba6749dc50e77a697ebcae33e3932a27b63e857544fc1ec7f72f723bce,logistic_regression,medium,0.5,medium,0.5,"{""C"":1.0,""max_iter"":1500,""solver"":""lbfgs""}",0.7,4,success,,,0.02181339997332543,0,,0.9565,0.9565251087259785,0.9931339382054438,0.030948051993730834,0.10614938954054035,effective_degrees_of_freedom,4.895796784362553,6.0,4.895796784362553,,,,,,,,10.0,1.0,,0.36666666666666664
PHASE1-FAMILY-CAPACITY,PHASE1-FAMILY-CAPACITY-complete-fef9a5cb6b20,a19ad9adf67f19afe761180cea1a28e40f618bb42ebc3acf46771d1afbed7a18,LR-H,7b1c2ec5fbbfbbdee64cc420019e5c8a9abaac2c5fc3f68515c1e2c1fa714d43,logistic_regression,high,1.0,weak,1.0,"{""C"":30.0,""max_iter"":1500,""solver"":""lbfgs""}",0.7,4,success,,,0.015264099987689406,0,,0.9565,0.9565251087259785,0.9931509383584453,0.030909256836690394,0.10591665481637635,effective_degrees_of_freedom,4.995609630896936,6.0,4.995609630896936,,,,,,,,10.0,1.0,,0.7
PHASE1-FAMILY-CAPACITY,PHASE1-FAMILY-CAPACITY-complete-fef9a5cb6b20,8ccca822cb19abec6ffa6428896d14b5284741b4af381c76441462d09868f4ee,SVM-L,3fbd371b0e2cef95735dd4da149551608834096e78275a14901c17ac75cb096e,rbf_svm,low,0.0,medium,0.5,"{""C"":1.0,""cache_size"":1000,""calibration_cv"":3,""gamma"":0.05}",0.7,4,success,,,0.5517159000155516,0,,0.955,0.9550235952123569,0.9926359337234034,0.03150749711482442,0.10885643647727046,kernel_effective_rank,2.211303202637802,4098.0,,2.211303202637802,0.1366,,,,,,,1.0,0.05,0.03333333333333333
PHASE1-FAMILY-CAPACITY,PHASE1-FAMILY-CAPACITY-complete-fef9a5cb6b20,7bec3092ab2e4b5e28a4af3ffbf726e35c7c7251070b63e0ebcfc1aa3329159f,SVM-M,9db1d2bf313ca7ba2163130db40ea44518e99de2cc5a6c1b05d6c5c600e866d4,rbf_svm,medium,0.5,weak,1.0,"{""C"":10.0,""cache_size"":1000,""calibration_cv"":3,""gamma"":""scale""}",0.7,4,success,,,0.34543940000003204,0,,0.949,0.9490295412658714,0.9914279228513057,0.03455928926604764,0.11787277289369194,kernel_effective_rank,9.336906878251343,3402.0,,9.336906878251343,0.1134,,,,,,,1.0,0.2,0.36666666666666664
PHASE1-FAMILY-CAPACITY,PHASE1-FAMILY-CAPACITY-complete-fef9a5cb6b20,484b716405f81ddf3a249f77b5450782f4bc458d0187d4cb5b8c8f737dfe4592,SVM-H,405d3f89ec540b5d9527e4410c3337cad0e3f8b2cd09be2fa431cfc7a19bc06a,rbf_svm,high,1.0,strong,0.0,"{""C"":0.3,""cache_size"":1000,""calibration_cv"":3,""gamma"":1.0}",0.7,4,success,,,0.992597900039982,0,,0.952,0.952011568104113,0.9843328589957309,0.03766956014438057,0.143670925844197,kernel_effective_rank,132.26761281287398,10116.0,,132.26761281287398,0.3372,,,,,,,1.0,1.0,0.7
PHASE1-FAMILY-CAPACITY,PHASE1-FAMILY-CAPACITY-complete-fef9a5cb6b20,31bba1571c5cca0f1135a9ace19d9c9a2d1336b40f1967bafb92f7c8bbe979b8,RF-L,c0f016366401e1557f071472bcb386b5eb2aff8542b2c2766d492e6f207fd133,random_forest,low,0.0,weak,1.0,"{""max_depth"":4,""max_features"":""sqrt"",""min_samples_leaf"":1,""n_estimators"":200,""n_jobs"":-1}",0.7,4,success,,,0.3714793000253849,0,,0.9185,0.9185037665338989,0.979048811439303,0.06421675849467978,0.23793825392741935,tree_total_leaves,3199.0,6198.0,,,,3199.0,4.0,,,,,1.0,,0.31666666666666665
PHASE1-FAMILY-CAPACITY,PHASE1-FAMILY-CAPACITY-complete-fef9a5cb6b20,aceeec32dedce663c822356b5ba9804a9a2951b8150541727c618c85c15d6bac,RF-M,5a017704fedc5eeaa5bfa51b469c2790db92ae9033f8403d454222bd9ca5b60a,random_forest,medium,0.5,strong,0.0,"{""max_depth"":10,""max_features"":""sqrt"",""min_samples_leaf"":10,""n_estimators"":250,""n_jobs"":-1}",0.7,4,success,,,0.7222874000435695,0,,0.938,0.9380264422379802,0.9876908892180031,0.04451045347648553,0.15960864560886587,tree_total_leaves,26172.0,52094.0,,,,26172.0,9.988,,,,,1.0,,0.4
PHASE1-FAMILY-CAPACITY,PHASE1-FAMILY-CAPACITY-complete-fef9a5cb6b20,ca90e9afced77208a43e591a46ac0dbcc99d708a153f9f17331c258f2c09ce41,RF-H,7ff7f8153ba561892eb3cfceb961e6a4c2bf8946870c60775c3bfce39fbaf2f9,random_forest,high,1.0,medium,0.5,"{""max_depth"":null,""max_features"":""sqrt"",""min_samples_leaf"":2,""n_estimators"":300,""n_jobs"":-1}",0.7,4,success,,,0.652767599967774,0,,0.9475,0.9475160276442488,0.9894539050851456,0.03915955754222131,0.1399508018704229,tree_total_leaves,68320.0,136340.0,,,,68320.0,14.21,,,,,1.0,,0.7666666666666667
PHASE1-FAMILY-CAPACITY,PHASE1-FAMILY-CAPACITY-complete-fef9a5cb6b20,1c08b10581b4ecd14bca8bccd4d56a3f6d20808c6368c8c06f7fad75756b31a2,HGB-L,67769b8c901577287f7c69e46ea16a110fbcab250556e6c9ee68848fdafe1020,gradient_boosting,low,0.0,strong,0.0,"{""early_stopping"":false,""l2_regularization"":1.0,""learning_rate"":0.08,""max_iter"":100,""max_leaf_nodes"":7}",0.7,4,success,,,0.2795736999833025,0,,0.951,0.951011559104032,0.9915639240753167,0.03461949102731739,0.12335749640012207,boosting_total_leaves,700.0,1300.0,,,,,,700.0,100.0,,100.0,1.0,,0.18333333333333332
PHASE1-FAMILY-CAPACITY,PHASE1-FAMILY-CAPACITY-complete-fef9a5cb6b20,ab632f704475e567b327f791da97f1ed784d848d07ce67cb3887c659ea8c769c,HGB-M,2d985fd608b45e3358b349990cabdc1f6ba1762a96e3f4ecf6a7596687075e1f,gradient_boosting,medium,0.5,weak,1.0,"{""early_stopping"":false,""l2_regularization"":0.01,""learning_rate"":0.08,""max_iter"":200,""max_leaf_nodes"":31}",0.7,4,success,,,1.9672860000282526,0,,0.949,0.9490175411578704,0.9913009217082954,0.03798036729228214,0.13370615794353757,boosting_total_leaves,6200.0,12200.0,,,,,,6200.0,200.0,,200.0,1.0,,0.5166666666666667
PHASE1-FAMILY-CAPACITY,PHASE1-FAMILY-CAPACITY-complete-fef9a5cb6b20,6d2e0d809671e2b84a0870a94fc4e833a074959eb2bac5c8a836641dbd67e904,HGB-H,e48f60055c364417c78405d739a17860d6e752f2fc096ea1f14f2b30f76dde1e,gradient_boosting,high,1.0,medium,0.5,"{""early_stopping"":false,""l2_regularization"":0.1,""learning_rate"":0.05,""max_iter"":300,""max_leaf_nodes"":63}",0.7,4,success,,,3.9453797000460327,0,,0.9455,0.945507009563086,0.9905089145802313,0.041178576083246425,0.16167845792208374,boosting_total_leaves,18900.0,37500.0,,,,,,18900.0,300.0,,300.0,1.0,,0.85
PHASE1-FAMILY-CAPACITY,PHASE1-FAMILY-CAPACITY-complete-fef9a5cb6b20,b94dd63581106f1d1c99b2e36854d48785aeb05c2a44089830c4d6a74ac1b9c8,MLP-L,cf054be6f8198498238d75783b4261fc719b2300545c3ec57821015192487ce8,mlp,low,0.0,weak,1.0,"{""alpha"":0.0001,""early_stopping"":true,""hidden_layer_sizes"":[16],""learning_rate_init"":0.001,""max_iter"":250}",0.7,4,success,,,0.17640970001230016,0,,0.951,0.9510265592390331,0.9908849179642617,0.04510682935792211,0.1791191767823245,mlp_parameter_count,113.0,113.0,,,,,,,,113.0,26.0,1.0,,0.18333333333333332
PHASE1-FAMILY-CAPACITY,PHASE1-FAMILY-CAPACITY-complete-fef9a5cb6b20,a092d170f07c7c141cd7a7b4fa486bc1bce0bef7ac7bd88e27531c640e1c5871,MLP-M,22caf9c6783beb7ef5313eeda008a6c74091af4d4ec3b2f9a80c796f31fc80c5,mlp,medium,0.5,medium,0.5,"{""alpha"":0.001,""early_stopping"":true,""hidden_layer_sizes"":[64,64],""learning_rate_init"":0.001,""max_iter"":300}",0.7,4,success,,,0.36510390002513304,0,,0.9565,0.9565341088069792,0.9931189380704425,0.031466237115971046,0.10781342514105523,mlp_parameter_count,4609.0,4609.0,,,,,,,,4609.0,21.0,1.0,,0.5166666666666667
PHASE1-FAMILY-CAPACITY,PHASE1-FAMILY-CAPACITY-complete-fef9a5cb6b20,4bf2764769c6bef876971e030851383109cdaf472c0bbd498ed99f9aa4685bd8,MLP-H,5d197816eeb622fc60ae6d2ceb820addf08e9a7cafa95fd016fcc47c1733d867,mlp,high,1.0,strong,0.0,"{""alpha"":0.01,""early_stopping"":true,""hidden_layer_sizes"":[128,128,64],""learning_rate_init"":0.001,""max_iter"":350}",0.7,4,success,,,1.0881629000068642,0,,0.952,0.9520655685901174,0.9928789359104231,0.034041189364253883,0.11638119420113233,mlp_parameter_count,25601.0,25601.0,,,,,,,,25601.0,16.0,1.0,,0.85
PHASE1-FAMILY-CAPACITY,PHASE1-FAMILY-CAPACITY-complete-fef9a5cb6b20,d546bb9f8d909949fdb8794d816885ab606e8bd61287c8a8c0a13267dae24b0d,LR-L,1d2a1642b5cc9ffeec4e67e117c0a2ab4fd6a563b127af2c2fb9c9262e90d737,logistic_regression,low,0.0,strong,0.0,"{""C"":0.03,""max_iter"":1500,""solver"":""lbfgs""}",0.7,5,success,,,0.008941599982790649,0,,0.952,0.9519151915191519,0.9918161816181618,0.0389894206539772,0.14245109312951132,effective_degrees_of_freedom,4.249898102851223,6.0,4.249898102851223,,,,,,,,8.0,1.0,,0.26666666666666666
PHASE1-FAMILY-CAPACITY,PHASE1-FAMILY-CAPACITY-complete-fef9a5cb6b20,7600170a52150c82a521d413ddab7cdefb1d10b6017fd11e334cbefb1a20db95,LR-M,2f0277ba6749dc50e77a697ebcae33e3932a27b63e857544fc1ec7f72f723bce,logistic_regression,medium,0.5,medium,0.5,"{""C"":1.0,""max_iter"":1500,""solver"":""lbfgs""}",0.7,5,success,,,0.00792800000635907,0,,0.952,0.951955195519552,0.9923372337233722,0.03417243147334868,0.11387919497000562,effective_degrees_of_freedom,4.914607000666876,6.0,4.914607000666876,,,,,,,,10.0,1.0,,0.6666666666666666
PHASE1-FAMILY-CAPACITY,PHASE1-FAMILY-CAPACITY-complete-fef9a5cb6b20,b46e24a35ebc7ac78af3576790f6998fbc2d78143b960ea4dba601f47b6641d2,LR-H,7b1c2ec5fbbfbbdee64cc420019e5c8a9abaac2c5fc3f68515c1e2c1fa714d43,logistic_regression,high,1.0,weak,1.0,"{""C"":30.0,""max_iter"":1500,""solver"":""lbfgs""}",0.7,5,success,,,0.008601900015491992,0,,0.952,0.9519451945194519,0.9923592359235923,0.03408021132321474,0.11314654439361825,effective_degrees_of_freedom,4.996604377394331,6.0,4.996604377394331,,,,,,,,10.0,1.0,,1.0
PHASE1-FAMILY-CAPACITY,PHASE1-FAMILY-CAPACITY-complete-fef9a5cb6b20,d9b65a888b07be2ed8dc5fefbdef51c1bef83755e86eb7988bb45d95f55f4a4d,SVM-L,3fbd371b0e2cef95735dd4da149551608834096e78275a14901c17ac75cb096e,rbf_svm,low,0.0,medium,0.5,"{""C"":1.0,""cache_size"":1000,""calibration_cv"":3,""gamma"":0.05}",0.7,5,success,,,0.38033699995139614,0,,0.954,0.953935393539354,0.9923662366236623,0.03400673337146818,0.11303661934732973,kernel_effective_rank,2.2551011243044297,4554.0,,2.2551011243044297,0.1518,,,,,,,1.0,0.05,0.16666666666666666
PHASE1-FAMILY-CAPACITY,PHASE1-FAMILY-CAPACITY-complete-fef9a5cb6b20,d81be72d1872b60bae2a87b616fff6c1ba9280ce42f36926d40608b75ffbb0e2,SVM-M,9db1d2bf313ca7ba2163130db40ea44518e99de2cc5a6c1b05d6c5c600e866d4,rbf_svm,medium,0.5,weak,1.0,"{""C"":10.0,""cache_size"":1000,""calibration_cv"":3,""gamma"":""scale""}",0.7,5,success,,,0.3159633000032045,0,,0.9455,0.9454595459545954,0.9900330033003301,0.038691490807640054,0.13103244132998465,kernel_effective_rank,9.755245930261951,3906.0,,9.755245930261951,0.1302,,,,,,,1.0,0.20000000000000004,0.4666666666666667
PHASE1-FAMILY-CAPACITY,PHASE1-FAMILY-CAPACITY-complete-fef9a5cb6b20,47cbde09732731bcf1aad35e047df1c3f38cf280fc7143ff58168d07a472e87b,SVM-H,405d3f89ec540b5d9527e4410c3337cad0e3f8b2cd09be2fa431cfc7a19bc06a,rbf_svm,high,1.0,strong,0.0,"{""C"":0.3,""cache_size"":1000,""calibration_cv"":3,""gamma"":1.0}",0.7,5,success,,,0.8915711999870837,0,,0.9505,0.9504000400040004,0.9855245524552454,0.04056950282139797,0.14599079496634643,kernel_effective_rank,138.07164570624224,10302.0,,138.07164570624224,0.3434,,,,,,,1.0,1.0,0.7666666666666667
PHASE1-FAMILY-CAPACITY,PHASE1-FAMILY-CAPACITY-complete-fef9a5cb6b20,f58a05c50f1fdb5155fb3ee17c7c69c5bd561b2beac37cc7d387beb9da226fcb,RF-L,c0f016366401e1557f071472bcb386b5eb2aff8542b2c2766d492e6f207fd133,random_forest,low,0.0,weak,1.0,"{""max_depth"":4,""max_features"":""sqrt"",""min_samples_leaf"":1,""n_estimators"":200,""n_jobs"":-1}",0.7,5,success,,,0.3398536000167951,0,,0.911,0.9108310831083108,0.9749994999499949,0.06919653272489695,0.25009799587133485,tree_total_leaves,3186.0,6172.0,,,,3186.0,4.0,,,,,1.0,,0.03333333333333333
PHASE1-FAMILY-CAPACITY,PHASE1-FAMILY-CAPACITY-complete-fef9a5cb6b20,b053b2827e85d0fa9548123a605f91210d15cbd629d6fa899bb3030b6456defe,RF-M,5a017704fedc5eeaa5bfa51b469c2790db92ae9033f8403d454222bd9ca5b60a,random_forest,medium,0.5,strong,0.0,"{""max_depth"":10,""max_features"":""sqrt"",""min_samples_leaf"":10,""n_estimators"":250,""n_jobs"":-1}",0.7,5,success,,,0.6926817999919876,0,,0.9345,0.9343784378437844,0.9859005900590058,0.049583391918652665,0.17200335445189804,tree_total_leaves,27380.0,54510.0,,,,27380.0,9.996,,,,,1.0,,0.6666666666666666
PHASE1-FAMILY-CAPACITY,PHASE1-FAMILY-CAPACITY-complete-fef9a5cb6b20,eea33ae8563dad399b6dd296a2e43f355e13a212b8c184091ec024180d548263,RF-H,7ff7f8153ba561892eb3cfceb961e6a4c2bf8946870c60775c3bfce39fbaf2f9,random_forest,high,1.0,medium,0.5,"{""max_depth"":null,""max_features"":""sqrt"",""min_samples_leaf"":2,""n_estimators"":300,""n_jobs"":-1}",0.7,5,success,,,0.7429842999554239,0,,0.9365,0.9364186418641864,0.9868116811681168,0.04617396720382789,0.15712707085903793,tree_total_leaves,71673.0,143046.0,,,,71673.0,14.8,,,,,1.0,,0.9666666666666667
PHASE1-FAMILY-CAPACITY,PHASE1-FAMILY-CAPACITY-complete-fef9a5cb6b20,3b6c803753272303cae599ef9cb6d838828d361cbd794f9d9790cb5cf0711821,HGB-L,67769b8c901577287f7c69e46ea16a110fbcab250556e6c9ee68848fdafe1020,gradient_boosting,low,0.0,strong,0.0,"{""early_stopping"":false,""l2_regularization"":1.0,""learning_rate"":0.08,""max_iter"":100,""max_leaf_nodes"":7}",0.7,5,success,,,0.17011080001248047,0,,0.942,0.9419341934193419,0.9892189218921893,0.04178175171353432,0.1409765985052491,boosting_total_leaves,700.0,1300.0,,,,,,700.0,100.0,,100.0,1.0,,0.18333333333333332
PHASE1-FAMILY-CAPACITY,PHASE1-FAMILY-CAPACITY-complete-fef9a5cb6b20,4aa63d3e49047a8d14aee4c58b5cbee41c6e9d516cd54ed61f16c59eb6d3d954,HGB-M,2d985fd608b45e3358b349990cabdc1f6ba1762a96e3f4ecf6a7596687075e1f,gradient_boosting,medium,0.5,weak,1.0,"{""early_stopping"":false,""l2_regularization"":0.01,""learning_rate"":0.08,""max_iter"":200,""max_leaf_nodes"":31}",0.7,5,success,,,1.919379300030414,0,,0.937,0.9369336933693369,0.9880118011801179,0.046211018968387835,0.16025501505781636,boosting_total_leaves,6200.0,12200.0,,,,,,6200.0,200.0,,200.0,1.0,,0.5166666666666667
PHASE1-FAMILY-CAPACITY,PHASE1-FAMILY-CAPACITY-complete-fef9a5cb6b20,f7aa0af4ec3a67398002d9c38ca126f497924e82b9cf144e6e08fdb66eb93617,HGB-H,e48f60055c364417c78405d739a17860d6e752f2fc096ea1f14f2b30f76dde1e,gradient_boosting,high,1.0,medium,0.5,"{""early_stopping"":false,""l2_regularization"":0.1,""learning_rate"":0.05,""max_iter"":300,""max_leaf_nodes"":63}",0.7,5,success,,,4.010221500007901,0,,0.9375,0.9374487448744875,0.988069806980698,0.048975887890151254,0.18390141178308317,boosting_total_leaves,18900.0,37500.0,,,,,,18900.0,300.0,,300.0,1.0,,0.85
PHASE1-FAMILY-CAPACITY,PHASE1-FAMILY-CAPACITY-complete-fef9a5cb6b20,558a77523a0629a80ae8bbd8ca36d3158307441dc5dbd3eeea6eda0ac5a9dce8,MLP-L,cf054be6f8198498238d75783b4261fc719b2300545c3ec57821015192487ce8,mlp,low,0.0,weak,1.0,"{""alpha"":0.0001,""early_stopping"":true,""hidden_layer_sizes"":[16],""learning_rate_init"":0.001,""max_iter"":250}",0.7,5,success,,,0.5736719000269659,0,,0.953,0.952945294529453,0.9918631863186318,0.03571617985860751,0.12340241437572314,mlp_parameter_count,113.0,113.0,,,,,,,,113.0,44.0,1.0,,0.18333333333333332
PHASE1-FAMILY-CAPACITY,PHASE1-FAMILY-CAPACITY-complete-fef9a5cb6b20,d2ded8be2b34868cb0d824a7953cdce6018cc169cb5d27dd157fc136d3029936,MLP-M,22caf9c6783beb7ef5313eeda008a6c74091af4d4ec3b2f9a80c796f31fc80c5,mlp,medium,0.5,medium,0.5,"{""alpha"":0.001,""early_stopping"":true,""hidden_layer_sizes"":[64,64],""learning_rate_init"":0.001,""max_iter"":300}",0.7,5,success,,,0.399833099974785,0,,0.952,0.9519051905190519,0.9922122212221222,0.034209363939310664,0.11587849126417722,mlp_parameter_count,4609.0,4609.0,,,,,,,,4609.0,18.0,1.0,,0.5166666666666667
PHASE1-FAMILY-CAPACITY,PHASE1-FAMILY-CAPACITY-complete-fef9a5cb6b20,5ed99f2c81955bc636a915201ccf75d6eef7bddfda2671e376822c0ffcef014e,MLP-H,5d197816eeb622fc60ae6d2ceb820addf08e9a7cafa95fd016fcc47c1733d867,mlp,high,1.0,strong,0.0,"{""alpha"":0.01,""early_stopping"":true,""hidden_layer_sizes"":[128,128,64],""learning_rate_init"":0.001,""max_iter"":350}",0.7,5,success,,,2.4135347999981605,0,,0.9505,0.9504000400040004,0.9920902090209021,0.03532015418423501,0.11809251197759574,mlp_parameter_count,25601.0,25601.0,,,,,,,,25601.0,35.0,1.0,,0.85
PHASE1-FAMILY-CAPACITY,PHASE1-FAMILY-CAPACITY-complete-fef9a5cb6b20,6cd44a30466d568d3a13661ddece000793af6a83c5f99e820d07359a4376e7f1,LR-L,1d2a1642b5cc9ffeec4e67e117c0a2ab4fd6a563b127af2c2fb9c9262e90d737,logistic_regression,low,0.0,strong,0.0,"{""C"":0.03,""max_iter"":1500,""solver"":""lbfgs""}",0.7,6,success,,,0.005724000046029687,0,,0.9475,0.9474651594425512,0.9921868749899999,0.03810264140663362,0.13879624365707183,effective_degrees_of_freedom,4.236784989589273,6.0,4.236784989589273,,,,,,,,8.0,1.0,,0.13333333333333333
PHASE1-FAMILY-CAPACITY,PHASE1-FAMILY-CAPACITY-complete-fef9a5cb6b20,6aa2a101dce6b192b04019f4b2372dc7fb527d80842a859d31af46d371227129,LR-M,2f0277ba6749dc50e77a697ebcae33e3932a27b63e857544fc1ec7f72f723bce,logistic_regression,medium,0.5,medium,0.5,"{""C"":1.0,""max_iter"":1500,""solver"":""lbfgs""}",0.7,6,success,,,0.007084900047630072,0,,0.9495,0.9494731915710651,0.9927508840141444,0.034170002189485446,0.11133603510477152,effective_degrees_of_freedom,4.903444004741136,6.0,4.903444004741136,,,,,,,,10.0,1.0,,0.4666666666666667
PHASE1-FAMILY-CAPACITY,PHASE1-FAMILY-CAPACITY-complete-fef9a5cb6b20,27c741041d1d2b4574429aad3a10df306976202a7c878c86b9a549784a983ea1,LR-H,7b1c2ec5fbbfbbdee64cc420019e5c8a9abaac2c5fc3f68515c1e2c1fa714d43,logistic_regression,high,1.0,weak,1.0,"{""C"":30.0,""max_iter"":1500,""solver"":""lbfgs""}",0.7,6,success,,,0.008558799978345633,0,,0.9515,0.9514772236355782,0.9927718843501497,0.034263322483015286,0.11102739080917723,effective_degrees_of_freedom,4.9959521102666,6.0,4.9959521102666,,,,,,,,13.0,1.0,,0.8
PHASE1-FAMILY-CAPACITY,PHASE1-FAMILY-CAPACITY-complete-fef9a5cb6b20,d55eafb33c6e4b1ab9c2f53b8fa54787345802f4c47694d3371da96ba5f5fc58,SVM-L,3fbd371b0e2cef95735dd4da149551608834096e78275a14901c17ac75cb096e,rbf_svm,low,0.0,medium,0.5,"{""C"":1.0,""cache_size"":1000,""calibration_cv"":3,""gamma"":0.05}",0.7,6,success,,,0.39321080001536757,0,,0.9475,0.9474811596985552,0.9927318837101394,0.034796540921367844,0.11229213472523511,kernel_effective_rank,2.3652188914598953,4242.0,,2.3652188914598953,0.1414,,,,,,,1.0,0.05,0.3
PHASE1-FAMILY-CAPACITY,PHASE1-FAMILY-CAPACITY-complete-fef9a5cb6b20,e2aa5e10e2cd340c957f9407a5383e4519d8c740b99d6eaa738899703eadb7ab,SVM-M,9db1d2bf313ca7ba2163130db40ea44518e99de2cc5a6c1b05d6c5c600e866d4,rbf_svm,medium,0.5,weak,1.0,"{""C"":10.0,""cache_size"":1000,""calibration_cv"":3,""gamma"":""scale""}",0.7,6,success,,,0.3406758999917656,0,,0.946,0.9459631354101665,0.9918068689099027,0.03640307297689794,0.12039328851630038,kernel_effective_rank,11.123449903490007,3600.0,,11.123449903490007,0.12,,,,,,,1.0,0.2,0.6666666666666666
PHASE1-FAMILY-CAPACITY,PHASE1-FAMILY-CAPACITY-complete-fef9a5cb6b20,99caac82c24f16a82afcec5a9f798a136394251bbfb2a31fc96007f187b56c36,SVM-H,405d3f89ec540b5d9527e4410c3337cad0e3f8b2cd09be2fa431cfc7a19bc06a,rbf_svm,high,1.0,strong,0.0,"{""C"":0.3,""cache_size"":1000,""calibration_cv"":3,""gamma"":1.0}",0.7,6,success,,,0.8788808999815956,0,,0.945,0.9449551192819086,0.9851267620281924,0.04146203651694799,0.15033929380814134,kernel_effective_rank,168.79632490402454,9930.0,,168.79632490402454,0.331,,,,,,,1.0,1.0,1.0
PHASE1-FAMILY-CAPACITY,PHASE1-FAMILY-CAPACITY-complete-fef9a5cb6b20,552244d9b091eebf13d9f3f1f968ca0c3115ff9785387dde54db4a75fb8f4eca,RF-L,c0f016366401e1557f071472bcb386b5eb2aff8542b2c2766d492e6f207fd133,random_forest,low,0.0,weak,1.0,"{""max_depth"":4,""max_features"":""sqrt"",""min_samples_leaf"":1,""n_estimators"":200,""n_jobs"":-1}",0.7,6,success,,,0.40278100001160055,0,,0.9115,0.9114645834333349,0.9767986287780605,0.06745940237556208,0.24459127611007245,tree_total_leaves,3195.0,6190.0,,,,3195.0,4.0,,,,,1.0,,0.13333333333333333
PHASE1-FAMILY-CAPACITY,PHASE1-FAMILY-CAPACITY-complete-fef9a5cb6b20,9dfdf41f8d3963666f530d628a642c1ae2c40f12511e1f97b5c07fcc4e913415,RF-M,5a017704fedc5eeaa5bfa51b469c2790db92ae9033f8403d454222bd9ca5b60a,random_forest,medium,0.5,strong,0.0,"{""max_depth"":10,""max_features"":""sqrt"",""min_samples_leaf"":10,""n_estimators"":250,""n_jobs"":-1}",0.7,6,success,,,0.9174261000007391,0,,0.938,0.9379510072161155,0.9860247763964225,0.048139842813208905,0.16588963803348156,tree_total_leaves,25993.0,51736.0,,,,25993.0,9.98,,,,,1.0,,0.36666666666666664
PHASE1-FAMILY-CAPACITY,PHASE1-FAMILY-CAPACITY-complete-fef9a5cb6b20,265646e93c7320b138a024be19ac28928c89fabbffd5825229c0068e3cc22030,RF-H,7ff7f8153ba561892eb3cfceb961e6a4c2bf8946870c60775c3bfce39fbaf2f9,random_forest,high,1.0,medium,0.5,"{""max_depth"":null,""max_features"":""sqrt"",""min_samples_leaf"":2,""n_estimators"":300,""n_jobs"":-1}",0.7,6,success,,,0.7870496999821626,0,,0.9425,0.942453079249268,0.9872992967887487,0.0435357967772955,0.15003370187347018,tree_total_leaves,68561.0,136822.0,,,,68561.0,14.226666666666667,,,,,1.0,,0.8
PHASE1-FAMILY-CAPACITY,PHASE1-FAMILY-CAPACITY-complete-fef9a5cb6b20,555dae0f1749f54eb6497f0ee1a4dd837a574713a294a8aba05f2f32d9055503,HGB-L,67769b8c901577287f7c69e46ea16a110fbcab250556e6c9ee68848fdafe1020,gradient_boosting,low,0.0,strong,0.0,"{""early_stopping"":false,""l2_regularization"":1.0,""learning_rate"":0.08,""max_iter"":100,""max_leaf_nodes"":7}",0.7,6,success,,,0.19206520001171157,0,,0.942,0.9419710715371445,0.9893458295332725,0.040209682089619975,0.13725719758355873,boosting_total_leaves,700.0,1300.0,,,,,,700.0,100.0,,100.0,1.0,,0.18333333333333332
PHASE1-FAMILY-CAPACITY,PHASE1-FAMILY-CAPACITY-complete-fef9a5cb6b20,897adc1931ee7231db37740a12ac1bd7a41c66ad61aa4dd0ddb3e3c7101745fe,HGB-M,2d985fd608b45e3358b349990cabdc1f6ba1762a96e3f4ecf6a7596687075e1f,gradient_boosting,medium,0.5,weak,1.0,"{""early_stopping"":false,""l2_regularization"":0.01,""learning_rate"":0.08,""max_iter"":200,""max_leaf_nodes"":31}",0.7,6,success,,,1.9617716000066139,0,,0.945,0.9449711195379127,0.9894048304772877,0.04386787777792057,0.15894643229372837,boosting_total_leaves,6200.0,12200.0,,,,,,6200.0,200.0,,200.0,1.0,,0.5166666666666667
PHASE1-FAMILY-CAPACITY,PHASE1-FAMILY-CAPACITY-complete-fef9a5cb6b20,11ad79df1b6c8bb44303f0798e297e8693bc1856f1ce8624c42807c25062026a,HGB-H,e48f60055c364417c78405d739a17860d6e752f2fc096ea1f14f2b30f76dde1e,gradient_boosting,high,1.0,medium,0.5,"{""early_stopping"":false,""l2_regularization"":0.1,""learning_rate"":0.05,""max_iter"":300,""max_leaf_nodes"":63}",0.7,6,success,,,4.014290600025561,0,,0.9445,0.944465111441783,0.9885598169570713,0.04716386880993707,0.195387923558159,boosting_total_leaves,18900.0,37500.0,,,,,,18900.0,300.0,,300.0,1.0,,0.85
PHASE1-FAMILY-CAPACITY,PHASE1-FAMILY-CAPACITY-complete-fef9a5cb6b20,c0c34629c4233ce2a34744bda51cc211fffe412574dbccab294dfb0e7886e1b9,MLP-L,cf054be6f8198498238d75783b4261fc719b2300545c3ec57821015192487ce8,mlp,low,0.0,weak,1.0,"{""alpha"":0.0001,""early_stopping"":true,""hidden_layer_sizes"":[16],""learning_rate_init"":0.001,""max_iter"":250}",0.7,6,success,,,0.19892300001811236,0,,0.9405,0.940473047568761,0.9897568361093777,0.05212394656185811,0.1977230382367976,mlp_parameter_count,113.0,113.0,,,,,,,,113.0,24.0,1.0,,0.18333333333333332
PHASE1-FAMILY-CAPACITY,PHASE1-FAMILY-CAPACITY-complete-fef9a5cb6b20,e5e6a256e62fafa491d5ba219173b62dff89d5c107af37f78ff5bfdab2ebefec,MLP-M,22caf9c6783beb7ef5313eeda008a6c74091af4d4ec3b2f9a80c796f31fc80c5,mlp,medium,0.5,medium,0.5,"{""alpha"":0.001,""early_stopping"":true,""hidden_layer_sizes"":[64,64],""learning_rate_init"":0.001,""max_iter"":300}",0.7,6,success,,,0.3909982000477612,0,,0.949,0.9489751836029376,0.9926668826701228,0.034727356924857226,0.11279465835933422,mlp_parameter_count,4609.0,4609.0,,,,,,,,4609.0,21.0,1.0,,0.5166666666666667
PHASE1-FAMILY-CAPACITY,PHASE1-FAMILY-CAPACITY-complete-fef9a5cb6b20,dca6229a6a75ce58d331622628165d1093ecb71faf22d4aabc4508d2516f0f5a,MLP-H,5d197816eeb622fc60ae6d2ceb820addf08e9a7cafa95fd016fcc47c1733d867,mlp,high,1.0,strong,0.0,"{""alpha"":0.01,""early_stopping"":true,""hidden_layer_sizes"":[128,128,64],""learning_rate_init"":0.001,""max_iter"":350}",0.7,6,success,,,1.0935524000087753,0,,0.948,0.9480031680506888,0.9925518808300933,0.035044293561261,0.11377375348080708,mlp_parameter_count,25601.0,25601.0,,,,,,,,25601.0,14.0,1.0,,0.85
PHASE1-FAMILY-CAPACITY,PHASE1-FAMILY-CAPACITY-complete-fef9a5cb6b20,29e724b279e7b77cba7ba110f1b529e3f3771d2c974daf783d3c3db78154c612,LR-L,1d2a1642b5cc9ffeec4e67e117c0a2ab4fd6a563b127af2c2fb9c9262e90d737,logistic_regression,low,0.0,strong,0.0,"{""C"":0.03,""max_iter"":1500,""solver"":""lbfgs""}",0.7,7,success,,,0.012715200020466,0,,0.954,0.9540653854154998,0.9906016466371158,0.03907150179946338,0.14119789476462938,effective_degrees_of_freedom,4.2522274193165925,6.0,4.2522274193165925,,,,,,,,9.0,1.0,,0.3
PHASE1-FAMILY-CAPACITY,PHASE1-FAMILY-CAPACITY-complete-fef9a5cb6b20,6045e067cba4cecc61346fcb5b6e8ae982efc0e2d4ee5246114dcfcdd6cc7820,LR-M,2f0277ba6749dc50e77a697ebcae33e3932a27b63e857544fc1ec7f72f723bce,logistic_regression,medium,0.5,medium,0.5,"{""C"":1.0,""max_iter"":1500,""solver"":""lbfgs""}",0.7,7,success,,,0.015166299999691546,0,,0.954,0.9540293802307531,0.9913627562368982,0.03534842851649026,0.11953570900116178,effective_degrees_of_freedom,4.905889297994467,6.0,4.905889297994467,,,,,,,,10.0,1.0,,0.5
PHASE1-FAMILY-CAPACITY,PHASE1-FAMILY-CAPACITY-complete-fef9a5cb6b20,d91d9731d3cc64cbb2d39c8f5014a383d1f9b08deabe079c4c41146dc1314013,LR-H,7b1c2ec5fbbfbbdee64cc420019e5c8a9abaac2c5fc3f68515c1e2c1fa714d43,logistic_regression,high,1.0,weak,1.0,"{""C"":30.0,""max_iter"":1500,""solver"":""lbfgs""}",0.7,7,success,,,0.014226999948732555,0,,0.9545,0.9545234513769982,0.9913647565249397,0.03538733383164974,0.1200053461910645,effective_degrees_of_freedom,4.99607564222483,6.0,4.99607564222483,,,,,,,,12.0,1.0,,0.8333333333333334
PHASE1-FAMILY-CAPACITY,PHASE1-FAMILY-CAPACITY-complete-fef9a5cb6b20,83e8258d67d86797f81c19e9d196a0f4b41fcc8008c0e99a03f70b14b9994bbd,SVM-L,3fbd371b0e2cef95735dd4da149551608834096e78275a14901c17ac75cb096e,rbf_svm,low,0.0,medium,0.5,"{""C"":1.0,""cache_size"":1000,""calibration_cv"":3,""gamma"":0.05}",0.7,7,success,,,0.5875635999836959,0,,0.954,0.9540293802307531,0.9911777295930615,0.03536892958706064,0.12174431836495944,kernel_effective_rank,2.3676100990051507,4284.0,,2.3676100990051507,0.1428,,,,,,,1.0,0.05,0.3333333333333333
PHASE1-FAMILY-CAPACITY,PHASE1-FAMILY-CAPACITY-complete-fef9a5cb6b20,e1a00190e14eb1192163bd283c3a5aaf60f0cc886ae321a11b162c4f6430c193,SVM-M,9db1d2bf313ca7ba2163130db40ea44518e99de2cc5a6c1b05d6c5c600e866d4,rbf_svm,medium,0.5,weak,1.0,"{""C"":10.0,""cache_size"":1000,""calibration_cv"":3,""gamma"":""scale""}",0.7,7,success,,,0.408301199960988,0,,0.9535,0.9535713142692548,0.9883243187018931,0.03774076371595404,0.1346709846344484,kernel_effective_rank,11.060475664347948,3648.0,,11.060475664347948,0.1216,,,,,,,1.0,0.2,0.6333333333333333
PHASE1-FAMILY-CAPACITY,PHASE1-FAMILY-CAPACITY-complete-fef9a5cb6b20,28a2d4a588b156ff3f848eeb2561988a7dbbd9cde20fed3000a97c37eca3cf8c,SVM-H,405d3f89ec540b5d9527e4410c3337cad0e3f8b2cd09be2fa431cfc7a19bc06a,rbf_svm,high,1.0,strong,0.0,"{""C"":0.3,""cache_size"":1000,""calibration_cv"":3,""gamma"":1.0}",0.7,7,success,,,0.9599835000117309,0,,0.95,0.950052807604295,0.9810932774319504,0.04144416048726723,0.16057095321366904,kernel_effective_rank,163.30750594482797,10206.0,,163.30750594482797,0.3402,,,,,,,1.0,1.0,0.9333333333333333
PHASE1-FAMILY-CAPACITY,PHASE1-FAMILY-CAPACITY-complete-fef9a5cb6b20,d3fcc833d133e49db08abc970ad19060216733a3199828797fc299891dae170c,RF-L,c0f016366401e1557f071472bcb386b5eb2aff8542b2c2766d492e6f207fd133,random_forest,low,0.0,weak,1.0,"{""max_depth"":4,""max_features"":""sqrt"",""min_samples_leaf"":1,""n_estimators"":200,""n_jobs"":-1}",0.7,7,success,,,0.34930409997468814,0,,0.9175,0.9175421260661536,0.9763705973660207,0.06668343890740863,0.24438103753042115,tree_total_leaves,3198.0,6196.0,,,,3198.0,4.0,,,,,1.0,,0.26666666666666666
PHASE1-FAMILY-CAPACITY,PHASE1-FAMILY-CAPACITY-complete-fef9a5cb6b20,d0b2eed832d037db4d1e321791a6126889fd7e232730f99d6d7ef1f2925919f2,RF-M,5a017704fedc5eeaa5bfa51b469c2790db92ae9033f8403d454222bd9ca5b60a,random_forest,medium,0.5,strong,0.0,"{""max_depth"":10,""max_features"":""sqrt"",""min_samples_leaf"":10,""n_estimators"":250,""n_jobs"":-1}",0.7,7,success,,,0.7435316999908537,0,,0.941,0.9410635131458931,0.9856899393512666,0.04786267892155134,0.16992006331874862,tree_total_leaves,26560.0,52870.0,,,,26560.0,9.988,,,,,1.0,,0.5333333333333333
PHASE1-FAMILY-CAPACITY,PHASE1-FAMILY-CAPACITY-complete-fef9a5cb6b20,7329e3269cd77b4991578d79e31281a1c516b8c77bcd836e494519262da8287a,RF-H,7ff7f8153ba561892eb3cfceb961e6a4c2bf8946870c60775c3bfce39fbaf2f9,random_forest,high,1.0,medium,0.5,"{""max_depth"":null,""max_features"":""sqrt"",""min_samples_leaf"":2,""n_estimators"":300,""n_jobs"":-1}",0.7,7,success,,,0.6577390999882482,0,,0.945,0.9451000944135955,0.9865350610487911,0.04337009848324882,0.1538391246597882,tree_total_leaves,69258.0,138216.0,,,,69258.0,14.07,,,,,1.0,,0.8666666666666667
PHASE1-FAMILY-CAPACITY,PHASE1-FAMILY-CAPACITY-complete-fef9a5cb6b20,c2222aef12faade37241d2ce030a5aee3cec38a49a3d9a8ae787c8b5b91a4a57,HGB-L,67769b8c901577287f7c69e46ea16a110fbcab250556e6c9ee68848fdafe1020,gradient_boosting,low,0.0,strong,0.0,"{""early_stopping"":false,""l2_regularization"":1.0,""learning_rate"":0.08,""max_iter"":100,""max_leaf_nodes"":7}",0.7,7,success,,,0.15473690000362694,0,,0.9435,0.9435218671488694,0.988738378326479,0.04084298749911511,0.14074987691984928,boosting_total_leaves,700.0,1300.0,,,,,,700.0,100.0,,100.0,1.0,,0.18333333333333332
PHASE1-FAMILY-CAPACITY,PHASE1-FAMILY-CAPACITY-complete-fef9a5cb6b20,4468ae01861eb5b7892598a0c6fcb3e0ed8721874eed3349e20937415f47feae,HGB-M,2d985fd608b45e3358b349990cabdc1f6ba1762a96e3f4ecf6a7596687075e1f,gradient_boosting,medium,0.5,weak,1.0,"{""early_stopping"":false,""l2_regularization"":0.01,""learning_rate"":0.08,""max_iter"":200,""max_leaf_nodes"":31}",0.7,7,success,,,1.9050024999887682,0,,0.9465,0.9465703061240819,0.9887193755900849,0.04246428005586199,0.159608995636109,boosting_total_leaves,6200.0,12200.0,,,,,,6200.0,200.0,,200.0,1.0,,0.5166666666666667
PHASE1-FAMILY-CAPACITY,PHASE1-FAMILY-CAPACITY-complete-fef9a5cb6b20,3c5c1cf82179a76a8dc2750f17deecc6cff942323807f9a406fb93f64125839b,HGB-H,e48f60055c364417c78405d739a17860d6e752f2fc096ea1f14f2b30f76dde1e,gradient_boosting,high,1.0,medium,0.5,"{""early_stopping"":false,""l2_regularization"":0.1,""learning_rate"":0.05,""max_iter"":300,""max_leaf_nodes"":63}",0.7,7,success,,,4.190286200027913,0,,0.9465,0.946558304395833,0.9879032580691619,0.04473931476468262,0.19362724930972428,boosting_total_leaves,18900.0,37500.0,,,,,,18900.0,300.0,,300.0,1.0,,0.85
PHASE1-FAMILY-CAPACITY,PHASE1-FAMILY-CAPACITY-complete-fef9a5cb6b20,eb21d6817f821fcf364449dd765ae61b14a18f8956e4e49e4415949565618526,MLP-L,cf054be6f8198498238d75783b4261fc719b2300545c3ec57821015192487ce8,mlp,low,0.0,weak,1.0,"{""alpha"":0.0001,""early_stopping"":true,""hidden_layer_sizes"":[16],""learning_rate_init"":0.001,""max_iter"":250}",0.7,7,success,,,0.3304214999661781,0,,0.954,0.9540533836872509,0.9902916019906867,0.03638713677255927,0.12632196549958147,mlp_parameter_count,113.0,113.0,,,,,,,,113.0,46.0,1.0,,0.18333333333333332
PHASE1-FAMILY-CAPACITY,PHASE1-FAMILY-CAPACITY-complete-fef9a5cb6b20,38534a25769524e33106e01ee9042a00eb592e9c541d1dfa0cb42a9788b3ebea,MLP-M,22caf9c6783beb7ef5313eeda008a6c74091af4d4ec3b2f9a80c796f31fc80c5,mlp,medium,0.5,medium,0.5,"{""alpha"":0.001,""early_stopping"":true,""hidden_layer_sizes"":[64,64],""learning_rate_init"":0.001,""max_iter"":300}",0.7,7,success,,,0.32878209999762475,0,,0.955,0.9551015346209855,0.9905406378518506,0.03604959663393546,0.12494568025515446,mlp_parameter_count,4609.0,4609.0,,,,,,,,4609.0,17.0,1.0,,0.5166666666666667
PHASE1-FAMILY-CAPACITY,PHASE1-FAMILY-CAPACITY-complete-fef9a5cb6b20,79950f74f95eb0983927aaa27a20b177a909d6e514e5de41f585e6245bbcc7d5,MLP-H,5d197816eeb622fc60ae6d2ceb820addf08e9a7cafa95fd016fcc47c1733d867,mlp,high,1.0,strong,0.0,"{""alpha"":0.01,""early_stopping"":true,""hidden_layer_sizes"":[128,128,64],""learning_rate_init"":0.001,""max_iter"":350}",0.7,7,success,,,1.427150800009258,0,,0.9545,0.9546554703877359,0.991171728728937,0.03700492227120042,0.12702086972764995,mlp_parameter_count,25601.0,25601.0,,,,,,,,25601.0,17.0,1.0,,0.85
PHASE1-FAMILY-CAPACITY,PHASE1-FAMILY-CAPACITY-complete-fef9a5cb6b20,4c86008b98a5247998feb37d14e163ee582740e65349f4b76dc7d44b1c59d416,LR-L,1d2a1642b5cc9ffeec4e67e117c0a2ab4fd6a563b127af2c2fb9c9262e90d737,logistic_regression,low,0.0,strong,0.0,"{""C"":0.03,""max_iter"":1500,""solver"":""lbfgs""}",0.7,8,success,,,0.012407100002747029,0,,0.9455,0.9455005120327701,0.989391321044547,0.04294371560885575,0.15349251191151658,effective_degrees_of_freedom,4.252459028192178,6.0,4.252459028192178,,,,,,,,8.0,1.0,,0.3333333333333333
PHASE1-FAMILY-CAPACITY,PHASE1-FAMILY-CAPACITY-complete-fef9a5cb6b20,d3b56ce24643b0b41d84f5a6de4de6fa49d2bbd5d17cd9cca5a10f6630673309,LR-M,2f0277ba6749dc50e77a697ebcae33e3932a27b63e857544fc1ec7f72f723bce,logistic_regression,medium,0.5,medium,0.5,"{""C"":1.0,""max_iter"":1500,""solver"":""lbfgs""}",0.7,8,success,,,0.012982800020836294,0,,0.948,0.9480046722990272,0.9900393625192012,0.03873472128907396,0.12791042132471778,effective_degrees_of_freedom,4.909646919018891,6.0,4.909646919018891,,,,,,,,10.0,1.0,,0.6
PHASE1-FAMILY-CAPACITY,PHASE1-FAMILY-CAPACITY-complete-fef9a5cb6b20,048c31c9df00f14da806de38f3eb33400315ba8ea9c874ba25fb09b70ed865f5,LR-H,7b1c2ec5fbbfbbdee64cc420019e5c8a9abaac2c5fc3f68515c1e2c1fa714d43,logistic_regression,high,1.0,weak,1.0,"{""C"":30.0,""max_iter"":1500,""solver"":""lbfgs""}",0.7,8,success,,,0.015095300041139126,0,,0.947,0.9470046082949308,0.9900913658474143,0.03879639671767693,0.12796204935337807,effective_degrees_of_freedom,4.996276724732626,6.0,4.996276724732626,,,,,,,,12.0,1.0,,0.9333333333333333
PHASE1-FAMILY-CAPACITY,PHASE1-FAMILY-CAPACITY-complete-fef9a5cb6b20,d407ddbca8388d03a3ae3f5258878c44de75d77c235935eee3046bb253c194fd,SVM-L,3fbd371b0e2cef95735dd4da149551608834096e78275a14901c17ac75cb096e,rbf_svm,low,0.0,medium,0.5,"{""C"":1.0,""cache_size"":1000,""calibration_cv"":3,""gamma"":0.05}",0.7,8,success,,,0.5278165999916382,0,,0.945,0.9450044802867383,0.9897843461981568,0.039227233902542756,0.13060597135309848,kernel_effective_rank,2.346874684385362,4470.0,,2.346874684385362,0.149,,,,,,,1.0,0.05,0.26666666666666666
PHASE1-FAMILY-CAPACITY,PHASE1-FAMILY-CAPACITY-complete-fef9a5cb6b20,5c3f518ae0276a538dd3aacd1d813372daa31c067969027bcf47fe52c23b2004,SVM-M,9db1d2bf313ca7ba2163130db40ea44518e99de2cc5a6c1b05d6c5c600e866d4,rbf_svm,medium,0.5,weak,1.0,"{""C"":10.0,""cache_size"":1000,""calibration_cv"":3,""gamma"":""scale""}",0.7,8,success,,,0.42029229999752715,0,,0.9415,0.9414442524321556,0.9874681979646697,0.0427337785347481,0.1433759314767078,kernel_effective_rank,10.762528045938788,3816.0,,10.762528045938788,0.1272,,,,,,,1.0,0.2,0.6
PHASE1-FAMILY-CAPACITY,PHASE1-FAMILY-CAPACITY-complete-fef9a5cb6b20,c819e5bfd821063532c2318df78f5d2c3f8571a3ab883fbe33f00c1da9d1caf5,SVM-H,405d3f89ec540b5d9527e4410c3337cad0e3f8b2cd09be2fa431cfc7a19bc06a,rbf_svm,high,1.0,strong,0.0,"{""C"":0.3,""cache_size"":1000,""calibration_cv"":3,""gamma"":1.0}",0.7,8,success,,,1.0018644999945536,0,,0.942,0.9419962877624168,0.9797257024449565,0.047171425942172954,0.17348581241017288,kernel_effective_rank,163.65917303068647,10278.0,,163.65917303068647,0.3426,,,,,,,1.0,1.0,0.9666666666666667
PHASE1-FAMILY-CAPACITY,PHASE1-FAMILY-CAPACITY-complete-fef9a5cb6b20,49190cf34cf069141811f1011d2a445b4bfd712664c3baa9ad43a8609635f957,RF-L,c0f016366401e1557f071472bcb386b5eb2aff8542b2c2766d492e6f207fd133,random_forest,low,0.0,weak,1.0,"{""max_depth"":4,""max_features"":""sqrt"",""min_samples_leaf"":1,""n_estimators"":200,""n_jobs"":-1}",0.7,8,success,,,0.3431466000038199,0,,0.9085,0.9085061443932412,0.9733032914106503,0.07239377027440463,0.2588981792890155,tree_total_leaves,3194.0,6188.0,,,,3194.0,4.0,,,,,1.0,,0.1
PHASE1-FAMILY-CAPACITY,PHASE1-FAMILY-CAPACITY-complete-fef9a5cb6b20,c0d498afa553b43fb66f2da14d1d7acfed396f237bb91895f6463669c027eeb8,RF-M,5a017704fedc5eeaa5bfa51b469c2790db92ae9033f8403d454222bd9ca5b60a,random_forest,medium,0.5,strong,0.0,"{""max_depth"":10,""max_features"":""sqrt"",""min_samples_leaf"":10,""n_estimators"":250,""n_jobs"":-1}",0.7,8,success,,,0.8202476000296883,0,,0.932,0.9320196492575525,0.9824938796082949,0.05415111209477786,0.18477118054732322,tree_total_leaves,26846.0,53442.0,,,,26846.0,9.996,,,,,1.0,,0.6
PHASE1-FAMILY-CAPACITY,PHASE1-FAMILY-CAPACITY-complete-fef9a5cb6b20,1d9e86a3164f0adea1cdbd3961e72425ca97e53f8ec6f777e106d566bbd57dcd,RF-H,7ff7f8153ba561892eb3cfceb961e6a4c2bf8946870c60775c3bfce39fbaf2f9,random_forest,high,1.0,medium,0.5,"{""max_depth"":null,""max_features"":""sqrt"",""min_samples_leaf"":2,""n_estimators"":300,""n_jobs"":-1}",0.7,8,success,,,0.6687116000102833,0,,0.934,0.933987775217614,0.9831129192268306,0.050432384717597985,0.17139342133068505,tree_total_leaves,70851.0,141402.0,,,,70851.0,13.996666666666666,,,,,1.0,,0.9333333333333333
PHASE1-FAMILY-CAPACITY,PHASE1-FAMILY-CAPACITY-complete-fef9a5cb6b20,188a59b25f432d2c4e85af3ded2d82fddb9a71276e50beeee5bdb3ee2123fa76,HGB-L,67769b8c901577287f7c69e46ea16a110fbcab250556e6c9ee68848fdafe1020,gradient_boosting,low,0.0,strong,0.0,"{""early_stopping"":false,""l2_regularization"":1.0,""learning_rate"":0.08,""max_iter"":100,""max_leaf_nodes"":7}",0.7,8,success,,,0.17516499996418133,0,,0.9345,0.9344998079877112,0.986503636232719,0.04627273169726036,0.15467883816322195,boosting_total_leaves,700.0,1300.0,,,,,,700.0,100.0,,100.0,1.0,,0.18333333333333332
PHASE1-FAMILY-CAPACITY,PHASE1-FAMILY-CAPACITY-complete-fef9a5cb6b20,4848e333083bee3e5a3dc4f14910628c93cdbfad75a236cde524704da13fd986,HGB-M,2d985fd608b45e3358b349990cabdc1f6ba1762a96e3f4ecf6a7596687075e1f,gradient_boosting,medium,0.5,weak,1.0,"{""early_stopping"":false,""l2_regularization"":0.01,""learning_rate"":0.08,""max_iter"":200,""max_leaf_nodes"":31}",0.7,8,success,,,1.767718099988997,0,,0.9305,0.9304915514592934,0.9838349654377879,0.05294252269147609,0.1952299984817123,boosting_total_leaves,6200.0,12200.0,,,,,,6200.0,200.0,,200.0,1.0,,0.5166666666666667
PHASE1-FAMILY-CAPACITY,PHASE1-FAMILY-CAPACITY-complete-fef9a5cb6b20,67bb3dd2e3c7c364e156c25c6d6c4958932138aff708f3754457d3313ee5a7dc,HGB-H,e48f60055c364417c78405d739a17860d6e752f2fc096ea1f14f2b30f76dde1e,gradient_boosting,high,1.0,medium,0.5,"{""early_stopping"":false,""l2_regularization"":0.1,""learning_rate"":0.05,""max_iter"":300,""max_leaf_nodes"":63}",0.7,8,success,,,3.6282933999900706,0,,0.928,0.9279873911930363,0.9830879176267281,0.056389915755246905,0.23428349721538339,boosting_total_leaves,18900.0,37500.0,,,,,,18900.0,300.0,,300.0,1.0,,0.85
PHASE1-FAMILY-CAPACITY,PHASE1-FAMILY-CAPACITY-complete-fef9a5cb6b20,e71813e5aeeb9167fa848d48ad558d23186da4385608c81cd13d8f173d755784,MLP-L,cf054be6f8198498238d75783b4261fc719b2300545c3ec57821015192487ce8,mlp,low,0.0,weak,1.0,"{""alpha"":0.0001,""early_stopping"":true,""hidden_layer_sizes"":[16],""learning_rate_init"":0.001,""max_iter"":250}",0.7,8,success,,,0.22893409995594993,0,,0.939,0.938996095750128,0.9869941676267281,0.04665351593047369,0.1691798969842839,mlp_parameter_count,113.0,113.0,,,,,,,,113.0,29.0,1.0,,0.18333333333333332
PHASE1-FAMILY-CAPACITY,PHASE1-FAMILY-CAPACITY-complete-fef9a5cb6b20,ecd529f7bd7b22b78b476fdc07afe46a56474b4df421170bb39a911c6645b825,MLP-M,22caf9c6783beb7ef5313eeda008a6c74091af4d4ec3b2f9a80c796f31fc80c5,mlp,medium,0.5,medium,0.5,"{""alpha"":0.001,""early_stopping"":true,""hidden_layer_sizes"":[64,64],""learning_rate_init"":0.001,""max_iter"":300}",0.7,8,success,,,0.3011903999722563,0,,0.945,0.9450044802867383,0.9889182907706093,0.04108496318970735,0.14027997712387658,mlp_parameter_count,4609.0,4609.0,,,,,,,,4609.0,15.0,1.0,,0.5166666666666667
PHASE1-FAMILY-CAPACITY,PHASE1-FAMILY-CAPACITY-complete-fef9a5cb6b20,1cebf5c81022c31fbf987975a8066833f992d6fbac8369d32315e29c9086b60e,MLP-H,5d197816eeb622fc60ae6d2ceb820addf08e9a7cafa95fd016fcc47c1733d867,mlp,high,1.0,strong,0.0,"{""alpha"":0.01,""early_stopping"":true,""hidden_layer_sizes"":[128,128,64],""learning_rate_init"":0.001,""max_iter"":350}",0.7,8,success,,,1.0484696999774314,0,,0.949,0.9490127368151562,0.9895693324372761,0.03903899005236096,0.1322219237296188,mlp_parameter_count,25601.0,25601.0,,,,,,,,25601.0,13.0,1.0,,0.85
PHASE1-FAMILY-CAPACITY,PHASE1-FAMILY-CAPACITY-complete-fef9a5cb6b20,a2e2c0f2b2f9d27590035c38eb34212074df31b3c10c592b0ffa475b01c530de,LR-L,1d2a1642b5cc9ffeec4e67e117c0a2ab4fd6a563b127af2c2fb9c9262e90d737,logistic_regression,low,0.0,strong,0.0,"{""C"":0.03,""max_iter"":1500,""solver"":""lbfgs""}",0.7,9,success,,,0.0080615000333637,0,,0.9535,0.9535606457107231,0.9929398531529485,0.035740396036523556,0.1331410701741034,effective_degrees_of_freedom,4.235687560931897,6.0,4.235687560931897,,,,,,,,8.0,1.0,,0.1
PHASE1-FAMILY-CAPACITY,PHASE1-FAMILY-CAPACITY-complete-fef9a5cb6b20,8b50780f77a4dac1d448e7bd86d0d28ed2bf14dfb5e46f89d9e84d9d746b487c,LR-M,2f0277ba6749dc50e77a697ebcae33e3932a27b63e857544fc1ec7f72f723bce,logistic_regression,medium,0.5,medium,0.5,"{""C"":1.0,""max_iter"":1500,""solver"":""lbfgs""}",0.7,9,success,,,0.009569299989379942,0,,0.9555,0.9554810456823024,0.9934732419934131,0.03104814355087231,0.10373681839728124,effective_degrees_of_freedom,4.8986770562348125,6.0,4.8986770562348125,,,,,,,,10.0,1.0,,0.43333333333333335
PHASE1-FAMILY-CAPACITY,PHASE1-FAMILY-CAPACITY-complete-fef9a5cb6b20,7e1d3801bd11937349320e2d6d6fde1b5e8cc0fb9b2200d01720294c153d6003,LR-H,7b1c2ec5fbbfbbdee64cc420019e5c8a9abaac2c5fc3f68515c1e2c1fa714d43,logistic_regression,high,1.0,weak,1.0,"{""C"":30.0,""max_iter"":1500,""solver"":""lbfgs""}",0.7,9,success,,,0.008895100036170334,0,,0.9565,0.9565087949114905,0.9935152726337501,0.031048681447386643,0.10322408459906782,effective_degrees_of_freedom,4.995723328468074,6.0,4.995723328468074,,,,,,,,10.0,1.0,,0.7666666666666667
PHASE1-FAMILY-CAPACITY,PHASE1-FAMILY-CAPACITY-complete-fef9a5cb6b20,76272bf4362dfd8c9af814f6856def870ed358a1169aed840c30f324b7accf69,SVM-L,3fbd371b0e2cef95735dd4da149551608834096e78275a14901c17ac75cb096e,rbf_svm,low,0.0,medium,0.5,"{""C"":1.0,""cache_size"":1000,""calibration_cv"":3,""gamma"":0.05}",0.7,9,success,,,0.41211289999773726,0,,0.9555,0.9555621047743805,0.9931470041660371,0.03171715360495146,0.10598047361841788,kernel_effective_rank,2.227674355717392,4200.0,,2.227674355717392,0.14,,,,,,,1.0,0.05,0.06666666666666667
PHASE1-FAMILY-CAPACITY,PHASE1-FAMILY-CAPACITY-complete-fef9a5cb6b20,cd81c7daa0cc6cc5f41a4d49801e33a431e3ce7b48914c80d953bc74026a0f5b,SVM-M,9db1d2bf313ca7ba2163130db40ea44518e99de2cc5a6c1b05d6c5c600e866d4,rbf_svm,medium,0.5,weak,1.0,"{""C"":10.0,""cache_size"":1000,""calibration_cv"":3,""gamma"":""scale""}",0.7,9,success,,,0.37204369995743036,0,,0.9525,0.9526679949683319,0.9916208916299983,0.034287605848685884,0.11672619347579868,kernel_effective_rank,9.754937294912693,3576.0,,9.754937294912693,0.1192,,,,,,,1.0,0.20000000000000004,0.43333333333333335
PHASE1-FAMILY-CAPACITY,PHASE1-FAMILY-CAPACITY-complete-fef9a5cb6b20,348e6e84b3459def1c6af3a3290405a31222a183aba23782015ec9137f344a2e,SVM-H,405d3f89ec540b5d9527e4410c3337cad0e3f8b2cd09be2fa431cfc7a19bc06a,rbf_svm,high,1.0,strong,0.0,"{""C"":0.3,""cache_size"":1000,""calibration_cv"":3,""gamma"":1.0}",0.7,9,success,,,0.8466303000459448,0,,0.951,0.9510993514271904,0.9870435547514138,0.03729451891671004,0.13679140233929288,kernel_effective_rank,144.37943804069707,10092.0,,144.37943804069707,0.3364,,,,,,,1.0,1.0,0.8333333333333334
PHASE1-FAMILY-CAPACITY,PHASE1-FAMILY-CAPACITY-complete-fef9a5cb6b20,f2e6530986f2d5880055f631f614e8b9ec87f2a3b28c381024d5c51ab85545f0,RF-L,c0f016366401e1557f071472bcb386b5eb2aff8542b2c2766d492e6f207fd133,random_forest,low,0.0,weak,1.0,"{""max_depth"":4,""max_features"":""sqrt"",""min_samples_leaf"":1,""n_estimators"":200,""n_jobs"":-1}",0.7,9,success,,,0.33581750001758337,0,,0.9265,0.9266220074434262,0.979208843246727,0.0646981955066251,0.2402994174572088,tree_total_leaves,3196.0,6192.0,,,,3196.0,4.0,,,,,1.0,,0.16666666666666666
PHASE1-FAMILY-CAPACITY,PHASE1-FAMILY-CAPACITY-complete-fef9a5cb6b20,34e3c820a40a07577b611d929486d1e5f5f029a5be394654bde10bb171d00af9,RF-M,5a017704fedc5eeaa5bfa51b469c2790db92ae9033f8403d454222bd9ca5b60a,random_forest,medium,0.5,strong,0.0,"{""max_depth"":10,""max_features"":""sqrt"",""min_samples_leaf"":10,""n_estimators"":250,""n_jobs"":-1}",0.7,9,success,,,0.7380438999971375,0,,0.9475,0.9476373276118291,0.9884836045477153,0.043450373126451614,0.1563726706868057,tree_total_leaves,26276.0,52302.0,,,,26276.0,9.932,,,,,1.0,,0.4666666666666667
PHASE1-FAMILY-CAPACITY,PHASE1-FAMILY-CAPACITY-complete-fef9a5cb6b20,ef0d1a40b58d4fa8f55cb13b195a657dd3014d5bd911c3325aaf021827716acb,RF-H,7ff7f8153ba561892eb3cfceb961e6a4c2bf8946870c60775c3bfce39fbaf2f9,random_forest,high,1.0,medium,0.5,"{""max_depth"":null,""max_features"":""sqrt"",""min_samples_leaf"":2,""n_estimators"":300,""n_jobs"":-1}",0.7,9,success,,,0.7197385000181384,0,,0.9515,0.9516402457391439,0.9896529570056571,0.039018902782248246,0.13866177555358028,tree_total_leaves,68681.0,137062.0,,,,68681.0,13.806666666666667,,,,,1.0,,0.8333333333333334
PHASE1-FAMILY-CAPACITY,PHASE1-FAMILY-CAPACITY-complete-fef9a5cb6b20,140270a6f8d6aeb2bfd5f0a7464b4f95dd054636a75a0aebd83aa4b3d5d96d36,HGB-L,67769b8c901577287f7c69e46ea16a110fbcab250556e6c9ee68848fdafe1020,gradient_boosting,low,0.0,strong,0.0,"{""early_stopping"":false,""l2_regularization"":1.0,""learning_rate"":0.08,""max_iter"":100,""max_leaf_nodes"":7}",0.7,9,success,,,0.1635954999946989,0,,0.951,0.9510993514271904,0.991476286212649,0.03556893736657712,0.12428378807181432,boosting_total_leaves,700.0,1300.0,,,,,,700.0,100.0,,100.0,1.0,,0.18333333333333332
PHASE1-FAMILY-CAPACITY,PHASE1-FAMILY-CAPACITY-complete-fef9a5cb6b20,2cac1d2a8c4f1a845ab2752dab9fa2ecc278182dcbdd2f67ca6b5767a3b3e9d7,HGB-M,2d985fd608b45e3358b349990cabdc1f6ba1762a96e3f4ecf6a7596687075e1f,gradient_boosting,medium,0.5,weak,1.0,"{""early_stopping"":false,""l2_regularization"":0.01,""learning_rate"":0.08,""max_iter"":200,""max_leaf_nodes"":31}",0.7,9,success,,,1.7742017000564374,0,,0.948,0.9482052416211417,0.9900957798234914,0.04131343263193237,0.14919113500852552,boosting_total_leaves,6200.0,12200.0,,,,,,6200.0,200.0,,200.0,1.0,,0.5166666666666667
PHASE1-FAMILY-CAPACITY,PHASE1-FAMILY-CAPACITY-complete-fef9a5cb6b20,2973ce220a553f902a66ff12ab89b26b74ff007652335c56f1f113601e94a97c,HGB-H,e48f60055c364417c78405d739a17860d6e752f2fc096ea1f14f2b30f76dde1e,gradient_boosting,high,1.0,medium,0.5,"{""early_stopping"":false,""l2_regularization"":0.1,""learning_rate"":0.05,""max_iter"":300,""max_leaf_nodes"":63}",0.7,9,success,,,3.596390600025188,0,,0.948,0.9481512022264231,0.9897845529390926,0.04436077109160367,0.18149968463797925,boosting_total_leaves,18900.0,37500.0,,,,,,18900.0,300.0,,300.0,1.0,,0.85
PHASE1-FAMILY-CAPACITY,PHASE1-FAMILY-CAPACITY-complete-fef9a5cb6b20,7a5c9525a30273cb3fc7ca7362da0dd0e2d571dceffe28e2cbd52f7718653f39,MLP-L,cf054be6f8198498238d75783b4261fc719b2300545c3ec57821015192487ce8,mlp,low,0.0,weak,1.0,"{""alpha"":0.0001,""early_stopping"":true,""hidden_layer_sizes"":[16],""learning_rate_init"":0.001,""max_iter"":250}",0.7,9,success,,,0.1280844999710098,0,,0.948,0.9480971628317043,0.9873617867425354,0.06364092329905023,0.24346303180715365,mlp_parameter_count,113.0,113.0,,,,,,,,113.0,20.0,1.0,,0.18333333333333332
PHASE1-FAMILY-CAPACITY,PHASE1-FAMILY-CAPACITY-complete-fef9a5cb6b20,f4b8f6257708ac4ed8aea8069e2ae16db0fabf22de73a987288753710596bc38,MLP-M,22caf9c6783beb7ef5313eeda008a6c74091af4d4ec3b2f9a80c796f31fc80c5,mlp,medium,0.5,medium,0.5,"{""alpha"":0.001,""early_stopping"":true,""hidden_layer_sizes"":[64,64],""learning_rate_init"":0.001,""max_iter"":300}",0.7,9,success,,,0.2868245999561623,0,,0.955,0.9550212104624272,0.992335412515724,0.037488565072704406,0.14522736805074515,mlp_parameter_count,4609.0,4609.0,,,,,,,,4609.0,14.0,1.0,,0.5166666666666667
PHASE1-FAMILY-CAPACITY,PHASE1-FAMILY-CAPACITY-complete-fef9a5cb6b20,b474b2773fe4419518e494320bc255d9e1938363a48e6598b5029461a00e7175,MLP-H,5d197816eeb622fc60ae6d2ceb820addf08e9a7cafa95fd016fcc47c1733d867,mlp,high,1.0,strong,0.0,"{""alpha"":0.01,""early_stopping"":true,""hidden_layer_sizes"":[128,128,64],""learning_rate_init"":0.001,""max_iter"":350}",0.7,9,success,,,2.0119760999805294,0,,0.9525,0.952965211639285,0.9930569385081726,0.032611084689762614,0.11012040250929014,mlp_parameter_count,25601.0,25601.0,,,,,,,,25601.0,28.0,1.0,,0.85
PHASE1-FAMILY-CAPACITY,PHASE1-FAMILY-CAPACITY-complete-fef9a5cb6b20,6edc8574714650e68f9d776e0158c1426a12072569942a380e90d277122520ab,LR-L,1d2a1642b5cc9ffeec4e67e117c0a2ab4fd6a563b127af2c2fb9c9262e90d737,logistic_regression,low,0.0,strong,0.0,"{""C"":0.03,""max_iter"":1500,""solver"":""lbfgs""}",0.9,0,success,,,0.00681550003355369,0,,0.994,0.9939992739121434,0.9998329797905546,0.009065775197256055,0.052508174414681225,effective_degrees_of_freedom,3.8075746965235506,6.0,3.8075746965235506,,,,,,,,8.0,1.0,,0.06666666666666667
PHASE1-FAMILY-CAPACITY,PHASE1-FAMILY-CAPACITY-complete-fef9a5cb6b20,23885eaccbdca8672c53033872b497afefd1670602298310ef76f00aefa54d48,LR-M,2f0277ba6749dc50e77a697ebcae33e3932a27b63e857544fc1ec7f72f723bce,logistic_regression,medium,0.5,medium,0.5,"{""C"":1.0,""max_iter"":1500,""solver"":""lbfgs""}",0.9,0,success,,,0.006846400036010891,0,,0.994,0.9939992739121434,0.9998239787014229,0.0050704067567920764,0.019235950936244365,effective_degrees_of_freedom,4.6188293032804335,6.0,4.6188293032804335,,,,,,,,11.0,1.0,,0.4666666666666667
PHASE1-FAMILY-CAPACITY,PHASE1-FAMILY-CAPACITY-complete-fef9a5cb6b20,12e1e10750f6443df4ba57dd1d0342220f56c7a4eaca03c8c09c2911f9df77cd,LR-H,7b1c2ec5fbbfbbdee64cc420019e5c8a9abaac2c5fc3f68515c1e2c1fa714d43,logistic_regression,high,1.0,weak,1.0,"{""C"":30.0,""max_iter"":1500,""solver"":""lbfgs""}",0.9,0,success,,,0.009161599969957024,0,,0.995,0.9949993949267861,0.9998139774912764,0.005072490778368133,0.01773148898518389,effective_degrees_of_freedom,4.952191256694178,6.0,4.952191256694178,,,,,,,,14.0,1.0,,0.7666666666666667
PHASE1-FAMILY-CAPACITY,PHASE1-FAMILY-CAPACITY-complete-fef9a5cb6b20,b108e57c64fe55c310f07c6aa52f7067a707d1644060ae39668725b2f45f2c6e,SVM-L,3fbd371b0e2cef95735dd4da149551608834096e78275a14901c17ac75cb096e,rbf_svm,low,0.0,medium,0.5,"{""C"":1.0,""cache_size"":1000,""calibration_cv"":3,""gamma"":0.05}",0.9,0,success,,,0.16019510000478476,0,,0.9945,0.9945048350850453,0.9998419808796863,0.004708414546256664,0.01643432273225619,kernel_effective_rank,2.328894466237508,1416.0,,2.328894466237508,0.0472,,,,,,,1.0,0.05,0.23333333333333334
PHASE1-FAMILY-CAPACITY,PHASE1-FAMILY-CAPACITY-complete-fef9a5cb6b20,c3f7cf1c73050a432357d7f61aa930d761b917ae298a7835c58a130f9388b024,SVM-M,9db1d2bf313ca7ba2163130db40ea44518e99de2cc5a6c1b05d6c5c600e866d4,rbf_svm,medium,0.5,weak,1.0,"{""C"":10.0,""cache_size"":1000,""calibration_cv"":3,""gamma"":""scale""}",0.9,0,success,,,0.17734809999819845,0,,0.991,0.9909989108682151,0.9995869500209525,0.006831706290283771,0.025100798026443244,kernel_effective_rank,10.23485874286879,822.0,,10.23485874286879,0.0274,,,,,,,1.0,0.2,0.5666666666666667
PHASE1-FAMILY-CAPACITY,PHASE1-FAMILY-CAPACITY-complete-fef9a5cb6b20,9421d4bb569b5752652554b900d14310f1f833fe3e4f32d2a1c2f186a6ebc4f8,SVM-H,405d3f89ec540b5d9527e4410c3337cad0e3f8b2cd09be2fa431cfc7a19bc06a,rbf_svm,high,1.0,strong,0.0,"{""C"":0.3,""cache_size"":1000,""calibration_cv"":3,""gamma"":1.0}",0.9,0,success,,,0.8958598999888636,0,,0.994,0.9939992739121434,0.9995759486897915,0.00588814595743635,0.02390726146491721,kernel_effective_rank,133.1825646165461,6498.0,,133.1825646165461,0.2166,,,,,,,1.0,1.0,0.9
PHASE1-FAMILY-CAPACITY,PHASE1-FAMILY-CAPACITY-complete-fef9a5cb6b20,63d3be9a0e1c7de5250f70175f88c5d788c6aaf62b70c69e711f1a35a3695b8c,RF-L,c0f016366401e1557f071472bcb386b5eb2aff8542b2c2766d492e6f207fd133,random_forest,low,0.0,weak,1.0,"{""max_depth"":4,""max_features"":""sqrt"",""min_samples_leaf"":1,""n_estimators"":200,""n_jobs"":-1}",0.9,0,success,,,0.3913631999748759,0,,0.985,0.9849981847803584,0.9992269064556811,0.011252050013981958,0.06605545926868871,tree_total_leaves,2983.0,5766.0,,,,2983.0,4.0,,,,,1.0,,0.06666666666666667
PHASE1-FAMILY-CAPACITY,PHASE1-FAMILY-CAPACITY-complete-fef9a5cb6b20,fe434513f0dcbafafc8021a2da4e45efad1385a5fb26e7fe4040e93d5d00b456,RF-M,5a017704fedc5eeaa5bfa51b469c2790db92ae9033f8403d454222bd9ca5b60a,random_forest,medium,0.5,strong,0.0,"{""max_depth"":10,""max_features"":""sqrt"",""min_samples_leaf"":10,""n_estimators"":250,""n_jobs"":-1}",0.9,0,success,,,0.7269702000194229,0,,0.9875,0.9874819853202237,0.999481937314415,0.00895187162869038,0.0364513331059624,tree_total_leaves,8861.0,17472.0,,,,8861.0,8.14,,,,,1.0,,0.4666666666666667
PHASE1-FAMILY-CAPACITY,PHASE1-FAMILY-CAPACITY-complete-fef9a5cb6b20,da0a73f9c9ea19aacb56e17e428a971785241425ed51ce04c42968427934c466,RF-H,7ff7f8153ba561892eb3cfceb961e6a4c2bf8946870c60775c3bfce39fbaf2f9,random_forest,high,1.0,medium,0.5,"{""max_depth"":null,""max_features"":""sqrt"",""min_samples_leaf"":2,""n_estimators"":300,""n_jobs"":-1}",0.9,0,success,,,0.6247527999803424,0,,0.9885,0.9884821063348666,0.9995274428205813,0.007453919440621862,0.02912800269768576,tree_total_leaves,17385.0,34470.0,,,,17385.0,10.163333333333334,,,,,1.0,,0.7666666666666667
PHASE1-FAMILY-CAPACITY,PHASE1-FAMILY-CAPACITY-complete-fef9a5cb6b20,192827def4c056a6f63749c6f83917a1dad5f49a787b6fcc6cc8ce08b18b7859,HGB-L,67769b8c901577287f7c69e46ea16a110fbcab250556e6c9ee68848fdafe1020,gradient_boosting,low,0.0,strong,0.0,"{""early_stopping"":false,""l2_regularization"":1.0,""learning_rate"":0.08,""max_iter"":100,""max_leaf_nodes"":7}",0.9,0,success,,,0.151944299985189,0,,0.992,0.9920100332140189,0.9997179658738707,0.006274631675835986,0.022795148171160115,boosting_total_leaves,700.0,1300.0,,,,,,700.0,100.0,,100.0,1.0,,0.18333333333333332
PHASE1-FAMILY-CAPACITY,PHASE1-FAMILY-CAPACITY-complete-fef9a5cb6b20,9fadda0903414af7da9ce4c916788d371968b53df1898e657ed203b59614569c,HGB-M,2d985fd608b45e3358b349990cabdc1f6ba1762a96e3f4ecf6a7596687075e1f,gradient_boosting,medium,0.5,weak,1.0,"{""early_stopping"":false,""l2_regularization"":0.01,""learning_rate"":0.08,""max_iter"":200,""max_leaf_nodes"":31}",0.9,0,success,,,1.5374999000341631,0,,0.9925,0.9925155943869208,0.999828979306496,0.005378089187496715,0.023077200107307794,boosting_total_leaves,5568.0,10936.0,,,,,,5568.0,200.0,,200.0,1.0,,0.43333333333333335
PHASE1-FAMILY-CAPACITY,PHASE1-FAMILY-CAPACITY-complete-fef9a5cb6b20,9e36c5cecc1fc71cdf3c9b9e9236836df31029bbe514c45d9b18eb8579471d14,HGB-H,e48f60055c364417c78405d739a17860d6e752f2fc096ea1f14f2b30f76dde1e,gradient_boosting,high,1.0,medium,0.5,"{""early_stopping"":false,""l2_regularization"":0.1,""learning_rate"":0.05,""max_iter"":300,""max_leaf_nodes"":63}",0.9,0,success,,,1.7803829999757,0,,0.992,0.99202103454518,0.9997979755550421,0.005942731375301562,0.023123192702565663,boosting_total_leaves,8267.0,16234.0,,,,,,8267.0,300.0,,300.0,1.0,,0.8
PHASE1-FAMILY-CAPACITY,PHASE1-FAMILY-CAPACITY-complete-fef9a5cb6b20,684de1e151a1dc4ca816d7084f253161e4118a537d73c8ae9294870fb31d11f9,MLP-L,cf054be6f8198498238d75783b4261fc719b2300545c3ec57821015192487ce8,mlp,low,0.0,weak,1.0,"{""alpha"":0.0001,""early_stopping"":true,""hidden_layer_sizes"":[16],""learning_rate_init"":0.001,""max_iter"":250}",0.9,0,success,,,0.294596099993214,0,,0.995,0.9950103962579473,0.9997599709564857,0.009027067222929482,0.051482071993335925,mlp_parameter_count,113.0,113.0,,,,,,,,113.0,35.0,1.0,,0.18333333333333332
PHASE1-FAMILY-CAPACITY,PHASE1-FAMILY-CAPACITY-complete-fef9a5cb6b20,a39038626060f45cf6902ca78e7a3fb59f4e145538802bc5ce142d55035389de,MLP-M,22caf9c6783beb7ef5313eeda008a6c74091af4d4ec3b2f9a80c796f31fc80c5,mlp,medium,0.5,medium,0.5,"{""alpha"":0.001,""early_stopping"":true,""hidden_layer_sizes"":[64,64],""learning_rate_init"":0.001,""max_iter"":300}",0.9,0,success,,,0.32263430004240945,0,,0.9935,0.9935267167327246,0.99977597289272,0.007053463239506397,0.03807979227985137,mlp_parameter_count,4609.0,4609.0,,,,,,,,4609.0,15.0,1.0,,0.5166666666666667
PHASE1-FAMILY-CAPACITY,PHASE1-FAMILY-CAPACITY-complete-fef9a5cb6b20,b1d7d2b8a410ddd0b07d84e61661d4e609e3c55df026190907270e1119838e07,MLP-H,5d197816eeb622fc60ae6d2ceb820addf08e9a7cafa95fd016fcc47c1733d867,mlp,high,1.0,strong,0.0,"{""alpha"":0.01,""early_stopping"":true,""hidden_layer_sizes"":[128,128,64],""learning_rate_init"":0.001,""max_iter"":350}",0.9,0,success,,,1.0792947000009008,0,,0.9935,0.9934827114080804,0.9998109771282325,0.005503441212458743,0.02305334222130272,mlp_parameter_count,25601.0,25601.0,,,,,,,,25601.0,13.0,1.0,,0.85
PHASE1-FAMILY-CAPACITY,PHASE1-FAMILY-CAPACITY-complete-fef9a5cb6b20,8479bf80f933b730e4e69d1fbd68cd55f6c7d6bbbf7542391b58dccd0e11a878,LR-L,1d2a1642b5cc9ffeec4e67e117c0a2ab4fd6a563b127af2c2fb9c9262e90d737,logistic_regression,low,0.0,strong,0.0,"{""C"":0.03,""max_iter"":1500,""solver"":""lbfgs""}",0.9,1,success,,,0.018394899962004274,0,,0.9915,0.991457629904459,0.9997484443134885,0.009735037710439902,0.05363546412941011,effective_degrees_of_freedom,3.8209984733245714,6.0,3.8209984733245714,,,,,,,,8.0,1.0,,0.23333333333333334
PHASE1-FAMILY-CAPACITY,PHASE1-FAMILY-CAPACITY-complete-fef9a5cb6b20,46e7137a2514df0d95a3fa15f250240fd00f96cc82a2894f6eacb3e43c6a5f73,LR-M,2f0277ba6749dc50e77a697ebcae33e3932a27b63e857544fc1ec7f72f723bce,logistic_regression,medium,0.5,medium,0.5,"{""C"":1.0,""max_iter"":1500,""solver"":""lbfgs""}",0.9,1,success,,,0.017669400025624782,0,,0.99,0.9899307570423065,0.9997404266023646,0.006716435305048434,0.022664662535595553,effective_degrees_of_freedom,4.64685879017875,6.0,4.64685879017875,,,,,,,,11.0,1.0,,0.6
PHASE1-FAMILY-CAPACITY,PHASE1-FAMILY-CAPACITY-complete-fef9a5cb6b20,a77de5a703d5534ead2d696824a272b4fa7d15ddacef439d602ba121d329548f,LR-H,7b1c2ec5fbbfbbdee64cc420019e5c8a9abaac2c5fc3f68515c1e2c1fa714d43,logistic_regression,high,1.0,weak,1.0,"{""C"":30.0,""max_iter"":1500,""solver"":""lbfgs""}",0.9,1,success,,,0.016528400010429323,0,,0.99,0.9899307570423065,0.9997364177468027,0.007022104991807268,0.021821426775963857,effective_degrees_of_freedom,4.964693452089505,6.0,4.964693452089505,,,,,,,,13.0,1.0,,0.9666666666666667
PHASE1-FAMILY-CAPACITY,PHASE1-FAMILY-CAPACITY-complete-fef9a5cb6b20,e0f9ecbb31e8e6c1aa649d7f79f440b9929a8e479f635074b38d857ed19d1041,SVM-L,3fbd371b0e2cef95735dd4da149551608834096e78275a14901c17ac75cb096e,rbf_svm,low,0.0,medium,0.5,"{""C"":1.0,""cache_size"":1000,""calibration_cv"":3,""gamma"":0.05}",0.9,1,success,,,0.25783030001912266,0,,0.9905,0.9904083119611222,0.9997354155329122,0.0068088113005879,0.02203523655636944,kernel_effective_rank,2.2515946741247057,1464.0,,2.2515946741247057,0.0488,,,,,,,1.0,0.05,0.1
PHASE1-FAMILY-CAPACITY,PHASE1-FAMILY-CAPACITY-complete-fef9a5cb6b20,5ca6b2d57bf7dd584b4858b290c44385fecc90d4516723964a0c7b11b31dafff,SVM-M,9db1d2bf313ca7ba2163130db40ea44518e99de2cc5a6c1b05d6c5c600e866d4,rbf_svm,medium,0.5,weak,1.0,"{""C"":10.0,""cache_size"":1000,""calibration_cv"":3,""gamma"":""scale""}",0.9,1,success,,,0.23620679997839034,0,,0.988,0.9879263292613383,0.9994728354936054,0.008921881027206233,0.03055769819790572,kernel_effective_rank,9.28899536733269,924.0,,9.28899536733269,0.0308,,,,,,,1.0,0.2,0.4
PHASE1-FAMILY-CAPACITY,PHASE1-FAMILY-CAPACITY-complete-fef9a5cb6b20,2ea3f0321ed61f31e7ea92876f9bf43324ed37c4e3344d73aa6b85a242b002b3,SVM-H,405d3f89ec540b5d9527e4410c3337cad0e3f8b2cd09be2fa431cfc7a19bc06a,rbf_svm,high,1.0,strong,0.0,"{""C"":0.3,""cache_size"":1000,""calibration_cv"":3,""gamma"":1.0}",0.9,1,success,,,0.927677700005006,0,,0.9905,0.9904083119611222,0.9991010141402358,0.008543901239123868,0.03555604747601576,kernel_effective_rank,115.90049496354354,6708.0,,115.90049496354354,0.2236,,,,,,,1.0,1.0,0.7333333333333333
PHASE1-FAMILY-CAPACITY,PHASE1-FAMILY-CAPACITY-complete-fef9a5cb6b20,39fafad354891efc9f1bd2b038632b5a4e05e8d26bacd1775ea7efcf48379c7c,RF-L,c0f016366401e1557f071472bcb386b5eb2aff8542b2c2766d492e6f207fd133,random_forest,low,0.0,weak,1.0,"{""max_depth"":4,""max_features"":""sqrt"",""min_samples_leaf"":1,""n_estimators"":200,""n_jobs"":-1}",0.9,1,success,,,0.3550126000191085,0,,0.9855,0.9853030344029963,0.9988955602926864,0.012789617478862555,0.07072497826442543,tree_total_leaves,3019.0,5838.0,,,,3019.0,4.0,,,,,1.0,,0.26666666666666666
PHASE1-FAMILY-CAPACITY,PHASE1-FAMILY-CAPACITY-complete-fef9a5cb6b20,f496a9da6b0fc8b3e1a0f7d71e94ca6235a8c174d440a91410e37f4124571d9f,RF-M,5a017704fedc5eeaa5bfa51b469c2790db92ae9033f8403d454222bd9ca5b60a,random_forest,medium,0.5,strong,0.0,"{""max_depth"":10,""max_features"":""sqrt"",""min_samples_leaf"":10,""n_estimators"":250,""n_jobs"":-1}",0.9,1,success,,,0.7605856999871321,0,,0.987,0.9868299072651487,0.9990759587929737,0.01074050132877835,0.04257953481191227,tree_total_leaves,9013.0,17776.0,,,,9013.0,8.22,,,,,1.0,,0.5333333333333333
PHASE1-FAMILY-CAPACITY,PHASE1-FAMILY-CAPACITY-complete-fef9a5cb6b20,8eeaaace4e121a1a4bec39954de9312a766e1e1d470cb5e1e89d73d41e56e1c5,RF-H,7ff7f8153ba561892eb3cfceb961e6a4c2bf8946870c60775c3bfce39fbaf2f9,random_forest,high,1.0,medium,0.5,"{""max_depth"":null,""max_features"":""sqrt"",""min_samples_leaf"":2,""n_estimators"":300,""n_jobs"":-1}",0.9,1,success,,,0.6271401999983937,0,,0.9875,0.9874487743425227,0.999180189037584,0.009680670527232756,0.03691928267784379,tree_total_leaves,18316.0,36332.0,,,,18316.0,10.326666666666666,,,,,1.0,,0.9333333333333333
PHASE1-FAMILY-CAPACITY,PHASE1-FAMILY-CAPACITY-complete-fef9a5cb6b20,552df786f6d3b5a44f13b145eb35861739ec4d097c352ba734f1ef5644c4895a,HGB-L,67769b8c901577287f7c69e46ea16a110fbcab250556e6c9ee68848fdafe1020,gradient_boosting,low,0.0,strong,0.0,"{""early_stopping"":false,""l2_regularization"":1.0,""learning_rate"":0.08,""max_iter"":100,""max_leaf_nodes"":7}",0.9,1,success,,,0.1843055000063032,0,,0.988,0.9880205373670439,0.9994868664880721,0.009509535891702501,0.03282423468437808,boosting_total_leaves,700.0,1300.0,,,,,,700.0,100.0,,100.0,1.0,,0.18333333333333332
PHASE1-FAMILY-CAPACITY,PHASE1-FAMILY-CAPACITY-complete-fef9a5cb6b20,065b57e72bce9867cd3a4bae98da2d163a2b666cee0939b8954487ec55c6abd2,HGB-M,2d985fd608b45e3358b349990cabdc1f6ba1762a96e3f4ecf6a7596687075e1f,gradient_boosting,medium,0.5,weak,1.0,"{""early_stopping"":false,""l2_regularization"":0.01,""learning_rate"":0.08,""max_iter"":200,""max_leaf_nodes"":31}",0.9,1,success,,,1.5556442000088282,0,,0.988,0.9880205373670439,0.9994096960185049,0.010851987818823893,0.060155612510794355,boosting_total_leaves,5744.0,11288.0,,,,,,5744.0,200.0,,200.0,1.0,,0.5666666666666667
PHASE1-FAMILY-CAPACITY,PHASE1-FAMILY-CAPACITY-complete-fef9a5cb6b20,c7bd126d25ca13faf56f1aeffffb620507f8d13f392d40326a3cfa082a9d87eb,HGB-H,e48f60055c364417c78405d739a17860d6e752f2fc096ea1f14f2b30f76dde1e,gradient_boosting,high,1.0,medium,0.5,"{""early_stopping"":false,""l2_regularization"":0.1,""learning_rate"":0.05,""max_iter"":300,""max_leaf_nodes"":63}",0.9,1,success,,,1.6947869000141509,0,,0.987,0.9870183234765597,0.9993956650240381,0.010541496429501517,0.05133620734979061,boosting_total_leaves,8760.0,17220.0,,,,,,8760.0,300.0,,300.0,1.0,,0.9
PHASE1-FAMILY-CAPACITY,PHASE1-FAMILY-CAPACITY-complete-fef9a5cb6b20,1d2b4866a75933b09536d3c2edcfd0ac0fde657b81f201510ab5b2aadc556deb,MLP-L,cf054be6f8198498238d75783b4261fc719b2300545c3ec57821015192487ce8,mlp,low,0.0,weak,1.0,"{""alpha"":0.0001,""early_stopping"":true,""hidden_layer_sizes"":[16],""learning_rate_init"":0.001,""max_iter"":250}",0.9,1,success,,,0.3393661000300199,0,,0.988,0.9879263292613383,0.999615149866054,0.008212757983496171,0.035371877790039155,mlp_parameter_count,113.0,113.0,,,,,,,,113.0,47.0,1.0,,0.18333333333333332
PHASE1-FAMILY-CAPACITY,PHASE1-FAMILY-CAPACITY-complete-fef9a5cb6b20,9e86aec2ed24247dfe0b105ffbb8d06f85026db55dbdd087a903a29c8a9a1fd3,MLP-M,22caf9c6783beb7ef5313eeda008a6c74091af4d4ec3b2f9a80c796f31fc80c5,mlp,medium,0.5,medium,0.5,"{""alpha"":0.001,""early_stopping"":true,""hidden_layer_sizes"":[64,64],""learning_rate_init"":0.001,""max_iter"":300}",0.9,1,success,,,0.2534194000181742,0,,0.987,0.9868299072651487,0.9995660413854204,0.012461210501155014,0.06870664091366567,mlp_parameter_count,4609.0,4609.0,,,,,,,,4609.0,14.0,1.0,,0.5166666666666667
PHASE1-FAMILY-CAPACITY,PHASE1-FAMILY-CAPACITY-complete-fef9a5cb6b20,19903f6e0b6287227bd8ddb757a4071a3b181f832ddb8baea005fe0521773edf,MLP-H,5d197816eeb622fc60ae6d2ceb820addf08e9a7cafa95fd016fcc47c1733d867,mlp,high,1.0,strong,0.0,"{""alpha"":0.01,""early_stopping"":true,""hidden_layer_sizes"":[128,128,64],""learning_rate_init"":0.001,""max_iter"":350}",0.9,1,success,,,1.3841600000159815,0,,0.9895,0.9893589940177854,0.9997213845384454,0.007363019632925951,0.024233966777523878,mlp_parameter_count,25601.0,25601.0,,,,,,,,25601.0,17.0,1.0,,0.85
PHASE1-FAMILY-CAPACITY,PHASE1-FAMILY-CAPACITY-complete-fef9a5cb6b20,bf15004d2bea50bf8cb8575f51cf42c375b5461fc18b65bbc3509295970aba64,LR-L,1d2a1642b5cc9ffeec4e67e117c0a2ab4fd6a563b127af2c2fb9c9262e90d737,logistic_regression,low,0.0,strong,0.0,"{""C"":0.03,""max_iter"":1500,""solver"":""lbfgs""}",0.9,2,success,,,0.012136699981056154,0,,0.9915,0.9915740649047575,0.99977993640162,0.01029122583762763,0.055903756000834116,effective_degrees_of_freedom,3.812108094795458,6.0,3.812108094795458,,,,,,,,8.0,1.0,,0.16666666666666666
PHASE1-FAMILY-CAPACITY,PHASE1-FAMILY-CAPACITY-complete-fef9a5cb6b20,f6e0057d82060730f19f21012f9f515b5eb5430659425c9de293d54cc67209dd,LR-M,2f0277ba6749dc50e77a697ebcae33e3932a27b63e857544fc1ec7f72f723bce,logistic_regression,medium,0.5,medium,0.5,"{""C"":1.0,""max_iter"":1500,""solver"":""lbfgs""}",0.9,2,success,,,0.01489620003849268,0,,0.9915,0.9915740649047575,0.9997629314871997,0.006317786869674989,0.023423568903379665,effective_degrees_of_freedom,4.599608217668618,6.0,4.599608217668618,,,,,,,,11.0,1.0,,0.36666666666666664
PHASE1-FAMILY-CAPACITY,PHASE1-FAMILY-CAPACITY-complete-fef9a5cb6b20,d1eb191f4a651c308ee15f1a25dd65471726b5b2854ce8f9f0a711528d07f83d,LR-H,7b1c2ec5fbbfbbdee64cc420019e5c8a9abaac2c5fc3f68515c1e2c1fa714d43,logistic_regression,high,1.0,weak,1.0,"{""C"":30.0,""max_iter"":1500,""solver"":""lbfgs""}",0.9,2,success,,,0.012093600002117455,0,,0.9915,0.9915740649047575,0.9997549291745315,0.006393224567001473,0.022624830441550444,effective_degrees_of_freedom,4.953468793109877,6.0,4.953468793109877,,,,,,,,12.0,1.0,,0.8
PHASE1-FAMILY-CAPACITY,PHASE1-FAMILY-CAPACITY-complete-fef9a5cb6b20,1cd909deb9122787bc7c0c8c72faeb4011e355cdd96fefbf2c0c5c7058e38681,SVM-L,3fbd371b0e2cef95735dd4da149551608834096e78275a14901c17ac75cb096e,rbf_svm,low,0.0,medium,0.5,"{""C"":1.0,""cache_size"":1000,""calibration_cv"":3,""gamma"":0.05}",0.9,2,success,,,0.20277919998625293,0,,0.9915,0.9915740649047575,0.9997319225256099,0.006364464476365938,0.0227296224611383,kernel_effective_rank,2.2546059527484927,1308.0,,2.2546059527484927,0.0436,,,,,,,1.0,0.05,0.13333333333333333
PHASE1-FAMILY-CAPACITY,PHASE1-FAMILY-CAPACITY-complete-fef9a5cb6b20,7ea0c82b3db83528fbac13e1f7c7f8bd4f7ebf980a98b1d5e250f1fbc5f3f679,SVM-M,9db1d2bf313ca7ba2163130db40ea44518e99de2cc5a6c1b05d6c5c600e866d4,rbf_svm,medium,0.5,weak,1.0,"{""C"":10.0,""cache_size"":1000,""calibration_cv"":3,""gamma"":""scale""}",0.9,2,success,,,0.19721940002636984,0,,0.99,0.9900651288222296,0.999311801110521,0.007682977207077132,0.03129217152002979,kernel_effective_rank,9.492079493002459,756.0,,9.492079493002459,0.0252,,,,,,,1.0,0.2,0.43333333333333335
PHASE1-FAMILY-CAPACITY,PHASE1-FAMILY-CAPACITY-complete-fef9a5cb6b20,43691da7ffbb47b864c970e1172b84cde29aae489c7d182dd022345eb276a93d,SVM-H,405d3f89ec540b5d9527e4410c3337cad0e3f8b2cd09be2fa431cfc7a19bc06a,rbf_svm,high,1.0,strong,0.0,"{""C"":0.3,""cache_size"":1000,""calibration_cv"":3,""gamma"":1.0}",0.9,2,success,,,0.9283968000090681,0,,0.991,0.9910484129913545,0.998904683453518,0.007684194389391914,0.034376100967289935,kernel_effective_rank,118.0554240003818,6444.0,,118.0554240003818,0.2148,,,,,,,1.0,1.0,0.7666666666666667
PHASE1-FAMILY-CAPACITY,PHASE1-FAMILY-CAPACITY-complete-fef9a5cb6b20,197b84704438486f6e148e18c1382301a6445ce1456accbb941d0fb4361f0701,RF-L,c0f016366401e1557f071472bcb386b5eb2aff8542b2c2766d492e6f207fd133,random_forest,low,0.0,weak,1.0,"{""max_depth"":4,""max_features"":""sqrt"",""min_samples_leaf"":1,""n_estimators"":200,""n_jobs"":-1}",0.9,2,success,,,0.35999469994567335,0,,0.9885,0.9885902025685422,0.9990307198780448,0.011879220317377577,0.07007698243451338,tree_total_leaves,3021.0,5842.0,,,,3021.0,4.0,,,,,1.0,,0.3
PHASE1-FAMILY-CAPACITY,PHASE1-FAMILY-CAPACITY-complete-fef9a5cb6b20,4cc0e5121310f4533a6dd008a1dc90fe06e1be60b3d7faec15049b5927c0499f,RF-M,5a017704fedc5eeaa5bfa51b469c2790db92ae9033f8403d454222bd9ca5b60a,random_forest,medium,0.5,strong,0.0,"{""max_depth"":10,""max_features"":""sqrt"",""min_samples_leaf"":10,""n_estimators"":250,""n_jobs"":-1}",0.9,2,success,,,0.7359657000051811,0,,0.989,0.989098849567525,0.9992787915707639,0.009822728775045437,0.03960371445992148,tree_total_leaves,8210.0,16170.0,,,,8210.0,7.932,,,,,1.0,,0.36666666666666664
PHASE1-FAMILY-CAPACITY,PHASE1-FAMILY-CAPACITY-complete-fef9a5cb6b20,d1f2850c90154939339b0765c4338a25096bb8478ecfa39914e395a634006cfb,RF-H,7ff7f8153ba561892eb3cfceb961e6a4c2bf8946870c60775c3bfce39fbaf2f9,random_forest,high,1.0,medium,0.5,"{""max_depth"":null,""max_features"":""sqrt"",""min_samples_leaf"":2,""n_estimators"":300,""n_jobs"":-1}",0.9,2,success,,,0.6254893000004813,0,,0.9895,0.9895734867376672,0.9993718184555336,0.009063177475224657,0.033917344310546244,tree_total_leaves,16335.0,32370.0,,,,16335.0,9.976666666666667,,,,,1.0,,0.7
PHASE1-FAMILY-CAPACITY,PHASE1-FAMILY-CAPACITY-complete-fef9a5cb6b20,ff2d69e7a77a4a74f06510a2cd31304c7d3e0f2104dcd794dd1db72e707b7704,HGB-L,67769b8c901577287f7c69e46ea16a110fbcab250556e6c9ee68848fdafe1020,gradient_boosting,low,0.0,strong,0.0,"{""early_stopping"":false,""l2_regularization"":1.0,""learning_rate"":0.08,""max_iter"":100,""max_leaf_nodes"":7}",0.9,2,success,,,0.16485399997327477,0,,0.988,0.9880815555695596,0.9994098294407084,0.009462499383593795,0.03412660534221739,boosting_total_leaves,700.0,1300.0,,,,,,700.0,100.0,,100.0,1.0,,0.18333333333333332
PHASE1-FAMILY-CAPACITY,PHASE1-FAMILY-CAPACITY-complete-fef9a5cb6b20,518e1abd75a4f515cb3747acca091104854676b811645536972bd7e303f322ea,HGB-M,2d985fd608b45e3358b349990cabdc1f6ba1762a96e3f4ecf6a7596687075e1f,gradient_boosting,medium,0.5,weak,1.0,"{""early_stopping"":false,""l2_regularization"":0.01,""learning_rate"":0.08,""max_iter"":200,""max_leaf_nodes"":31}",0.9,2,success,,,1.4523000000044703,0,,0.988,0.9880815555695596,0.9994128303079589,0.01082785919105998,0.061463884024749706,boosting_total_leaves,5144.0,10088.0,,,,,,5144.0,200.0,,200.0,1.0,,0.4
PHASE1-FAMILY-CAPACITY,PHASE1-FAMILY-CAPACITY-complete-fef9a5cb6b20,61aa22c57a517338a05c61295d8b708aa9a67199c2c243028487fbc8c17a08c0,HGB-H,e48f60055c364417c78405d739a17860d6e752f2fc096ea1f14f2b30f76dde1e,gradient_boosting,high,1.0,medium,0.5,"{""early_stopping"":false,""l2_regularization"":0.1,""learning_rate"":0.05,""max_iter"":300,""max_leaf_nodes"":63}",0.9,2,success,,,1.6877810999867506,0,,0.988,0.9880985604839798,0.9994448395586325,0.010421593024559061,0.05013445873499363,boosting_total_leaves,7579.0,14858.0,,,,,,7579.0,300.0,,300.0,1.0,,0.7
PHASE1-FAMILY-CAPACITY,PHASE1-FAMILY-CAPACITY-complete-fef9a5cb6b20,5ad6bc88e1243f457b50e15479d85ccfc0677fe87d2b5dc285436d68faf55f91,MLP-L,cf054be6f8198498238d75783b4261fc719b2300545c3ec57821015192487ce8,mlp,low,0.0,weak,1.0,"{""alpha"":0.0001,""early_stopping"":true,""hidden_layer_sizes"":[16],""learning_rate_init"":0.001,""max_iter"":250}",0.9,2,success,,,0.25735440000426024,0,,0.99,0.9900481239078094,0.9997359236819441,0.01212970261537226,0.06745071878114854,mlp_parameter_count,113.0,113.0,,,,,,,,113.0,29.0,1.0,,0.18333333333333332
PHASE1-FAMILY-CAPACITY,PHASE1-FAMILY-CAPACITY-complete-fef9a5cb6b20,78c53ea86ca541703817e88a5a69fd50a58368ee8b7ee88705ea0348e0a67340,MLP-M,22caf9c6783beb7ef5313eeda008a6c74091af4d4ec3b2f9a80c796f31fc80c5,mlp,medium,0.5,medium,0.5,"{""alpha"":0.001,""early_stopping"":true,""hidden_layer_sizes"":[64,64],""learning_rate_init"":0.001,""max_iter"":300}",0.9,2,success,,,0.29282639996381477,0,,0.9895,0.9895904916520875,0.9996198901482528,0.01157517023072675,0.06145858171386535,mlp_parameter_count,4609.0,4609.0,,,,,,,,4609.0,14.0,1.0,,0.5166666666666667
PHASE1-FAMILY-CAPACITY,PHASE1-FAMILY-CAPACITY-complete-fef9a5cb6b20,605451993a569bcd6d41401f94297ef7864c863accc8b534253731c22937deea,MLP-H,5d197816eeb622fc60ae6d2ceb820addf08e9a7cafa95fd016fcc47c1733d867,mlp,high,1.0,strong,0.0,"{""alpha"":0.01,""early_stopping"":true,""hidden_layer_sizes"":[128,128,64],""learning_rate_init"":0.001,""max_iter"":350}",0.9,2,success,,,1.3123250000062399,0,,0.989,0.9890818446531048,0.9997169181893567,0.007306287669591078,0.026012776266998598,mlp_parameter_count,25601.0,25601.0,,,,,,,,25601.0,15.0,1.0,,0.85
PHASE1-FAMILY-CAPACITY,PHASE1-FAMILY-CAPACITY-complete-fef9a5cb6b20,a82609f7efe8efcbaaf3e513e623cdfa66bfad3df0e38ee779e08c57e950aab9,LR-L,1d2a1642b5cc9ffeec4e67e117c0a2ab4fd6a563b127af2c2fb9c9262e90d737,logistic_regression,low,0.0,strong,0.0,"{""C"":0.03,""max_iter"":1500,""solver"":""lbfgs""}",0.9,3,success,,,0.013406599988229573,0,,0.992,0.9919903512184487,0.9997579803964122,0.009341959023569608,0.0518364186909089,effective_degrees_of_freedom,3.823818817663104,6.0,3.823818817663104,,,,,,,,8.0,1.0,,0.26666666666666666
PHASE1-FAMILY-CAPACITY,PHASE1-FAMILY-CAPACITY-complete-fef9a5cb6b20,ccc93f73df7cbcd66f3f4b0b5cad7c89f48e05cfd1bdf843b25da65963b720b7,LR-M,2f0277ba6749dc50e77a697ebcae33e3932a27b63e857544fc1ec7f72f723bce,logistic_regression,medium,0.5,medium,0.5,"{""C"":1.0,""max_iter"":1500,""solver"":""lbfgs""}",0.9,3,success,,,0.013344099977985024,0,,0.992,0.9919903512184487,0.9997579803964121,0.006042722275138132,0.021291887289717124,effective_degrees_of_freedom,4.6222963338026375,6.0,4.6222963338026375,,,,,,,,12.0,1.0,,0.5333333333333333
PHASE1-FAMILY-CAPACITY,PHASE1-FAMILY-CAPACITY-complete-fef9a5cb6b20,42993dbc92d7aa409f7723e6cab045910d7440033429f04411a870e1cf8067b4,LR-H,7b1c2ec5fbbfbbdee64cc420019e5c8a9abaac2c5fc3f68515c1e2c1fa714d43,logistic_regression,high,1.0,weak,1.0,"{""C"":30.0,""max_iter"":1500,""solver"":""lbfgs""}",0.9,3,success,,,0.015026699984446168,0,,0.992,0.9919903512184487,0.9997549801533924,0.005994492186482973,0.020357192830102563,effective_degrees_of_freedom,4.959947269436905,6.0,4.959947269436905,,,,,,,,12.0,1.0,,0.9
PHASE1-FAMILY-CAPACITY,PHASE1-FAMILY-CAPACITY-complete-fef9a5cb6b20,4ef4e1f3b30e9a8c93944924bc868939dc47e4e0f0d804d6e5dd10a2fe60d566,SVM-L,3fbd371b0e2cef95735dd4da149551608834096e78275a14901c17ac75cb096e,rbf_svm,low,0.0,medium,0.5,"{""C"":1.0,""cache_size"":1000,""calibration_cv"":3,""gamma"":0.05}",0.9,3,success,,,0.23249680001754314,0,,0.992,0.9919903512184487,0.9997409790193006,0.00603586250621804,0.020583293897596257,kernel_effective_rank,2.2890067940289427,1404.0,,2.2890067940289427,0.0468,,,,,,,1.0,0.05,0.2
PHASE1-FAMILY-CAPACITY,PHASE1-FAMILY-CAPACITY-complete-fef9a5cb6b20,10001d2af887a6b9e2f5f66cc46433e07e9e1acb0ef3b23368772519c1f1e9b9,SVM-M,9db1d2bf313ca7ba2163130db40ea44518e99de2cc5a6c1b05d6c5c600e866d4,rbf_svm,medium,0.5,weak,1.0,"{""C"":10.0,""cache_size"":1000,""calibration_cv"":3,""gamma"":""scale""}",0.9,3,success,,,0.19928659999277443,0,,0.989,0.9890171103859413,0.9994579560944437,0.007882665306772443,0.028274012109075295,kernel_effective_rank,9.981089583464467,840.0,,9.981089583464467,0.028,,,,,,,1.0,0.2,0.5333333333333333
PHASE1-FAMILY-CAPACITY,PHASE1-FAMILY-CAPACITY-complete-fef9a5cb6b20,e811fcb48c4950782362b1d04f1415c8930ebcc12f0e9050332890ef407fb8c2,SVM-H,405d3f89ec540b5d9527e4410c3337cad0e3f8b2cd09be2fa431cfc7a19bc06a,rbf_svm,high,1.0,strong,0.0,"{""C"":0.3,""cache_size"":1000,""calibration_cv"":3,""gamma"":1.0}",0.9,3,success,,,0.9151332000037655,0,,0.992,0.9919903512184487,0.9991449307393899,0.007241964437164603,0.029985677631784852,kernel_effective_rank,130.7618366554779,6504.0,,130.7618366554779,0.2168,,,,,,,1.0,1.0,0.8666666666666667
PHASE1-FAMILY-CAPACITY,PHASE1-FAMILY-CAPACITY-complete-fef9a5cb6b20,74d769eceeea69241e8abf7845c55d5c8e3981aa6957eca1846fedc3a535b87e,RF-L,c0f016366401e1557f071472bcb386b5eb2aff8542b2c2766d492e6f207fd133,random_forest,low,0.0,weak,1.0,"{""max_depth"":4,""max_features"":""sqrt"",""min_samples_leaf"":1,""n_estimators"":200,""n_jobs"":-1}",0.9,3,success,,,0.33101639995584264,0,,0.9845,0.9845122454918849,0.9992439387590395,0.011559949796265059,0.0675858853159225,tree_total_leaves,3000.0,5800.0,,,,3000.0,4.0,,,,,1.0,,0.13333333333333333
PHASE1-FAMILY-CAPACITY,PHASE1-FAMILY-CAPACITY-complete-fef9a5cb6b20,2066b31edb378288587f8373623cf7ae31a2d49d0f336f7104b9b7f71c4d0373,RF-M,5a017704fedc5eeaa5bfa51b469c2790db92ae9033f8403d454222bd9ca5b60a,random_forest,medium,0.5,strong,0.0,"{""max_depth"":10,""max_features"":""sqrt"",""min_samples_leaf"":10,""n_estimators"":250,""n_jobs"":-1}",0.9,3,success,,,0.6808625999838114,0,,0.987,0.9869989469147,0.999285942161315,0.010066801948389199,0.04064398366063929,tree_total_leaves,8775.0,17300.0,,,,8775.0,8.132,,,,,1.0,,0.43333333333333335
PHASE1-FAMILY-CAPACITY,PHASE1-FAMILY-CAPACITY-complete-fef9a5cb6b20,c464be5ed550d759995ef1bccc0a9982fe3ac34bb7eab747a22844d4d9cf641e,RF-H,7ff7f8153ba561892eb3cfceb961e6a4c2bf8946870c60775c3bfce39fbaf2f9,random_forest,high,1.0,medium,0.5,"{""max_depth"":null,""max_features"":""sqrt"",""min_samples_leaf"":2,""n_estimators"":300,""n_jobs"":-1}",0.9,3,success,,,0.6286760999937542,0,,0.9865,0.9865034067759488,0.9993599481558006,0.009119778870694371,0.03412987904299215,tree_total_leaves,17520.0,34740.0,,,,17520.0,10.21,,,,,1.0,,0.8333333333333334
PHASE1-FAMILY-CAPACITY,PHASE1-FAMILY-CAPACITY-complete-fef9a5cb6b20,b1a1e729317c5a5521d44f8aca6058006a29817fb0b5d7515a75f5ea4c67b01a,HGB-L,67769b8c901577287f7c69e46ea16a110fbcab250556e6c9ee68848fdafe1020,gradient_boosting,low,0.0,strong,0.0,"{""early_stopping"":false,""l2_regularization"":1.0,""learning_rate"":0.08,""max_iter"":100,""max_leaf_nodes"":7}",0.9,3,success,,,0.17668229999253526,0,,0.99,0.9899991899343847,0.9993719491278793,0.008857370748324843,0.0319408546428745,boosting_total_leaves,700.0,1300.0,,,,,,700.0,100.0,,100.0,1.0,,0.18333333333333332
PHASE1-FAMILY-CAPACITY,PHASE1-FAMILY-CAPACITY-complete-fef9a5cb6b20,8c0d1c671144f12756a2606f8c1744caaad77955f6bf3b70575a5fd0787922fb,HGB-M,2d985fd608b45e3358b349990cabdc1f6ba1762a96e3f4ecf6a7596687075e1f,gradient_boosting,medium,0.5,weak,1.0,"{""early_stopping"":false,""l2_regularization"":0.01,""learning_rate"":0.08,""max_iter"":200,""max_leaf_nodes"":31}",0.9,3,success,,,1.352068700012751,0,,0.988,0.9880080286503207,0.999073924987924,0.01079408447579782,0.06099401203204998,boosting_total_leaves,5763.0,11326.0,,,,,,5763.0,200.0,,200.0,1.0,,0.6
PHASE1-FAMILY-CAPACITY,PHASE1-FAMILY-CAPACITY-complete-fef9a5cb6b20,8b515f3e2cce4505a6f2b736ce386d8e88d4072bc1753098f76b10b269f9114b,HGB-H,e48f60055c364417c78405d739a17860d6e752f2fc096ea1f14f2b30f76dde1e,gradient_boosting,high,1.0,medium,0.5,"{""early_stopping"":false,""l2_regularization"":0.1,""learning_rate"":0.05,""max_iter"":300,""max_leaf_nodes"":63}",0.9,3,success,,,1.5413898999686353,0,,0.988,0.9880080286503207,0.9990219207755828,0.010003031294771099,0.050906830282869166,boosting_total_leaves,8645.0,16990.0,,,,,,8645.0,300.0,,300.0,1.0,,0.8666666666666667
PHASE1-FAMILY-CAPACITY,PHASE1-FAMILY-CAPACITY-complete-fef9a5cb6b20,ec2642b2327931582efe10f3c3362c712ee3c1c4b6c283472b982c377678702f,MLP-L,cf054be6f8198498238d75783b4261fc719b2300545c3ec57821015192487ce8,mlp,low,0.0,weak,1.0,"{""alpha"":0.0001,""early_stopping"":true,""hidden_layer_sizes"":[16],""learning_rate_init"":0.001,""max_iter"":250}",0.9,3,success,,,0.22317620000103489,0,,0.9875,0.9875124885115695,0.9993039436194332,0.018594010139366433,0.09710461058118597,mlp_parameter_count,113.0,113.0,,,,,,,,113.0,29.0,1.0,,0.18333333333333332
PHASE1-FAMILY-CAPACITY,PHASE1-FAMILY-CAPACITY-complete-fef9a5cb6b20,bbd6876870233729421fac2cd54d3ae37b7c290c0aee5fe2c1ed2654eb881263,MLP-M,22caf9c6783beb7ef5313eeda008a6c74091af4d4ec3b2f9a80c796f31fc80c5,mlp,medium,0.5,medium,0.5,"{""alpha"":0.001,""early_stopping"":true,""hidden_layer_sizes"":[64,64],""learning_rate_init"":0.001,""max_iter"":300}",0.9,3,success,,,0.5326890000142157,0,,0.9915,0.9914948110796975,0.9997059761840709,0.0071487355850804995,0.023802958536563636,mlp_parameter_count,4609.0,4609.0,,,,,,,,4609.0,29.0,1.0,,0.5166666666666667
PHASE1-FAMILY-CAPACITY,PHASE1-FAMILY-CAPACITY-complete-fef9a5cb6b20,78216042169822ece75c5acab82d681b25d747a85fca59fa774825a9e6ceb437,MLP-H,5d197816eeb622fc60ae6d2ceb820addf08e9a7cafa95fd016fcc47c1733d867,mlp,high,1.0,strong,0.0,"{""alpha"":0.01,""early_stopping"":true,""hidden_layer_sizes"":[128,128,64],""learning_rate_init"":0.001,""max_iter"":350}",0.9,3,success,,,0.9808571999892592,0,,0.9915,0.9915128125378156,0.9997049761030643,0.016649249147158346,0.10278344025607984,mlp_parameter_count,25601.0,25601.0,,,,,,,,25601.0,12.0,1.0,,0.85
PHASE1-FAMILY-CAPACITY,PHASE1-FAMILY-CAPACITY-complete-fef9a5cb6b20,fef95c73460a8bcc476b07ea78caec8adfbfa5b6bfa7487fbe4689d2b4feb5e1,LR-L,1d2a1642b5cc9ffeec4e67e117c0a2ab4fd6a563b127af2c2fb9c9262e90d737,logistic_regression,low,0.0,strong,0.0,"{""C"":0.03,""max_iter"":1500,""solver"":""lbfgs""}",0.9,4,success,,,0.010148699977435172,0,,0.994,0.9940059460535144,0.9998529986769881,0.008782427440455112,0.05223449172440874,effective_degrees_of_freedom,3.800330042865602,6.0,3.800330042865602,,,,,,,,8.0,1.0,,0.03333333333333333
PHASE1-FAMILY-CAPACITY,PHASE1-FAMILY-CAPACITY-complete-fef9a5cb6b20,4faca3c6564ab50597783508f236e74cf6258934628e9d9a7040aff395fa9a89,LR-M,2f0277ba6749dc50e77a697ebcae33e3932a27b63e857544fc1ec7f72f723bce,logistic_regression,medium,0.5,medium,0.5,"{""C"":1.0,""max_iter"":1500,""solver"":""lbfgs""}",0.9,4,success,,,0.012163400009740144,0,,0.994,0.9940059460535144,0.9998489986409878,0.0047355405779982915,0.018207335277351674,effective_degrees_of_freedom,4.609362800171415,6.0,4.609362800171415,,,,,,,,11.0,1.0,,0.4
PHASE1-FAMILY-CAPACITY,PHASE1-FAMILY-CAPACITY-complete-fef9a5cb6b20,9dfe498cc239d8525fdd84a22a0e193f0689aedd070fc51416330346e4fddc29,LR-H,7b1c2ec5fbbfbbdee64cc420019e5c8a9abaac2c5fc3f68515c1e2c1fa714d43,logistic_regression,high,1.0,weak,1.0,"{""C"":30.0,""max_iter"":1500,""solver"":""lbfgs""}",0.9,4,success,,,0.02192920004017651,0,,0.994,0.9940059460535144,0.9998459986139875,0.004699225712593633,0.016945369877543554,effective_degrees_of_freedom,4.934324726093111,6.0,4.934324726093111,,,,,,,,14.0,1.0,,0.7
PHASE1-FAMILY-CAPACITY,PHASE1-FAMILY-CAPACITY-complete-fef9a5cb6b20,db819d126d4350e028b6cda8f6bd16a221cf70a5f3a50d5f5d98887104b43ddd,SVM-L,3fbd371b0e2cef95735dd4da149551608834096e78275a14901c17ac75cb096e,rbf_svm,low,0.0,medium,0.5,"{""C"":1.0,""cache_size"":1000,""calibration_cv"":3,""gamma"":0.05}",0.9,4,success,,,0.2366106000263244,0,,0.9935,0.993507441566974,0.999801998217984,0.004844681870845675,0.01825602216659569,kernel_effective_rank,2.2123391904709098,1356.0,,2.2123391904709098,0.0452,,,,,,,1.0,0.05,0.03333333333333333
PHASE1-FAMILY-CAPACITY,PHASE1-FAMILY-CAPACITY-complete-fef9a5cb6b20,d8835ea679b3e1034d67efe30782b7c87f91c0b05c91e76cb5456533b10d2384,SVM-M,9db1d2bf313ca7ba2163130db40ea44518e99de2cc5a6c1b05d6c5c600e866d4,rbf_svm,medium,0.5,weak,1.0,"{""C"":10.0,""cache_size"":1000,""calibration_cv"":3,""gamma"":""scale""}",0.9,4,success,,,0.19612969999434426,0,,0.9945,0.9945014505130547,0.999604996444968,0.005341390385492794,0.022115882839217536,kernel_effective_rank,9.101092349733726,792.0,,9.101092349733726,0.0264,,,,,,,1.0,0.2,0.36666666666666664
PHASE1-FAMILY-CAPACITY,PHASE1-FAMILY-CAPACITY-complete-fef9a5cb6b20,c5b8c8e8545cf8765054be9359d3263fd57bc56b957496db0df37fd9f1dffacc,SVM-H,405d3f89ec540b5d9527e4410c3337cad0e3f8b2cd09be2fa431cfc7a19bc06a,rbf_svm,high,1.0,strong,0.0,"{""C"":0.3,""cache_size"":1000,""calibration_cv"":3,""gamma"":1.0}",0.9,4,success,,,0.9688835000270046,0,,0.9935,0.9935044415399739,0.9985599870398834,0.005391915279156967,0.026722640368102332,kernel_effective_rank,114.61608760025769,6474.0,,114.61608760025769,0.2158,,,,,,,1.0,1.0,0.7
PHASE1-FAMILY-CAPACITY,PHASE1-FAMILY-CAPACITY-complete-fef9a5cb6b20,7384cdb30b4e7de93367cfda7cf7368db0b284c7bf6faa4a908bf1d1ef35a0b7,RF-L,c0f016366401e1557f071472bcb386b5eb2aff8542b2c2766d492e6f207fd133,random_forest,low,0.0,weak,1.0,"{""max_depth"":4,""max_features"":""sqrt"",""min_samples_leaf"":1,""n_estimators"":200,""n_jobs"":-1}",0.9,4,success,,,0.3687091000028886,0,,0.987,0.9870208831879487,0.999293993645943,0.010132160203206729,0.061285155119138256,tree_total_leaves,3007.0,5814.0,,,,3007.0,4.0,,,,,1.0,,0.2
PHASE1-FAMILY-CAPACITY,PHASE1-FAMILY-CAPACITY-complete-fef9a5cb6b20,8a78b120bbd543b340956bb493f76de8480785cf7cade8d65a9c647364942057,RF-M,5a017704fedc5eeaa5bfa51b469c2790db92ae9033f8403d454222bd9ca5b60a,random_forest,medium,0.5,strong,0.0,"{""max_depth"":10,""max_features"":""sqrt"",""min_samples_leaf"":10,""n_estimators"":250,""n_jobs"":-1}",0.9,4,success,,,0.6092162000131793,0,,0.989,0.9890179011611104,0.999639996759971,0.007910532264501897,0.03514613734614859,tree_total_leaves,9126.0,18002.0,,,,9126.0,8.132,,,,,1.0,,0.5666666666666667
PHASE1-FAMILY-CAPACITY,PHASE1-FAMILY-CAPACITY-complete-fef9a5cb6b20,07108eacba20ac162d36c1c9363ba5f452cad2555e5483a73f748f401edeb24c,RF-H,7ff7f8153ba561892eb3cfceb961e6a4c2bf8946870c60775c3bfce39fbaf2f9,random_forest,high,1.0,medium,0.5,"{""max_depth"":null,""max_features"":""sqrt"",""min_samples_leaf"":2,""n_estimators"":300,""n_jobs"":-1}",0.9,4,success,,,0.6601361000211909,0,,0.9925,0.9925104325938934,0.9997629978669809,0.006609637577169242,0.027091791570859974,tree_total_leaves,17722.0,35144.0,,,,17722.0,10.116666666666667,,,,,1.0,,0.8666666666666667
PHASE1-FAMILY-CAPACITY,PHASE1-FAMILY-CAPACITY-complete-fef9a5cb6b20,4f92f93de10cfb62db7eac74c57d08307c50f91dee83d9460228ac5dcf4d25a2,HGB-L,67769b8c901577287f7c69e46ea16a110fbcab250556e6c9ee68848fdafe1020,gradient_boosting,low,0.0,strong,0.0,"{""early_stopping"":false,""l2_regularization"":1.0,""learning_rate"":0.08,""max_iter"":100,""max_leaf_nodes"":7}",0.9,4,success,,,0.275244600023143,0,,0.9945,0.9945104505940554,0.9997779980019821,0.005378226556443664,0.021273820983948866,boosting_total_leaves,700.0,1300.0,,,,,,700.0,100.0,,100.0,1.0,,0.18333333333333332
PHASE1-FAMILY-CAPACITY,PHASE1-FAMILY-CAPACITY-complete-fef9a5cb6b20,56d8f536e02d534ee75cedc8a48bef4c7ce8cc2049e4a3088fc90f16d41de4c3,HGB-M,2d985fd608b45e3358b349990cabdc1f6ba1762a96e3f4ecf6a7596687075e1f,gradient_boosting,medium,0.5,weak,1.0,"{""early_stopping"":false,""l2_regularization"":0.01,""learning_rate"":0.08,""max_iter"":200,""max_leaf_nodes"":31}",0.9,4,success,,,2.7810889000538737,0,,0.993,0.993011937107434,0.9997799980199822,0.0056740102207912405,0.030739456272929486,boosting_total_leaves,5596.0,10992.0,,,,,,5596.0,200.0,,200.0,1.0,,0.4666666666666667
PHASE1-FAMILY-CAPACITY,PHASE1-FAMILY-CAPACITY-complete-fef9a5cb6b20,190a39ccec6ce6fee829557bc40efb25a959e4ef0411e07c8b38b7285f72968e,HGB-H,e48f60055c364417c78405d739a17860d6e752f2fc096ea1f14f2b30f76dde1e,gradient_boosting,high,1.0,medium,0.5,"{""early_stopping"":false,""l2_regularization"":0.1,""learning_rate"":0.05,""max_iter"":300,""max_leaf_nodes"":63}",0.9,4,success,,,1.095692400005646,0,,0.994,0.994011946107515,0.9997739979659817,0.005477314847395807,0.02615083504603398,boosting_total_leaves,8305.0,16310.0,,,,,,8305.0,300.0,,300.0,1.0,,0.8333333333333334
PHASE1-FAMILY-CAPACITY,PHASE1-FAMILY-CAPACITY-complete-fef9a5cb6b20,7046a49096c4577935da8655ac87c85bc0196e946f0d17ca1bcc0e21cc6269d4,MLP-L,cf054be6f8198498238d75783b4261fc719b2300545c3ec57821015192487ce8,mlp,low,0.0,weak,1.0,"{""alpha"":0.0001,""early_stopping"":true,""hidden_layer_sizes"":[16],""learning_rate_init"":0.001,""max_iter"":250}",0.9,4,success,,,0.21912059996975586,0,,0.99,0.9900149101341913,0.9996689970209732,0.02829825733788571,0.15245911344366658,mlp_parameter_count,113.0,113.0,,,,,,,,113.0,22.0,1.0,,0.18333333333333332
PHASE1-FAMILY-CAPACITY,PHASE1-FAMILY-CAPACITY-complete-fef9a5cb6b20,98084051b122c44a29a38d2d492e611d57d5de68595644b3fe08e9f76ce1a3d1,MLP-M,22caf9c6783beb7ef5313eeda008a6c74091af4d4ec3b2f9a80c796f31fc80c5,mlp,medium,0.5,medium,0.5,"{""alpha"":0.001,""early_stopping"":true,""hidden_layer_sizes"":[64,64],""learning_rate_init"":0.001,""max_iter"":300}",0.9,4,success,,,0.24926830001641065,0,,0.9925,0.9925014325128926,0.9995739961659655,0.02610491046330602,0.14339636960606508,mlp_parameter_count,4609.0,4609.0,,,,,,,,4609.0,13.0,1.0,,0.5166666666666667
PHASE1-FAMILY-CAPACITY,PHASE1-FAMILY-CAPACITY-complete-fef9a5cb6b20,b08e11a57643734ea382ccd3227977cc9534d17c85154ab8b440ebee96dce807,MLP-H,5d197816eeb622fc60ae6d2ceb820addf08e9a7cafa95fd016fcc47c1733d867,mlp,high,1.0,strong,0.0,"{""alpha"":0.01,""early_stopping"":true,""hidden_layer_sizes"":[128,128,64],""learning_rate_init"":0.001,""max_iter"":350}",0.9,4,success,,,0.7420421999995597,0,,0.992,0.992011928107353,0.9997469977229796,0.014411963493820608,0.09152881522766719,mlp_parameter_count,25601.0,25601.0,,,,,,,,25601.0,12.0,1.0,,0.85
PHASE1-FAMILY-CAPACITY,PHASE1-FAMILY-CAPACITY-complete-fef9a5cb6b20,0b04080997dd14d56c40ff96dedcb5f8c94b62fa256e9e2de240aaaa41f2beff,LR-L,1d2a1642b5cc9ffeec4e67e117c0a2ab4fd6a563b127af2c2fb9c9262e90d737,logistic_regression,low,0.0,strong,0.0,"{""C"":0.03,""max_iter"":1500,""solver"":""lbfgs""}",0.9,5,success,,,0.009044900012668222,0,,0.9945,0.9944644464446445,0.9998819881988199,0.009267935109902951,0.053858051715333775,effective_degrees_of_freedom,3.8106280863950324,6.0,3.8106280863950324,,,,,,,,8.0,1.0,,0.13333333333333333
PHASE1-FAMILY-CAPACITY,PHASE1-FAMILY-CAPACITY-complete-fef9a5cb6b20,acfdb3dc2c4bffc2c7f9e53f5e5e42ab70bbb302b7728e7a90ef83d7597b5e19,LR-M,2f0277ba6749dc50e77a697ebcae33e3932a27b63e857544fc1ec7f72f723bce,logistic_regression,medium,0.5,medium,0.5,"{""C"":1.0,""max_iter"":1500,""solver"":""lbfgs""}",0.9,5,success,,,0.011282199993729591,0,,0.9945,0.9944644464446445,0.9998819881988199,0.004873477151759249,0.019289412662392893,effective_degrees_of_freedom,4.647015249786497,6.0,4.647015249786497,,,,,,,,11.0,1.0,,0.6333333333333333
PHASE1-FAMILY-CAPACITY,PHASE1-FAMILY-CAPACITY-complete-fef9a5cb6b20,fe1d12ee7beed235de20dad0c9f14eae021b199f5bbee60c892525aead45b951,LR-H,7b1c2ec5fbbfbbdee64cc420019e5c8a9abaac2c5fc3f68515c1e2c1fa714d43,logistic_regression,high,1.0,weak,1.0,"{""C"":30.0,""max_iter"":1500,""solver"":""lbfgs""}",0.9,5,success,,,0.010041499976068735,0,,0.9945,0.9944644464446445,0.9998809880988099,0.004619565245554352,0.0167327690021728,effective_degrees_of_freedom,4.963908390056568,6.0,4.963908390056568,,,,,,,,14.0,1.0,,0.9333333333333333
PHASE1-FAMILY-CAPACITY,PHASE1-FAMILY-CAPACITY-complete-fef9a5cb6b20,742f591953f846f930ee55513853e0ff1beee928e0feeec5c8e3b8e0471136e1,SVM-L,3fbd371b0e2cef95735dd4da149551608834096e78275a14901c17ac75cb096e,rbf_svm,low,0.0,medium,0.5,"{""C"":1.0,""cache_size"":1000,""calibration_cv"":3,""gamma"":0.05}",0.9,5,success,,,0.15885499998694286,0,,0.9945,0.9944644464446445,0.9998839883988399,0.004899995628235983,0.01779572398278836,kernel_effective_rank,2.262396388023816,1446.0,,2.262396388023816,0.0482,,,,,,,1.0,0.05,0.16666666666666666
PHASE1-FAMILY-CAPACITY,PHASE1-FAMILY-CAPACITY-complete-fef9a5cb6b20,625040e47b13e87cde96e4e5782963e2b634b60fa5ac457bfb186458da37e03f,SVM-M,9db1d2bf313ca7ba2163130db40ea44518e99de2cc5a6c1b05d6c5c600e866d4,rbf_svm,medium,0.5,weak,1.0,"{""C"":10.0,""cache_size"":1000,""calibration_cv"":3,""gamma"":""scale""}",0.9,5,success,,,0.1624807000043802,0,,0.99,0.98991899189919,0.9997299729972997,0.006867857764674897,0.02413712175149095,kernel_effective_rank,9.54996328970869,864.0,,9.54996328970869,0.0288,,,,,,,1.0,0.2,0.4666666666666667
PHASE1-FAMILY-CAPACITY,PHASE1-FAMILY-CAPACITY-complete-fef9a5cb6b20,17b559efae7b15e50d30daa7c607a4bcfdc18b3c9b307a4286b1516425ab5cc3,SVM-H,405d3f89ec540b5d9527e4410c3337cad0e3f8b2cd09be2fa431cfc7a19bc06a,rbf_svm,high,1.0,strong,0.0,"{""C"":0.3,""cache_size"":1000,""calibration_cv"":3,""gamma"":1.0}",0.9,5,success,,,0.630522400024347,0,,0.994,0.993959395939594,0.9997459745974597,0.005347834845870128,0.021612600268034854,kernel_effective_rank,120.20394345885288,6438.0,,120.20394345885288,0.2146,,,,,,,1.0,1.0,0.8
PHASE1-FAMILY-CAPACITY,PHASE1-FAMILY-CAPACITY-complete-fef9a5cb6b20,60bbc15174bde60d85ffc61768ffc366ebd2b3c6986abfc482ccaa7173e2af7d,RF-L,c0f016366401e1557f071472bcb386b5eb2aff8542b2c2766d492e6f207fd133,random_forest,low,0.0,weak,1.0,"{""max_depth"":4,""max_features"":""sqrt"",""min_samples_leaf"":1,""n_estimators"":200,""n_jobs"":-1}",0.9,5,success,,,0.32696569996187463,0,,0.986,0.9859085908590859,0.9992779277927794,0.012113701919278087,0.06590135890293419,tree_total_leaves,2913.0,5626.0,,,,2913.0,4.0,,,,,1.0,,0.03333333333333333
PHASE1-FAMILY-CAPACITY,PHASE1-FAMILY-CAPACITY-complete-fef9a5cb6b20,6fcee350b55cd02dc65aa0a8f58255691f3a77bb5daa47a0cf75eef70f251203,RF-M,5a017704fedc5eeaa5bfa51b469c2790db92ae9033f8403d454222bd9ca5b60a,random_forest,medium,0.5,strong,0.0,"{""max_depth"":10,""max_features"":""sqrt"",""min_samples_leaf"":10,""n_estimators"":250,""n_jobs"":-1}",0.9,5,success,,,0.56689269997878,0,,0.9865,0.9864136413641365,0.9993379337933794,0.010644557816622744,0.042580790894499475,tree_total_leaves,8898.0,17546.0,,,,8898.0,8.104,,,,,1.0,,0.5
PHASE1-FAMILY-CAPACITY,PHASE1-FAMILY-CAPACITY-complete-fef9a5cb6b20,080bc2e176e8f2daf907d8fa874e76332846778c1864507f7c0d0200588bec71,RF-H,7ff7f8153ba561892eb3cfceb961e6a4c2bf8946870c60775c3bfce39fbaf2f9,random_forest,high,1.0,medium,0.5,"{""max_depth"":null,""max_features"":""sqrt"",""min_samples_leaf"":2,""n_estimators"":300,""n_jobs"":-1}",0.9,5,success,,,0.6417167999898084,0,,0.9875,0.9874137413741374,0.9994129412941295,0.009146521673528876,0.03532637563095213,tree_total_leaves,17798.0,35296.0,,,,17798.0,10.286666666666667,,,,,1.0,,0.9
PHASE1-FAMILY-CAPACITY,PHASE1-FAMILY-CAPACITY-complete-fef9a5cb6b20,15afd043e17be859bac803ff419b4f80126810d7ff65e3c5327532c7fc8c4a91,HGB-L,67769b8c901577287f7c69e46ea16a110fbcab250556e6c9ee68848fdafe1020,gradient_boosting,low,0.0,strong,0.0,"{""early_stopping"":false,""l2_regularization"":1.0,""learning_rate"":0.08,""max_iter"":100,""max_leaf_nodes"":7}",0.9,5,success,,,0.1858250999939628,0,,0.9905,0.9904340434043404,0.9996839683968397,0.007304395567903891,0.027312994715349488,boosting_total_leaves,700.0,1300.0,,,,,,700.0,100.0,,100.0,1.0,,0.18333333333333332
PHASE1-FAMILY-CAPACITY,PHASE1-FAMILY-CAPACITY-complete-fef9a5cb6b20,d4ae3a5f27975b3a0d779b94f1dabb2c3fb75d00e5ca2f098092ea702248ad05,HGB-M,2d985fd608b45e3358b349990cabdc1f6ba1762a96e3f4ecf6a7596687075e1f,gradient_boosting,medium,0.5,weak,1.0,"{""early_stopping"":false,""l2_regularization"":0.01,""learning_rate"":0.08,""max_iter"":200,""max_leaf_nodes"":31}",0.9,5,success,,,1.0792621999862604,0,,0.9895,0.9894139413941394,0.9996399639963996,0.009346575911952062,0.04824892825900817,boosting_total_leaves,5679.0,11158.0,,,,,,5679.0,200.0,,200.0,1.0,,0.5333333333333333
PHASE1-FAMILY-CAPACITY,PHASE1-FAMILY-CAPACITY-complete-fef9a5cb6b20,f401fa2ee984854ef5b6c5e4721abf3ffa1a0ce843f97d8dd51a743e871fe790,HGB-H,e48f60055c364417c78405d739a17860d6e752f2fc096ea1f14f2b30f76dde1e,gradient_boosting,high,1.0,medium,0.5,"{""early_stopping"":false,""l2_regularization"":0.1,""learning_rate"":0.05,""max_iter"":300,""max_leaf_nodes"":63}",0.9,5,success,,,1.427920299989637,0,,0.9905,0.9904240424042404,0.9995799579957996,0.008482231318997446,0.039946129025470824,boosting_total_leaves,8788.0,17276.0,,,,,,8788.0,300.0,,300.0,1.0,,0.9333333333333333
PHASE1-FAMILY-CAPACITY,PHASE1-FAMILY-CAPACITY-complete-fef9a5cb6b20,98c55080e6b4d25c3671ff8517afc044c9897360df9d0432079f6684bdc0cf29,MLP-L,cf054be6f8198498238d75783b4261fc719b2300545c3ec57821015192487ce8,mlp,low,0.0,weak,1.0,"{""alpha"":0.0001,""early_stopping"":true,""hidden_layer_sizes"":[16],""learning_rate_init"":0.001,""max_iter"":250}",0.9,5,success,,,0.29632979998132214,0,,0.991,0.990949094909491,0.9998249824982498,0.007990829303181972,0.042566812380507996,mlp_parameter_count,113.0,113.0,,,,,,,,113.0,39.0,1.0,,0.18333333333333332
PHASE1-FAMILY-CAPACITY,PHASE1-FAMILY-CAPACITY-complete-fef9a5cb6b20,e06130d8f4009f29bb50b197e32d117da088ab8aeb656f03c828a6824c475b6b,MLP-M,22caf9c6783beb7ef5313eeda008a6c74091af4d4ec3b2f9a80c796f31fc80c5,mlp,medium,0.5,medium,0.5,"{""alpha"":0.001,""early_stopping"":true,""hidden_layer_sizes"":[64,64],""learning_rate_init"":0.001,""max_iter"":300}",0.9,5,success,,,0.25494099996285513,0,,0.993,0.992959295929593,0.9997989798979898,0.011289985227635186,0.06801899276796022,mlp_parameter_count,4609.0,4609.0,,,,,,,,4609.0,14.0,1.0,,0.5166666666666667
PHASE1-FAMILY-CAPACITY,PHASE1-FAMILY-CAPACITY-complete-fef9a5cb6b20,6c8f52be0d7fdd0767ebf54491835f75fb699f85dd91d0108e0e159f04467791,MLP-H,5d197816eeb622fc60ae6d2ceb820addf08e9a7cafa95fd016fcc47c1733d867,mlp,high,1.0,strong,0.0,"{""alpha"":0.01,""early_stopping"":true,""hidden_layer_sizes"":[128,128,64],""learning_rate_init"":0.001,""max_iter"":350}",0.9,5,success,,,0.8672766999807209,0,,0.9955,0.9954745474547455,0.9998699869986999,0.004741778545530178,0.020196576643935545,mlp_parameter_count,25601.0,25601.0,,,,,,,,25601.0,13.0,1.0,,0.85
PHASE1-FAMILY-CAPACITY,PHASE1-FAMILY-CAPACITY-complete-fef9a5cb6b20,31e5207bf26a0921c687532e0a266c0116a4125d85498683c950475dc4e18e21,LR-L,1d2a1642b5cc9ffeec4e67e117c0a2ab4fd6a563b127af2c2fb9c9262e90d737,logistic_regression,low,0.0,strong,0.0,"{""C"":0.03,""max_iter"":1500,""solver"":""lbfgs""}",0.9,6,success,,,0.013473100028932095,0,,0.994,0.9939999039984639,0.999874997999968,0.009043224471023468,0.05327745353969172,effective_degrees_of_freedom,3.8092593349426207,6.0,3.8092593349426207,,,,,,,,8.0,1.0,,0.1
PHASE1-FAMILY-CAPACITY,PHASE1-FAMILY-CAPACITY-complete-fef9a5cb6b20,6365b01b7da91e54ebd72020ccb4aab138161b72037df4517925e5717320ba69,LR-M,2f0277ba6749dc50e77a697ebcae33e3932a27b63e857544fc1ec7f72f723bce,logistic_regression,medium,0.5,medium,0.5,"{""C"":1.0,""max_iter"":1500,""solver"":""lbfgs""}",0.9,6,success,,,0.010140899976249784,0,,0.994,0.9939999039984639,0.9998739979839678,0.004360668549986268,0.01761242677425699,effective_degrees_of_freedom,4.619137818404754,6.0,4.619137818404754,,,,,,,,12.0,1.0,,0.5
PHASE1-FAMILY-CAPACITY,PHASE1-FAMILY-CAPACITY-complete-fef9a5cb6b20,98c01746593f734007a035daaca5a5449dfede52b9025eff20e178eebd0d3f6e,LR-H,7b1c2ec5fbbfbbdee64cc420019e5c8a9abaac2c5fc3f68515c1e2c1fa714d43,logistic_regression,high,1.0,weak,1.0,"{""C"":30.0,""max_iter"":1500,""solver"":""lbfgs""}",0.9,6,success,,,0.012578899972140789,0,,0.994,0.9939999039984639,0.9998729979679675,0.004132671137287957,0.014553877248481862,effective_degrees_of_freedom,4.959704545469287,6.0,4.959704545469287,,,,,,,,14.0,1.0,,0.8666666666666667
PHASE1-FAMILY-CAPACITY,PHASE1-FAMILY-CAPACITY-complete-fef9a5cb6b20,fe8a872b8769e560671d6c12ce08de0a25b91ad6e8700ed64f2ce8ffa9cbb11d,SVM-L,3fbd371b0e2cef95735dd4da149551608834096e78275a14901c17ac75cb096e,rbf_svm,low,0.0,medium,0.5,"{""C"":1.0,""cache_size"":1000,""calibration_cv"":3,""gamma"":0.05}",0.9,6,success,,,0.19876669999212027,0,,0.994,0.9939999039984639,0.9998759980159683,0.004140641745617214,0.014581631345651314,kernel_effective_rank,2.3622350521269584,1392.0,,2.3622350521269584,0.0464,,,,,,,1.0,0.05,0.3333333333333333
PHASE1-FAMILY-CAPACITY,PHASE1-FAMILY-CAPACITY-complete-fef9a5cb6b20,67c6e62c3420531923908009ffdf7373282df70f8d12ae0599caf958feedddf8,SVM-M,9db1d2bf313ca7ba2163130db40ea44518e99de2cc5a6c1b05d6c5c600e866d4,rbf_svm,medium,0.5,weak,1.0,"{""C"":10.0,""cache_size"":1000,""calibration_cv"":3,""gamma"":""scale""}",0.9,6,success,,,0.14792519999900833,0,,0.993,0.9929958879342069,0.9997609961759388,0.005305846455842048,0.018975657835100794,kernel_effective_rank,10.638208245057669,864.0,,10.638208245057669,0.0288,,,,,,,1.0,0.2,0.6666666666666666
PHASE1-FAMILY-CAPACITY,PHASE1-FAMILY-CAPACITY-complete-fef9a5cb6b20,796f0cf5c44ebe7c65ef288817a1f7771cb240b795837696e46ee9f32a410d0e,SVM-H,405d3f89ec540b5d9527e4410c3337cad0e3f8b2cd09be2fa431cfc7a19bc06a,rbf_svm,high,1.0,strong,0.0,"{""C"":0.3,""cache_size"":1000,""calibration_cv"":3,""gamma"":1.0}",0.9,6,success,,,0.649220899969805,0,,0.994,0.9939999039984639,0.999706995311925,0.005025560570236981,0.019506348194406394,kernel_effective_rank,141.0561129925566,6378.0,,141.0561129925566,0.2126,,,,,,,1.0,1.0,1.0
PHASE1-FAMILY-CAPACITY,PHASE1-FAMILY-CAPACITY-complete-fef9a5cb6b20,f03eeebef443044ec64ac88c630ac9bb025a6b1a8bd6375cd83e9a7652fdeb5b,RF-L,c0f016366401e1557f071472bcb386b5eb2aff8542b2c2766d492e6f207fd133,random_forest,low,0.0,weak,1.0,"{""max_depth"":4,""max_features"":""sqrt"",""min_samples_leaf"":1,""n_estimators"":200,""n_jobs"":-1}",0.9,6,success,,,0.34599349997006357,0,,0.9885,0.9885018160290564,0.9995369925918814,0.010412276265922905,0.0643297491331047,tree_total_leaves,2986.0,5772.0,,,,2986.0,4.0,,,,,1.0,,0.1
PHASE1-FAMILY-CAPACITY,PHASE1-FAMILY-CAPACITY-complete-fef9a5cb6b20,5871b917309a1cf2c9114e12247f2c9e093505f6d9a6dd4bd82ca4274d20ca0d,RF-M,5a017704fedc5eeaa5bfa51b469c2790db92ae9033f8403d454222bd9ca5b60a,random_forest,medium,0.5,strong,0.0,"{""max_depth"":10,""max_features"":""sqrt"",""min_samples_leaf"":10,""n_estimators"":250,""n_jobs"":-1}",0.9,6,success,,,0.5744548999937251,0,,0.9875,0.9875018000288005,0.9996069937118994,0.008440805528279477,0.036418257082241466,tree_total_leaves,8649.0,17048.0,,,,8649.0,7.808,,,,,1.0,,0.4
PHASE1-FAMILY-CAPACITY,PHASE1-FAMILY-CAPACITY-complete-fef9a5cb6b20,9e12475b8d2a13cbc5751f0c2317dcf70a1ede9785aa22d8b8272ae85cab6276,RF-H,7ff7f8153ba561892eb3cfceb961e6a4c2bf8946870c60775c3bfce39fbaf2f9,random_forest,high,1.0,medium,0.5,"{""max_depth"":null,""max_features"":""sqrt"",""min_samples_leaf"":2,""n_estimators"":300,""n_jobs"":-1}",0.9,6,success,,,0.5823989000055008,0,,0.994,0.9940039040624651,0.9997709963359414,0.006104219874468122,0.02582180858618212,tree_total_leaves,17422.0,34544.0,,,,17422.0,10.053333333333333,,,,,1.0,,0.8
PHASE1-FAMILY-CAPACITY,PHASE1-FAMILY-CAPACITY-complete-fef9a5cb6b20,f21999d1221deda101c6054248934f355a03750dbc14cc330f8404f2395444cc,HGB-L,67769b8c901577287f7c69e46ea16a110fbcab250556e6c9ee68848fdafe1020,gradient_boosting,low,0.0,strong,0.0,"{""early_stopping"":false,""l2_regularization"":1.0,""learning_rate"":0.08,""max_iter"":100,""max_leaf_nodes"":7}",0.9,6,success,,,0.16548320004949346,0,,0.9915,0.9915138642218275,0.999675994815917,0.005485254974143471,0.021876752444151736,boosting_total_leaves,700.0,1300.0,,,,,,700.0,100.0,,100.0,1.0,,0.18333333333333332
PHASE1-FAMILY-CAPACITY,PHASE1-FAMILY-CAPACITY-complete-fef9a5cb6b20,8b053f06790a8561d8bf66857e9efed27a48e4496f136d4a2d8254b795beb56e,HGB-M,2d985fd608b45e3358b349990cabdc1f6ba1762a96e3f4ecf6a7596687075e1f,gradient_boosting,medium,0.5,weak,1.0,"{""early_stopping"":false,""l2_regularization"":0.01,""learning_rate"":0.08,""max_iter"":200,""max_leaf_nodes"":31}",0.9,6,success,,,0.86005820002174,0,,0.9925,0.9925058800940816,0.9995749931998911,0.006445455162158309,0.03554330666650127,boosting_total_leaves,4997.0,9794.0,,,,,,4997.0,200.0,,200.0,1.0,,0.36666666666666664
PHASE1-FAMILY-CAPACITY,PHASE1-FAMILY-CAPACITY-complete-fef9a5cb6b20,8a4eb0972c67553f2fd42d302b151325095a7fc5d59d985ba6d365ab82c49f3f,HGB-H,e48f60055c364417c78405d739a17860d6e752f2fc096ea1f14f2b30f76dde1e,gradient_boosting,high,1.0,medium,0.5,"{""early_stopping"":false,""l2_regularization"":0.1,""learning_rate"":0.05,""max_iter"":300,""max_leaf_nodes"":63}",0.9,6,success,,,1.2175499000004493,0,,0.993,0.9930078881262101,0.9996019936318981,0.005840062407332048,0.028717529547612763,boosting_total_leaves,7787.0,15274.0,,,,,,7787.0,300.0,,300.0,1.0,,0.7333333333333333
PHASE1-FAMILY-CAPACITY,PHASE1-FAMILY-CAPACITY-complete-fef9a5cb6b20,0aa564d5727035bcc48bad949c71fdd8388e2e8aabb7950bd7a97a90f2b7d806,MLP-L,cf054be6f8198498238d75783b4261fc719b2300545c3ec57821015192487ce8,mlp,low,0.0,weak,1.0,"{""alpha"":0.0001,""early_stopping"":true,""hidden_layer_sizes"":[16],""learning_rate_init"":0.001,""max_iter"":250}",0.9,6,success,,,0.4123299999628216,0,,0.9915,0.9914938639018225,0.999690995055921,0.013462732187323691,0.07142686337954368,mlp_parameter_count,113.0,113.0,,,,,,,,113.0,31.0,1.0,,0.18333333333333332
PHASE1-FAMILY-CAPACITY,PHASE1-FAMILY-CAPACITY-complete-fef9a5cb6b20,97fc940352287626c6b2afa6f78c7bbcd9563eab0a7117100ad8b1ab531184b4,MLP-M,22caf9c6783beb7ef5313eeda008a6c74091af4d4ec3b2f9a80c796f31fc80c5,mlp,medium,0.5,medium,0.5,"{""alpha"":0.001,""early_stopping"":true,""hidden_layer_sizes"":[64,64],""learning_rate_init"":0.001,""max_iter"":300}",0.9,6,success,,,0.4340899999951944,0,,0.994,0.9939919038704619,0.999874997999968,0.010120234853044795,0.06192277123948317,mlp_parameter_count,4609.0,4609.0,,,,,,,,4609.0,14.0,1.0,,0.5166666666666667
PHASE1-FAMILY-CAPACITY,PHASE1-FAMILY-CAPACITY-complete-fef9a5cb6b20,e949b687d2799c66fe1251de5f72a3a6ea540ed36fdc5416aa6dbaca575b735c,MLP-H,5d197816eeb622fc60ae6d2ceb820addf08e9a7cafa95fd016fcc47c1733d867,mlp,high,1.0,strong,0.0,"{""alpha"":0.01,""early_stopping"":true,""hidden_layer_sizes"":[128,128,64],""learning_rate_init"":0.001,""max_iter"":350}",0.9,6,success,,,0.8971533999429084,0,,0.993,0.992999887998208,0.9998089969439511,0.018623153400224,0.11516798300965987,mlp_parameter_count,25601.0,25601.0,,,,,,,,25601.0,12.0,1.0,,0.85
PHASE1-FAMILY-CAPACITY,PHASE1-FAMILY-CAPACITY-complete-fef9a5cb6b20,426f65e1bf95138ed8f37989ef588a6fb43cc1f292645b21b07dcd9d54103d83,LR-L,1d2a1642b5cc9ffeec4e67e117c0a2ab4fd6a563b127af2c2fb9c9262e90d737,logistic_regression,low,0.0,strong,0.0,"{""C"":0.03,""max_iter"":1500,""solver"":""lbfgs""}",0.9,7,success,,,0.009288400004152209,0,,0.9915,0.9915167784160919,0.9996669520410939,0.01056329642769518,0.055438499643583716,effective_degrees_of_freedom,3.827330088661798,6.0,3.827330088661798,,,,,,,,8.0,1.0,,0.3333333333333333
PHASE1-FAMILY-CAPACITY,PHASE1-FAMILY-CAPACITY-complete-fef9a5cb6b20,7b15faf0bcf12f0a6afa204a1d99533815944ec62f87d58a47272a3b48d8b368,LR-M,2f0277ba6749dc50e77a697ebcae33e3932a27b63e857544fc1ec7f72f723bce,logistic_regression,medium,0.5,medium,0.5,"{""C"":1.0,""max_iter"":1500,""solver"":""lbfgs""}",0.9,7,success,,,0.009729999990668148,0,,0.9915,0.9915167784160919,0.9996839544894465,0.006971155617847063,0.024521830836931324,effective_degrees_of_freedom,4.652941964291118,6.0,4.652941964291118,,,,,,,,12.0,1.0,,0.6666666666666666
PHASE1-FAMILY-CAPACITY,PHASE1-FAMILY-CAPACITY-complete-fef9a5cb6b20,c55b0ec14f9b1efd8cab249b56dd7dcfaa0003c7b8ac69d6cd1cbe9ac9a61e51,LR-H,7b1c2ec5fbbfbbdee64cc420019e5c8a9abaac2c5fc3f68515c1e2c1fa714d43,logistic_regression,high,1.0,weak,1.0,"{""C"":30.0,""max_iter"":1500,""solver"":""lbfgs""}",0.9,7,success,,,0.010499500029254705,0,,0.992,0.992010849562337,0.9996889552095501,0.006908259662252313,0.023022741316729566,effective_degrees_of_freedom,4.969157127960285,6.0,4.969157127960285,,,,,,,,12.0,1.0,,1.0
PHASE1-FAMILY-CAPACITY,PHASE1-FAMILY-CAPACITY-complete-fef9a5cb6b20,80cd34d306769edd486ebbd4b703b2e80dec07e29bea915f226f7f313d8e038b,SVM-L,3fbd371b0e2cef95735dd4da149551608834096e78275a14901c17ac75cb096e,rbf_svm,low,0.0,medium,0.5,"{""C"":1.0,""cache_size"":1000,""calibration_cv"":3,""gamma"":0.05}",0.9,7,success,,,0.15783670003293082,0,,0.9905,0.9905286361236018,0.999673953049239,0.007091207476014618,0.023938973778331984,kernel_effective_rank,2.356827456921807,1428.0,,2.356827456921807,0.0476,,,,,,,1.0,0.05,0.3
PHASE1-FAMILY-CAPACITY,PHASE1-FAMILY-CAPACITY-complete-fef9a5cb6b20,774c5a88fdb54117e3a3124d700adc818cc0b1811c973e58aac055a41510eebc,SVM-M,9db1d2bf313ca7ba2163130db40ea44518e99de2cc5a6c1b05d6c5c600e866d4,rbf_svm,medium,0.5,weak,1.0,"{""C"":10.0,""cache_size"":1000,""calibration_cv"":3,""gamma"":""scale""}",0.9,7,success,,,0.1520635000197217,0,,0.991,0.991010705541598,0.9995649373509786,0.0073990517193679595,0.02653419367199337,kernel_effective_rank,10.510398494586335,888.0,,10.510398494586335,0.0296,,,,,,,1.0,0.2,0.6333333333333333
PHASE1-FAMILY-CAPACITY,PHASE1-FAMILY-CAPACITY-complete-fef9a5cb6b20,0ba4dcd5ef0d586d3660f9db71a7cfb2fccc9b7b5745f9c47662db3924564444,SVM-H,405d3f89ec540b5d9527e4410c3337cad0e3f8b2cd09be2fa431cfc7a19bc06a,rbf_svm,high,1.0,strong,0.0,"{""C"":0.3,""cache_size"":1000,""calibration_cv"":3,""gamma"":1.0}",0.9,7,success,,,0.6378241999773309,0,,0.9915,0.9915167784160919,0.9992698948648606,0.007322561788039706,0.029599556981060978,kernel_effective_rank,137.54876109674467,6558.0,,137.54876109674467,0.2186,,,,,,,1.0,1.0,0.9333333333333333
PHASE1-FAMILY-CAPACITY,PHASE1-FAMILY-CAPACITY-complete-fef9a5cb6b20,f8f0be2e210d6c8c225dc28560af0d7f52c64175e224ce2ee720abb1bdd9da15,RF-L,c0f016366401e1557f071472bcb386b5eb2aff8542b2c2766d492e6f207fd133,random_forest,low,0.0,weak,1.0,"{""max_depth"":4,""max_features"":""sqrt"",""min_samples_leaf"":1,""n_estimators"":200,""n_jobs"":-1}",0.9,7,success,,,0.309713099966757,0,,0.982,0.9819854058984494,0.9990698660607128,0.01352839760006914,0.0679290847466256,tree_total_leaves,3004.0,5808.0,,,,3004.0,4.0,,,,,1.0,,0.16666666666666666
PHASE1-FAMILY-CAPACITY,PHASE1-FAMILY-CAPACITY-complete-fef9a5cb6b20,9e01e500b1c661fa49e381b5c6ab2673a858aa0c370a155e7a1bd107f49b027b,RF-M,5a017704fedc5eeaa5bfa51b469c2790db92ae9033f8403d454222bd9ca5b60a,random_forest,medium,0.5,strong,0.0,"{""max_depth"":10,""max_features"":""sqrt"",""min_samples_leaf"":10,""n_estimators"":250,""n_jobs"":-1}",0.9,7,success,,,0.6563999999780208,0,,0.9835,0.9835036245219311,0.9991428765742267,0.011723057212445001,0.04571438630997691,tree_total_leaves,9735.0,19220.0,,,,9735.0,8.424,,,,,1.0,,0.6666666666666666
PHASE1-FAMILY-CAPACITY,PHASE1-FAMILY-CAPACITY-complete-fef9a5cb6b20,91b364dc078cc5a3f8de3b6690659e6433e1ad2e01790c3520a469cc2ed6b7b6,RF-H,7ff7f8153ba561892eb3cfceb961e6a4c2bf8946870c60775c3bfce39fbaf2f9,random_forest,high,1.0,medium,0.5,"{""max_depth"":null,""max_features"":""sqrt"",""min_samples_leaf"":2,""n_estimators"":300,""n_jobs"":-1}",0.9,7,success,,,0.6563407999929041,0,,0.9875,0.9874921988766382,0.9993929125794113,0.009721509256161432,0.0364468132648434,tree_total_leaves,19804.0,39308.0,,,,19804.0,10.303333333333333,,,,,1.0,,1.0
PHASE1-FAMILY-CAPACITY,PHASE1-FAMILY-CAPACITY-complete-fef9a5cb6b20,fdb6ed7d86b336e26c9034304af315ea403c395a6745fed416a01d8affae4845,HGB-L,67769b8c901577287f7c69e46ea16a110fbcab250556e6c9ee68848fdafe1020,gradient_boosting,low,0.0,strong,0.0,"{""early_stopping"":false,""l2_regularization"":1.0,""learning_rate"":0.08,""max_iter"":100,""max_leaf_nodes"":7}",0.9,7,success,,,0.19534640002530068,0,,0.9885,0.9884923428973772,0.9995419340385016,0.008480085832402314,0.028849296588708228,boosting_total_leaves,700.0,1300.0,,,,,,700.0,100.0,,100.0,1.0,,0.18333333333333332
PHASE1-FAMILY-CAPACITY,PHASE1-FAMILY-CAPACITY-complete-fef9a5cb6b20,ec0a212dcd0c35b76ec8f7e30bd4c7f838d98177d528054e8c536074db5c5ae6,HGB-M,2d985fd608b45e3358b349990cabdc1f6ba1762a96e3f4ecf6a7596687075e1f,gradient_boosting,medium,0.5,weak,1.0,"{""early_stopping"":false,""l2_regularization"":0.01,""learning_rate"":0.08,""max_iter"":200,""max_leaf_nodes"":31}",0.9,7,success,,,1.4934960000100546,0,,0.988,0.9880222752076299,0.999558936486854,0.010025136848844249,0.04555158120671961,boosting_total_leaves,6011.0,11822.0,,,,,,6011.0,200.0,,200.0,1.0,,0.6666666666666666
PHASE1-FAMILY-CAPACITY,PHASE1-FAMILY-CAPACITY-complete-fef9a5cb6b20,02f7b4bc7f21e552133fc26bed6390446f5033c6b2e08b86d69d1b20c64e1025,HGB-H,e48f60055c364417c78405d739a17860d6e752f2fc096ea1f14f2b30f76dde1e,gradient_boosting,high,1.0,medium,0.5,"{""early_stopping"":false,""l2_regularization"":0.1,""learning_rate"":0.05,""max_iter"":300,""max_leaf_nodes"":63}",0.9,7,success,,,1.46554439997999,0,,0.9885,0.9885283480821239,0.9995689379270615,0.009570034186180526,0.03825740748508914,boosting_total_leaves,9340.0,18380.0,,,,,,9340.0,300.0,,300.0,1.0,,1.0
PHASE1-FAMILY-CAPACITY,PHASE1-FAMILY-CAPACITY-complete-fef9a5cb6b20,84f130b3f4546fe5be0ed2a33be6abd7504880b2426abbb5bb07eeb0402c4f3c,MLP-L,cf054be6f8198498238d75783b4261fc719b2300545c3ec57821015192487ce8,mlp,low,0.0,weak,1.0,"{""alpha"":0.0001,""early_stopping"":true,""hidden_layer_sizes"":[16],""learning_rate_init"":0.001,""max_iter"":250}",0.9,7,success,,,0.13093749998370185,0,,0.9845,0.9845037685426701,0.9991238738378327,0.02519131047854412,0.12963476801049614,mlp_parameter_count,113.0,113.0,,,,,,,,113.0,24.0,1.0,,0.18333333333333332
PHASE1-FAMILY-CAPACITY,PHASE1-FAMILY-CAPACITY-complete-fef9a5cb6b20,712bde2bcee8551ecf76114dc150a5b3ded4024610ca8fa7be54ef0606f5178f,MLP-M,22caf9c6783beb7ef5313eeda008a6c74091af4d4ec3b2f9a80c796f31fc80c5,mlp,medium,0.5,medium,0.5,"{""alpha"":0.001,""early_stopping"":true,""hidden_layer_sizes"":[64,64],""learning_rate_init"":0.001,""max_iter"":300}",0.9,7,success,,,0.23871479998342693,0,,0.986,0.986009985437903,0.999386911715287,0.014384299464229623,0.0794847694269069,mlp_parameter_count,4609.0,4609.0,,,,,,,,4609.0,14.0,1.0,,0.5166666666666667
PHASE1-FAMILY-CAPACITY,PHASE1-FAMILY-CAPACITY-complete-fef9a5cb6b20,cb69649b362b97eaa91b7b597d69863d851ace718c07d8febb63a8b4194b7af7,MLP-H,5d197816eeb622fc60ae6d2ceb820addf08e9a7cafa95fd016fcc47c1733d867,mlp,high,1.0,strong,0.0,"{""alpha"":0.01,""early_stopping"":true,""hidden_layer_sizes"":[128,128,64],""learning_rate_init"":0.001,""max_iter"":350}",0.9,7,success,,,0.5748068999964744,0,,0.99,0.990010561520859,0.9995619369189163,0.013581546280290357,0.08113052198183034,mlp_parameter_count,25601.0,25601.0,,,,,,,,25601.0,12.0,1.0,,0.85
PHASE1-FAMILY-CAPACITY,PHASE1-FAMILY-CAPACITY-complete-fef9a5cb6b20,e152543514ef647db0ae69ed3fdf8c619ad8547f3b6a62b62a851fe74f638350,LR-L,1d2a1642b5cc9ffeec4e67e117c0a2ab4fd6a563b127af2c2fb9c9262e90d737,logistic_regression,low,0.0,strong,0.0,"{""C"":0.03,""max_iter"":1500,""solver"":""lbfgs""}",0.9,8,success,,,0.007909699983429164,0,,0.9915,0.9915114567332309,0.9996409770225294,0.010981875668857208,0.05940614094092325,effective_degrees_of_freedom,3.8253757836829436,6.0,3.8253757836829436,,,,,,,,8.0,1.0,,0.3
PHASE1-FAMILY-CAPACITY,PHASE1-FAMILY-CAPACITY-complete-fef9a5cb6b20,d606b32c728835725e5429059bec46778bf6c6e5189a9e28da4941a50791cf7f,LR-M,2f0277ba6749dc50e77a697ebcae33e3932a27b63e857544fc1ec7f72f723bce,logistic_regression,medium,0.5,medium,0.5,"{""C"":1.0,""max_iter"":1500,""solver"":""lbfgs""}",0.9,8,success,,,0.017741799994837493,0,,0.9915,0.9915114567332309,0.9996539778545827,0.006476441153275239,0.024509680284091544,effective_degrees_of_freedom,4.635559860817851,6.0,4.635559860817851,,,,,,,,11.0,1.0,,0.5666666666666667
PHASE1-FAMILY-CAPACITY,PHASE1-FAMILY-CAPACITY-complete-fef9a5cb6b20,13d7fa8814093e944f4b5b8032a729bec75d746dc188a3f9dc5c441b6a7aa402,LR-H,7b1c2ec5fbbfbbdee64cc420019e5c8a9abaac2c5fc3f68515c1e2c1fa714d43,logistic_regression,high,1.0,weak,1.0,"{""C"":30.0,""max_iter"":1500,""solver"":""lbfgs""}",0.9,8,success,,,0.00989109999500215,0,,0.992,0.9920074884792627,0.9996539778545828,0.006390665330616161,0.023306457425807166,effective_degrees_of_freedom,4.957952429675554,6.0,4.957952429675554,,,,,,,,14.0,1.0,,0.8333333333333334
PHASE1-FAMILY-CAPACITY,PHASE1-FAMILY-CAPACITY-complete-fef9a5cb6b20,39ee25a101f95689e3d6d892755c580edfa81e949a3c2319053ffae5125e9cc7,SVM-L,3fbd371b0e2cef95735dd4da149551608834096e78275a14901c17ac75cb096e,rbf_svm,low,0.0,medium,0.5,"{""C"":1.0,""cache_size"":1000,""calibration_cv"":3,""gamma"":0.05}",0.9,8,success,,,0.12366230000043288,0,,0.991,0.9910154249871992,0.9996149753584229,0.006334835437612687,0.02362685924046007,kernel_effective_rank,2.3385370419581233,1494.0,,2.3385370419581233,0.0498,,,,,,,1.0,0.05,0.26666666666666666
PHASE1-FAMILY-CAPACITY,PHASE1-FAMILY-CAPACITY-complete-fef9a5cb6b20,b9d42fee44eff3de8c60ac776e9679c505fb2f6b56a5f099603ca6c4e1a9f389,SVM-M,9db1d2bf313ca7ba2163130db40ea44518e99de2cc5a6c1b05d6c5c600e866d4,rbf_svm,medium,0.5,weak,1.0,"{""C"":10.0,""cache_size"":1000,""calibration_cv"":3,""gamma"":""scale""}",0.9,8,success,,,0.21096190001117066,0,,0.99,0.9900233614951357,0.9993499583973374,0.0072883075369851915,0.028251732473569262,kernel_effective_rank,10.302935845653993,900.0,,10.302935845653993,0.03,,,,,,,1.0,0.2,0.6
PHASE1-FAMILY-CAPACITY,PHASE1-FAMILY-CAPACITY-complete-fef9a5cb6b20,ad74c7bc6ad84effa18693590508376834dc7a5da99f8fa38aa7f1c9b90d9959,SVM-H,405d3f89ec540b5d9527e4410c3337cad0e3f8b2cd09be2fa431cfc7a19bc06a,rbf_svm,high,1.0,strong,0.0,"{""C"":0.3,""cache_size"":1000,""calibration_cv"":3,""gamma"":1.0}",0.9,8,success,,,0.5310310000204481,0,,0.992,0.9920154889912954,0.9981118791602661,0.007276540696247098,0.03432258194409665,kernel_effective_rank,137.91144177583578,6582.0,,137.91144177583578,0.2194,,,,,,,1.0,1.0,0.9666666666666667
PHASE1-FAMILY-CAPACITY,PHASE1-FAMILY-CAPACITY-complete-fef9a5cb6b20,139fa9b8a54eb2ed23b53d335527c7f5e5977366d59ba790d3cb005c97d7916a,RF-L,c0f016366401e1557f071472bcb386b5eb2aff8542b2c2766d492e6f207fd133,random_forest,low,0.0,weak,1.0,"{""max_depth"":4,""max_features"":""sqrt"",""min_samples_leaf"":1,""n_estimators"":200,""n_jobs"":-1}",0.9,8,success,,,0.301537899998948,0,,0.9805,0.9805027521761392,0.9987619207629288,0.01457676121079383,0.07598152464095338,tree_total_leaves,3008.0,5816.0,,,,3008.0,4.0,,,,,1.0,,0.23333333333333334
PHASE1-FAMILY-CAPACITY,PHASE1-FAMILY-CAPACITY-complete-fef9a5cb6b20,564aa9787a126bba210a1c996a1d10a3fe11911bd65cfc3e4ac377eaffa7ef02,RF-M,5a017704fedc5eeaa5bfa51b469c2790db92ae9033f8403d454222bd9ca5b60a,random_forest,medium,0.5,strong,0.0,"{""max_depth"":10,""max_features"":""sqrt"",""min_samples_leaf"":10,""n_estimators"":250,""n_jobs"":-1}",0.9,8,success,,,0.5067060000146739,0,,0.9825,0.9825348822324629,0.9989059299795187,0.011841648458070585,0.04726498710390308,tree_total_leaves,9549.0,18848.0,,,,9549.0,8.36,,,,,1.0,,0.6333333333333333
PHASE1-FAMILY-CAPACITY,PHASE1-FAMILY-CAPACITY-complete-fef9a5cb6b20,3a5bca5a5fbb2fe4134e730f6fc16584ba3f468bd589dafd71f00f0384fd3a15,RF-H,7ff7f8153ba561892eb3cfceb961e6a4c2bf8946870c60775c3bfce39fbaf2f9,random_forest,high,1.0,medium,0.5,"{""max_depth"":null,""max_features"":""sqrt"",""min_samples_leaf"":2,""n_estimators"":300,""n_jobs"":-1}",0.9,8,success,,,0.5951806000084616,0,,0.986,0.9860231054787506,0.9990069364439325,0.010364228358402845,0.03969746951767136,tree_total_leaves,18887.0,37474.0,,,,18887.0,10.45,,,,,1.0,,0.9666666666666667
PHASE1-FAMILY-CAPACITY,PHASE1-FAMILY-CAPACITY-complete-fef9a5cb6b20,04a2aa38c25336eedcebd0d03b3d9525575f280881ec9b80203fe29329aa532c,HGB-L,67769b8c901577287f7c69e46ea16a110fbcab250556e6c9ee68848fdafe1020,gradient_boosting,low,0.0,strong,0.0,"{""early_stopping"":false,""l2_regularization"":1.0,""learning_rate"":0.08,""max_iter"":100,""max_leaf_nodes"":7}",0.9,8,success,,,0.2546668000286445,0,,0.9895,0.9895033282130057,0.9989649337557605,0.008656945475936699,0.03486529350261597,boosting_total_leaves,700.0,1300.0,,,,,,700.0,100.0,,100.0,1.0,,0.18333333333333332
PHASE1-FAMILY-CAPACITY,PHASE1-FAMILY-CAPACITY-complete-fef9a5cb6b20,dc9b933b9956dc15ef564699339ae4b7e82b63e737fa040196a3a5aca381ac39,HGB-M,2d985fd608b45e3358b349990cabdc1f6ba1762a96e3f4ecf6a7596687075e1f,gradient_boosting,medium,0.5,weak,1.0,"{""early_stopping"":false,""l2_regularization"":0.01,""learning_rate"":0.08,""max_iter"":200,""max_leaf_nodes"":31}",0.9,8,success,,,1.5041354999993928,0,,0.988,0.9880152329749103,0.999053939452125,0.009976599423958007,0.05852071875184254,boosting_total_leaves,5831.0,11462.0,,,,,,5831.0,200.0,,200.0,1.0,,0.6333333333333333
PHASE1-FAMILY-CAPACITY,PHASE1-FAMILY-CAPACITY-complete-fef9a5cb6b20,55f021ef14bbde11d43d4aa1a08b8f5cf79a20fc4d52a9b98d81319a0cbbe355,HGB-H,e48f60055c364417c78405d739a17860d6e752f2fc096ea1f14f2b30f76dde1e,gradient_boosting,high,1.0,medium,0.5,"{""early_stopping"":false,""l2_regularization"":0.1,""learning_rate"":0.05,""max_iter"":300,""max_leaf_nodes"":63}",0.9,8,success,,,1.294397999998182,0,,0.9885,0.9885112647209422,0.9990199372759857,0.009896879929700807,0.05187313424170083,boosting_total_leaves,8972.0,17644.0,,,,,,8972.0,300.0,,300.0,1.0,,0.9666666666666667
PHASE1-FAMILY-CAPACITY,PHASE1-FAMILY-CAPACITY-complete-fef9a5cb6b20,ac7d93e321bea520b711a56b1e986af53acdbd4cabf9b9f88635d6ba3ae53485,MLP-L,cf054be6f8198498238d75783b4261fc719b2300545c3ec57821015192487ce8,mlp,low,0.0,weak,1.0,"{""alpha"":0.0001,""early_stopping"":true,""hidden_layer_sizes"":[16],""learning_rate_init"":0.001,""max_iter"":250}",0.9,8,success,,,0.2432115999981761,0,,0.99,0.9899993599590373,0.9995869735663083,0.008892221048607181,0.043144079010582016,mlp_parameter_count,113.0,113.0,,,,,,,,113.0,40.0,1.0,,0.18333333333333332
PHASE1-FAMILY-CAPACITY,PHASE1-FAMILY-CAPACITY-complete-fef9a5cb6b20,87a0c4cbd9ef6e7e8127c19cba29828787644ff3fedb6cbde7738b7c2a94dca0,MLP-M,22caf9c6783beb7ef5313eeda008a6c74091af4d4ec3b2f9a80c796f31fc80c5,mlp,medium,0.5,medium,0.5,"{""alpha"":0.001,""early_stopping"":true,""hidden_layer_sizes"":[64,64],""learning_rate_init"":0.001,""max_iter"":300}",0.9,8,success,,,0.2533390000462532,0,,0.99,0.9900073604710702,0.9996289762544803,0.006886270488588486,0.02881835100144164,mlp_parameter_count,4609.0,4609.0,,,,,,,,4609.0,17.0,1.0,,0.5166666666666667
PHASE1-FAMILY-CAPACITY,PHASE1-FAMILY-CAPACITY-complete-fef9a5cb6b20,526a62ea977aa320e3a14afb254fbbaeb4aff41888212be777bde6125ad0d888,MLP-H,5d197816eeb622fc60ae6d2ceb820addf08e9a7cafa95fd016fcc47c1733d867,mlp,high,1.0,strong,0.0,"{""alpha"":0.01,""early_stopping"":true,""hidden_layer_sizes"":[128,128,64],""learning_rate_init"":0.001,""max_iter"":350}",0.9,8,success,,,0.8512138999649324,0,,0.9915,0.9915194572452637,0.999625976062468,0.0065628337044194695,0.02427967690766419,mlp_parameter_count,25601.0,25601.0,,,,,,,,25601.0,15.0,1.0,,0.85
PHASE1-FAMILY-CAPACITY,PHASE1-FAMILY-CAPACITY-complete-fef9a5cb6b20,f6a19d26c07e442961e8c8e5261045ec240f73ebcc240c31690fe84fbaffff1c,LR-L,1d2a1642b5cc9ffeec4e67e117c0a2ab4fd6a563b127af2c2fb9c9262e90d737,logistic_regression,low,0.0,strong,0.0,"{""C"":0.03,""max_iter"":1500,""solver"":""lbfgs""}",0.9,9,success,,,0.008215199981350452,0,,0.995,0.9950503917355753,0.9998739080789896,0.008265575012845144,0.05073330605579442,effective_degrees_of_freedom,3.8135902069165906,6.0,3.8135902069165906,,,,,,,,8.0,1.0,,0.2
PHASE1-FAMILY-CAPACITY,PHASE1-FAMILY-CAPACITY-complete-fef9a5cb6b20,d820a39eff21a0a7d897aee727745b9b8bc607fbb25c97a4fa4216246fe607a6,LR-M,2f0277ba6749dc50e77a697ebcae33e3932a27b63e857544fc1ec7f72f723bce,logistic_regression,medium,0.5,medium,0.5,"{""C"":1.0,""max_iter"":1500,""solver"":""lbfgs""}",0.9,9,success,,,0.008931799966376275,0,,0.9955,0.9955372466528098,0.9998639007836713,0.003850925966658324,0.015970879648985237,effective_degrees_of_freedom,4.61093559729476,6.0,4.61093559729476,,,,,,,,11.0,1.0,,0.43333333333333335
PHASE1-FAMILY-CAPACITY,PHASE1-FAMILY-CAPACITY-complete-fef9a5cb6b20,a322b3a37870f88f5658235f5c44b1711c6993b2e8f4f13d4b935d32cb811496,LR-H,7b1c2ec5fbbfbbdee64cc420019e5c8a9abaac2c5fc3f68515c1e2c1fa714d43,logistic_regression,high,1.0,weak,1.0,"{""C"":30.0,""max_iter"":1500,""solver"":""lbfgs""}",0.9,9,success,,,0.00955200003227219,0,,0.995,0.9950233720382158,0.9998618993246077,0.0035610434868965993,0.013436932563962941,effective_degrees_of_freedom,4.94082631913086,6.0,4.94082631913086,,,,,,,,14.0,1.0,,0.7333333333333333
PHASE1-FAMILY-CAPACITY,PHASE1-FAMILY-CAPACITY-complete-fef9a5cb6b20,196d66b7aec15e4e4996660a436d4adff5f803473ef3fbc690cf8d765eaee6f7,SVM-L,3fbd371b0e2cef95735dd4da149551608834096e78275a14901c17ac75cb096e,rbf_svm,low,0.0,medium,0.5,"{""C"":1.0,""cache_size"":1000,""calibration_cv"":3,""gamma"":0.05}",0.9,9,success,,,0.10830580000765622,0,,0.995,0.9950503917355753,0.9998809131857124,0.0036091916488321615,0.013178151977591694,kernel_effective_rank,2.2368409850775475,1308.0,,2.2368409850775475,0.0436,,,,,,,1.0,0.05,0.06666666666666667
PHASE1-FAMILY-CAPACITY,PHASE1-FAMILY-CAPACITY-complete-fef9a5cb6b20,cbe9c15e88421cfbe91784aac344837faafbee8d7c764e93644a126735550d82,SVM-M,9db1d2bf313ca7ba2163130db40ea44518e99de2cc5a6c1b05d6c5c600e866d4,rbf_svm,medium,0.5,weak,1.0,"{""C"":10.0,""cache_size"":1000,""calibration_cv"":3,""gamma"":""scale""}",0.9,9,success,,,0.11585440003545955,0,,0.994,0.994076681901106,0.9998228708728664,0.004333607451668447,0.016584372656881834,kernel_effective_rank,9.561222152887266,720.0,,9.561222152887266,0.024,,,,,,,1.0,0.2,0.5
PHASE1-FAMILY-CAPACITY,PHASE1-FAMILY-CAPACITY-complete-fef9a5cb6b20,2b212c137b80077e8a58eb80fa5c365e41b6b92123636dfc0422b5c1d2b473ed,SVM-H,405d3f89ec540b5d9527e4410c3337cad0e3f8b2cd09be2fa431cfc7a19bc06a,rbf_svm,high,1.0,strong,0.0,"{""C"":0.3,""cache_size"":1000,""calibration_cv"":3,""gamma"":1.0}",0.9,9,success,,,0.5961531000211835,0,,0.995,0.9950233720382158,0.9996947774927922,0.004373885198347739,0.018850747415694927,kernel_effective_rank,124.84142798426178,6504.0,,124.84142798426178,0.2168,,,,,,,1.0,1.0,0.8333333333333334
PHASE1-FAMILY-CAPACITY,PHASE1-FAMILY-CAPACITY-complete-fef9a5cb6b20,aab14f58e48446d39f88fed594ae128c7e124ae94cce399699d2727c27daefc0,RF-L,c0f016366401e1557f071472bcb386b5eb2aff8542b2c2766d492e6f207fd133,random_forest,low,0.0,weak,1.0,"{""max_depth"":4,""max_features"":""sqrt"",""min_samples_leaf"":1,""n_estimators"":200,""n_jobs"":-1}",0.9,9,success,,,0.32040690002031624,0,,0.9885,0.9885861793247277,0.9991964141859415,0.010368890270434918,0.06371887778256557,tree_total_leaves,3025.0,5850.0,,,,3025.0,4.0,,,,,1.0,,0.3333333333333333
PHASE1-FAMILY-CAPACITY,PHASE1-FAMILY-CAPACITY-complete-fef9a5cb6b20,ed798b456df3bbd6a8f6d2fb552790434c36785701aade780ce93e8b3dc0ab4a,RF-M,5a017704fedc5eeaa5bfa51b469c2790db92ae9033f8403d454222bd9ca5b60a,random_forest,medium,0.5,strong,0.0,"{""max_depth"":10,""max_features"":""sqrt"",""min_samples_leaf"":10,""n_estimators"":250,""n_jobs"":-1}",0.9,9,success,,,0.5884393999585882,0,,0.99,0.9901007834711505,0.9994936308568947,0.008191592311678108,0.0358507534460951,tree_total_leaves,9320.0,18390.0,,,,9320.0,8.032,,,,,1.0,,0.6
PHASE1-FAMILY-CAPACITY,PHASE1-FAMILY-CAPACITY-complete-fef9a5cb6b20,f308ecf4939e93ccc1d67e6250aec892e0fd396ed872ae18b7bb9192ef757eea,RF-H,7ff7f8153ba561892eb3cfceb961e6a4c2bf8946870c60775c3bfce39fbaf2f9,random_forest,high,1.0,medium,0.5,"{""max_depth"":null,""max_features"":""sqrt"",""min_samples_leaf"":2,""n_estimators"":300,""n_jobs"":-1}",0.9,9,success,,,0.6568527999916114,0,,0.9915,0.9915883679202139,0.9996647556068373,0.006945817304985162,0.02764078619919636,tree_total_leaves,17259.0,34218.0,,,,17259.0,9.756666666666666,,,,,1.0,,0.7333333333333333
PHASE1-FAMILY-CAPACITY,PHASE1-FAMILY-CAPACITY-complete-fef9a5cb6b20,5d4651d5c47a5eefce1d69a54a0eb2d63c024ed95abe22dffddd76b48965bf3d,HGB-L,67769b8c901577287f7c69e46ea16a110fbcab250556e6c9ee68848fdafe1020,gradient_boosting,low,0.0,strong,0.0,"{""early_stopping"":false,""l2_regularization"":1.0,""learning_rate"":0.08,""max_iter"":100,""max_leaf_nodes"":7}",0.9,9,success,,,0.19758849998470396,0,,0.9915,0.9915883679202139,0.9997748358553386,0.005289624975487225,0.01907918083089942,boosting_total_leaves,700.0,1300.0,,,,,,700.0,100.0,,100.0,1.0,,0.18333333333333332
PHASE1-FAMILY-CAPACITY,PHASE1-FAMILY-CAPACITY-complete-fef9a5cb6b20,11214deb54908c4cf88f41d62dea77d4730da3f29ed65166bf50e12f28eeb235,HGB-M,2d985fd608b45e3358b349990cabdc1f6ba1762a96e3f4ecf6a7596687075e1f,gradient_boosting,medium,0.5,weak,1.0,"{""early_stopping"":false,""l2_regularization"":0.01,""learning_rate"":0.08,""max_iter"":200,""max_leaf_nodes"":31}",0.9,9,success,,,1.112268499971833,0,,0.992,0.9920482031400891,0.9997528198056382,0.006147355659755378,0.027817494390781357,boosting_total_leaves,5665.0,11130.0,,,,,,5665.0,200.0,,200.0,1.0,,0.5
PHASE1-FAMILY-CAPACITY,PHASE1-FAMILY-CAPACITY-complete-fef9a5cb6b20,e9c08593824482f4f98518098f0b58ded7e45a910fbfaaea0e6cdf2e9b4d2a4f,HGB-H,e48f60055c364417c78405d739a17860d6e752f2fc096ea1f14f2b30f76dde1e,gradient_boosting,high,1.0,medium,0.5,"{""early_stopping"":false,""l2_regularization"":0.1,""learning_rate"":0.05,""max_iter"":300,""max_leaf_nodes"":63}",0.9,9,success,,,1.3370565000222996,0,,0.9925,0.9925620777546832,0.9997528198056382,0.006416576652443568,0.02543537751621146,boosting_total_leaves,8124.0,15948.0,,,,,,8124.0,300.0,,300.0,1.0,,0.7666666666666667
PHASE1-FAMILY-CAPACITY,PHASE1-FAMILY-CAPACITY-complete-fef9a5cb6b20,59b84884ed81333ed6d3f1434eff7e78e1ddd2e4950d7f3a94c93defa229a9c2,MLP-L,cf054be6f8198498238d75783b4261fc719b2300545c3ec57821015192487ce8,mlp,low,0.0,weak,1.0,"{""alpha"":0.0001,""early_stopping"":true,""hidden_layer_sizes"":[16],""learning_rate_init"":0.001,""max_iter"":250}",0.9,9,success,,,0.09643299999879673,0,,0.984,0.9839613077933813,0.9985129159157026,0.062368588666557645,0.26100880696995,mlp_parameter_count,113.0,113.0,,,,,,,,113.0,17.0,1.0,,0.18333333333333332
PHASE1-FAMILY-CAPACITY,PHASE1-FAMILY-CAPACITY-complete-fef9a5cb6b20,f368f988d895ed68add25328df98c698a170add7d9ff3426451f60e5b20d515c,MLP-M,22caf9c6783beb7ef5313eeda008a6c74091af4d4ec3b2f9a80c796f31fc80c5,mlp,medium,0.5,medium,0.5,"{""alpha"":0.001,""early_stopping"":true,""hidden_layer_sizes"":[64,64],""learning_rate_init"":0.001,""max_iter"":300}",0.9,9,success,,,0.40525330003583804,0,,0.996,0.9959970818726852,0.9998328781681846,0.003441015651590553,0.014369625400103832,mlp_parameter_count,4609.0,4609.0,,,,,,,,4609.0,25.0,1.0,,0.5166666666666667
PHASE1-FAMILY-CAPACITY,PHASE1-FAMILY-CAPACITY-complete-fef9a5cb6b20,e13e18294372e46e126590ecd6643f3dfc01be9ea2e4c339d299fb97c4a73958,MLP-H,5d197816eeb622fc60ae6d2ceb820addf08e9a7cafa95fd016fcc47c1733d867,mlp,high,1.0,strong,0.0,"{""alpha"":0.01,""early_stopping"":true,""hidden_layer_sizes"":[128,128,64],""learning_rate_init"":0.001,""max_iter"":350}",0.9,9,success,,,0.666985800024122,0,,0.995,0.9950233720382158,0.9997828416915931,0.010026527679791428,0.06765624379001073,mlp_parameter_count,25601.0,25601.0,,,,,,,,25601.0,12.0,1.0,,0.85
