fit_id,config_id,family,capacity_tier,capacity_tier_score,regularization_tier,regularization_flexibility_score,rho_train,seed,iid_accuracy,average_ood_accuracy,worst_ood_accuracy,ood_gap,learned_capacity_primary,empirical_capacity_index,converged
4ac6f3b3855c965302698bc1332802bf96f734542a9fce1537f963cd8420a9fa,LR-L,logistic_regression,low,0.0,strong,0.0,0.0,0,0.919,0.91025,0.9043333333333332,0.00875,4.474236089126061,0.2333333333333333,1.0
8373c5a267d3091d35ca82c03c71f38e28e4efdd04cbe1672a1226fb42251343,LR-M,logistic_regression,medium,0.5,medium,0.5,0.0,0,0.9186666666666666,0.9105833333333332,0.905,0.0080833333333333,4.950087476367675,0.5666666666666667,1.0
c3f0f24fe589750fcb2bd14d6e8b28a7c2315e6deea0719278c4255ccd3edc78,LR-H,logistic_regression,high,1.0,weak,1.0,0.0,0,0.9186666666666666,0.9106666666666666,0.905,0.008,4.998130611938505,0.9,1.0
9e5fb0989ec7eacbffd7ad39f46ebd9f45ebb8a90d98d2e182e043d43c6c569a,SVM-L,rbf_svm,low,0.0,medium,0.5,0.0,0,0.9173333333333332,0.9090833333333334,0.9036666666666666,0.0082499999999999,2.34003665354826,0.2333333333333333,1.0
954e9b1966e2a266b6c3641f13cc409e7c85bdf8e3b1d18114fd464cec52a32b,SVM-M,rbf_svm,medium,0.5,weak,1.0,0.0,0,0.9136666666666666,0.9025,0.8953333333333333,0.0111666666666665,11.078462671753918,0.5666666666666667,1.0
6609457c1ad3ebe9100e2d40bc97a1c64b9e9009a1c6f0dcdb0af4262a316f4d,SVM-H,rbf_svm,high,1.0,strong,0.0,0.0,0,0.9153333333333332,0.9025833333333332,0.897,0.01275,174.45312428641725,0.9,1.0
e4d35367e5ec1c97b9c061bd6e212092cf33e0324e69a10f92e671d55e802cfc,RF-L,random_forest,low,0.0,weak,1.0,0.0,0,0.8953333333333333,0.8871666666666667,0.881,0.0081666666666666,3126.0,0.1,1.0
db0088b8d6c9ca5892faeecde69ac5f7f6d1393aaa62043f5c21e75e852652ce,RF-M,random_forest,medium,0.5,strong,0.0,0.0,0,0.9106666666666666,0.9011666666666668,0.896,0.0094999999999999,33519.0,0.5,1.0
892a6bd6d27e7f4dd3467461da4145e2d6e6c3e579242adac1f93e8f5ea4d0e6,RF-H,random_forest,high,1.0,medium,0.5,0.0,0,0.9116666666666666,0.9033333333333332,0.897,0.0083333333333334,98651.0,0.7666666666666667,1.0
66ecd613b378089eac04a3666df3435be322a6d0956676a8f4b8b1301c676761,HGB-L,gradient_boosting,low,0.0,strong,0.0,0.0,0,0.9136666666666666,0.9041666666666668,0.8966666666666666,0.0094999999999999,700.0,0.1833333333333333,1.0
535174b4e6edb08549c26f1d9ddf89f7243cc4aa9b9cd2bcfa90fd01bcd8c782,HGB-M,gradient_boosting,medium,0.5,weak,1.0,0.0,0,0.908,0.8968333333333333,0.8916666666666667,0.0111666666666667,6200.0,0.5166666666666667,1.0
57f5e93139ef41e487160b0ce661a6cea45fb183f0530facdf109d47dead617f,HGB-H,gradient_boosting,high,1.0,medium,0.5,0.0,0,0.9066666666666666,0.8955000000000001,0.8906666666666667,0.0111666666666665,18900.0,0.85,1.0
778f57d7f83d2c9f086b84f67ea8e120d8ae65f95a570bef6b43fc3a7bccacca,MLP-L,mlp,low,0.0,weak,1.0,0.0,0,0.915,0.9103333333333334,0.904,0.0046666666666665,113.0,0.1833333333333333,1.0
149f03370703e31d1151337722b5026927cc7ed839007ec02d90019e7ecf7628,MLP-M,mlp,medium,0.5,medium,0.5,0.0,0,0.9133333333333332,0.9098333333333332,0.9043333333333332,0.0035,4609.0,0.5166666666666667,1.0
cc3f8bf9b4787c40ce3ed63b494c8660d7fe2e253494e9fd12c1f567a3f35c60,MLP-H,mlp,high,1.0,strong,0.0,0.0,0,0.9173333333333332,0.9106666666666666,0.901,0.0066666666666667,25601.0,0.85,1.0
8a69718e9f9f7797d51310a46710d50c7e3ea8ae9447e5df6590284ab396ece2,LR-L,logistic_regression,low,0.0,strong,0.0,0.0,1,0.9116666666666666,0.9139166666666668,0.903,-0.00225,4.473303859606492,0.1666666666666666,1.0
eddbeefacf1ff3aa790096e4a7b1b2abebe1c860a578731a90459706a9de25ab,LR-M,logistic_regression,medium,0.5,medium,0.5,0.0,1,0.911,0.9135833333333332,0.9023333333333332,-0.0025833333333332,4.949559928072091,0.5,1.0
e56133b43398836c1c14acc38dc402dc650f03887bd8ab53b59cc32111dac85a,LR-H,logistic_regression,high,1.0,weak,1.0,0.0,1,0.9113333333333332,0.9135,0.9023333333333332,-0.0021666666666666,4.9981068522847245,0.8333333333333334,1.0
cb90d9b7a3d5baf5006dc33eba47c201ace69d6291697e66ad442266ccc24e44,SVM-L,rbf_svm,low,0.0,medium,0.5,0.0,1,0.9116666666666666,0.9148333333333334,0.9023333333333332,-0.0031666666666667,2.267622868987932,0.1666666666666666,1.0
2ba0d0e7df9be81220ff103e2701fa11138e201290fc9cf5182a89f4d5691f8f,SVM-M,rbf_svm,medium,0.5,weak,1.0,0.0,1,0.9076666666666666,0.90675,0.8963333333333333,0.0009166666666666,10.1168690916444,0.4333333333333333,1.0
328f55bdf62ff0ee7a705cc24552fc698f63cf53a5e0d2fd57b9aa630cd3ae6b,SVM-H,rbf_svm,high,1.0,strong,0.0,0.0,1,0.9066666666666666,0.9071666666666668,0.895,-0.0005,155.209624134786,0.7666666666666667,1.0
b4f1532e54c197d1b7d1653630dd9ce8141b5642a21eff7850a3b9c8820db1b3,RF-L,random_forest,low,0.0,weak,1.0,0.0,1,0.8796666666666667,0.8828333333333334,0.876,-0.0031666666666666,3136.0,0.2166666666666666,1.0
32e8eaa815214077197c97ff2d03d61b35097cb1c18cc08bc941e70d1ac543f4,RF-M,random_forest,medium,0.5,strong,0.0,0.0,1,0.8996666666666666,0.9031666666666668,0.893,-0.0035,34067.0,0.6666666666666666,1.0
bdb5cfee6ad3339c0898f4017942bcb50c9b1c912759edab22b105e5ebbe0d57,RF-H,random_forest,high,1.0,medium,0.5,0.0,1,0.896,0.90575,0.896,-0.00975,100989.0,0.9666666666666668,1.0
07c46fb3b71f19da1118be6a26cff7353b9708df6b13241faf7f20cd98c4aeb7,HGB-L,gradient_boosting,low,0.0,strong,0.0,0.0,1,0.8996666666666666,0.9064166666666666,0.8983333333333333,-0.00675,700.0,0.1833333333333333,1.0
b1c661c92b2489497b7c7d508acf2bcdb08f8d63ed214420f9c5aa8a5a9a7a7f,HGB-M,gradient_boosting,medium,0.5,weak,1.0,0.0,1,0.8996666666666666,0.90475,0.8913333333333333,-0.0050833333333333,6200.0,0.5166666666666667,1.0
b67b2beedebdeb0d6d7eacb5ff7903a06e6ce050cf958722890e5646ebff6684,HGB-H,gradient_boosting,high,1.0,medium,0.5,0.0,1,0.896,0.901,0.8873333333333333,-0.0049999999999998,18900.0,0.85,1.0
e1fa52e86f69b9b483b330d664feb441709bc43567f526fe539cfae9b4c9a087,MLP-L,mlp,low,0.0,weak,1.0,0.0,1,0.9076666666666666,0.9109166666666666,0.9026666666666666,-0.0032499999999999,113.0,0.1833333333333333,1.0
c48d1c1b00c74f2c55913a2e1eb81cb982a0ec21d0400776feb8482552f1ab72,MLP-M,mlp,medium,0.5,medium,0.5,0.0,1,0.91,0.9123333333333332,0.8976666666666666,-0.0023333333333331,4609.0,0.5166666666666667,1.0
0aeedecc7cf3218429522d23fb008ab1dbef686173207a8b01e0e3a1051d1543,MLP-H,mlp,high,1.0,strong,0.0,0.0,1,0.9053333333333332,0.9094166666666668,0.8953333333333333,-0.0040833333333333,25601.0,0.85,1.0
b9fa1edd88f3c0e1e00d1ea84bcc60c7e2fcda9163e8bfd86eaabbe17e4bc2b9,LR-L,logistic_regression,low,0.0,strong,0.0,0.0,2,0.92,0.90975,0.906,0.0102499999999999,4.473058411985708,0.1333333333333333,1.0
e2e8e983bbbd2f95a9d6354db0a8f17cd99822753ff9bd537da8a357a96d9129,LR-M,logistic_regression,medium,0.5,medium,0.5,0.0,2,0.9206666666666666,0.9106666666666666,0.9066666666666666,0.01,4.948932034760778,0.4666666666666667,1.0
a5a46f912c859d2706fe3d39d2ce57c777e16fe6150c168d2ebbf8a86cfcba37,LR-H,logistic_regression,high,1.0,weak,1.0,0.0,2,0.921,0.91075,0.9066666666666666,0.01025,4.99808008171556,0.8,1.0
a09627e3872f427c7173981d854c5a7f5aed4746c282e7389edb208546dfdf96,SVM-L,rbf_svm,low,0.0,medium,0.5,0.0,2,0.9203333333333332,0.9068333333333334,0.9016666666666666,0.0134999999999999,2.264294508950801,0.1333333333333333,1.0
28338f47bdfa88a6c1ef0df05fa574927c14c9f5cc8594221293d620396ed198,SVM-M,rbf_svm,medium,0.5,weak,1.0,0.0,2,0.9136666666666666,0.9039166666666668,0.8986666666666666,0.0097499999999999,10.213995916782734,0.5,1.0
7f1500f21dd04963b2fd7c038a34124f19c889b21a0e2b7f8d192738f9bbe146,SVM-H,rbf_svm,high,1.0,strong,0.0,0.0,2,0.9133333333333332,0.9031666666666668,0.8953333333333333,0.0101666666666666,155.22853547815944,0.8,1.0
a053afe47c2f46df0ad379efb77e4fedcd29c9b843d303f82dc041df041e426b,RF-L,random_forest,low,0.0,weak,1.0,0.0,2,0.8973333333333333,0.8861666666666667,0.882,0.0111666666666666,3115.0,0.0666666666666666,1.0
989fe40304a7f8e243286203114d67bc8c3a99bb512d9c40bc89d9029bd33d93,RF-M,random_forest,medium,0.5,strong,0.0,0.0,2,0.9166666666666666,0.90525,0.8963333333333333,0.0114166666666666,33466.0,0.4666666666666667,1.0
c1c4d93006932a72640c035ef2af30afab3791db50327e597b642a1e2a3716aa,RF-H,random_forest,high,1.0,medium,0.5,0.0,2,0.9133333333333332,0.9033333333333332,0.893,0.01,101076.0,1.0,1.0
561275de17dd06f9d1889e1ce3955ac2741c2d118ef82bed9372fe80f15c788a,HGB-L,gradient_boosting,low,0.0,strong,0.0,0.0,2,0.9206666666666666,0.9065833333333332,0.8973333333333333,0.0140833333333333,700.0,0.1833333333333333,1.0
b3a1aec3b272963791517c30d444ce7694ff77cbfa8a447b721bcc758fec8adf,HGB-M,gradient_boosting,medium,0.5,weak,1.0,0.0,2,0.9156666666666666,0.90225,0.8923333333333333,0.0134166666666666,6200.0,0.5166666666666667,1.0
4c37673b65761710674a84146213d3bad366c48258a3e341f5cfce71f369d4f4,HGB-H,gradient_boosting,high,1.0,medium,0.5,0.0,2,0.9093333333333332,0.9036666666666666,0.8933333333333333,0.0056666666666667,18900.0,0.85,1.0
a64bb818bc97af4f8cda773abb4674773fb71f7bfe4cc90b3ebdfd52ae380ffc,MLP-L,mlp,low,0.0,weak,1.0,0.0,2,0.9236666666666666,0.9089166666666666,0.9013333333333332,0.01475,113.0,0.1833333333333333,1.0
1c87e06790d87d3e71bb9dc89af1f1565fbf392c517fccbb0f630d8f5e8cc79b,MLP-M,mlp,medium,0.5,medium,0.5,0.0,2,0.9206666666666666,0.9068333333333334,0.9023333333333332,0.0138333333333332,4609.0,0.5166666666666667,1.0
62b8e6c810ad46caa51052b3906ee4192adabe07bdd680856244875e16a85892,MLP-H,mlp,high,1.0,strong,0.0,0.0,2,0.914,0.9018333333333334,0.8916666666666667,0.0121666666666666,25601.0,0.85,1.0
240511ba5501e7c8c578dc75cfb23d836f9dd0263f7d207d5856fcbe3975b5d9,LR-L,logistic_regression,low,0.0,strong,0.0,0.0,3,0.9023333333333332,0.9110833333333332,0.9056666666666666,-0.0087499999999999,4.474111288162211,0.2,1.0
1b6010210017b2c09e6d7b1cd9e9fbfe6205e68806159e9680d9480cc18f1369,LR-M,logistic_regression,medium,0.5,medium,0.5,0.0,3,0.9013333333333332,0.9120833333333334,0.9063333333333332,-0.01075,4.947860313266985,0.4333333333333333,1.0
b956d3892e11a15f27b66ea4147aa78886f02d47339b554e55149d73c3087df1,LR-H,logistic_regression,high,1.0,weak,1.0,0.0,3,0.9013333333333332,0.9121666666666668,0.9063333333333332,-0.0108333333333333,4.998031191774998,0.7333333333333333,1.0
0ae3dd55eaf3b2240d3d78abf1b63bbeab3a31e9bed5ead1a3020dc789aca933,SVM-L,rbf_svm,low,0.0,medium,0.5,0.0,3,0.9016666666666666,0.9105,0.9036666666666666,-0.0088333333333332,2.2949251669909474,0.2,1.0
93c3f4930280083b8efcc3cbb3b1ce46f6f5210d53750d198fb2780b71e7d55a,SVM-M,rbf_svm,medium,0.5,weak,1.0,0.0,3,0.899,0.9033333333333332,0.8943333333333333,-0.0043333333333333,10.704443039075745,0.5333333333333333,1.0
09bf33cfd62d41da0c6cb5be31f0955ea1553b11127c1dbb02f0eb6b079057ec,SVM-H,rbf_svm,high,1.0,strong,0.0,0.0,3,0.8986666666666666,0.9050833333333334,0.9023333333333332,-0.0064166666666667,169.8531301824616,0.8666666666666667,1.0
206e04fdd08dc139ab63998cdf179b4ba4a92cc30c783020eb544eb8680b811f,RF-L,random_forest,low,0.0,weak,1.0,0.0,3,0.88,0.8820833333333333,0.878,-0.0020833333333333,3131.0,0.1666666666666666,1.0
2338ac929150a0d8dca1ecac4b8945a09e3c3f75a7efb46f44ab130a2ab2a801,RF-M,random_forest,medium,0.5,strong,0.0,0.0,3,0.8916666666666667,0.8998333333333333,0.8933333333333333,-0.0081666666666665,33166.0,0.4,1.0
9c3838c6dc363789f70b3cbf1ead5a6dac4cdcdbc3af747ccf1901d957eb716a,RF-H,random_forest,high,1.0,medium,0.5,0.0,3,0.8936666666666667,0.9008333333333334,0.8956666666666667,-0.0071666666666666,99808.0,0.8333333333333334,1.0
2f0e9e768651e513844d64ea0c43fc68c5829be2b1cdb4a3e18b9c19e9eceea9,HGB-L,gradient_boosting,low,0.0,strong,0.0,0.0,3,0.896,0.9036666666666666,0.8963333333333333,-0.0076666666666665,700.0,0.1833333333333333,1.0
8b24c02493a9410384e17ccbe92723d0a062d8385c0fb0625431984f58620092,HGB-M,gradient_boosting,medium,0.5,weak,1.0,0.0,3,0.8943333333333333,0.8984166666666666,0.887,-0.0040833333333333,6200.0,0.5166666666666667,1.0
6db30f4725e9172b00dec985f7972dd578faad52cc35fdaca8b8ce2582034fee,HGB-H,gradient_boosting,high,1.0,medium,0.5,0.0,3,0.893,0.8963333333333332,0.8873333333333333,-0.0033333333333331,18900.0,0.85,1.0
0f4cbf667a0f810df95daa6c5895ec5fbc878c4b16ec0385c25ec544162c38d0,MLP-L,mlp,low,0.0,weak,1.0,0.0,3,0.9016666666666666,0.9104166666666668,0.9046666666666666,-0.00875,113.0,0.1833333333333333,1.0
1f3e167a016a3d40b0170dc1327595f060b0004f999ae8fb9d04b134ad946cd8,MLP-M,mlp,medium,0.5,medium,0.5,0.0,3,0.8973333333333333,0.9125,0.9016666666666666,-0.0151666666666666,4609.0,0.5166666666666667,1.0
b36132d42da234b14567563086d8d81adc3a5878f234742229322c9884de20ff,MLP-H,mlp,high,1.0,strong,0.0,0.0,3,0.8966666666666666,0.9114166666666668,0.9046666666666666,-0.01475,25601.0,0.85,1.0
099c08f931089dd8bc564592191685f1d8c4c030accd43fafab5c6ed026b5b0c,LR-L,logistic_regression,low,0.0,strong,0.0,0.0,4,0.9196666666666666,0.9048333333333332,0.8986666666666666,0.0148333333333333,4.464123566443498,0.0333333333333333,1.0
90cc77b6015c226e378485ae727db573c6b2b4685f0c8075b19e85bea9cd2df8,LR-M,logistic_regression,medium,0.5,medium,0.5,0.0,4,0.9193333333333332,0.9055,0.899,0.0138333333333333,4.946049621847013,0.3666666666666666,1.0
b18b6e68511425c0ed1967d0443a1c67e6463ef50e95d5f1a9f5204d56833336,LR-H,logistic_regression,high,1.0,weak,1.0,0.0,4,0.919,0.9056666666666666,0.8993333333333333,0.0133333333333334,4.997954286390672,0.7,1.0
c972a606d564197885f54a7ee89586d9e91b16c28a8f25616ff0438cb6713d23,SVM-L,rbf_svm,low,0.0,medium,0.5,0.0,4,0.9186666666666666,0.90475,0.899,0.0139166666666666,2.23770334022756,0.0333333333333333,1.0
11b376cdad7845241fcf626f3b860bec5871c92fe5f8f3153c3de2a552a2f5dd,SVM-M,rbf_svm,medium,0.5,weak,1.0,0.0,4,0.9126666666666666,0.8999166666666666,0.892,0.01275,9.803063925450294,0.3666666666666666,1.0
d287ae90d42da6f40c7a51de4540f2bb7fabf872bbda4739fb8b7775db41214a,SVM-H,rbf_svm,high,1.0,strong,0.0,0.0,4,0.9156666666666666,0.8998333333333334,0.893,0.0158333333333332,146.7805424990586,0.7,1.0
d6130735af7c965ddfb4f88a77a6f6a0faec2f15f59841444d6889afb42fdf26,RF-L,random_forest,low,0.0,weak,1.0,0.0,4,0.89,0.885,0.8783333333333333,0.005,3156.0,0.3333333333333333,1.0
afcf1eca6bc1b2467d9a5bbd8e02f7a05556bfd973a4d022e1ffa75a533a5700,RF-M,random_forest,medium,0.5,strong,0.0,0.0,4,0.91,0.9015,0.8936666666666667,0.0084999999999999,33793.0,0.6,1.0
709c91529c160b225a812582f7bb565509ed08b598fa8be65c5d8b07ee6295c1,RF-H,random_forest,high,1.0,medium,0.5,0.0,4,0.915,0.902,0.896,0.0130000000000001,99263.0,0.8,1.0
d40b2150c20c3ce4332d09db29c64ddccd2261e2855ec6f26e6fe7c8dc31d13a,HGB-L,gradient_boosting,low,0.0,strong,0.0,0.0,4,0.9123333333333332,0.9016666666666668,0.894,0.0106666666666666,700.0,0.1833333333333333,1.0
6bec0126f556072c6ae526c8e973066ba2d0df52d431a8a00b25566044506a56,HGB-M,gradient_boosting,medium,0.5,weak,1.0,0.0,4,0.91,0.8944166666666666,0.884,0.0155833333333333,6200.0,0.5166666666666667,1.0
d8ce179453554188d071a3f009e50750e609540f758e32e593d1008c2c06e1b7,HGB-H,gradient_boosting,high,1.0,medium,0.5,0.0,4,0.9066666666666666,0.8938333333333334,0.887,0.0128333333333332,18900.0,0.85,1.0
4fd44df99aa5d63f56e18fcf59d5a5c9f04288903319d14e1dad0ebe9af3ec91,MLP-L,mlp,low,0.0,weak,1.0,0.0,4,0.911,0.895,0.888,0.016,113.0,0.1833333333333333,1.0
8a156e6451920bfbffe53ac7a3389530fd99c3efa48a1c97b5e668ba535ffeac,MLP-M,mlp,medium,0.5,medium,0.5,0.0,4,0.918,0.8999999999999999,0.8926666666666667,0.0180000000000001,4609.0,0.5166666666666667,1.0
7f7b78922a1ee1f2a1107e17945b917d4845038328469aed44d94c9c0e9d7237,MLP-H,mlp,high,1.0,strong,0.0,0.0,4,0.9203333333333332,0.9073333333333332,0.902,0.013,25601.0,0.85,1.0
5faa61dd764653a39d9a5007c0b6bfbd354de8c4bcb20cd21dcf1e03f4f3dce4,LR-L,logistic_regression,low,0.0,strong,0.0,0.0,5,0.9173333333333332,0.9170833333333334,0.9143333333333332,0.0002499999999999,4.476860432724124,0.3333333333333333,1.0
aa60eb185a6a9369ff067103ec0ef74224185741d8caa1488eb90c5bd2f96ac4,LR-M,logistic_regression,medium,0.5,medium,0.5,0.0,5,0.9166666666666666,0.91725,0.9153333333333332,-0.0005833333333333,4.950645401656916,0.6333333333333333,1.0
97359eaf77afa58ebe104ba80a3f25a2ee0a96b29a68868f3a78035b05098518,LR-H,logistic_regression,high,1.0,weak,1.0,0.0,5,0.9163333333333332,0.9170833333333334,0.915,-0.00075,4.998157654137478,0.9666666666666668,1.0
be23fcc7e58711391fb8b9f2d1ed5367169b45e1fe7c1d9e2607484c59019c63,SVM-L,rbf_svm,low,0.0,medium,0.5,0.0,5,0.9136666666666666,0.9150833333333334,0.9123333333333332,-0.0014166666666667,2.254936259760122,0.1,1.0
8413d7f309e48d9311c3814e083ea215b1d578b7c9a76be714cbc9bc3ea0e259,SVM-M,rbf_svm,medium,0.5,weak,1.0,0.0,5,0.9096666666666666,0.9098333333333332,0.906,-0.0001666666666666,10.020206540147738,0.4,1.0
31f467be77784d41ba86d9b406149b06b5bb95b446a68602eb0c7625937288e3,SVM-H,rbf_svm,high,1.0,strong,0.0,0.0,5,0.91,0.9098333333333334,0.9066666666666666,0.0001666666666666,152.95055227038097,0.7333333333333333,1.0
ee2597c76a3245af65eee87be808ad18773021a3d21263b031755dba904cb264,RF-L,random_forest,low,0.0,weak,1.0,0.0,5,0.8883333333333333,0.8876666666666666,0.879,0.0006666666666667,3146.0,0.2666666666666666,1.0
ac13dbf2248e9fb50f01c78aec1e7e50ee2b8d4c55d57974fdc1bf08ccce5115,RF-M,random_forest,medium,0.5,strong,0.0,0.0,5,0.9043333333333332,0.9058333333333332,0.9036666666666666,-0.0014999999999999,33643.0,0.5333333333333333,1.0
ceae05df71f59adb390cab8ee88ce455a9c41411a6997566b01180df64ea52e4,RF-H,random_forest,high,1.0,medium,0.5,0.0,5,0.9086666666666666,0.90625,0.9026666666666666,0.0024166666666666,99863.0,0.8666666666666667,1.0
c3746bd4ac2d80037948a0979ed35509ca9adfa0a70b530f24e3e9590a8a1b54,HGB-L,gradient_boosting,low,0.0,strong,0.0,0.0,5,0.9086666666666666,0.9054166666666666,0.9006666666666666,0.0032499999999999,700.0,0.1833333333333333,1.0
ef861fe8f304770dacb77b99333bc0f1e332cc19d33da158f60bbb6349004ff4,HGB-M,gradient_boosting,medium,0.5,weak,1.0,0.0,5,0.903,0.9016666666666666,0.899,0.0013333333333334,6200.0,0.5166666666666667,1.0
7f140df4ae955fb0315d9eef8cadb462269628a57cbfb1c73b2c4763fb1c02a5,HGB-H,gradient_boosting,high,1.0,medium,0.5,0.0,5,0.9023333333333332,0.9011666666666668,0.8993333333333333,0.0011666666666666,18900.0,0.85,1.0
fa69a249fe5b72300ff910696f28ae91f1acda6a54e3bb2dcda4b5e5598902fd,MLP-L,mlp,low,0.0,weak,1.0,0.0,5,0.9113333333333332,0.916,0.909,-0.0046666666666665,113.0,0.1833333333333333,1.0
f62969b79f2fd1ad7b683fdfa2e1c57520157ee95f9ce36242b46fbd98926ac5,MLP-M,mlp,medium,0.5,medium,0.5,0.0,5,0.9163333333333332,0.9173333333333332,0.912,-0.001,4609.0,0.5166666666666667,1.0
667eaa44b9a971d4c566bb3be278af5d2eff27ca91911699409d9ff9876a5a35,MLP-H,mlp,high,1.0,strong,0.0,0.0,5,0.9126666666666666,0.9148333333333332,0.911,-0.0021666666666666,25601.0,0.85,1.0
69f95538f7105a3dbc152808afdeddc4352ef3330c9a3dddf65f0f2bcfafde20,LR-L,logistic_regression,low,0.0,strong,0.0,0.0,6,0.9103333333333332,0.9086666666666666,0.901,0.0016666666666667,4.475644446245976,0.2666666666666666,1.0
8567551063987a4802ba93f7078f9cd0e4df8e7050274496de447f3561d9b9a5,LR-M,logistic_regression,medium,0.5,medium,0.5,0.0,6,0.9096666666666666,0.9086666666666666,0.9006666666666666,0.001,4.949649116987099,0.5333333333333333,1.0
2e3f76a07456571067f73654cd5e7346f27b098972bd036a7575b83ee7c3b11f,LR-H,logistic_regression,high,1.0,weak,1.0,0.0,6,0.9093333333333332,0.90875,0.9006666666666666,0.0005833333333333,4.998109854411104,0.8666666666666667,1.0
2cef6ee0f617fe101e86f7aa325968d8546405babdf5a254aaecadc97caa2512,SVM-L,rbf_svm,low,0.0,medium,0.5,0.0,6,0.9103333333333332,0.9075,0.9003333333333333,0.0028333333333333,2.380603639071894,0.3333333333333333,1.0
b07145775984c642b4d534978fd814e9fd907a42f91c6741b664454cc1385b75,SVM-M,rbf_svm,medium,0.5,weak,1.0,0.0,6,0.9033333333333332,0.90525,0.8993333333333333,-0.0019166666666666,11.681802204185397,0.6666666666666666,1.0
3e967140f74dfc89952b28436c75a3c9950de7a833e6a1e17c52337681f17384,SVM-H,rbf_svm,high,1.0,strong,0.0,0.0,6,0.9046666666666666,0.9023333333333332,0.894,0.0023333333333332,186.20703772731656,1.0,1.0
683ce661d1803f899c932a6c7b7d6d9bcdedf12055eb1210564c1eecf53bda22,RF-L,random_forest,low,0.0,weak,1.0,0.0,6,0.8856666666666667,0.8839166666666666,0.8693333333333333,0.0017500000000001,3076.0,0.0333333333333333,1.0
17d7ac37688c3f75b2b1ef9bfce673e0c6065c8e8d1c878a74294abc3765132f,RF-M,random_forest,medium,0.5,strong,0.0,0.0,6,0.8996666666666666,0.90225,0.892,-0.0025833333333333,33936.0,0.6333333333333333,1.0
3e02a27c3f3587790184f4ca6d2330b7c143d6bff0a541e688ca4402c028051e,RF-H,random_forest,high,1.0,medium,0.5,0.0,6,0.901,0.90225,0.8953333333333333,-0.0012499999999999,100554.0,0.9333333333333332,1.0
c963afca9a33b01de53a9e03e359bc07eb0bea5385805cb6a905861c1c173e24,HGB-L,gradient_boosting,low,0.0,strong,0.0,0.0,6,0.905,0.9038333333333334,0.896,0.0011666666666666,700.0,0.1833333333333333,1.0
d3e92c57cf69131f4b4386e48510d11fbcc6cfd1c0346cd3235eb8bf73d8cb1c,HGB-M,gradient_boosting,medium,0.5,weak,1.0,0.0,6,0.8983333333333333,0.8983333333333334,0.8873333333333333,-1.1102230246251563e-16,6200.0,0.5166666666666667,1.0
c0e1b9d47f07e6ad584beb9904afd71c7219caccc51aa48d949357e1dbd18e69,HGB-H,gradient_boosting,high,1.0,medium,0.5,0.0,6,0.8953333333333333,0.8960833333333333,0.8846666666666667,-0.00075,18900.0,0.85,1.0
8638f4948ab7cebaab7421a4c6721e133000660d8fc1018fe45e312678f03e72,MLP-L,mlp,low,0.0,weak,1.0,0.0,6,0.9043333333333332,0.9074166666666666,0.8993333333333333,-0.0030833333333333,113.0,0.1833333333333333,1.0
cc5dc7b146b7a920c96ca78b76ef0a2b78e465630336601e611c8a431c6653b7,MLP-M,mlp,medium,0.5,medium,0.5,0.0,6,0.911,0.9063333333333332,0.8966666666666666,0.0046666666666667,4609.0,0.5166666666666667,1.0
2ba9ba070c333edbd2c507dbab8d76d444c9b3add8666282c122f90a8a4ddd98,MLP-H,mlp,high,1.0,strong,0.0,0.0,6,0.908,0.90575,0.8946666666666667,0.0022499999999999,25601.0,0.85,1.0
ba0827f84c11a61aef07f78ede461080a4a13517497347c388a721c934388bf7,LR-L,logistic_regression,low,0.0,strong,0.0,0.0,7,0.9163333333333332,0.91075,0.908,0.0055833333333333,4.47027922366307,0.0666666666666666,1.0
f809a4f0f05247cfef06d51cd5ca988519a434f4753247cca9210e868dfed353,LR-M,logistic_regression,medium,0.5,medium,0.5,0.0,7,0.9153333333333332,0.90975,0.9083333333333332,0.0055833333333333,4.947819926294496,0.4,1.0
0fe7e12f617c8d584db1b8abc34fa46ca03391a98ae441a0d69cbde13b2a56f5,LR-H,logistic_regression,high,1.0,weak,1.0,0.0,7,0.9153333333333332,0.9096666666666668,0.9083333333333332,0.0056666666666665,4.998031288696999,0.7666666666666667,1.0
83d1191ab5e48e2f289d8067ee97a2a8e7800d7b97dee67346f4c8e65087d5f4,SVM-L,rbf_svm,low,0.0,medium,0.5,0.0,7,0.9143333333333332,0.9094166666666668,0.9063333333333332,0.0049166666666665,2.374194801836131,0.2666666666666666,1.0
e39de35647ff6562aec284f4768939905891e01d8241f8beb5b1dde229fd5c57,SVM-M,rbf_svm,medium,0.5,weak,1.0,0.0,7,0.9116666666666666,0.9038333333333334,0.8993333333333333,0.0078333333333332,11.465801390281284,0.6333333333333333,1.0
c2912e38abecec354f179421dcf552f50f40677c988eb7febb4992e683ec7576,SVM-H,rbf_svm,high,1.0,strong,0.0,0.0,7,0.9123333333333332,0.9033333333333332,0.901,0.009,177.8218861247017,0.9666666666666668,1.0
99a921d4895d35e474743036452896366e8e71f1c66d567f0333f9b4880b87c1,RF-L,random_forest,low,0.0,weak,1.0,0.0,7,0.893,0.8815833333333333,0.8733333333333333,0.0114166666666667,3147.0,0.3,1.0
3f2abae4398d733854a1961946208abb51fea46b6e4be42045c1face9d8f09e8,RF-M,random_forest,medium,0.5,strong,0.0,0.0,7,0.9096666666666666,0.8997499999999999,0.8953333333333333,0.0099166666666666,33036.0,0.3666666666666666,1.0
467d90b6b6f2fdb227b1cfa612ae319426c189ac61e367165efa444a71f445c9,RF-H,random_forest,high,1.0,medium,0.5,0.0,7,0.911,0.8994166666666668,0.897,0.0115833333333332,96816.0,0.7,1.0
ebca26657f84cab399501dffcfa942c601ff23a68002b1c90bd012f5969c243c,HGB-L,gradient_boosting,low,0.0,strong,0.0,0.0,7,0.9113333333333332,0.9029166666666666,0.8933333333333333,0.0084166666666667,700.0,0.1833333333333333,1.0
b8dcc689314fede3aa1de36f15e7694447f917bf187c8b51ebf1d259138aab4e,HGB-M,gradient_boosting,medium,0.5,weak,1.0,0.0,7,0.904,0.898,0.894,0.006,6200.0,0.5166666666666667,1.0
22b194901f1cfd91d4f976269845b0e3cb46aa0293f9d9868c2b31be01a08d46,HGB-H,gradient_boosting,high,1.0,medium,0.5,0.0,7,0.9013333333333332,0.8947499999999999,0.8876666666666667,0.0065833333333333,18900.0,0.85,1.0
3c9a8a61dd9e3e542dbeacd24d5d4cb1eb5c1dc82aaef8f00e21ceb6ade1f944,MLP-L,mlp,low,0.0,weak,1.0,0.0,7,0.917,0.90775,0.903,0.0092499999999999,113.0,0.1833333333333333,1.0
b684d4f84a63e2db4825f2023e0f8e4fd548d2269e7c6711769743a7de1137a8,MLP-M,mlp,medium,0.5,medium,0.5,0.0,7,0.9146666666666666,0.9071666666666668,0.9016666666666666,0.0074999999999999,4609.0,0.5166666666666667,1.0
7264db9b2972820a999f8bbe5b68c8ef3769621370cdf776d9811fc8b239b549,MLP-H,mlp,high,1.0,strong,0.0,0.0,7,0.9173333333333332,0.9046666666666666,0.9,0.0126666666666667,25601.0,0.85,1.0
4bd407124c043e778521407f4033d10934298588f0b4ed6356ed8ae042716a2a,LR-L,logistic_regression,low,0.0,strong,0.0,0.0,8,0.915,0.9140833333333334,0.9006666666666666,0.0009166666666666,4.4720854119218325,0.1,1.0
ced507762ebe1c182cf29d8ff89ecf0c40409dfd068bcfb14e04c06e5f686e21,LR-M,logistic_regression,medium,0.5,medium,0.5,0.0,8,0.9143333333333332,0.9130833333333334,0.902,0.0012499999999999,4.950468630770367,0.6,1.0
8522d58ac7cb9868f6bc3132f5864a46489cd620507c284722dbf86778ef3cea,LR-H,logistic_regression,high,1.0,weak,1.0,0.0,8,0.915,0.91325,0.9026666666666666,0.00175,4.998145160377563,0.9333333333333332,1.0
83d8cf091536e7ac211f318800cd260a2aba31ebc931628299bc2846a69238bf,SVM-L,rbf_svm,low,0.0,medium,0.5,0.0,8,0.915,0.91375,0.902,0.0012499999999999,2.376381422739549,0.3,1.0
8b72e7c29e5a754c6e37d7f8cef428bf56e9a2020c6fbd32a8cbdc3bae6b45e4,SVM-M,rbf_svm,medium,0.5,weak,1.0,0.0,8,0.9036666666666666,0.9066666666666668,0.899,-0.0030000000000001,11.388702248190198,0.6,1.0
19b4e49c3ca1b1e49c888e86041edb894d1364426d6a857d3ff08bd7f54b1ca3,SVM-H,rbf_svm,high,1.0,strong,0.0,0.0,8,0.9036666666666666,0.9079166666666668,0.8986666666666666,-0.00425,177.71856432086378,0.9333333333333332,1.0
f749e9a2b27d29ce0802851e609c33e7baf12bf811594c4d0daa2a227670c2b2,RF-L,random_forest,low,0.0,weak,1.0,0.0,8,0.8866666666666667,0.8855833333333334,0.8746666666666667,0.0010833333333333,3127.0,0.1333333333333333,1.0
f57d9a1f1bf2aa4e4a0f658f620c7277577dec7b347d7da7b06504b81cdfe442,RF-M,random_forest,medium,0.5,strong,0.0,0.0,8,0.9056666666666666,0.9051666666666666,0.8993333333333333,0.0005,33180.0,0.4333333333333333,1.0
dd38f019911838942467f8c48e54b44840df7f0554ec2cfeec16228cbebeb938,RF-H,random_forest,high,1.0,medium,0.5,0.0,8,0.9033333333333332,0.9068333333333332,0.901,-0.0034999999999999,98522.0,0.7333333333333333,1.0
16316f69145955999799d046a155dcea5e324fc8a814bdfe8f326bc7f50c14b7,HGB-L,gradient_boosting,low,0.0,strong,0.0,0.0,8,0.9046666666666666,0.9055,0.8976666666666666,-0.0008333333333333,700.0,0.1833333333333333,1.0
b4570f19737a8d45e2de2b07e789ef456d7f090b3abddb4e0cf83f25acc840a7,HGB-M,gradient_boosting,medium,0.5,weak,1.0,0.0,8,0.9003333333333333,0.9033333333333332,0.897,-0.003,6200.0,0.5166666666666667,1.0
5d8543f726845f8316c508783cbff917adc8f8d89be8360c4dc0f6d62104b84a,HGB-H,gradient_boosting,high,1.0,medium,0.5,0.0,8,0.8976666666666666,0.8994166666666666,0.8913333333333333,-0.00175,18900.0,0.85,1.0
c4d18e2a6a4a4fba5979a047d87c8695aa6fd4f51df4e491f591ebeb2f479ef6,MLP-L,mlp,low,0.0,weak,1.0,0.0,8,0.911,0.9088333333333334,0.899,0.0021666666666666,113.0,0.1833333333333333,1.0
a9613a29f2f29d149b3be138273a1afa1fb697d298f390f67f0d48c9be4cd1ae,MLP-M,mlp,medium,0.5,medium,0.5,0.0,8,0.9106666666666666,0.9139166666666668,0.906,-0.00325,4609.0,0.5166666666666667,1.0
4d36f0dff346a96403517b44d8563579c9dd390ec64a31800217b6c739c90808,MLP-H,mlp,high,1.0,strong,0.0,0.0,8,0.9123333333333332,0.9155833333333332,0.9016666666666666,-0.0032499999999998,25601.0,0.85,1.0
107c0d2bd575a1eeed64b9bcd6f294241acac59dbf460f3851167a96ca90e5dd,LR-L,logistic_regression,low,0.0,strong,0.0,0.0,9,0.912,0.9091666666666668,0.896,0.0028333333333333,4.476077077764025,0.3,1.0
2d2d689aaf884009d60723109cb77717b6403580f320063bd2c623689f1562d1,LR-M,logistic_regression,medium,0.5,medium,0.5,0.0,9,0.9126666666666666,0.90875,0.896,0.0039166666666666,4.952107122819951,0.6666666666666666,1.0
6003bb75594d5d309efcd820a2a8912f4b1cbd2106cabfa3c895f69f6cf640ae,LR-H,logistic_regression,high,1.0,weak,1.0,0.0,9,0.9126666666666666,0.90875,0.896,0.0039166666666666,4.99821990637285,1.0,1.0
da3dba6b5f3c2eb4f69bc3fa5a4554907cea38eeffa4d236b5e0e67a807e7b75,SVM-L,rbf_svm,low,0.0,medium,0.5,0.0,9,0.9093333333333332,0.9090833333333332,0.895,0.00025,2.246100733050243,0.0666666666666666,1.0
4375543b299d1dd55006f88b607f3abc60eea92bdd34ffb47c4929e02ab5ae51,SVM-M,rbf_svm,medium,0.5,weak,1.0,0.0,9,0.9046666666666666,0.9060833333333334,0.8903333333333333,-0.0014166666666667,10.144514363843715,0.4666666666666667,1.0
6c743f44f2a004978ff747ea97156beb56dbb7646c16ff63f9393eb6818430af,SVM-H,rbf_svm,high,1.0,strong,0.0,0.0,9,0.9033333333333332,0.9065,0.8893333333333333,-0.0031666666666667,157.60833792440835,0.8333333333333334,1.0
96169ae19f543ffaff7dd952b7f0f8baa3a06b8f08ba96c301c2c038ee93dca2,RF-L,random_forest,low,0.0,weak,1.0,0.0,9,0.8883333333333333,0.8911666666666667,0.882,-0.0028333333333333,3136.0,0.2166666666666666,1.0
5cc100409167d76ebbdd905bdeea90b107f33196a31ebe3154a0534a597fa4d9,RF-M,random_forest,medium,0.5,strong,0.0,0.0,9,0.9033333333333332,0.9020833333333332,0.8906666666666667,0.0012499999999999,33731.0,0.5666666666666667,1.0
79923cd80627d76d3a58d344051c8df2cf7da9e30d8173a276c2c68ef7dde20b,RF-H,random_forest,high,1.0,medium,0.5,0.0,9,0.906,0.90175,0.8916666666666667,0.0042499999999999,100455.0,0.9,1.0
5697dc8f4e580b3fc2ccee9f6eed74999c7570c0157922b5929bcc9c41d1dcf2,HGB-L,gradient_boosting,low,0.0,strong,0.0,0.0,9,0.9086666666666666,0.90475,0.8936666666666667,0.0039166666666666,700.0,0.1833333333333333,1.0
57a92428cd5101e2aa6dba2e3ab1125e2535c2bb07e238a7e3fdef902fa7f640,HGB-M,gradient_boosting,medium,0.5,weak,1.0,0.0,9,0.8986666666666666,0.9003333333333333,0.8903333333333333,-0.0016666666666667,6200.0,0.5166666666666667,1.0
c636a843b73be9b5becf276c47ab8f3773a50593e7949816e8c6333b4cb3f738,HGB-H,gradient_boosting,high,1.0,medium,0.5,0.0,9,0.9006666666666666,0.8965833333333333,0.8836666666666667,0.0040833333333333,18900.0,0.85,1.0
5fdd1aaa115a1b7823c66b602842066d6eee6b2fff2f9c146e157c66ce85440e,MLP-L,mlp,low,0.0,weak,1.0,0.0,9,0.912,0.9088333333333332,0.8983333333333333,0.0031666666666667,113.0,0.1833333333333333,1.0
8c8ce99be61559214805e4ad4f9bfafc2d6388ef50c078dfcc003f00bd07d48e,MLP-M,mlp,medium,0.5,medium,0.5,0.0,9,0.911,0.908,0.8956666666666667,0.0030000000000001,4609.0,0.5166666666666667,1.0
4e8dd9fc8ccd428ad2b79b35c377820f55de69bd40a1a3ee1ce93bd066b26ee5,MLP-H,mlp,high,1.0,strong,0.0,0.0,9,0.906,0.9096666666666666,0.8946666666666667,-0.0036666666666665,25601.0,0.85,1.0
09616e6058f3760f40a1663eebb5c80355fc8605b9edf75a3987ce1569c310f8,LR-L,logistic_regression,low,0.0,strong,0.0,0.5,0,0.9333333333333332,0.8448666666666667,0.7806666666666666,0.0884666666666667,4.391602783721205,0.1666666666666666,1.0
c521c243f9ef0788ec35629d9fd7ca19ee0bc74b1109222fb2f26e5261d29a6f,LR-M,logistic_regression,medium,0.5,medium,0.5,0.5,0,0.935,0.8646,0.819,0.0704,4.936627690487366,0.5666666666666667,1.0
737c71bb4436bafe29c3f37428335c88e56f0fbfb73b07d9437cba794f3a3904,LR-H,logistic_regression,high,1.0,weak,1.0,0.5,0,0.9353333333333332,0.8656666666666666,0.8206666666666667,0.0696666666666667,4.997562489988635,0.9,1.0
a08223218683c00d7d4d0e134b7f4007c01ed22ea931a5032c6b7946a6f50cc3,SVM-L,rbf_svm,low,0.0,medium,0.5,0.5,0,0.9366666666666666,0.8568666666666667,0.8036666666666666,0.0797999999999999,2.33579088915398,0.2333333333333333,1.0
717a92bc652bd0121e6d9769fa01011479155e1f9fa8374610e54f366a79f55d,SVM-M,rbf_svm,medium,0.5,weak,1.0,0.5,0,0.932,0.8566,0.8073333333333333,0.0754,10.896956268092826,0.5666666666666667,1.0
ad7b40edcaff5b199edcff69dcbbaef7eec9c119f249111a2237826db58d8e31,SVM-H,rbf_svm,high,1.0,strong,0.0,0.5,0,0.9303333333333332,0.8319333333333333,0.7726666666666666,0.0984,167.11852327321634,0.9,1.0
1eea8d2ba041959f34fe3a80a87c6f2933446dd4a29674bdf87432426f79aabb,RF-L,random_forest,low,0.0,weak,1.0,0.5,0,0.909,0.7664,0.6546666666666666,0.1426,3199.0,0.1833333333333333,1.0
6b48588f622dbcad0840b8f0d2f693036597d34c2c7a943ff6a5ffd2f10f9011,RF-M,random_forest,medium,0.5,strong,0.0,0.5,0,0.928,0.8240000000000001,0.7446666666666667,0.1039999999999999,32204.0,0.4333333333333333,1.0
78a591754c028e4eb8adb5180e3046ebca7f15feaff84d2cd41a216388ac8547,RF-H,random_forest,high,1.0,medium,0.5,0.5,0,0.9293333333333332,0.8362666666666667,0.7666666666666667,0.0930666666666666,89778.0,0.7333333333333333,1.0
403adeda0f5259655f424efe4ccaf3dedd1c383a7c51957029b5d54d312afe40,HGB-L,gradient_boosting,low,0.0,strong,0.0,0.5,0,0.9323333333333332,0.8502666666666666,0.79,0.0820666666666667,700.0,0.1833333333333333,1.0
d0a670497663d126b495edf328f415d64d6a4e81d73bca14f7a1c2b0716006b3,HGB-M,gradient_boosting,medium,0.5,weak,1.0,0.5,0,0.932,0.8479333333333333,0.7916666666666666,0.0840666666666667,6200.0,0.5166666666666667,1.0
db5ae630969b22007691ea11cc540df9c7faaae70615b7fd6fce10e14f7d1c80,HGB-H,gradient_boosting,high,1.0,medium,0.5,0.5,0,0.927,0.8469333333333333,0.7873333333333333,0.0800666666666667,18900.0,0.85,1.0
d45f231ef917e42ff6fd9588f359aeef3f8f0a0f0870e542b931a072837542c2,MLP-L,mlp,low,0.0,weak,1.0,0.5,0,0.9313333333333332,0.8286,0.753,0.1027333333333333,113.0,0.1833333333333333,1.0
7c8d24b52b8deb08c046cfb0302cd84d59a7875512ded72672b0986edf689b08,MLP-M,mlp,medium,0.5,medium,0.5,0.5,0,0.9346666666666666,0.8564,0.8033333333333333,0.0782666666666666,4609.0,0.5166666666666667,1.0
252821ab1fe751c6a31bb364cafdce238c108c8293729247eb6ca67251139134,MLP-H,mlp,high,1.0,strong,0.0,0.5,0,0.9336666666666666,0.8611333333333334,0.8126666666666666,0.0725333333333332,25601.0,0.85,1.0
fe84ec93233be3be38f7cac7fb331ce5ded73c7e57a760d84b54d0dec5331040,LR-L,logistic_regression,low,0.0,strong,0.0,0.5,1,0.9303333333333332,0.8482,0.7856666666666666,0.0821333333333333,4.3943259340350425,0.2,1.0
98f0b2725a77511f3441508c8a9d5ea2b197b589faaa3e38e273b55ac30b200e,LR-M,logistic_regression,medium,0.5,medium,0.5,0.5,1,0.9306666666666666,0.8692,0.8236666666666667,0.0614666666666666,4.939889302627761,0.6333333333333333,1.0
15958fd19902eb459a7fe7c9e9299186e7eec03682146276a8ecf2f3ef7ebbea,LR-H,logistic_regression,high,1.0,weak,1.0,0.5,1,0.931,0.8696666666666666,0.8246666666666667,0.0613333333333334,4.997718321828887,0.9666666666666668,1.0
c7f9489d02b512bd81232704dcae67c036f89bd3dc5d3b81b4d7d0f7a55d70cc,SVM-L,rbf_svm,low,0.0,medium,0.5,0.5,1,0.9306666666666666,0.8604,0.8106666666666666,0.0702666666666665,2.2577710963253006,0.1666666666666666,1.0
f425aed293b031bdc747f1213a4064e8c00fbb1d03b0c1afe45e9bac079ea595,SVM-M,rbf_svm,medium,0.5,weak,1.0,0.5,1,0.9286666666666666,0.8524666666666667,0.8076666666666666,0.0761999999999999,9.855116515470083,0.4,1.0
6dfe56ccf9d27027616b511688f47884a7494881dbca78a91c88893ce36e5267,SVM-H,rbf_svm,high,1.0,strong,0.0,0.5,1,0.923,0.8321999999999999,0.7723333333333333,0.0908000000000001,145.54652490928913,0.7666666666666667,1.0
4432cbdaca637b7ddf4d4d1493fbea2a44e04359c74c4287b45d3cf66076d08c,RF-L,random_forest,low,0.0,weak,1.0,0.5,1,0.9036666666666666,0.7818666666666666,0.6856666666666666,0.1218,3200.0,0.3166666666666666,1.0
0e0552c2faceb43880fe023ef1b29c2750b52d1423941c1c76d19f1ba0801770,RF-M,random_forest,medium,0.5,strong,0.0,0.5,1,0.92,0.8289333333333333,0.759,0.0910666666666667,32936.0,0.6333333333333333,1.0
d4a9dee7145a74b68af6afb90fdd1ee602792c48f80b59198f31b5f27de1401c,RF-H,random_forest,high,1.0,medium,0.5,0.5,1,0.9213333333333332,0.8404666666666667,0.7803333333333333,0.0808666666666666,93395.0,1.0,1.0
d37712ff7e89eef736e477b3eb030464c2ed021d209f297efff9ddd9d6f7cc85,HGB-L,gradient_boosting,low,0.0,strong,0.0,0.5,1,0.9233333333333332,0.8500666666666667,0.792,0.0732666666666665,700.0,0.1833333333333333,1.0
c32e86dc4d16e1aeff2bb8b80755ddb0cacd7ab2b98c3a5793174893ed82bd44,HGB-M,gradient_boosting,medium,0.5,weak,1.0,0.5,1,0.9153333333333332,0.8517333333333333,0.806,0.0635999999999999,6200.0,0.5166666666666667,1.0
c9356525e7cb2f118d70f6131e84f6b98532f92a505ba7bbc683f1a9d35956de,HGB-H,gradient_boosting,high,1.0,medium,0.5,0.5,1,0.918,0.8462666666666667,0.7966666666666666,0.0717333333333333,18900.0,0.85,1.0
b52179b98581f47fe506d5b3f36b4c98fe46676747f34496bda5de61bafb4c96,MLP-L,mlp,low,0.0,weak,1.0,0.5,1,0.915,0.7751333333333333,0.6696666666666666,0.1398666666666667,113.0,0.1833333333333333,1.0
143a3ee459e28f6cc7a3f5ed73c8765b6b8c18ba66274c727ca6fb786899c07c,MLP-M,mlp,medium,0.5,medium,0.5,0.5,1,0.9296666666666666,0.8677333333333334,0.8253333333333334,0.0619333333333332,4609.0,0.5166666666666667,1.0
afcd5031a0b08212f1f2b4bb7bce3edeebb3761b742f2470eda347bf83c7ff3d,MLP-H,mlp,high,1.0,strong,0.0,0.5,1,0.9286666666666666,0.8648,0.822,0.0638666666666666,25601.0,0.85,1.0
612bbbe579d61840881cdd7d5e87addc9ca29e81f16f9eee8740e217f85f6458,LR-L,logistic_regression,low,0.0,strong,0.0,0.5,2,0.9353333333333332,0.8326666666666667,0.7496666666666667,0.1026666666666666,4.383214478721496,0.0666666666666666,1.0
5504dc549c7ad563c3917203faf4050aa46af894293ecad99a98f6f77f857dfc,LR-M,logistic_regression,medium,0.5,medium,0.5,0.5,2,0.937,0.8549333333333335,0.791,0.0820666666666665,4.935008723192492,0.4333333333333333,1.0
d5efa40f03d8c0297629eca599adb8a7c818cc739c6aed8d9bbf1c7adbf4d4ab,LR-H,logistic_regression,high,1.0,weak,1.0,0.5,2,0.936,0.8566,0.7956666666666666,0.0794,4.997496093390814,0.7666666666666667,1.0
b25dbb77909c952ac06cc748b7c40d0e38f899753de6c52101a96d5fbb326fb3,SVM-L,rbf_svm,low,0.0,medium,0.5,0.5,2,0.9386666666666666,0.8426,0.7696666666666667,0.0960666666666666,2.249085574695178,0.1,1.0
93f736fa909eb12cf9fb8261405acec615cc308db96877ba67f2f18ae13faf76,SVM-M,rbf_svm,medium,0.5,weak,1.0,0.5,2,0.9326666666666666,0.8345333333333335,0.767,0.0981333333333331,9.953761867442587,0.5,1.0
05bbe455d8252a7c8a1f0e3981286ac7f45fa3852fe7d66cf6051941508fc345,SVM-H,rbf_svm,high,1.0,strong,0.0,0.5,2,0.9333333333333332,0.8160000000000001,0.7326666666666667,0.1173333333333332,148.86643291720992,0.8,1.0
5a98438e22b9ae6c94d358376baf5a68da7d3910f30321e376a88ac2ee81db0b,RF-L,random_forest,low,0.0,weak,1.0,0.5,2,0.9016666666666666,0.7556,0.6243333333333333,0.1460666666666665,3198.0,0.0666666666666666,1.0
cb4102eca12da6e26ad01047f62ae28858a9dc2ac48390ab58d8f6112d9e39f3,RF-M,random_forest,medium,0.5,strong,0.0,0.5,2,0.9256666666666666,0.8228,0.7363333333333333,0.1028666666666666,32524.0,0.5666666666666667,1.0
8ee39737df5d7dfa5aeb195b670ab4e44e3d7f1a0b9defd7fe407fcdad0f5a5d,RF-H,random_forest,high,1.0,medium,0.5,0.5,2,0.9293333333333332,0.8317333333333334,0.7566666666666667,0.0975999999999999,90458.0,0.8333333333333334,1.0
dfbe3d3e62ae6f043914f53dbc54b9b059acbc8a26f4def082e5f2533605fe88,HGB-L,gradient_boosting,low,0.0,strong,0.0,0.5,2,0.9353333333333332,0.8396666666666667,0.7716666666666666,0.0956666666666666,700.0,0.1833333333333333,1.0
fae030465f78829fbbaa3eed306d0b95c42470fb572a148631cbe59db582eb42,HGB-M,gradient_boosting,medium,0.5,weak,1.0,0.5,2,0.9313333333333332,0.8413333333333334,0.7796666666666666,0.0899999999999999,6200.0,0.5166666666666667,1.0
ce3800989918d4b03a926eea571b06d4aa39046081790ee91d71ce22258c33a1,HGB-H,gradient_boosting,high,1.0,medium,0.5,0.5,2,0.931,0.8388,0.7786666666666666,0.0922,18900.0,0.85,1.0
641d2f3766a109d0233fdf91eb0e9f92f65565680fbefcfa9e824872a9f5ad95,MLP-L,mlp,low,0.0,weak,1.0,0.5,2,0.9233333333333332,0.7683333333333333,0.6486666666666666,0.155,113.0,0.1833333333333333,1.0
04e6002d78128793ea84c038ff24f4696586b688a36e7924de74d3f9f2701477,MLP-M,mlp,medium,0.5,medium,0.5,0.5,2,0.936,0.8326,0.7556666666666667,0.1034,4609.0,0.5166666666666667,1.0
a0be01b0d363273d87be5e8307bc5e466201190bb5c19a740c37b8f69b15dfdd,MLP-H,mlp,high,1.0,strong,0.0,0.5,2,0.9383333333333334,0.8536666666666666,0.7933333333333333,0.0846666666666667,25601.0,0.85,1.0
a86e53fdeaf217a0d0cc56cfb08e85640031c75f362916cbb1f4ae4dd89cfef9,LR-L,logistic_regression,low,0.0,strong,0.0,0.5,3,0.9256666666666666,0.8355333333333332,0.7653333333333333,0.0901333333333334,4.3944100329046805,0.2333333333333333,1.0
51a41130eba39e4ec22dc8296ff1c68b0c70b417e8a876fb12b825d273aabfed,LR-M,logistic_regression,medium,0.5,medium,0.5,0.5,3,0.9263333333333332,0.8608666666666667,0.8063333333333333,0.0654666666666666,4.936094905700234,0.5,1.0
e1abaae908cb3ae677c7f7dbab1d660dd0776e3f89806584d3a91702c932339d,LR-H,logistic_regression,high,1.0,weak,1.0,0.5,3,0.9263333333333332,0.8621333333333334,0.8086666666666666,0.0641999999999999,4.997530406195279,0.8333333333333334,1.0
fa4c75730bed96be4e7bab852ffa54ca94e2fa6cf56215674460d7d7e8e32589,SVM-L,rbf_svm,low,0.0,medium,0.5,0.5,3,0.926,0.8456666666666667,0.7793333333333333,0.0803333333333333,2.2887646346502617,0.2,1.0
02c162db8bc6b24ec28aa8b108f85bc203e6b0301fe529dd1b379d91c67c362c,SVM-M,rbf_svm,medium,0.5,weak,1.0,0.5,3,0.9233333333333332,0.8466000000000001,0.7903333333333333,0.0767333333333332,10.516997794790388,0.5333333333333333,1.0
fe8c8fd25ec3b31e9b37000cebbdf5c29f6928c9b5c6f5e18bd1698d52ec76cd,SVM-H,rbf_svm,high,1.0,strong,0.0,0.5,3,0.917,0.8194666666666667,0.7433333333333333,0.0975333333333333,164.66645916760658,0.8666666666666667,1.0
d1c6f461a31927a53d478cd2ee043a9b6c648598d6c0c58e6c4c8d36985fab41,RF-L,random_forest,low,0.0,weak,1.0,0.5,3,0.8883333333333333,0.7606666666666666,0.638,0.1276666666666667,3199.0,0.1833333333333333,1.0
0967b621fa6d0d6fa6b1a13174de5ecf67a34fbae3ba7eb138f379cc46c17d0e,RF-M,random_forest,medium,0.5,strong,0.0,0.5,3,0.915,0.8234,0.74,0.0916,32664.0,0.6,1.0
c8c0de9ce81145487e601253dcbd800bccb5b4a5cc9f0d2b0fa6a4506def9a0b,RF-H,random_forest,high,1.0,medium,0.5,0.5,3,0.9176666666666666,0.8323333333333334,0.7553333333333333,0.0853333333333332,91927.0,0.9333333333333332,1.0
01180b717f07691bab4c772a7511daf43ef4589f3bdf3257f7c663bccfefd889,HGB-L,gradient_boosting,low,0.0,strong,0.0,0.5,3,0.9206666666666666,0.8430666666666667,0.7736666666666666,0.0775999999999998,700.0,0.1833333333333333,1.0
7b1b37a12adb3bcc2302937bcee3435f2a31efce3a1c58ed15b30e14bb21f05e,HGB-M,gradient_boosting,medium,0.5,weak,1.0,0.5,3,0.917,0.8448666666666667,0.7853333333333333,0.0721333333333333,6200.0,0.5166666666666667,1.0
bd5aca3b57ee1dfa3ce8ed6c14ff5517a6914eb98f15d046ca822ab917c60ea9,HGB-H,gradient_boosting,high,1.0,medium,0.5,0.5,3,0.9176666666666666,0.8451333333333334,0.784,0.0725333333333332,18900.0,0.85,1.0
7fc9a14133f3e01eb93f434fc4497b384ce0bbd1e6398c8c699354fce35efd63,MLP-L,mlp,low,0.0,weak,1.0,0.5,3,0.929,0.8122666666666667,0.7253333333333334,0.1167333333333333,113.0,0.1833333333333333,1.0
1dcebc15dd3e733ad355858e07f4270fb55a955fd4a1f4f5ac354a1f721397d9,MLP-M,mlp,medium,0.5,medium,0.5,0.5,3,0.926,0.8602000000000001,0.805,0.0657999999999999,4609.0,0.5166666666666667,1.0
a6331394ae7d1e3c5fb71618ff4c6be5efa1639437506d7318a3460511600287,MLP-H,mlp,high,1.0,strong,0.0,0.5,3,0.9283333333333332,0.8585333333333333,0.8036666666666666,0.0698,25601.0,0.85,1.0
d168550506f1f3563c9dbcb43d93bc6bfcc46a16e8760957911411530c06fd0f,LR-L,logistic_regression,low,0.0,strong,0.0,0.5,4,0.929,0.8354666666666667,0.7673333333333333,0.0935333333333333,4.371758102145108,0.0333333333333333,1.0
b49388097992fce3835add20d412a111a9dfbb10c559cc6bb071e7f503adc8ce,LR-M,logistic_regression,medium,0.5,medium,0.5,0.5,4,0.9313333333333332,0.8597333333333333,0.8126666666666666,0.0716,4.929551133543056,0.3666666666666666,1.0
415d09b3daa4a104687ae3f3da7691aa8bf09dc666c3ddf993a8ae84ab245894,LR-H,logistic_regression,high,1.0,weak,1.0,0.5,4,0.9316666666666666,0.8614666666666666,0.8153333333333334,0.0702,4.9972329680264505,0.7,1.0
4e34b03a1538e476ee734fd3a14793ef636c9fc41b47007d81db57a79aef88f2,SVM-L,rbf_svm,low,0.0,medium,0.5,0.5,4,0.9306666666666666,0.8492000000000001,0.7916666666666666,0.0814666666666665,2.21704357302055,0.0333333333333333,1.0
55f97c5884169ca084c2dd78e2c05be5a5495d2b84b3421389eace47913bb47b,SVM-M,rbf_svm,medium,0.5,weak,1.0,0.5,4,0.9286666666666666,0.8494666666666667,0.7893333333333333,0.0791999999999999,9.497621941259052,0.3666666666666666,1.0
656da4777d5922d108a9f0cd606b9ead3c4175c2048544d61881d2e147cea88e,SVM-H,rbf_svm,high,1.0,strong,0.0,0.5,4,0.9246666666666666,0.8256666666666665,0.751,0.099,138.9360507018329,0.7,1.0
76fa2b24e769f38521d3ac360d720aa3c04ff0eeb95e4604367314ee96f56941,RF-L,random_forest,low,0.0,weak,1.0,0.5,4,0.9006666666666666,0.7379333333333333,0.6033333333333334,0.1627333333333332,3199.0,0.1833333333333333,1.0
374e1c1a7887616dcf5afa792d8149baffc6f43a70f10fa51ae10dbc111a8fa2,RF-M,random_forest,medium,0.5,strong,0.0,0.5,4,0.9223333333333332,0.8219333333333333,0.733,0.1004,32394.0,0.5,1.0
467187a8273904271b1fec122464e703ba4866404032049400ac1ec9da82b25c,RF-H,random_forest,high,1.0,medium,0.5,0.5,4,0.9236666666666666,0.8359333333333332,0.7613333333333333,0.0877333333333334,90361.0,0.8,1.0
de7c40aaafa5999b395f53de0cb52d6a231e44f7af1b464ad64b277a74ce8a9e,HGB-L,gradient_boosting,low,0.0,strong,0.0,0.5,4,0.929,0.8424666666666667,0.7776666666666666,0.0865333333333333,700.0,0.1833333333333333,1.0
bd5caffe3aeaa0c7fb1c01ba11ef4e2ffc282db4f1277c6c40e5648d24e425c6,HGB-M,gradient_boosting,medium,0.5,weak,1.0,0.5,4,0.9233333333333332,0.8434000000000001,0.7856666666666666,0.0799333333333331,6200.0,0.5166666666666667,1.0
6b50a9ad3d23dc210f71bc511b25fedb76624d62defac9d234ffc9b54c147ea3,HGB-H,gradient_boosting,high,1.0,medium,0.5,0.5,4,0.9216666666666666,0.8418666666666667,0.7873333333333333,0.0797999999999999,18900.0,0.85,1.0
d8436de4022a5a779a706e6613360dc1a4cc7a51d0007c87df3ae66f9f1575c4,MLP-L,mlp,low,0.0,weak,1.0,0.5,4,0.9283333333333332,0.8402666666666667,0.78,0.0880666666666666,113.0,0.1833333333333333,1.0
19403e2e9afb78e27dc61b1e485718bf69bcedb66f8e303757a94ae872ed6d3b,MLP-M,mlp,medium,0.5,medium,0.5,0.5,4,0.932,0.86,0.8073333333333333,0.072,4609.0,0.5166666666666667,1.0
34ff07d4a46fccf00929bf7c2c9c8be9424cf2e66b54af0db3adc7cb93b2be28,MLP-H,mlp,high,1.0,strong,0.0,0.5,4,0.9323333333333332,0.8595333333333333,0.8146666666666667,0.0728,25601.0,0.85,1.0
72139bc77234303fac5ca5ab3d03279749e537930f3e600f000c9e4b312924c5,LR-L,logistic_regression,low,0.0,strong,0.0,0.5,5,0.9286666666666666,0.8464666666666666,0.7803333333333333,0.0822,4.402834438404064,0.3333333333333333,1.0
d667d71a43cdeee72efe0d6ecd985bf565a3164fc66ded04a41acef82561eebc,LR-M,logistic_regression,medium,0.5,medium,0.5,0.5,5,0.9296666666666666,0.8707333333333332,0.8293333333333334,0.0589333333333333,4.94117946809075,0.6666666666666666,1.0
b5e2ffa566be23e9e5d83f1ae4405a87e5503843ef8e836910a715e41dec282d,LR-H,logistic_regression,high,1.0,weak,1.0,0.5,5,0.9296666666666666,0.8716666666666667,0.832,0.0579999999999999,4.9977648802489885,1.0,1.0
cf3f7981953b825debc50ce08474b8db1a4fc2b71e643dcc448d3509945cf358,SVM-L,rbf_svm,low,0.0,medium,0.5,0.5,5,0.9286666666666666,0.8600666666666668,0.8083333333333333,0.0685999999999998,2.252879754967754,0.1333333333333333,1.0
8075f3cc2f7f3ec013fca29ddff7b784284f1959c94a2bf39a59652d899938df,SVM-M,rbf_svm,medium,0.5,weak,1.0,0.5,5,0.927,0.858,0.8106666666666666,0.069,9.862476175515903,0.4333333333333333,1.0
7f6704503fc958cc4231c3b226146657812efef73e78b9cfc6ddde9ed2d48b3a,SVM-H,rbf_svm,high,1.0,strong,0.0,0.5,5,0.9243333333333332,0.8351333333333333,0.7693333333333333,0.0892,145.0491137292223,0.7333333333333333,1.0
4a977828857bfdfbc0a527b0537d3c16a3d9ed787192aa602fb2812476d81ac3,RF-L,random_forest,low,0.0,weak,1.0,0.5,5,0.8996666666666666,0.7748666666666667,0.6693333333333333,0.1247999999999999,3199.0,0.1833333333333333,1.0
f43d162e6bb620927a769917eada3107b74af9be4ef4b9720b172ddb7375d5d6,RF-M,random_forest,medium,0.5,strong,0.0,0.5,5,0.92,0.8351999999999998,0.7606666666666667,0.0848000000000002,33314.0,0.6666666666666666,1.0
1df8f02012852f44a468c248afb8a369fdbe07399db9008018e23cb552214b28,RF-H,random_forest,high,1.0,medium,0.5,0.5,5,0.9206666666666666,0.8416,0.7793333333333333,0.0790666666666666,92627.0,0.9666666666666668,1.0
e3fd4667d384f94590936aa1715ec7c7506a307e4d48061d111580f64951dd68,HGB-L,gradient_boosting,low,0.0,strong,0.0,0.5,5,0.9243333333333332,0.853,0.7996666666666666,0.0713333333333333,700.0,0.1833333333333333,1.0
03849ab4f16125697d2f0417c6901e90704e9d40d9e624d0dbec0a84be9f3299,HGB-M,gradient_boosting,medium,0.5,weak,1.0,0.5,5,0.9186666666666666,0.8531333333333333,0.81,0.0655333333333333,6200.0,0.5166666666666667,1.0
eb0fb484406f6b45cb02576ba48fddcecdc3281a1e381628cd96e7a42ecd0091,HGB-H,gradient_boosting,high,1.0,medium,0.5,0.5,5,0.9156666666666666,0.8515333333333333,0.8096666666666666,0.0641333333333333,18900.0,0.85,1.0
5f63b219401b1c3c799b7f75c24ec572506ca801e66b18667c7cae6ce085c4cf,MLP-L,mlp,low,0.0,weak,1.0,0.5,5,0.9263333333333332,0.8540666666666666,0.7996666666666666,0.0722666666666667,113.0,0.1833333333333333,1.0
0a53b54580152430a8504056d123d0b2d52987390f16646270b3e5ea7450d024,MLP-M,mlp,medium,0.5,medium,0.5,0.5,5,0.9276666666666666,0.8480666666666667,0.7903333333333333,0.0795999999999999,4609.0,0.5166666666666667,1.0
542f8ff4eb5db69f1d01fc6c41e67b231989b733dd608d4e5c73bc538df5ce49,MLP-H,mlp,high,1.0,strong,0.0,0.5,5,0.9283333333333332,0.8702666666666667,0.833,0.0580666666666666,25601.0,0.85,1.0
3b3c07945dad9ba2a4b70b779632c53c7b4362fa69cce082da2bf8b12fa9c93e,LR-L,logistic_regression,low,0.0,strong,0.0,0.5,6,0.9286666666666666,0.8398666666666668,0.769,0.0887999999999998,4.389428557093835,0.1,1.0
540359df154a486d0f2676587bac3ed10352ba86b2bf84c7da9289d270549c46,LR-M,logistic_regression,medium,0.5,medium,0.5,0.5,6,0.9313333333333332,0.8614666666666666,0.8083333333333333,0.0698666666666667,4.935646614594543,0.4666666666666667,1.0
c778e70504c3e3c5c16d50ab705d5eecd5a4e0085ac863592a9c8f318df83b7e,LR-H,logistic_regression,high,1.0,weak,1.0,0.5,6,0.9313333333333332,0.8631333333333332,0.8113333333333334,0.0682000000000001,4.997510851093178,0.8,1.0
f0ca3f75896b8d4ee56af4f754a0dbad0ab7d875858b90e9db3165620f09bb47,SVM-L,rbf_svm,low,0.0,medium,0.5,0.5,6,0.931,0.851,0.785,0.08,2.370861085785656,0.3,1.0
9e44c1b29734ff2307719c6fb5b6d990386e13e43d9e5fa57549e9340594668f,SVM-M,rbf_svm,medium,0.5,weak,1.0,0.5,6,0.9283333333333332,0.8496666666666666,0.7793333333333333,0.0786666666666667,11.399976155705565,0.6666666666666666,1.0
8b32c1afd42e634a9427f759643310e5dd6992216363ce90e08d111db7c415a4,SVM-H,rbf_svm,high,1.0,strong,0.0,0.5,6,0.928,0.8286666666666667,0.752,0.0993333333333333,177.89088349913573,1.0,1.0
36176a9ab8bc8391af6c29004852a2daf8b059da6830e92c3cf019e9c1e56006,RF-L,random_forest,low,0.0,weak,1.0,0.5,6,0.903,0.7702,0.6563333333333333,0.1328,3199.0,0.1833333333333333,1.0
cf02b626769664af22835c810c1f73843a85e226ada776e98a8432037245e580,RF-M,random_forest,medium,0.5,strong,0.0,0.5,6,0.92,0.8338666666666666,0.7536666666666667,0.0861333333333334,32436.0,0.5333333333333333,1.0
7e5a537bb4377565518d10413f2758055d74a34602c137680e13782ce67cbb5b,RF-H,random_forest,high,1.0,medium,0.5,0.5,6,0.9216666666666666,0.8430666666666667,0.771,0.0785999999999998,91596.0,0.9,1.0
ab6f799cdc75c4fd5d2036abf423e8c9026c04c55de3c4cf3230afed96e13346,HGB-L,gradient_boosting,low,0.0,strong,0.0,0.5,6,0.925,0.8496666666666666,0.7833333333333333,0.0753333333333334,700.0,0.1833333333333333,1.0
121e801e086d601704f10b4a2a0de18fb62a7c9dfa9fefd472d684bb383c4789,HGB-M,gradient_boosting,medium,0.5,weak,1.0,0.5,6,0.926,0.8474666666666666,0.7933333333333333,0.0785333333333334,6200.0,0.5166666666666667,1.0
c89149973b6007be1cde2e221370b51bf2889d72169b76775fc4a203c9b51acf,HGB-H,gradient_boosting,high,1.0,medium,0.5,0.5,6,0.922,0.8476666666666667,0.7986666666666666,0.0743333333333333,18900.0,0.85,1.0
ea6947d8b6e619ffcf28adeb1046aea58a5a96350032ba9d7db5d9531cb82cc9,MLP-L,mlp,low,0.0,weak,1.0,0.5,6,0.9243333333333332,0.7973333333333332,0.692,0.1270000000000001,113.0,0.1833333333333333,1.0
1ceef91bbcbecda2345ca8138012cd5eb0e5801e38f35c7dd3d11ebdf39c7659,MLP-M,mlp,medium,0.5,medium,0.5,0.5,6,0.9303333333333332,0.8614,0.8073333333333333,0.0689333333333332,4609.0,0.5166666666666667,1.0
df531c695820fab3ce7829b60604e8e255994bb46cbaa630714001964666607e,MLP-H,mlp,high,1.0,strong,0.0,0.5,6,0.9323333333333332,0.8591999999999999,0.8043333333333333,0.0731333333333335,25601.0,0.85,1.0
9ecd2750a4b06e736cfa398a0dad3cba043d094ebc886d248f1045a58612c72d,LR-L,logistic_regression,low,0.0,strong,0.0,0.5,7,0.9376666666666666,0.8425333333333332,0.7776666666666666,0.0951333333333334,4.394814253747233,0.2666666666666666,1.0
f2c4b90511333d03907c9f4141158520cd541e734a4727ce1cb8964ce422736a,LR-M,logistic_regression,medium,0.5,medium,0.5,0.5,7,0.939,0.8623333333333333,0.8126666666666666,0.0766666666666666,4.934783269625021,0.4,1.0
71b6feff196c70e794ddfaeadb92e5d55cb0421f0872d1f677226a3240911b2d,LR-H,logistic_regression,high,1.0,weak,1.0,0.5,7,0.9393333333333334,0.8636666666666667,0.816,0.0756666666666666,4.997463950958403,0.7333333333333333,1.0
8c9fdc7be3070a37946e52e03b28742d672ff8e1367fe12d97ca09dc5a11f171,SVM-L,rbf_svm,low,0.0,medium,0.5,0.5,7,0.94,0.8517333333333333,0.795,0.0882666666666666,2.37434099851678,0.3333333333333333,1.0
2118394ccf9cdafc8bf5f47d6648b13d3a24d3bbed9a6d5e6ffc08b1e9806031,SVM-M,rbf_svm,medium,0.5,weak,1.0,0.5,7,0.9326666666666666,0.8522000000000001,0.795,0.0804666666666665,11.327160836371556,0.6333333333333333,1.0
a816f370cd7e9c2f397d8d245180bf37559223677a2a8a1129047180757922d7,SVM-H,rbf_svm,high,1.0,strong,0.0,0.5,7,0.935,0.8296666666666667,0.756,0.1053333333333333,171.7227238129127,0.9333333333333332,1.0
069a1282b25ff7a2e93dce4c2d263ac727dd271f8b6466d5102d5bc1a56a08cd,RF-L,random_forest,low,0.0,weak,1.0,0.5,7,0.9016666666666666,0.7787333333333333,0.671,0.1229333333333333,3200.0,0.3166666666666666,1.0
e313a39f5ff58cee0a43aac8b679598b4525d1fcae4a8b22a9f5f24a3e73fdcf,RF-M,random_forest,medium,0.5,strong,0.0,0.5,7,0.9266666666666666,0.833,0.759,0.0936666666666666,32039.0,0.3666666666666666,1.0
4c3e43cccf8b951bb859927217850a85db6ffbc420af8abda11ef961860bc0d8,RF-H,random_forest,high,1.0,medium,0.5,0.5,7,0.93,0.8431333333333335,0.779,0.0868666666666665,88752.0,0.7,1.0
96b5db53d6016db8e7c149b78dbcf43b14d7a7f569c613e7f450124d94b7605c,HGB-L,gradient_boosting,low,0.0,strong,0.0,0.5,7,0.932,0.8483333333333333,0.7863333333333333,0.0836666666666667,700.0,0.1833333333333333,1.0
fec9b36bc3d347d8edef6e2e29bce555c71e79dcd88763012124324b7eab4743,HGB-M,gradient_boosting,medium,0.5,weak,1.0,0.5,7,0.9296666666666666,0.8507999999999999,0.7946666666666666,0.0788666666666667,6200.0,0.5166666666666667,1.0
7f23171f4d92983483799f9f5b05f001b1b4136354138d47a288cdb0b06b1641,HGB-H,gradient_boosting,high,1.0,medium,0.5,0.5,7,0.9226666666666666,0.8496,0.7946666666666666,0.0730666666666666,18900.0,0.85,1.0
dd5ae6eb6ada33138a6d083403ac4b0682d61a96acf4ce819ef4ba1c34d82ddb,MLP-L,mlp,low,0.0,weak,1.0,0.5,7,0.935,0.8460000000000001,0.782,0.0889999999999999,113.0,0.1833333333333333,1.0
8dc9e038f041a550eef1ae01c65b836e9d3eae39819bba5391d80522acf3a6cb,MLP-M,mlp,medium,0.5,medium,0.5,0.5,7,0.9376666666666666,0.8522000000000001,0.7913333333333333,0.0854666666666665,4609.0,0.5166666666666667,1.0
55e37114995af860121e2d515c3c928941d1eca00a6abe14722f3e5388893a4a,MLP-H,mlp,high,1.0,strong,0.0,0.5,7,0.939,0.8600666666666668,0.8126666666666666,0.0789333333333331,25601.0,0.85,1.0
9856e3021b9001e5e2684d2aa53efae75971eed2bafc8a31f71a63f9ef6729ac,LR-L,logistic_regression,low,0.0,strong,0.0,0.5,8,0.9346666666666666,0.8512666666666668,0.7916666666666666,0.0833999999999998,4.398464797081019,0.3,1.0
23a41b62d3fe7e63df5327dc06329aa89d4d1c98e975e22962b82377f308da95,LR-M,logistic_regression,medium,0.5,medium,0.5,0.5,8,0.9333333333333332,0.8695333333333333,0.8256666666666667,0.0638,4.938480139635304,0.6,1.0
997e8036432c57704a58fe2664e8c77f751c8ef7773a996dc9c2fa545bde091e,LR-H,logistic_regression,high,1.0,weak,1.0,0.5,8,0.934,0.8708666666666666,0.828,0.0631333333333334,4.997639771613689,0.9333333333333332,1.0
b096f8d8744885f4295b1d56f161b1eef9d75da4f3dcd9933e1f78ab14321f72,SVM-L,rbf_svm,low,0.0,medium,0.5,0.5,8,0.9363333333333334,0.8634666666666666,0.8133333333333334,0.0728666666666667,2.357820341781077,0.2666666666666666,1.0
5771c4e64ca14da604fd8a25e8fb16fcfdd41b706b73c61e585e25139ce675a5,SVM-M,rbf_svm,medium,0.5,weak,1.0,0.5,8,0.929,0.8624,0.8193333333333334,0.0665999999999999,11.050615329948627,0.6,1.0
a3b0a048a9e7f30cf77f4e1197d927783d6f9fc9a0645b7e6546cfe06edbe629,SVM-H,rbf_svm,high,1.0,strong,0.0,0.5,8,0.9313333333333332,0.8402000000000001,0.7823333333333333,0.0911333333333332,172.69038992893732,0.9666666666666668,1.0
29c6d201ac123520a1e238ba366c4ffd77a8ed5f15b6979770eea888988d53eb,RF-L,random_forest,low,0.0,weak,1.0,0.5,8,0.8993333333333333,0.7956,0.702,0.1037333333333333,3199.0,0.1833333333333333,1.0
d2274d986f04309ff61fb68530dbf10d587f70398674a5aa52fcb5adaa98e880,RF-M,random_forest,medium,0.5,strong,0.0,0.5,8,0.9263333333333332,0.8448,0.7796666666666666,0.0815333333333333,32170.0,0.4,1.0
4398e2dd8f0e4089ad0cd33f722ecc90992f283f1981e933762e1bf2ca45ec2d,RF-H,random_forest,high,1.0,medium,0.5,0.5,8,0.9256666666666666,0.8517333333333333,0.794,0.0739333333333333,90782.0,0.8666666666666667,1.0
7d9989dc81b0d375d005c284f8f8863ccab8c6e8e33e40b3e0b051dde72ff4f2,HGB-L,gradient_boosting,low,0.0,strong,0.0,0.5,8,0.928,0.8554666666666668,0.7993333333333333,0.0725333333333332,700.0,0.1833333333333333,1.0
3da3cfc1da22c58bee0a45de06cf88fcac12194349dd64241dc1245272e88622,HGB-M,gradient_boosting,medium,0.5,weak,1.0,0.5,8,0.9213333333333332,0.8525333333333334,0.8006666666666666,0.0687999999999999,6200.0,0.5166666666666667,1.0
b070d5e6a3cff29a63f9eea25fd601480658ab1c643c618c50d2e0e65d784af9,HGB-H,gradient_boosting,high,1.0,medium,0.5,0.5,8,0.9193333333333332,0.8554666666666666,0.8063333333333333,0.0638666666666667,18900.0,0.85,1.0
3b7b3b82f7e310e2683390dc34ffd2c165c38aba2133ba3925f592818b016f69,MLP-L,mlp,low,0.0,weak,1.0,0.5,8,0.9343333333333332,0.8486666666666667,0.789,0.0856666666666666,113.0,0.1833333333333333,1.0
81880e2141c97b5f063ca3d9013370a28bfade3a68b90f5360af38e9d624fab6,MLP-M,mlp,medium,0.5,medium,0.5,0.5,8,0.9323333333333332,0.8703333333333333,0.829,0.062,4609.0,0.5166666666666667,1.0
a98aa8e619f0a3f0bb7e1bcc9081e59542a6b77b9d6dbe9cb12a412b9c2ee1ce,MLP-H,mlp,high,1.0,strong,0.0,0.5,8,0.9353333333333332,0.8707333333333335,0.8276666666666667,0.0645999999999998,25601.0,0.85,1.0
69ab2d68296f0684adad832dd5f5724f5fdfe0cdca06b5b9b34cfe71dda8ccca,LR-L,logistic_regression,low,0.0,strong,0.0,0.5,9,0.933,0.8358000000000001,0.7646666666666667,0.0971999999999999,4.389895817015772,0.1333333333333333,1.0
4fd3905abb201d416ad30434c209fad9e3fb078efed61ffc4eaf854d5f47cd8e,LR-M,logistic_regression,medium,0.5,medium,0.5,0.5,9,0.936,0.8556000000000001,0.802,0.0803999999999999,4.936255590228585,0.5333333333333333,1.0
436233431ba2efc3355c763f1c8614c167aff9c226f423e202180e90fda84ad8,LR-H,logistic_regression,high,1.0,weak,1.0,0.5,9,0.9363333333333334,0.857,0.8053333333333333,0.0793333333333333,4.997547274210206,0.8666666666666667,1.0
40c0ef1b4da2fe452ebc41bda0b5317791acaf1d77e53980e2e42adca402bb70,SVM-L,rbf_svm,low,0.0,medium,0.5,0.5,9,0.9343333333333332,0.8468,0.7893333333333333,0.0875333333333333,2.2290606288920687,0.0666666666666666,1.0
975b33284824d555ecd5023d7c15fd0f687ce605edcf643517782f2f48240844,SVM-M,rbf_svm,medium,0.5,weak,1.0,0.5,9,0.9293333333333332,0.8452666666666666,0.7896666666666666,0.0840666666666667,9.889426133972746,0.4666666666666667,1.0
1f2da4834fe251125a44ba0855a980e608132742f2fe2e23a6a9ee35552f5bfc,SVM-H,rbf_svm,high,1.0,strong,0.0,0.5,9,0.9256666666666666,0.8261333333333333,0.757,0.0995333333333333,151.7510775647397,0.8333333333333334,1.0
a93caffbdbed4859dabcbc6496acecc19aea8c2ba8227306703eb57d435444e0,RF-L,random_forest,low,0.0,weak,1.0,0.5,9,0.8933333333333333,0.7665333333333333,0.6476666666666666,0.1268,3197.0,0.0333333333333333,1.0
9b1f84b0c51cb4f4def7aa716de640bb7ee6db9cddea6726c687ebe7a2e744f8,RF-M,random_forest,medium,0.5,strong,0.0,0.5,9,0.9163333333333332,0.8251333333333333,0.7436666666666667,0.0912,32236.0,0.4666666666666667,1.0
669452afe2735985ca0dea58ecf82218938465f7bc40748fd14f354d40179c42,RF-H,random_forest,high,1.0,medium,0.5,0.5,9,0.9226666666666666,0.8315333333333333,0.7596666666666667,0.0911333333333332,89815.0,0.7666666666666667,1.0
d30277b14049ea6940edca07a4a5c45517cc9c3c3099746bb9e0484f98836fa7,HGB-L,gradient_boosting,low,0.0,strong,0.0,0.5,9,0.9223333333333332,0.8380666666666666,0.766,0.0842666666666667,700.0,0.1833333333333333,1.0
0a20c1b8a58a11c57343b9cf48fe03cdf94a144e135713d061f1eb7fff12a3a9,HGB-M,gradient_boosting,medium,0.5,weak,1.0,0.5,9,0.9216666666666666,0.8393333333333333,0.7753333333333333,0.0823333333333333,6200.0,0.5166666666666667,1.0
d54b4348846f3586838f6a165727d455c69c93368799a9833d2621406c1412fc,HGB-H,gradient_boosting,high,1.0,medium,0.5,0.5,9,0.917,0.8410666666666667,0.7836666666666666,0.0759333333333333,18900.0,0.85,1.0
a1240c11e3eac4c5ef1bd1f18e8da4c92d900b4f42f0ba72fecbb9691a68a976,MLP-L,mlp,low,0.0,weak,1.0,0.5,9,0.928,0.8308666666666668,0.7596666666666667,0.0971333333333333,113.0,0.1833333333333333,1.0
5708a6cf011a457e9db02bde492bafdb46385eb425cf38cf8ec0b90a03a33a2a,MLP-M,mlp,medium,0.5,medium,0.5,0.5,9,0.932,0.8467333333333334,0.788,0.0852666666666666,4609.0,0.5166666666666667,1.0
6d3b94618aee39482ac149963b5c31977906b52c390e2a52dc6ff2135fbc495e,MLP-H,mlp,high,1.0,strong,0.0,0.5,9,0.9303333333333332,0.8530666666666666,0.801,0.0772666666666667,25601.0,0.85,1.0
9b2b509e11a5004e167bb7e6711b56d8fd086816b5e402f2d1453c99a606627f,LR-L,logistic_regression,low,0.0,strong,0.0,0.7,0,0.9566666666666668,0.7528666666666667,0.604,0.2037999999999999,4.239781941534962,0.1666666666666666,1.0
57611c8072d9ae4b13d78d35153d65c6f6717a59dda3727852fbbdd867d1f527,LR-M,logistic_regression,medium,0.5,medium,0.5,0.7,0,0.9586666666666668,0.7970666666666666,0.69,0.1616,4.906542756628451,0.5333333333333333,1.0
a38835e9face18d454b7e6286a0fada18e4816409342b1181f1204a72f657fc9,LR-H,logistic_regression,high,1.0,weak,1.0,0.7,0,0.9576666666666668,0.8008,0.6973333333333334,0.1568666666666667,4.99618381091571,0.8666666666666667,1.0
b3e934aaa9a795619e8e12f130581171ef655a748807c6b34ec5ef5e53090a9b,SVM-L,rbf_svm,low,0.0,medium,0.5,0.7,0,0.9576666666666668,0.7878666666666667,0.6753333333333333,0.1697999999999999,2.331987460916793,0.2333333333333333,1.0
fbb6dbcf4a0922d758e6f2a7c26f2f0ddea3b591b5e86eaa93636c3160782a02,SVM-M,rbf_svm,medium,0.5,weak,1.0,0.7,0,0.9536666666666668,0.7810666666666667,0.6686666666666666,0.1725999999999999,10.672897960994884,0.5666666666666667,1.0
77f6b4a82c46dc01626d9c67453162110831217a21b08ab23c09d5b5d6864bda,SVM-H,rbf_svm,high,1.0,strong,0.0,0.7,0,0.9546666666666668,0.7474000000000001,0.6043333333333333,0.2072666666666666,157.34073994266726,0.9,1.0
6565c49de8326cc6032fa20a9887f5626522d172007a30a354593c5c189ad43e,RF-L,random_forest,low,0.0,weak,1.0,0.7,0,0.9286666666666666,0.5779333333333333,0.2943333333333333,0.3507333333333333,3197.0,0.2166666666666666,1.0
c445520726a8d480801ab6569f396d55a0f0d3b1b9903a89b38abe6aa43c9bb3,RF-M,random_forest,medium,0.5,strong,0.0,0.7,0,0.947,0.6768000000000001,0.46,0.2701999999999999,26522.0,0.5,1.0
e3de884d62473f7133d573f4cd38f5e9c7d03609c8af3d827aefe883aa442594,RF-H,random_forest,high,1.0,medium,0.5,0.7,0,0.948,0.7109333333333334,0.5263333333333333,0.2370666666666665,68105.0,0.7333333333333333,1.0
66c96d71188e2724adced6ecd65838bf249770dcfb0fd38ab8547ba1281d2fe8,HGB-L,gradient_boosting,low,0.0,strong,0.0,0.7,0,0.952,0.7331333333333333,0.56,0.2188666666666666,700.0,0.1833333333333333,1.0
48b791aacd0b641d9d88a3fb078b1cace35975bdd854e96e0375b74a2728568a,HGB-M,gradient_boosting,medium,0.5,weak,1.0,0.7,0,0.9503333333333334,0.7546,0.618,0.1957333333333333,6200.0,0.5166666666666667,1.0
604789f6131416d992dfc7da88d41436579fb9733e278fab7c4c30f774db0ae3,HGB-H,gradient_boosting,high,1.0,medium,0.5,0.7,0,0.9493333333333334,0.7455333333333334,0.5996666666666667,0.2037999999999999,18900.0,0.85,1.0
84b70a7d65e8425b1fb96e215d6714e7f0fe08557a2ad7a47f6073eac9c6966b,MLP-L,mlp,low,0.0,weak,1.0,0.7,0,0.9506666666666668,0.6963333333333332,0.497,0.2543333333333334,113.0,0.1833333333333333,1.0
0051bba6fae2cef143ec1b2620c6c5a44f980848b43b58e109b901fc2616edcc,MLP-M,mlp,medium,0.5,medium,0.5,0.7,0,0.9546666666666668,0.791,0.682,0.1636666666666666,4609.0,0.5166666666666667,1.0
41e690493d3ac2c6410a62aed4dd1e5228552ebd20040264ea44fa3d6e2155ca,MLP-H,mlp,high,1.0,strong,0.0,0.7,0,0.9586666666666668,0.7924,0.6876666666666666,0.1662666666666666,25601.0,0.85,1.0
bd99506247386755c0f3638a70dc7ccf92ecfbc11f399396a6c47f01377f05b3,LR-L,logistic_regression,low,0.0,strong,0.0,0.7,1,0.9533333333333334,0.7494666666666666,0.6213333333333333,0.2038666666666667,4.244287822290284,0.2,1.0
04256029c21ddbf6c699d7f71e11ecce28111992345a87245c272fa5ebd8bcd5,LR-M,logistic_regression,medium,0.5,medium,0.5,0.7,1,0.9536666666666668,0.7942666666666667,0.693,0.1594,4.912030760772381,0.6333333333333333,1.0
758ec8d697e826a35d31a07d008b99a590bbca04032bc6fda3bfcdd8ea3084a0,LR-H,logistic_regression,high,1.0,weak,1.0,0.7,1,0.9546666666666668,0.7984666666666668,0.7013333333333334,0.1561999999999999,4.996473016263812,0.9666666666666668,1.0
86fc05cd998a385602a792d4b37c9fc209f66f9b0d5856019e478a9daa187742,SVM-L,rbf_svm,low,0.0,medium,0.5,0.7,1,0.954,0.777,0.6643333333333333,0.1769999999999999,2.2530342566727213,0.1333333333333333,1.0
76538d2862406405b42a245fbfe18c8f11becd79d2aa788829bd2e760ee11ddb,SVM-M,rbf_svm,medium,0.5,weak,1.0,0.7,1,0.953,0.7712666666666668,0.6556666666666666,0.1817333333333332,9.644528690860698,0.4,1.0
1af3a84ce15579ad61541006a8f396b651f0138fd140eac33c4fff61af441d82,SVM-H,rbf_svm,high,1.0,strong,0.0,0.7,1,0.9543333333333334,0.7425333333333334,0.6093333333333333,0.2118,137.106494985898,0.7333333333333333,1.0
a92360f1e624708587e00bfef53359d705e7bd6bfcefe18fa497750a235c3744,RF-L,random_forest,low,0.0,weak,1.0,0.7,1,0.9226666666666666,0.5707333333333333,0.2953333333333333,0.3519333333333333,3197.0,0.2166666666666666,1.0
8c762b9f618e2e43b44556e99bd1fc3fd10ec51874cca0399d701efd77f6d81d,RF-M,random_forest,medium,0.5,strong,0.0,0.7,1,0.94,0.6774666666666667,0.4783333333333333,0.2625333333333333,27156.0,0.6333333333333333,1.0
ad84c7686fe0f35a43957e0842470df1cdb095217b8c4c177e0a58db1429563b,RF-H,random_forest,high,1.0,medium,0.5,0.7,1,0.9456666666666668,0.7211333333333333,0.5593333333333333,0.2245333333333333,72036.0,1.0,1.0
70579edcf7cc588fdffd1f9d40faeb6dc3baf3acbdf474333f4bbd324d5ba956,HGB-L,gradient_boosting,low,0.0,strong,0.0,0.7,1,0.946,0.7323999999999999,0.5816666666666667,0.2136,700.0,0.1833333333333333,1.0
b249d2e7604705dab719aa4524499828c2cfb3916d33653892fdb3e35a8f6124,HGB-M,gradient_boosting,medium,0.5,weak,1.0,0.7,1,0.9436666666666668,0.7585999999999999,0.64,0.1850666666666667,6200.0,0.5166666666666667,1.0
7f5d52b74d53228b560e8a9dec193b28c51587d795a92e5d1eae9110be6d8a8d,HGB-H,gradient_boosting,high,1.0,medium,0.5,0.7,1,0.9416666666666668,0.7532666666666668,0.6273333333333333,0.1883999999999999,18900.0,0.85,1.0
60cc3759cd8744c2b9a2f1a131065cf8a47efe599bf28b0c1effb06927c84b6f,MLP-L,mlp,low,0.0,weak,1.0,0.7,1,0.9546666666666668,0.7624666666666667,0.6436666666666667,0.1921999999999999,113.0,0.1833333333333333,1.0
d40636e9d14324d67199a9fff5e569fc0a7f3e3b666cb235f389b97e18aaf3de,MLP-M,mlp,medium,0.5,medium,0.5,0.7,1,0.9523333333333334,0.7497333333333334,0.6233333333333333,0.2026,4609.0,0.5166666666666667,1.0
d57ba1b34d1e1199cf482f9b8cddd79816ea8e3454bc0c6d2e09518440e71a93,MLP-H,mlp,high,1.0,strong,0.0,0.7,1,0.9526666666666668,0.7992000000000001,0.7033333333333334,0.1534666666666665,25601.0,0.85,1.0
48243c55d10e8674837968e5cf321772b235194b8bcb52d0c98a1e5c3681565e,LR-L,logistic_regression,low,0.0,strong,0.0,0.7,2,0.9566666666666668,0.7299333333333333,0.569,0.2267333333333333,4.22644728410608,0.0666666666666666,1.0
6a6376de5ffc4b22befb610b6b44f765ae566444d71898c98e5a033e5fde5db9,LR-M,logistic_regression,medium,0.5,medium,0.5,0.7,2,0.9596666666666668,0.7748,0.6533333333333333,0.1848666666666666,4.897900861042064,0.4,1.0
cad129b5be2e547c931202c07860c851bc4ad5fc0da6169dee4b04d080d6fe16,LR-H,logistic_regression,high,1.0,weak,1.0,0.7,2,0.9606666666666668,0.7796666666666666,0.6616666666666666,0.181,4.995693988808377,0.7333333333333333,1.0
b201f1148f6d148f6b83ff83b3886991972bc5aa4add4514fd5ae46fa58e61ea,SVM-L,rbf_svm,low,0.0,medium,0.5,0.7,2,0.9556666666666668,0.7577333333333334,0.6226666666666667,0.1979333333333333,2.2473457563363213,0.1,1.0
0defe2df31526915199df240da20e8b004eee820ed9f92daad42237b00851ab7,SVM-M,rbf_svm,medium,0.5,weak,1.0,0.7,2,0.9536666666666668,0.7502666666666667,0.6173333333333333,0.2033999999999999,9.774884329159772,0.5,1.0
ada9b0fd37f5750a83af8fc2ac32a9f6b72c84ef4041852f6db09ad57a0b35dd,SVM-H,rbf_svm,high,1.0,strong,0.0,0.7,2,0.951,0.7236666666666667,0.5643333333333334,0.2273333333333332,140.61201110049163,0.8,1.0
e23fffd2e997e90ee8b6a06cb4048a0da7b3578b911e429b57a6eef6a0d4d195,RF-L,random_forest,low,0.0,weak,1.0,0.7,2,0.919,0.5439333333333334,0.2566666666666666,0.3750666666666666,3199.0,0.3166666666666666,1.0
d6b70166dee75b5f354e18fc60dc9db1b138b9ac6b0493fef30149f0855c092d,RF-M,random_forest,medium,0.5,strong,0.0,0.7,2,0.9356666666666666,0.6626,0.4453333333333333,0.2730666666666667,26252.0,0.4333333333333333,1.0
f96ea8d9bf486e8adeb8b748888d4bf20f74c3421227bb8d1da73a5894f55ade,RF-H,random_forest,high,1.0,medium,0.5,0.7,2,0.9456666666666668,0.7020000000000002,0.5223333333333333,0.2436666666666664,67932.0,0.7,1.0
fe424471028f262175f415f785dda405bb8186fe749b56f1a743bac0aed67c4a,HGB-L,gradient_boosting,low,0.0,strong,0.0,0.7,2,0.9496666666666668,0.7134,0.5376666666666666,0.2362666666666666,700.0,0.1833333333333333,1.0
0a855dd08b7a52095680db9545cb5d4b5fcf2f7676a684d49ee8fdba58a27763,HGB-M,gradient_boosting,medium,0.5,weak,1.0,0.7,2,0.9476666666666668,0.7289999999999999,0.58,0.2186666666666668,6200.0,0.5166666666666667,1.0
69b425d6133f8f8e4613e8b79fb9190148d295a45af551bd9e00deda3c525935,HGB-H,gradient_boosting,high,1.0,medium,0.5,0.7,2,0.9456666666666668,0.7280666666666666,0.5826666666666667,0.2176,18900.0,0.85,1.0
08479185d35444d1517c276a84d5f88c4141caadf8c268c282ff8b6dd5969472,MLP-L,mlp,low,0.0,weak,1.0,0.7,2,0.9516666666666668,0.6964666666666666,0.5083333333333333,0.2552000000000001,113.0,0.1833333333333333,1.0
ffabce0479f64ce84a6c7826752b00731ec2ffbd4711b5e558795ca86ec78d73,MLP-M,mlp,medium,0.5,medium,0.5,0.7,2,0.9566666666666668,0.7004666666666667,0.518,0.2562,4609.0,0.5166666666666667,1.0
1df652a14f7a1497d48adb079a7ca69e83ac6335074ac97cc3eaeb19e61e511a,MLP-H,mlp,high,1.0,strong,0.0,0.7,2,0.953,0.7727999999999999,0.6576666666666666,0.1802,25601.0,0.85,1.0
782bf251310adc4a69297e679335a2ebc5525353138017427a6f5e8054869a86,LR-L,logistic_regression,low,0.0,strong,0.0,0.7,3,0.952,0.7397333333333334,0.5933333333333334,0.2122666666666666,4.244526944867715,0.2333333333333333,1.0
7070f8373b43dce49bd1d4263566074eb27a57dbcfb062526acc28af3d9e5b89,LR-M,logistic_regression,medium,0.5,medium,0.5,0.7,3,0.954,0.7860000000000001,0.6766666666666666,0.1679999999999998,4.908205771664816,0.5666666666666667,1.0
e90d2326461c7268d87ce52af0df0f6f9b8bc6206a40e56c705dbd13360c1bd8,LR-H,logistic_regression,high,1.0,weak,1.0,0.7,3,0.9546666666666668,0.7898666666666667,0.684,0.1647999999999999,4.996228542556921,0.9,1.0
4d316873b053c8ff5fecc702ef86faa6e51735b519cf8739c553d4845c566d8d,SVM-L,rbf_svm,low,0.0,medium,0.5,0.7,3,0.9543333333333334,0.7729999999999999,0.652,0.1813333333333334,2.28692111347364,0.2,1.0
06834f4ebf87a201869b0f438bb7bb8492f168286dacd92053094f695715f3f8,SVM-M,rbf_svm,medium,0.5,weak,1.0,0.7,3,0.949,0.7749333333333334,0.654,0.1740666666666666,10.329316881104123,0.5333333333333333,1.0
bbcd685b0c2a1d413ee75a377109e7503e7102dac588735544670147bea6c825,SVM-H,rbf_svm,high,1.0,strong,0.0,0.7,3,0.9496666666666668,0.7420666666666667,0.6013333333333334,0.2076,155.60611341990244,0.8666666666666667,1.0
dfa20044c3dc78e42eda6d0c398c5fa6237509eb8384e4ac3c26e286ca2a3748,RF-L,random_forest,low,0.0,weak,1.0,0.7,3,0.9223333333333332,0.5624,0.2926666666666667,0.3599333333333333,3193.0,0.0666666666666666,1.0
baeaee5742e72b902c4eb2ed04de4c8bad31ec8a85eb4bb53cd35e6ea117ce55,RF-M,random_forest,medium,0.5,strong,0.0,0.7,3,0.9396666666666668,0.6808666666666667,0.4856666666666667,0.2587999999999999,26581.0,0.5666666666666667,1.0
7ce3146dbb3a062444f79da91d06e0bc04a5fb1627e666b3bff031925f2fe746,RF-H,random_forest,high,1.0,medium,0.5,0.7,3,0.945,0.724,0.5613333333333334,0.2209999999999999,69732.0,0.9,1.0
99cac23ebfcbe29ed7ef2c820ae6dcd752fb42bf7a3f48d717cadb32af4624d7,HGB-L,gradient_boosting,low,0.0,strong,0.0,0.7,3,0.945,0.7275333333333334,0.568,0.2174666666666665,700.0,0.1833333333333333,1.0
fdab002805859f56e6311f59eb3bd0b3cf033f414f6f8d8b550fcda888b899a0,HGB-M,gradient_boosting,medium,0.5,weak,1.0,0.7,3,0.9426666666666668,0.7543999999999998,0.622,0.1882666666666668,6200.0,0.5166666666666667,1.0
717c78a1b0a90c2e479c8d50c8938dca7cfef937435289c597a4551783902b89,HGB-H,gradient_boosting,high,1.0,medium,0.5,0.7,3,0.9416666666666668,0.7525999999999999,0.6233333333333333,0.1890666666666667,18900.0,0.85,1.0
5ee38df9e453f631c8aa81b437530701fd62baff7991570a446542a079d2344b,MLP-L,mlp,low,0.0,weak,1.0,0.7,3,0.954,0.7559333333333333,0.6236666666666667,0.1980666666666666,113.0,0.1833333333333333,1.0
aa48ad460f7240fe717513fb4c7a340f5fd672492764ecc0482d5086e970c0e1,MLP-M,mlp,medium,0.5,medium,0.5,0.7,3,0.9486666666666668,0.6715333333333333,0.477,0.2771333333333333,4609.0,0.5166666666666667,1.0
67de34dac99ba237bfab12cfd53ade10e7ed9742085bd517091836ec1a58de71,MLP-H,mlp,high,1.0,strong,0.0,0.7,3,0.954,0.7534,0.6216666666666667,0.2006,25601.0,0.85,1.0
c9d5589a8346af9a3bc7c0a54a59647b6507dc60d12837198ca05d8128fdc5ba,LR-L,logistic_regression,low,0.0,strong,0.0,0.7,4,0.9536666666666668,0.7402,0.597,0.2134666666666667,4.216237045782415,0.0333333333333333,1.0
47088ca053483f8de33dda619d91aca6164031dd1143824de1b7602d15d56481,LR-M,logistic_regression,medium,0.5,medium,0.5,0.7,4,0.953,0.7884,0.6853333333333333,0.1645999999999999,4.895796784362553,0.3666666666666666,1.0
a19ad9adf67f19afe761180cea1a28e40f618bb42ebc3acf46771d1afbed7a18,LR-H,logistic_regression,high,1.0,weak,1.0,0.7,4,0.9543333333333334,0.7932666666666666,0.696,0.1610666666666668,4.995609630896936,0.7,1.0
8ccca822cb19abec6ffa6428896d14b5284741b4af381c76441462d09868f4ee,SVM-L,rbf_svm,low,0.0,medium,0.5,0.7,4,0.9553333333333334,0.7712666666666667,0.652,0.1840666666666667,2.211303202637802,0.0333333333333333,1.0
7bec3092ab2e4b5e28a4af3ffbf726e35c7c7251070b63e0ebcfc1aa3329159f,SVM-M,rbf_svm,medium,0.5,weak,1.0,0.7,4,0.9536666666666668,0.7860666666666667,0.6763333333333333,0.1675999999999999,9.336906878251344,0.3666666666666666,1.0
484b716405f81ddf3a249f77b5450782f4bc458d0187d4cb5b8c8f737dfe4592,SVM-H,rbf_svm,high,1.0,strong,0.0,0.7,4,0.953,0.7414666666666667,0.606,0.2115333333333332,132.26761281287398,0.7,1.0
31bba1571c5cca0f1135a9ace19d9c9a2d1336b40f1967bafb92f7c8bbe979b8,RF-L,random_forest,low,0.0,weak,1.0,0.7,4,0.924,0.5401333333333334,0.2523333333333333,0.3838666666666667,3199.0,0.3166666666666666,1.0
aceeec32dedce663c822356b5ba9804a9a2951b8150541727c618c85c15d6bac,RF-M,random_forest,medium,0.5,strong,0.0,0.7,4,0.9433333333333334,0.6618,0.4583333333333333,0.2815333333333333,26172.0,0.4,1.0
ca90e9afced77208a43e591a46ac0dbcc99d708a153f9f17331c258f2c09ce41,RF-H,random_forest,high,1.0,medium,0.5,0.7,4,0.9506666666666668,0.7154,0.55,0.2352666666666666,68320.0,0.7666666666666667,1.0
1c08b10581b4ecd14bca8bccd4d56a3f6d20808c6368c8c06f7fad75756b31a2,HGB-L,gradient_boosting,low,0.0,strong,0.0,0.7,4,0.9513333333333334,0.7253999999999999,0.5626666666666666,0.2259333333333334,700.0,0.1833333333333333,1.0
ab632f704475e567b327f791da97f1ed784d848d07ce67cb3887c659ea8c769c,HGB-M,gradient_boosting,medium,0.5,weak,1.0,0.7,4,0.947,0.7527333333333334,0.6316666666666667,0.1942666666666666,6200.0,0.5166666666666667,1.0
6d2e0d809671e2b84a0870a94fc4e833a074959eb2bac5c8a836641dbd67e904,HGB-H,gradient_boosting,high,1.0,medium,0.5,0.7,4,0.946,0.7526666666666666,0.6246666666666667,0.1933333333333333,18900.0,0.85,1.0
b94dd63581106f1d1c99b2e36854d48785aeb05c2a44089830c4d6a74ac1b9c8,MLP-L,mlp,low,0.0,weak,1.0,0.7,4,0.947,0.6920666666666666,0.517,0.2549333333333333,113.0,0.1833333333333333,1.0
a092d170f07c7c141cd7a7b4fa486bc1bce0bef7ac7bd88e27531c640e1c5871,MLP-M,mlp,medium,0.5,medium,0.5,0.7,4,0.9543333333333334,0.7896,0.689,0.1647333333333334,4609.0,0.5166666666666667,1.0
4bf2764769c6bef876971e030851383109cdaf472c0bbd498ed99f9aa4685bd8,MLP-H,mlp,high,1.0,strong,0.0,0.7,4,0.9503333333333334,0.7885333333333334,0.6886666666666666,0.1617999999999999,25601.0,0.85,1.0
d546bb9f8d909949fdb8794d816885ab606e8bd61287c8a8c0a13267dae24b0d,LR-L,logistic_regression,low,0.0,strong,0.0,0.7,5,0.9496666666666668,0.7517333333333334,0.6153333333333333,0.1979333333333333,4.249898102851223,0.2666666666666666,1.0
7600170a52150c82a521d413ddab7cdefb1d10b6017fd11e334cbefb1a20db95,LR-M,logistic_regression,medium,0.5,medium,0.5,0.7,5,0.9506666666666668,0.7964,0.6953333333333334,0.1542666666666666,4.914607000666876,0.6666666666666666,1.0
b46e24a35ebc7ac78af3576790f6998fbc2d78143b960ea4dba601f47b6641d2,LR-H,logistic_regression,high,1.0,weak,1.0,0.7,5,0.9506666666666668,0.7996000000000001,0.6996666666666667,0.1510666666666665,4.996604377394331,1.0,1.0
d9b65a888b07be2ed8dc5fefbdef51c1bef83755e86eb7988bb45d95f55f4a4d,SVM-L,rbf_svm,low,0.0,medium,0.5,0.7,5,0.949,0.7820666666666667,0.668,0.1669333333333332,2.2551011243044297,0.1666666666666666,1.0
d81be72d1872b60bae2a87b616fff6c1ba9280ce42f36926d40608b75ffbb0e2,SVM-M,rbf_svm,medium,0.5,weak,1.0,0.7,5,0.9523333333333334,0.7889333333333334,0.6846666666666666,0.1634,9.755245930261951,0.4666666666666667,1.0
47cbde09732731bcf1aad35e047df1c3f38cf280fc7143ff58168d07a472e87b,SVM-H,rbf_svm,high,1.0,strong,0.0,0.7,5,0.9496666666666668,0.7442666666666667,0.6106666666666667,0.2053999999999999,138.07164570624224,0.7666666666666667,1.0
f58a05c50f1fdb5155fb3ee17c7c69c5bd561b2beac37cc7d387beb9da226fcb,RF-L,random_forest,low,0.0,weak,1.0,0.7,5,0.915,0.5594666666666668,0.293,0.3555333333333332,3186.0,0.0333333333333333,1.0
b053b2827e85d0fa9548123a605f91210d15cbd629d6fa899bb3030b6456defe,RF-M,random_forest,medium,0.5,strong,0.0,0.7,5,0.9403333333333334,0.6787333333333333,0.477,0.2616,27380.0,0.6666666666666666,1.0
eea33ae8563dad399b6dd296a2e43f355e13a212b8c184091ec024180d548263,RF-H,random_forest,high,1.0,medium,0.5,0.7,5,0.945,0.7139333333333333,0.549,0.2310666666666666,71673.0,0.9666666666666668,1.0
3b6c803753272303cae599ef9cb6d838828d361cbd794f9d9790cb5cf0711821,HGB-L,gradient_boosting,low,0.0,strong,0.0,0.7,5,0.9466666666666668,0.7365333333333333,0.5853333333333334,0.2101333333333334,700.0,0.1833333333333333,1.0
4aa63d3e49047a8d14aee4c58b5cbee41c6e9d516cd54ed61f16c59eb6d3d954,HGB-M,gradient_boosting,medium,0.5,weak,1.0,0.7,5,0.946,0.7602666666666666,0.6376666666666667,0.1857333333333333,6200.0,0.5166666666666667,1.0
f7aa0af4ec3a67398002d9c38ca126f497924e82b9cf144e6e08fdb66eb93617,HGB-H,gradient_boosting,high,1.0,medium,0.5,0.7,5,0.943,0.7547333333333333,0.631,0.1882666666666667,18900.0,0.85,1.0
558a77523a0629a80ae8bbd8ca36d3158307441dc5dbd3eeea6eda0ac5a9dce8,MLP-L,mlp,low,0.0,weak,1.0,0.7,5,0.9516666666666668,0.7686,0.65,0.1830666666666667,113.0,0.1833333333333333,1.0
d2ded8be2b34868cb0d824a7953cdce6018cc169cb5d27dd157fc136d3029936,MLP-M,mlp,medium,0.5,medium,0.5,0.7,5,0.9496666666666668,0.7878666666666667,0.6776666666666666,0.1617999999999999,4609.0,0.5166666666666667,1.0
5ed99f2c81955bc636a915201ccf75d6eef7bddfda2671e376822c0ffcef014e,MLP-H,mlp,high,1.0,strong,0.0,0.7,5,0.9513333333333334,0.806,0.7153333333333334,0.1453333333333333,25601.0,0.85,1.0
6cd44a30466d568d3a13661ddece000793af6a83c5f99e820d07359a4376e7f1,LR-L,logistic_regression,low,0.0,strong,0.0,0.7,6,0.9543333333333334,0.7433333333333334,0.5986666666666667,0.2109999999999999,4.236784989589273,0.1333333333333333,1.0
6aa2a101dce6b192b04019f4b2372dc7fb527d80842a859d31af46d371227129,LR-M,logistic_regression,medium,0.5,medium,0.5,0.7,6,0.9543333333333334,0.7888666666666667,0.6766666666666666,0.1654666666666666,4.903444004741136,0.4666666666666667,1.0
27c741041d1d2b4574429aad3a10df306976202a7c878c86b9a549784a983ea1,LR-H,logistic_regression,high,1.0,weak,1.0,0.7,6,0.9536666666666668,0.7942666666666667,0.6886666666666666,0.1594,4.9959521102666,0.8,1.0
d55eafb33c6e4b1ab9c2f53b8fa54787345802f4c47694d3371da96ba5f5fc58,SVM-L,rbf_svm,low,0.0,medium,0.5,0.7,6,0.956,0.7701333333333332,0.6426666666666667,0.1858666666666667,2.3652188914598957,0.3,1.0
e2aa5e10e2cd340c957f9407a5383e4519d8c740b99d6eaa738899703eadb7ab,SVM-M,rbf_svm,medium,0.5,weak,1.0,0.7,6,0.955,0.7727999999999999,0.6536666666666666,0.1822,11.123449903490007,0.6666666666666666,1.0
99caac82c24f16a82afcec5a9f798a136394251bbfb2a31fc96007f187b56c36,SVM-H,rbf_svm,high,1.0,strong,0.0,0.7,6,0.9546666666666668,0.7386,0.592,0.2160666666666666,168.79632490402454,1.0,1.0
552244d9b091eebf13d9f3f1f968ca0c3115ff9785387dde54db4a75fb8f4eca,RF-L,random_forest,low,0.0,weak,1.0,0.7,6,0.92,0.5467333333333333,0.2733333333333333,0.3732666666666667,3195.0,0.1333333333333333,1.0
9dfdf41f8d3963666f530d628a642c1ae2c40f12511e1f97b5c07fcc4e913415,RF-M,random_forest,medium,0.5,strong,0.0,0.7,6,0.9463333333333334,0.6810666666666666,0.487,0.2652666666666667,25993.0,0.3666666666666666,1.0
265646e93c7320b138a024be19ac28928c89fabbffd5825229c0068e3cc22030,RF-H,random_forest,high,1.0,medium,0.5,0.7,6,0.951,0.7122,0.5443333333333333,0.2387999999999999,68561.0,0.8,1.0
555dae0f1749f54eb6497f0ee1a4dd837a574713a294a8aba05f2f32d9055503,HGB-L,gradient_boosting,low,0.0,strong,0.0,0.7,6,0.9493333333333334,0.7250666666666666,0.5593333333333333,0.2242666666666667,700.0,0.1833333333333333,1.0
897adc1931ee7231db37740a12ac1bd7a41c66ad61aa4dd0ddb3e3c7101745fe,HGB-M,gradient_boosting,medium,0.5,weak,1.0,0.7,6,0.9496666666666668,0.7342666666666668,0.6076666666666667,0.2153999999999998,6200.0,0.5166666666666667,1.0
11ad79df1b6c8bb44303f0798e297e8693bc1856f1ce8624c42807c25062026a,HGB-H,gradient_boosting,high,1.0,medium,0.5,0.7,6,0.9493333333333334,0.7272666666666667,0.605,0.2220666666666666,18900.0,0.85,1.0
c0c34629c4233ce2a34744bda51cc211fffe412574dbccab294dfb0e7886e1b9,MLP-L,mlp,low,0.0,weak,1.0,0.7,6,0.949,0.7348,0.5886666666666667,0.2141999999999999,113.0,0.1833333333333333,1.0
e5e6a256e62fafa491d5ba219173b62dff89d5c107af37f78ff5bfdab2ebefec,MLP-M,mlp,medium,0.5,medium,0.5,0.7,6,0.9553333333333334,0.7880666666666667,0.6723333333333333,0.1672666666666666,4609.0,0.5166666666666667,1.0
dca6229a6a75ce58d331622628165d1093ecb71faf22d4aabc4508d2516f0f5a,MLP-H,mlp,high,1.0,strong,0.0,0.7,6,0.9556666666666668,0.7964666666666667,0.6943333333333334,0.1592,25601.0,0.85,1.0
29e724b279e7b77cba7ba110f1b529e3f3771d2c974daf783d3c3db78154c612,LR-L,logistic_regression,low,0.0,strong,0.0,0.7,7,0.9563333333333334,0.7506666666666667,0.608,0.2056666666666666,4.2522274193165925,0.3,1.0
6045e067cba4cecc61346fcb5b6e8ae982efc0e2d4ee5246114dcfcdd6cc7820,LR-M,logistic_regression,medium,0.5,medium,0.5,0.7,7,0.957,0.7932,0.687,0.1637999999999999,4.905889297994467,0.5,1.0
d91d9731d3cc64cbb2d39c8f5014a383d1f9b08deabe079c4c41146dc1314013,LR-H,logistic_regression,high,1.0,weak,1.0,0.7,7,0.9576666666666668,0.7967333333333334,0.6923333333333334,0.1609333333333332,4.99607564222483,0.8333333333333334,1.0
83e8258d67d86797f81c19e9d196a0f4b41fcc8008c0e99a03f70b14b9994bbd,SVM-L,rbf_svm,low,0.0,medium,0.5,0.7,7,0.956,0.7797999999999999,0.6603333333333333,0.1762,2.3676100990051507,0.3333333333333333,1.0
e1a00190e14eb1192163bd283c3a5aaf60f0cc886ae321a11b162c4f6430c193,SVM-M,rbf_svm,medium,0.5,weak,1.0,0.7,7,0.9563333333333334,0.7759333333333333,0.663,0.1804000000000001,11.060475664347948,0.6333333333333333,1.0
28a2d4a588b156ff3f848eeb2561988a7dbbd9cde20fed3000a97c37eca3cf8c,SVM-H,rbf_svm,high,1.0,strong,0.0,0.7,7,0.9533333333333334,0.7444666666666667,0.6006666666666667,0.2088666666666666,163.30750594482797,0.9333333333333332,1.0
d3fcc833d133e49db08abc970ad19060216733a3199828797fc299891dae170c,RF-L,random_forest,low,0.0,weak,1.0,0.7,7,0.922,0.572,0.3093333333333333,0.3500000000000001,3198.0,0.2666666666666666,1.0
d0b2eed832d037db4d1e321791a6126889fd7e232730f99d6d7ef1f2925919f2,RF-M,random_forest,medium,0.5,strong,0.0,0.7,7,0.9496666666666668,0.6933333333333332,0.5006666666666667,0.2563333333333334,26560.0,0.5333333333333333,1.0
7329e3269cd77b4991578d79e31281a1c516b8c77bcd836e494519262da8287a,RF-H,random_forest,high,1.0,medium,0.5,0.7,7,0.95,0.7335333333333334,0.5693333333333334,0.2164666666666665,69258.0,0.8666666666666667,1.0
c2222aef12faade37241d2ce030a5aee3cec38a49a3d9a8ae787c8b5b91a4a57,HGB-L,gradient_boosting,low,0.0,strong,0.0,0.7,7,0.951,0.7489999999999999,0.6016666666666667,0.202,700.0,0.1833333333333333,1.0
4468ae01861eb5b7892598a0c6fcb3e0ed8721874eed3349e20937415f47feae,HGB-M,gradient_boosting,medium,0.5,weak,1.0,0.7,7,0.948,0.7674,0.648,0.1805999999999999,6200.0,0.5166666666666667,1.0
3c5c1cf82179a76a8dc2750f17deecc6cff942323807f9a406fb93f64125839b,HGB-H,gradient_boosting,high,1.0,medium,0.5,0.7,7,0.948,0.7671333333333334,0.6403333333333333,0.1808666666666665,18900.0,0.85,1.0
eb21d6817f821fcf364449dd765ae61b14a18f8956e4e49e4415949565618526,MLP-L,mlp,low,0.0,weak,1.0,0.7,7,0.9543333333333334,0.7612666666666668,0.6266666666666667,0.1930666666666666,113.0,0.1833333333333333,1.0
38534a25769524e33106e01ee9042a00eb592e9c541d1dfa0cb42a9788b3ebea,MLP-M,mlp,medium,0.5,medium,0.5,0.7,7,0.955,0.7717333333333334,0.6446666666666667,0.1832666666666665,4609.0,0.5166666666666667,1.0
79950f74f95eb0983927aaa27a20b177a909d6e514e5de41f585e6245bbcc7d5,MLP-H,mlp,high,1.0,strong,0.0,0.7,7,0.956,0.7909333333333334,0.6826666666666666,0.1650666666666665,25601.0,0.85,1.0
4c86008b98a5247998feb37d14e163ee582740e65349f4b76dc7d44b1c59d416,LR-L,logistic_regression,low,0.0,strong,0.0,0.7,8,0.958,0.7572000000000001,0.628,0.2007999999999998,4.252459028192178,0.3333333333333333,1.0
d3b56ce24643b0b41d84f5a6de4de6fa49d2bbd5d17cd9cca5a10f6630673309,LR-M,logistic_regression,medium,0.5,medium,0.5,0.7,8,0.96,0.7993333333333335,0.7036666666666667,0.1606666666666665,4.909646919018891,0.6,1.0
048c31c9df00f14da806de38f3eb33400315ba8ea9c874ba25fb09b70ed865f5,LR-H,logistic_regression,high,1.0,weak,1.0,0.7,8,0.9593333333333334,0.8030000000000002,0.711,0.1563333333333332,4.996276724732626,0.9333333333333332,1.0
d407ddbca8388d03a3ae3f5258878c44de75d77c235935eee3046bb253c194fd,SVM-L,rbf_svm,low,0.0,medium,0.5,0.7,8,0.961,0.7876000000000001,0.6803333333333333,0.1733999999999999,2.346874684385362,0.2666666666666666,1.0
5c3f518ae0276a538dd3aacd1d813372daa31c067969027bcf47fe52c23b2004,SVM-M,rbf_svm,medium,0.5,weak,1.0,0.7,8,0.9536666666666668,0.7954666666666667,0.7,0.1582,10.762528045938788,0.6,1.0
c819e5bfd821063532c2318df78f5d2c3f8571a3ab883fbe33f00c1da9d1caf5,SVM-H,rbf_svm,high,1.0,strong,0.0,0.7,8,0.957,0.7524666666666666,0.6213333333333333,0.2045333333333333,163.65917303068647,0.9666666666666668,1.0
49190cf34cf069141811f1011d2a445b4bfd712664c3baa9ad43a8609635f957,RF-L,random_forest,low,0.0,weak,1.0,0.7,8,0.9226666666666666,0.5771333333333333,0.3166666666666666,0.3455333333333333,3194.0,0.1,1.0
c0d498afa553b43fb66f2da14d1d7acfed396f237bb91895f6463669c027eeb8,RF-M,random_forest,medium,0.5,strong,0.0,0.7,8,0.9446666666666668,0.6926666666666667,0.4943333333333333,0.252,26846.0,0.6,1.0
1d9e86a3164f0adea1cdbd3961e72425ca97e53f8ec6f777e106d566bbd57dcd,RF-H,random_forest,high,1.0,medium,0.5,0.7,8,0.949,0.7391333333333333,0.5846666666666667,0.2098666666666666,70851.0,0.9333333333333332,1.0
188a59b25f432d2c4e85af3ded2d82fddb9a71276e50beeee5bdb3ee2123fa76,HGB-L,gradient_boosting,low,0.0,strong,0.0,0.7,8,0.954,0.7488,0.597,0.2051999999999999,700.0,0.1833333333333333,1.0
4848e333083bee3e5a3dc4f14910628c93cdbfad75a236cde524704da13fd986,HGB-M,gradient_boosting,medium,0.5,weak,1.0,0.7,8,0.9463333333333334,0.7651999999999999,0.6393333333333333,0.1811333333333334,6200.0,0.5166666666666667,1.0
67bb3dd2e3c7c364e156c25c6d6c4958932138aff708f3754457d3313ee5a7dc,HGB-H,gradient_boosting,high,1.0,medium,0.5,0.7,8,0.9463333333333334,0.767,0.6473333333333333,0.1793333333333333,18900.0,0.85,1.0
e71813e5aeeb9167fa848d48ad558d23186da4385608c81cd13d8f173d755784,MLP-L,mlp,low,0.0,weak,1.0,0.7,8,0.9526666666666668,0.7172000000000001,0.5593333333333333,0.2354666666666666,113.0,0.1833333333333333,1.0
ecd529f7bd7b22b78b476fdc07afe46a56474b4df421170bb39a911c6645b825,MLP-M,mlp,medium,0.5,medium,0.5,0.7,8,0.9563333333333334,0.7514000000000001,0.6166666666666667,0.2049333333333333,4609.0,0.5166666666666667,1.0
1cebf5c81022c31fbf987975a8066833f992d6fbac8369d32315e29c9086b60e,MLP-H,mlp,high,1.0,strong,0.0,0.7,8,0.9603333333333334,0.7903333333333334,0.689,0.1699999999999999,25601.0,0.85,1.0
a2e2c0f2b2f9d27590035c38eb34212074df31b3c10c592b0ffa475b01c530de,LR-L,logistic_regression,low,0.0,strong,0.0,0.7,9,0.9533333333333334,0.7413333333333334,0.5906666666666667,0.2119999999999999,4.235687560931897,0.1,1.0
8b50780f77a4dac1d448e7bd86d0d28ed2bf14dfb5e46f89d9e84d9d746b487c,LR-M,logistic_regression,medium,0.5,medium,0.5,0.7,9,0.958,0.7804,0.6636666666666666,0.1775999999999999,4.8986770562348125,0.4333333333333333,1.0
7e1d3801bd11937349320e2d6d6fde1b5e8cc0fb9b2200d01720294c153d6003,LR-H,logistic_regression,high,1.0,weak,1.0,0.7,9,0.958,0.7838,0.6703333333333333,0.1741999999999999,4.995723328468074,0.7666666666666667,1.0
76272bf4362dfd8c9af814f6856def870ed358a1169aed840c30f324b7accf69,SVM-L,rbf_svm,low,0.0,medium,0.5,0.7,9,0.9563333333333334,0.7659333333333332,0.6343333333333333,0.1904000000000001,2.227674355717392,0.0666666666666666,1.0
cd81c7daa0cc6cc5f41a4d49801e33a431e3ce7b48914c80d953bc74026a0f5b,SVM-M,rbf_svm,medium,0.5,weak,1.0,0.7,9,0.9546666666666668,0.7767333333333333,0.652,0.1779333333333334,9.754937294912692,0.4333333333333333,1.0
348e6e84b3459def1c6af3a3290405a31222a183aba23782015ec9137f344a2e,SVM-H,rbf_svm,high,1.0,strong,0.0,0.7,9,0.9513333333333334,0.7406,0.59,0.2107333333333333,144.37943804069707,0.8333333333333334,1.0
f2e6530986f2d5880055f631f614e8b9ec87f2a3b28c381024d5c51ab85545f0,RF-L,random_forest,low,0.0,weak,1.0,0.7,9,0.9153333333333332,0.5769333333333333,0.3023333333333333,0.3384,3196.0,0.1666666666666666,1.0
34e3c820a40a07577b611d929486d1e5f5f029a5be394654bde10bb171d00af9,RF-M,random_forest,medium,0.5,strong,0.0,0.7,9,0.942,0.6914666666666667,0.4913333333333333,0.2505333333333333,26276.0,0.4666666666666667,1.0
ef0d1a40b58d4fa8f55cb13b195a657dd3014d5bd911c3325aaf021827716acb,RF-H,random_forest,high,1.0,medium,0.5,0.7,9,0.9486666666666668,0.7237333333333333,0.5496666666666666,0.2249333333333333,68681.0,0.8333333333333334,1.0
140270a6f8d6aeb2bfd5f0a7464b4f95dd054636a75a0aebd83aa4b3d5d96d36,HGB-L,gradient_boosting,low,0.0,strong,0.0,0.7,9,0.9506666666666668,0.7326,0.562,0.2180666666666666,700.0,0.1833333333333333,1.0
2cac1d2a8c4f1a845ab2752dab9fa2ecc278182dcbdd2f67ca6b5767a3b3e9d7,HGB-M,gradient_boosting,medium,0.5,weak,1.0,0.7,9,0.9486666666666668,0.7539999999999999,0.6146666666666667,0.1946666666666667,6200.0,0.5166666666666667,1.0
2973ce220a553f902a66ff12ab89b26b74ff007652335c56f1f113601e94a97c,HGB-H,gradient_boosting,high,1.0,medium,0.5,0.7,9,0.9506666666666668,0.7527999999999999,0.613,0.1978666666666667,18900.0,0.85,1.0
7a5c9525a30273cb3fc7ca7362da0dd0e2d571dceffe28e2cbd52f7718653f39,MLP-L,mlp,low,0.0,weak,1.0,0.7,9,0.942,0.6696666666666666,0.4733333333333333,0.2723333333333333,113.0,0.1833333333333333,1.0
f4b8f6257708ac4ed8aea8069e2ae16db0fabf22de73a987288753710596bc38,MLP-M,mlp,medium,0.5,medium,0.5,0.7,9,0.9536666666666668,0.7515333333333334,0.614,0.2021333333333332,4609.0,0.5166666666666667,1.0
b474b2773fe4419518e494320bc255d9e1938363a48e6598b5029461a00e7175,MLP-H,mlp,high,1.0,strong,0.0,0.7,9,0.9553333333333334,0.7839333333333333,0.6713333333333333,0.1714000000000001,25601.0,0.85,1.0
6edc8574714650e68f9d776e0158c1426a12072569942a380e90d277122520ab,LR-L,logistic_regression,low,0.0,strong,0.0,0.9,0,0.993,0.5503333333333333,0.2343333333333333,0.4426666666666666,3.807574696523551,0.0666666666666666,1.0
23885eaccbdca8672c53033872b497afefd1670602298310ef76f00aefa54d48,LR-M,logistic_regression,medium,0.5,medium,0.5,0.9,0,0.9926666666666668,0.5531999999999999,0.239,0.4394666666666668,4.6188293032804335,0.4666666666666667,1.0
12e1e10750f6443df4ba57dd1d0342220f56c7a4eaca03c8c09c2911f9df77cd,LR-H,logistic_regression,high,1.0,weak,1.0,0.9,0,0.9923333333333332,0.5644,0.2553333333333333,0.4279333333333333,4.952191256694178,0.7666666666666667,1.0
b108e57c64fe55c310f07c6aa52f7067a707d1644060ae39668725b2f45f2c6e,SVM-L,rbf_svm,low,0.0,medium,0.5,0.9,0,0.993,0.5449999999999999,0.227,0.448,2.328894466237508,0.2333333333333333,1.0
c3f7cf1c73050a432357d7f61aa930d761b917ae298a7835c58a130f9388b024,SVM-M,rbf_svm,medium,0.5,weak,1.0,0.9,0,0.9913333333333332,0.5589333333333333,0.2556666666666666,0.4324,10.23485874286879,0.5666666666666667,1.0
9421d4bb569b5752652554b900d14310f1f833fe3e4f32d2a1c2f186a6ebc4f8,SVM-H,rbf_svm,high,1.0,strong,0.0,0.9,0,0.992,0.5606,0.258,0.4314,133.1825646165461,0.9,1.0
63d3be9a0e1c7de5250f70175f88c5d788c6aaf62b70c69e711f1a35a3695b8c,RF-L,random_forest,low,0.0,weak,1.0,0.9,0,0.9873333333333332,0.3841333333333333,0.034,0.6032,2983.0,0.0666666666666666,1.0
fe434513f0dcbafafc8021a2da4e45efad1385a5fb26e7fe4040e93d5d00b456,RF-M,random_forest,medium,0.5,strong,0.0,0.9,0,0.9876666666666668,0.3892,0.033,0.5984666666666667,8861.0,0.4666666666666667,1.0
da0a73f9c9ea19aacb56e17e428a971785241425ed51ce04c42968427934c466,RF-H,random_forest,high,1.0,medium,0.5,0.9,0,0.9886666666666668,0.4112000000000001,0.0466666666666666,0.5774666666666666,17385.0,0.7666666666666667,1.0
192827def4c056a6f63749c6f83917a1dad5f49a787b6fcc6cc8ce08b18b7859,HGB-L,gradient_boosting,low,0.0,strong,0.0,0.9,0,0.9916666666666668,0.4391333333333332,0.0733333333333333,0.5525333333333334,700.0,0.1833333333333333,1.0
9fadda0903414af7da9ce4c916788d371968b53df1898e657ed203b59614569c,HGB-M,gradient_boosting,medium,0.5,weak,1.0,0.9,0,0.9913333333333332,0.4557999999999998,0.0903333333333333,0.5355333333333334,5568.0,0.4333333333333333,1.0
9e36c5cecc1fc71cdf3c9b9e9236836df31029bbe514c45d9b18eb8579471d14,HGB-H,gradient_boosting,high,1.0,medium,0.5,0.9,0,0.99,0.4562666666666666,0.09,0.5337333333333334,8267.0,0.8,1.0
684de1e151a1dc4ca816d7084f253161e4118a537d73c8ae9294870fb31d11f9,MLP-L,mlp,low,0.0,weak,1.0,0.9,0,0.9916666666666668,0.6189333333333333,0.3533333333333333,0.3727333333333333,113.0,0.1833333333333333,1.0
a39038626060f45cf6902ca78e7a3fb59f4e145538802bc5ce142d55035389de,MLP-M,mlp,medium,0.5,medium,0.5,0.9,0,0.993,0.5441333333333334,0.2326666666666666,0.4488666666666666,4609.0,0.5166666666666667,1.0
b1d7d2b8a410ddd0b07d84e61661d4e609e3c55df026190907270e1119838e07,MLP-H,mlp,high,1.0,strong,0.0,0.9,0,0.991,0.5866666666666667,0.298,0.4043333333333333,25601.0,0.85,1.0
8479bf80f933b730e4e69d1fbd68cd55f6c7d6bbbf7542391b58dccd0e11a878,LR-L,logistic_regression,low,0.0,strong,0.0,0.9,1,0.992,0.54,0.235,0.4519999999999999,3.820998473324571,0.2333333333333333,1.0
46e7137a2514df0d95a3fa15f250240fd00f96cc82a2894f6eacb3e43c6a5f73,LR-M,logistic_regression,medium,0.5,medium,0.5,0.9,1,0.992,0.533,0.223,0.4589999999999999,4.64685879017875,0.6,1.0
a77de5a703d5534ead2d696824a272b4fa7d15ddacef439d602ba121d329548f,LR-H,logistic_regression,high,1.0,weak,1.0,0.9,1,0.9923333333333332,0.5338666666666667,0.2263333333333333,0.4584666666666666,4.964693452089505,0.9666666666666668,1.0
e0f9ecbb31e8e6c1aa649d7f79f440b9929a8e479f635074b38d857ed19d1041,SVM-L,rbf_svm,low,0.0,medium,0.5,0.9,1,0.991,0.5336000000000001,0.2223333333333333,0.4573999999999999,2.2515946741247057,0.1,1.0
5ca6b2d57bf7dd584b4858b290c44385fecc90d4516723964a0c7b11b31dafff,SVM-M,rbf_svm,medium,0.5,weak,1.0,0.9,1,0.9883333333333332,0.5332666666666667,0.2343333333333333,0.4550666666666666,9.28899536733269,0.4,1.0
2ea3f0321ed61f31e7ea92876f9bf43324ed37c4e3344d73aa6b85a242b002b3,SVM-H,rbf_svm,high,1.0,strong,0.0,0.9,1,0.9913333333333332,0.5636666666666666,0.282,0.4276666666666666,115.90049496354354,0.7333333333333333,1.0
39fafad354891efc9f1bd2b038632b5a4e05e8d26bacd1775ea7efcf48379c7c,RF-L,random_forest,low,0.0,weak,1.0,0.9,1,0.9856666666666668,0.3820666666666666,0.04,0.6036,3019.0,0.2666666666666666,1.0
f496a9da6b0fc8b3e1a0f7d71e94ca6235a8c174d440a91410e37f4124571d9f,RF-M,random_forest,medium,0.5,strong,0.0,0.9,1,0.9846666666666668,0.3861333333333333,0.04,0.5985333333333334,9013.0,0.5333333333333333,1.0
8eeaaace4e121a1a4bec39954de9312a766e1e1d470cb5e1e89d73d41e56e1c5,RF-H,random_forest,high,1.0,medium,0.5,0.9,1,0.9866666666666668,0.3996666666666666,0.0496666666666666,0.587,18316.0,0.9333333333333332,1.0
552df786f6d3b5a44f13b145eb35861739ec4d097c352ba734f1ef5644c4895a,HGB-L,gradient_boosting,low,0.0,strong,0.0,0.9,1,0.988,0.4246,0.0676666666666666,0.5633999999999999,700.0,0.1833333333333333,1.0
065b57e72bce9867cd3a4bae98da2d163a2b666cee0939b8954487ec55c6abd2,HGB-M,gradient_boosting,medium,0.5,weak,1.0,0.9,1,0.9866666666666668,0.4386000000000001,0.0906666666666666,0.5480666666666666,5744.0,0.5666666666666667,1.0
c7bd126d25ca13faf56f1aeffffb620507f8d13f392d40326a3cfa082a9d87eb,HGB-H,gradient_boosting,high,1.0,medium,0.5,0.9,1,0.9876666666666668,0.4358666666666667,0.0843333333333333,0.5518,8760.0,0.9,1.0
1d2b4866a75933b09536d3c2edcfd0ac0fde657b81f201510ab5b2aadc556deb,MLP-L,mlp,low,0.0,weak,1.0,0.9,1,0.99,0.6617333333333333,0.46,0.3282666666666667,113.0,0.1833333333333333,1.0
9e86aec2ed24247dfe0b105ffbb8d06f85026db55dbdd087a903a29c8a9a1fd3,MLP-M,mlp,medium,0.5,medium,0.5,0.9,1,0.9903333333333332,0.6419333333333334,0.424,0.3483999999999999,4609.0,0.5166666666666667,1.0
19903f6e0b6287227bd8ddb757a4071a3b181f832ddb8baea005fe0521773edf,MLP-H,mlp,high,1.0,strong,0.0,0.9,1,0.991,0.5408000000000001,0.2373333333333333,0.4501999999999999,25601.0,0.85,1.0
bf15004d2bea50bf8cb8575f51cf42c375b5461fc18b65bbc3509295970aba64,LR-L,logistic_regression,low,0.0,strong,0.0,0.9,2,0.995,0.5336000000000001,0.2256666666666666,0.4613999999999999,3.812108094795458,0.1666666666666666,1.0
f6e0057d82060730f19f21012f9f515b5eb5430659425c9de293d54cc67209dd,LR-M,logistic_regression,medium,0.5,medium,0.5,0.9,2,0.995,0.5296000000000001,0.2206666666666666,0.4653999999999999,4.599608217668618,0.3666666666666666,1.0
d1eb191f4a651c308ee15f1a25dd65471726b5b2854ce8f9f0a711528d07f83d,LR-H,logistic_regression,high,1.0,weak,1.0,0.9,2,0.9953333333333332,0.5317999999999999,0.2236666666666666,0.4635333333333333,4.953468793109877,0.8,1.0
1cd909deb9122787bc7c0c8c72faeb4011e355cdd96fefbf2c0c5c7058e38681,SVM-L,rbf_svm,low,0.0,medium,0.5,0.9,2,0.9943333333333332,0.5292666666666667,0.218,0.4650666666666666,2.2546059527484927,0.1333333333333333,1.0
7ea0c82b3db83528fbac13e1f7c7f8bd4f7ebf980a98b1d5e250f1fbc5f3f679,SVM-M,rbf_svm,medium,0.5,weak,1.0,0.9,2,0.9913333333333332,0.5338,0.2323333333333333,0.4575333333333332,9.49207949300246,0.4333333333333333,1.0
43691da7ffbb47b864c970e1172b84cde29aae489c7d182dd022345eb276a93d,SVM-H,rbf_svm,high,1.0,strong,0.0,0.9,2,0.9926666666666668,0.5506666666666666,0.264,0.442,118.0554240003818,0.7666666666666667,1.0
197b84704438486f6e148e18c1382301a6445ce1456accbb941d0fb4361f0701,RF-L,random_forest,low,0.0,weak,1.0,0.9,2,0.988,0.389,0.0443333333333333,0.599,3021.0,0.3,1.0
4cc0e5121310f4533a6dd008a1dc90fe06e1be60b3d7faec15049b5927c0499f,RF-M,random_forest,medium,0.5,strong,0.0,0.9,2,0.9886666666666668,0.3847999999999999,0.0386666666666666,0.6038666666666668,8210.0,0.3666666666666666,1.0
d1f2850c90154939339b0765c4338a25096bb8478ecfa39914e395a634006cfb,RF-H,random_forest,high,1.0,medium,0.5,0.9,2,0.9896666666666668,0.41,0.0643333333333333,0.5796666666666668,16335.0,0.7,1.0
ff2d69e7a77a4a74f06510a2cd31304c7d3e0f2104dcd794dd1db72e707b7704,HGB-L,gradient_boosting,low,0.0,strong,0.0,0.9,2,0.99,0.4267999999999999,0.0743333333333333,0.5632,700.0,0.1833333333333333,1.0
518e1abd75a4f515cb3747acca091104854676b811645536972bd7e303f322ea,HGB-M,gradient_boosting,medium,0.5,weak,1.0,0.9,2,0.9893333333333332,0.4381333333333333,0.0873333333333333,0.5511999999999999,5144.0,0.4,1.0
61aa22c57a517338a05c61295d8b708aa9a67199c2c243028487fbc8c17a08c0,HGB-H,gradient_boosting,high,1.0,medium,0.5,0.9,2,0.9896666666666668,0.4361333333333334,0.0853333333333333,0.5535333333333333,7579.0,0.7,1.0
5ad6bc88e1243f457b50e15479d85ccfc0677fe87d2b5dc285436d68faf55f91,MLP-L,mlp,low,0.0,weak,1.0,0.9,2,0.9926666666666668,0.6151333333333333,0.3673333333333333,0.3775333333333334,113.0,0.1833333333333333,1.0
78c53ea86ca541703817e88a5a69fd50a58368ee8b7ee88705ea0348e0a67340,MLP-M,mlp,medium,0.5,medium,0.5,0.9,2,0.9943333333333332,0.6056666666666667,0.356,0.3886666666666666,4609.0,0.5166666666666667,1.0
605451993a569bcd6d41401f94297ef7864c863accc8b534253731c22937deea,MLP-H,mlp,high,1.0,strong,0.0,0.9,2,0.9946666666666668,0.5578000000000001,0.2733333333333333,0.4368666666666666,25601.0,0.85,1.0
a82609f7efe8efcbaaf3e513e623cdfa66bfad3df0e38ee779e08c57e950aab9,LR-L,logistic_regression,low,0.0,strong,0.0,0.9,3,0.9923333333333332,0.5435333333333332,0.2473333333333333,0.4488000000000001,3.823818817663104,0.2666666666666666,1.0
ccc93f73df7cbcd66f3f4b0b5cad7c89f48e05cfd1bdf843b25da65963b720b7,LR-M,logistic_regression,medium,0.5,medium,0.5,0.9,3,0.9923333333333332,0.5472666666666667,0.2536666666666666,0.4450666666666666,4.6222963338026375,0.5333333333333333,1.0
42993dbc92d7aa409f7723e6cab045910d7440033429f04411a870e1cf8067b4,LR-H,logistic_regression,high,1.0,weak,1.0,0.9,3,0.9923333333333332,0.5532,0.2616666666666666,0.4391333333333332,4.959947269436905,0.9,1.0
4ef4e1f3b30e9a8c93944924bc868939dc47e4e0f0d804d6e5dd10a2fe60d566,SVM-L,rbf_svm,low,0.0,medium,0.5,0.9,3,0.993,0.5368666666666667,0.235,0.4561333333333333,2.2890067940289427,0.2,1.0
10001d2af887a6b9e2f5f66cc46433e07e9e1acb0ef3b23368772519c1f1e9b9,SVM-M,rbf_svm,medium,0.5,weak,1.0,0.9,3,0.9913333333333332,0.5556,0.2703333333333333,0.4357333333333333,9.981089583464469,0.5333333333333333,1.0
e811fcb48c4950782362b1d04f1415c8930ebcc12f0e9050332890ef407fb8c2,SVM-H,rbf_svm,high,1.0,strong,0.0,0.9,3,0.9926666666666668,0.5696666666666667,0.2933333333333333,0.423,130.7618366554779,0.8666666666666667,1.0
74d769eceeea69241e8abf7845c55d5c8e3981aa6957eca1846fedc3a535b87e,RF-L,random_forest,low,0.0,weak,1.0,0.9,3,0.9836666666666668,0.3799333333333333,0.0393333333333333,0.6037333333333333,3000.0,0.1333333333333333,1.0
2066b31edb378288587f8373623cf7ae31a2d49d0f336f7104b9b7f71c4d0373,RF-M,random_forest,medium,0.5,strong,0.0,0.9,3,0.9856666666666668,0.3791333333333334,0.0313333333333333,0.6065333333333334,8775.0,0.4333333333333333,1.0
c464be5ed550d759995ef1bccc0a9982fe3ac34bb7eab747a22844d4d9cf641e,RF-H,random_forest,high,1.0,medium,0.5,0.9,3,0.9866666666666668,0.4051999999999999,0.053,0.5814666666666668,17520.0,0.8333333333333334,1.0
b1a1e729317c5a5521d44f8aca6058006a29817fb0b5d7515a75f5ea4c67b01a,HGB-L,gradient_boosting,low,0.0,strong,0.0,0.9,3,0.9886666666666668,0.4284666666666666,0.075,0.5602,700.0,0.1833333333333333,1.0
8c0d1c671144f12756a2606f8c1744caaad77955f6bf3b70575a5fd0787922fb,HGB-M,gradient_boosting,medium,0.5,weak,1.0,0.9,3,0.989,0.4508,0.109,0.5382,5763.0,0.6,1.0
8b515f3e2cce4505a6f2b736ce386d8e88d4072bc1753098f76b10b269f9114b,HGB-H,gradient_boosting,high,1.0,medium,0.5,0.9,3,0.9886666666666668,0.4491333333333333,0.106,0.5395333333333334,8645.0,0.8666666666666667,1.0
ec2642b2327931582efe10f3c3362c712ee3c1c4b6c283472b982c377678702f,MLP-L,mlp,low,0.0,weak,1.0,0.9,3,0.9916666666666668,0.6588666666666667,0.4556666666666666,0.3328,113.0,0.1833333333333333,1.0
bbd6876870233729421fac2cd54d3ae37b7c290c0aee5fe2c1ed2654eb881263,MLP-M,mlp,medium,0.5,medium,0.5,0.9,3,0.992,0.5420666666666667,0.2453333333333333,0.4499333333333333,4609.0,0.5166666666666667,1.0
78216042169822ece75c5acab82d681b25d747a85fca59fa774825a9e6ceb437,MLP-H,mlp,high,1.0,strong,0.0,0.9,3,0.9906666666666668,0.5621333333333334,0.2823333333333333,0.4285333333333333,25601.0,0.85,1.0
fef95c73460a8bcc476b07ea78caec8adfbfa5b6bfa7487fbe4689d2b4feb5e1,LR-L,logistic_regression,low,0.0,strong,0.0,0.9,4,0.9946666666666668,0.5446666666666666,0.2503333333333333,0.45,3.800330042865602,0.0333333333333333,1.0
4faca3c6564ab50597783508f236e74cf6258934628e9d9a7040aff395fa9a89,LR-M,logistic_regression,medium,0.5,medium,0.5,0.9,4,0.9946666666666668,0.5449333333333334,0.253,0.4497333333333333,4.609362800171415,0.4,1.0
9dfe498cc239d8525fdd84a22a0e193f0689aedd070fc51416330346e4fddc29,LR-H,logistic_regression,high,1.0,weak,1.0,0.9,4,0.9946666666666668,0.5476666666666666,0.2586666666666666,0.447,4.934324726093111,0.7,1.0
db819d126d4350e028b6cda8f6bd16a221cf70a5f3a50d5f5d98887104b43ddd,SVM-L,rbf_svm,low,0.0,medium,0.5,0.9,4,0.9943333333333332,0.5439333333333334,0.25,0.4503999999999999,2.2123391904709098,0.0333333333333333,1.0
d8835ea679b3e1034d67efe30782b7c87f91c0b05c91e76cb5456533b10d2384,SVM-M,rbf_svm,medium,0.5,weak,1.0,0.9,4,0.9936666666666668,0.5451333333333334,0.2556666666666666,0.4485333333333333,9.101092349733726,0.3666666666666666,1.0
c5b8c8e8545cf8765054be9359d3263fd57bc56b957496db0df37fd9f1dffacc,SVM-H,rbf_svm,high,1.0,strong,0.0,0.9,4,0.995,0.5599333333333333,0.2846666666666667,0.4350666666666667,114.61608760025769,0.7,1.0
7384cdb30b4e7de93367cfda7cf7368db0b284c7bf6faa4a908bf1d1ef35a0b7,RF-L,random_forest,low,0.0,weak,1.0,0.9,4,0.9876666666666668,0.3770666666666666,0.032,0.6106,3007.0,0.2,1.0
8a78b120bbd543b340956bb493f76de8480785cf7cade8d65a9c647364942057,RF-M,random_forest,medium,0.5,strong,0.0,0.9,4,0.9886666666666668,0.3869333333333333,0.0346666666666666,0.6017333333333333,9126.0,0.5666666666666667,1.0
07108eacba20ac162d36c1c9363ba5f452cad2555e5483a73f748f401edeb24c,RF-H,random_forest,high,1.0,medium,0.5,0.9,4,0.989,0.408,0.0546666666666666,0.581,17722.0,0.8666666666666667,1.0
4f92f93de10cfb62db7eac74c57d08307c50f91dee83d9460228ac5dcf4d25a2,HGB-L,gradient_boosting,low,0.0,strong,0.0,0.9,4,0.991,0.4380666666666667,0.083,0.5529333333333333,700.0,0.1833333333333333,1.0
56d8f536e02d534ee75cedc8a48bef4c7ce8cc2049e4a3088fc90f16d41de4c3,HGB-M,gradient_boosting,medium,0.5,weak,1.0,0.9,4,0.992,0.4603333333333333,0.1156666666666666,0.5316666666666666,5596.0,0.4666666666666667,1.0
190a39ccec6ce6fee829557bc40efb25a959e4ef0411e07c8b38b7285f72968e,HGB-H,gradient_boosting,high,1.0,medium,0.5,0.9,4,0.9913333333333332,0.4590666666666666,0.1153333333333333,0.5322666666666667,8305.0,0.8333333333333334,1.0
7046a49096c4577935da8655ac87c85bc0196e946f0d17ca1bcc0e21cc6269d4,MLP-L,mlp,low,0.0,weak,1.0,0.9,4,0.991,0.5894666666666666,0.3433333333333333,0.4015333333333334,113.0,0.1833333333333333,1.0
98084051b122c44a29a38d2d492e611d57d5de68595644b3fe08e9f76ce1a3d1,MLP-M,mlp,medium,0.5,medium,0.5,0.9,4,0.993,0.6416,0.4286666666666666,0.3514,4609.0,0.5166666666666667,1.0
b08e11a57643734ea382ccd3227977cc9534d17c85154ab8b440ebee96dce807,MLP-H,mlp,high,1.0,strong,0.0,0.9,4,0.993,0.5797333333333333,0.317,0.4132666666666666,25601.0,0.85,1.0
0b04080997dd14d56c40ff96dedcb5f8c94b62fa256e9e2de240aaaa41f2beff,LR-L,logistic_regression,low,0.0,strong,0.0,0.9,5,0.993,0.5433333333333333,0.243,0.4496666666666666,3.810628086395032,0.1333333333333333,1.0
acfdb3dc2c4bffc2c7f9e53f5e5e42ab70bbb302b7728e7a90ef83d7597b5e19,LR-M,logistic_regression,medium,0.5,medium,0.5,0.9,5,0.9926666666666668,0.5465333333333333,0.2493333333333333,0.4461333333333334,4.647015249786497,0.6333333333333333,1.0
fe1d12ee7beed235de20dad0c9f14eae021b199f5bbee60c892525aead45b951,LR-H,logistic_regression,high,1.0,weak,1.0,0.9,5,0.993,0.5551333333333333,0.2626666666666666,0.4378666666666667,4.963908390056568,0.9333333333333332,1.0
742f591953f846f930ee55513853e0ff1beee928e0feeec5c8e3b8e0471136e1,SVM-L,rbf_svm,low,0.0,medium,0.5,0.9,5,0.993,0.5395333333333334,0.2373333333333333,0.4534666666666666,2.262396388023816,0.1666666666666666,1.0
625040e47b13e87cde96e4e5782963e2b634b60fa5ac457bfb186458da37e03f,SVM-M,rbf_svm,medium,0.5,weak,1.0,0.9,5,0.9923333333333332,0.5646666666666667,0.282,0.4276666666666666,9.54996328970869,0.4666666666666667,1.0
17b559efae7b15e50d30daa7c607a4bcfdc18b3c9b307a4286b1516425ab5cc3,SVM-H,rbf_svm,high,1.0,strong,0.0,0.9,5,0.9923333333333332,0.5551999999999999,0.2743333333333333,0.4371333333333334,120.20394345885288,0.8,1.0
60bbc15174bde60d85ffc61768ffc366ebd2b3c6986abfc482ccaa7173e2af7d,RF-L,random_forest,low,0.0,weak,1.0,0.9,5,0.985,0.3817333333333333,0.0353333333333333,0.6032666666666666,2913.0,0.0333333333333333,1.0
6fcee350b55cd02dc65aa0a8f58255691f3a77bb5daa47a0cf75eef70f251203,RF-M,random_forest,medium,0.5,strong,0.0,0.9,5,0.9856666666666668,0.3858,0.0363333333333333,0.5998666666666667,8898.0,0.5,1.0
080bc2e176e8f2daf907d8fa874e76332846778c1864507f7c0d0200588bec71,RF-H,random_forest,high,1.0,medium,0.5,0.9,5,0.988,0.4067333333333334,0.0526666666666666,0.5812666666666666,17798.0,0.9,1.0
15afd043e17be859bac803ff419b4f80126810d7ff65e3c5327532c7fc8c4a91,HGB-L,gradient_boosting,low,0.0,strong,0.0,0.9,5,0.9913333333333332,0.4263333333333333,0.0666666666666666,0.565,700.0,0.1833333333333333,1.0
d4ae3a5f27975b3a0d779b94f1dabb2c3fb75d00e5ca2f098092ea702248ad05,HGB-M,gradient_boosting,medium,0.5,weak,1.0,0.9,5,0.992,0.4491333333333334,0.0953333333333333,0.5428666666666666,5679.0,0.5333333333333333,1.0
f401fa2ee984854ef5b6c5e4721abf3ffa1a0ce843f97d8dd51a743e871fe790,HGB-H,gradient_boosting,high,1.0,medium,0.5,0.9,5,0.9916666666666668,0.4496,0.095,0.5420666666666667,8788.0,0.9333333333333332,1.0
98c55080e6b4d25c3671ff8517afc044c9897360df9d0432079f6684bdc0cf29,MLP-L,mlp,low,0.0,weak,1.0,0.9,5,0.9926666666666668,0.6216666666666667,0.379,0.371,113.0,0.1833333333333333,1.0
e06130d8f4009f29bb50b197e32d117da088ab8aeb656f03c828a6824c475b6b,MLP-M,mlp,medium,0.5,medium,0.5,0.9,5,0.9933333333333332,0.6098,0.364,0.3835333333333333,4609.0,0.5166666666666667,1.0
6c8f52be0d7fdd0767ebf54491835f75fb699f85dd91d0108e0e159f04467791,MLP-H,mlp,high,1.0,strong,0.0,0.9,5,0.9916666666666668,0.5898000000000001,0.3253333333333333,0.4018666666666666,25601.0,0.85,1.0
31e5207bf26a0921c687532e0a266c0116a4125d85498683c950475dc4e18e21,LR-L,logistic_regression,low,0.0,strong,0.0,0.9,6,0.9953333333333332,0.5494666666666668,0.2566666666666666,0.4458666666666665,3.8092593349426207,0.1,1.0
6365b01b7da91e54ebd72020ccb4aab138161b72037df4517925e5717320ba69,LR-M,logistic_regression,medium,0.5,medium,0.5,0.9,6,0.995,0.5551333333333334,0.2686666666666666,0.4398666666666666,4.619137818404754,0.5,1.0
98c01746593f734007a035daaca5a5449dfede52b9025eff20e178eebd0d3f6e,LR-H,logistic_regression,high,1.0,weak,1.0,0.9,6,0.995,0.5624666666666667,0.2803333333333333,0.4325333333333333,4.959704545469287,0.8666666666666667,1.0
fe8a872b8769e560671d6c12ce08de0a25b91ad6e8700ed64f2ce8ffa9cbb11d,SVM-L,rbf_svm,low,0.0,medium,0.5,0.9,6,0.9956666666666668,0.5486666666666666,0.2553333333333333,0.447,2.3622350521269584,0.3333333333333333,1.0
67c6e62c3420531923908009ffdf7373282df70f8d12ae0599caf958feedddf8,SVM-M,rbf_svm,medium,0.5,weak,1.0,0.9,6,0.9946666666666668,0.5620666666666667,0.2813333333333333,0.4326,10.638208245057667,0.6666666666666666,1.0
796f0cf5c44ebe7c65ef288817a1f7771cb240b795837696e46ee9f32a410d0e,SVM-H,rbf_svm,high,1.0,strong,0.0,0.9,6,0.9936666666666668,0.5643333333333332,0.2873333333333333,0.4293333333333334,141.0561129925566,1.0,1.0
f03eeebef443044ec64ac88c630ac9bb025a6b1a8bd6375cd83e9a7652fdeb5b,RF-L,random_forest,low,0.0,weak,1.0,0.9,6,0.9896666666666668,0.3807333333333332,0.035,0.6089333333333334,2986.0,0.1,1.0
5871b917309a1cf2c9114e12247f2c9e093505f6d9a6dd4bd82ca4274d20ca0d,RF-M,random_forest,medium,0.5,strong,0.0,0.9,6,0.99,0.3906666666666666,0.0413333333333333,0.5993333333333334,8649.0,0.4,1.0
9e12475b8d2a13cbc5751f0c2317dcf70a1ede9785aa22d8b8272ae85cab6276,RF-H,random_forest,high,1.0,medium,0.5,0.9,6,0.993,0.4097333333333333,0.053,0.5832666666666666,17422.0,0.8,1.0
f21999d1221deda101c6054248934f355a03750dbc14cc330f8404f2395444cc,HGB-L,gradient_boosting,low,0.0,strong,0.0,0.9,6,0.992,0.4316666666666667,0.0706666666666666,0.5603333333333332,700.0,0.1833333333333333,1.0
8b053f06790a8561d8bf66857e9efed27a48e4496f136d4a2d8254b795beb56e,HGB-M,gradient_boosting,medium,0.5,weak,1.0,0.9,6,0.9923333333333332,0.4393333333333334,0.0786666666666666,0.5529999999999998,4997.0,0.3666666666666666,1.0
8a4eb0972c67553f2fd42d302b151325095a7fc5d59d985ba6d365ab82c49f3f,HGB-H,gradient_boosting,high,1.0,medium,0.5,0.9,6,0.9923333333333332,0.4390666666666666,0.0773333333333333,0.5532666666666667,7787.0,0.7333333333333333,1.0
0aa564d5727035bcc48bad949c71fdd8388e2e8aabb7950bd7a97a90f2b7d806,MLP-L,mlp,low,0.0,weak,1.0,0.9,6,0.991,0.6800666666666667,0.4786666666666667,0.3109333333333333,113.0,0.1833333333333333,1.0
97fc940352287626c6b2afa6f78c7bbcd9563eab0a7117100ad8b1ab531184b4,MLP-M,mlp,medium,0.5,medium,0.5,0.9,6,0.995,0.6002000000000001,0.3496666666666667,0.3947999999999999,4609.0,0.5166666666666667,1.0
e949b687d2799c66fe1251de5f72a3a6ea540ed36fdc5416aa6dbaca575b735c,MLP-H,mlp,high,1.0,strong,0.0,0.9,6,0.9956666666666668,0.5895333333333334,0.3323333333333333,0.4061333333333333,25601.0,0.85,1.0
426f65e1bf95138ed8f37989ef588a6fb43cc1f292645b21b07dcd9d54103d83,LR-L,logistic_regression,low,0.0,strong,0.0,0.9,7,0.996,0.5519333333333333,0.2556666666666666,0.4440666666666667,3.827330088661798,0.3333333333333333,1.0
7b15faf0bcf12f0a6afa204a1d99533815944ec62f87d58a47272a3b48d8b368,LR-M,logistic_regression,medium,0.5,medium,0.5,0.9,7,0.9956666666666668,0.5647333333333334,0.28,0.4309333333333333,4.652941964291118,0.6666666666666666,1.0
c55b0ec14f9b1efd8cab249b56dd7dcfaa0003c7b8ac69d6cd1cbe9ac9a61e51,LR-H,logistic_regression,high,1.0,weak,1.0,0.9,7,0.9953333333333332,0.5736666666666667,0.299,0.4216666666666666,4.969157127960285,1.0,1.0
80cd34d306769edd486ebbd4b703b2e80dec07e29bea915f226f7f313d8e038b,SVM-L,rbf_svm,low,0.0,medium,0.5,0.9,7,0.9956666666666668,0.5584666666666667,0.2693333333333333,0.4372,2.356827456921807,0.3,1.0
774c5a88fdb54117e3a3124d700adc818cc0b1811c973e58aac055a41510eebc,SVM-M,rbf_svm,medium,0.5,weak,1.0,0.9,7,0.994,0.5486,0.2616666666666666,0.4454,10.510398494586337,0.6333333333333333,1.0
0ba4dcd5ef0d586d3660f9db71a7cfb2fccc9b7b5745f9c47662db3924564444,SVM-H,rbf_svm,high,1.0,strong,0.0,0.9,7,0.9953333333333332,0.5684666666666667,0.2853333333333333,0.4268666666666666,137.54876109674467,0.9333333333333332,1.0
f8f0be2e210d6c8c225dc28560af0d7f52c64175e224ce2ee720abb1bdd9da15,RF-L,random_forest,low,0.0,weak,1.0,0.9,7,0.9886666666666668,0.3809333333333333,0.0403333333333333,0.6077333333333335,3004.0,0.1666666666666666,1.0
9e01e500b1c661fa49e381b5c6ab2673a858aa0c370a155e7a1bd107f49b027b,RF-M,random_forest,medium,0.5,strong,0.0,0.9,7,0.9903333333333332,0.3889333333333333,0.0453333333333333,0.6013999999999999,9735.0,0.6666666666666666,1.0
91b364dc078cc5a3f8de3b6690659e6433e1ad2e01790c3520a469cc2ed6b7b6,RF-H,random_forest,high,1.0,medium,0.5,0.9,7,0.9916666666666668,0.4145333333333333,0.0633333333333333,0.5771333333333334,19804.0,1.0,1.0
fdb6ed7d86b336e26c9034304af315ea403c395a6745fed416a01d8affae4845,HGB-L,gradient_boosting,low,0.0,strong,0.0,0.9,7,0.9923333333333332,0.4486,0.0946666666666666,0.5437333333333333,700.0,0.1833333333333333,1.0
ec0a212dcd0c35b76ec8f7e30bd4c7f838d98177d528054e8c536074db5c5ae6,HGB-M,gradient_boosting,medium,0.5,weak,1.0,0.9,7,0.9923333333333332,0.4559333333333333,0.101,0.5364,6011.0,0.6666666666666666,1.0
02f7b4bc7f21e552133fc26bed6390446f5033c6b2e08b86d69d1b20c64e1025,HGB-H,gradient_boosting,high,1.0,medium,0.5,0.9,7,0.9926666666666668,0.4529333333333333,0.1,0.5397333333333334,9340.0,1.0,1.0
84f130b3f4546fe5be0ed2a33be6abd7504880b2426abbb5bb07eeb0402c4f3c,MLP-L,mlp,low,0.0,weak,1.0,0.9,7,0.9896666666666668,0.6353333333333333,0.414,0.3543333333333334,113.0,0.1833333333333333,1.0
712bde2bcee8551ecf76114dc150a5b3ded4024610ca8fa7be54ef0606f5178f,MLP-M,mlp,medium,0.5,medium,0.5,0.9,7,0.994,0.6010666666666667,0.35,0.3929333333333332,4609.0,0.5166666666666667,1.0
cb69649b362b97eaa91b7b597d69863d851ace718c07d8febb63a8b4194b7af7,MLP-H,mlp,high,1.0,strong,0.0,0.9,7,0.996,0.5583333333333333,0.2673333333333333,0.4376666666666666,25601.0,0.85,1.0
e152543514ef647db0ae69ed3fdf8c619ad8547f3b6a62b62a851fe74f638350,LR-L,logistic_regression,low,0.0,strong,0.0,0.9,8,0.9946666666666668,0.5490666666666667,0.2693333333333333,0.4456,3.825375783682944,0.3,1.0
d606b32c728835725e5429059bec46778bf6c6e5189a9e28da4941a50791cf7f,LR-M,logistic_regression,medium,0.5,medium,0.5,0.9,8,0.9946666666666668,0.5644,0.2923333333333333,0.4302666666666667,4.635559860817851,0.5666666666666667,1.0
13d7fa8814093e944f4b5b8032a729bec75d746dc188a3f9dc5c441b6a7aa402,LR-H,logistic_regression,high,1.0,weak,1.0,0.9,8,0.9953333333333332,0.5732,0.311,0.4221333333333332,4.957952429675554,0.8333333333333334,1.0
39ee25a101f95689e3d6d892755c580edfa81e949a3c2319053ffae5125e9cc7,SVM-L,rbf_svm,low,0.0,medium,0.5,0.9,8,0.995,0.5427333333333333,0.2566666666666666,0.4522666666666667,2.3385370419581237,0.2666666666666666,1.0
b9d42fee44eff3de8c60ac776e9679c505fb2f6b56a5f099603ca6c4e1a9f389,SVM-M,rbf_svm,medium,0.5,weak,1.0,0.9,8,0.9943333333333332,0.5762,0.318,0.4181333333333332,10.302935845653993,0.6,1.0
ad74c7bc6ad84effa18693590508376834dc7a5da99f8fa38aa7f1c9b90d9959,SVM-H,rbf_svm,high,1.0,strong,0.0,0.9,8,0.9963333333333332,0.5651333333333334,0.2986666666666667,0.4311999999999999,137.91144177583578,0.9666666666666668,1.0
139fa9b8a54eb2ed23b53d335527c7f5e5977366d59ba790d3cb005c97d7916a,RF-L,random_forest,low,0.0,weak,1.0,0.9,8,0.9906666666666668,0.376,0.038,0.6146666666666667,3008.0,0.2333333333333333,1.0
564aa9787a126bba210a1c996a1d10a3fe11911bd65cfc3e4ac377eaffa7ef02,RF-M,random_forest,medium,0.5,strong,0.0,0.9,8,0.9916666666666668,0.3844666666666666,0.0426666666666666,0.6072000000000001,9549.0,0.6333333333333333,1.0
3a5bca5a5fbb2fe4134e730f6fc16584ba3f468bd589dafd71f00f0384fd3a15,RF-H,random_forest,high,1.0,medium,0.5,0.9,8,0.994,0.4115333333333333,0.0663333333333333,0.5824666666666667,18887.0,0.9666666666666668,1.0
04a2aa38c25336eedcebd0d03b3d9525575f280881ec9b80203fe29329aa532c,HGB-L,gradient_boosting,low,0.0,strong,0.0,0.9,8,0.9933333333333332,0.4446666666666666,0.098,0.5486666666666666,700.0,0.1833333333333333,1.0
dc9b933b9956dc15ef564699339ae4b7e82b63e737fa040196a3a5aca381ac39,HGB-M,gradient_boosting,medium,0.5,weak,1.0,0.9,8,0.9933333333333332,0.4575333333333333,0.116,0.5358,5831.0,0.6333333333333333,1.0
55f021ef14bbde11d43d4aa1a08b8f5cf79a20fc4d52a9b98d81319a0cbbe355,HGB-H,gradient_boosting,high,1.0,medium,0.5,0.9,8,0.9936666666666668,0.4564000000000001,0.115,0.5372666666666666,8972.0,0.9666666666666668,1.0
ac7d93e321bea520b711a56b1e986af53acdbd4cabf9b9f88635d6ba3ae53485,MLP-L,mlp,low,0.0,weak,1.0,0.9,8,0.9943333333333332,0.6094666666666668,0.3733333333333333,0.3848666666666664,113.0,0.1833333333333333,1.0
87a0c4cbd9ef6e7e8127c19cba29828787644ff3fedb6cbde7738b7c2a94dca0,MLP-M,mlp,medium,0.5,medium,0.5,0.9,8,0.995,0.5731333333333334,0.3053333333333333,0.4218666666666666,4609.0,0.5166666666666667,1.0
526a62ea977aa320e3a14afb254fbbaeb4aff41888212be777bde6125ad0d888,MLP-H,mlp,high,1.0,strong,0.0,0.9,8,0.9943333333333332,0.5704666666666667,0.3053333333333333,0.4238666666666666,25601.0,0.85,1.0
f6a19d26c07e442961e8c8e5261045ec240f73ebcc240c31690fe84fbaffff1c,LR-L,logistic_regression,low,0.0,strong,0.0,0.9,9,0.993,0.546,0.2376666666666666,0.4469999999999999,3.813590206916591,0.2,1.0
d820a39eff21a0a7d897aee727745b9b8bc607fbb25c97a4fa4216246fe607a6,LR-M,logistic_regression,medium,0.5,medium,0.5,0.9,9,0.994,0.5546,0.2563333333333333,0.4394,4.61093559729476,0.4333333333333333,1.0
a322b3a37870f88f5658235f5c44b1711c6993b2e8f4f13d4b935d32cb811496,LR-H,logistic_regression,high,1.0,weak,1.0,0.9,9,0.9943333333333332,0.5650000000000001,0.272,0.4293333333333332,4.94082631913086,0.7333333333333333,1.0
196d66b7aec15e4e4996660a436d4adff5f803473ef3fbc690cf8d765eaee6f7,SVM-L,rbf_svm,low,0.0,medium,0.5,0.9,9,0.9933333333333332,0.5494,0.244,0.4439333333333333,2.2368409850775475,0.0666666666666666,1.0
cbe9c15e88421cfbe91784aac344837faafbee8d7c764e93644a126735550d82,SVM-M,rbf_svm,medium,0.5,weak,1.0,0.9,9,0.9923333333333332,0.5660000000000001,0.277,0.4263333333333332,9.561222152887266,0.5,1.0
2b212c137b80077e8a58eb80fa5c365e41b6b92123636dfc0422b5c1d2b473ed,SVM-H,rbf_svm,high,1.0,strong,0.0,0.9,9,0.9946666666666668,0.5662666666666667,0.2806666666666667,0.4284,124.84142798426178,0.8333333333333334,1.0
aab14f58e48446d39f88fed594ae128c7e124ae94cce399699d2727c27daefc0,RF-L,random_forest,low,0.0,weak,1.0,0.9,9,0.989,0.3854666666666667,0.0376666666666666,0.6035333333333333,3025.0,0.3333333333333333,1.0
ed798b456df3bbd6a8f6d2fb552790434c36785701aade780ce93e8b3dc0ab4a,RF-M,random_forest,medium,0.5,strong,0.0,0.9,9,0.9906666666666668,0.3940666666666666,0.041,0.5966,9320.0,0.6,1.0
f308ecf4939e93ccc1d67e6250aec892e0fd396ed872ae18b7bb9192ef757eea,RF-H,random_forest,high,1.0,medium,0.5,0.9,9,0.991,0.4105333333333333,0.0523333333333333,0.5804666666666667,17259.0,0.7333333333333333,1.0
5d4651d5c47a5eefce1d69a54a0eb2d63c024ed95abe22dffddd76b48965bf3d,HGB-L,gradient_boosting,low,0.0,strong,0.0,0.9,9,0.9913333333333332,0.4395333333333334,0.075,0.5517999999999998,700.0,0.1833333333333333,1.0
11214deb54908c4cf88f41d62dea77d4730da3f29ed65166bf50e12f28eeb235,HGB-M,gradient_boosting,medium,0.5,weak,1.0,0.9,9,0.992,0.4488666666666666,0.088,0.5431333333333334,5665.0,0.5,1.0
e9c08593824482f4f98518098f0b58ded7e45a910fbfaaea0e6cdf2e9b4d2a4f,HGB-H,gradient_boosting,high,1.0,medium,0.5,0.9,9,0.9926666666666668,0.4489999999999999,0.0863333333333333,0.5436666666666667,8124.0,0.7666666666666667,1.0
59b84884ed81333ed6d3f1434eff7e78e1ddd2e4950d7f3a94c93defa229a9c2,MLP-L,mlp,low,0.0,weak,1.0,0.9,9,0.9833333333333332,0.6417333333333334,0.4286666666666666,0.3415999999999999,113.0,0.1833333333333333,1.0
f368f988d895ed68add25328df98c698a170add7d9ff3426451f60e5b20d515c,MLP-M,mlp,medium,0.5,medium,0.5,0.9,9,0.9946666666666668,0.5788,0.293,0.4158666666666667,4609.0,0.5166666666666667,1.0
e13e18294372e46e126590ecd6643f3dfc01be9ea2e4c339d299fb97c4a73958,MLP-H,mlp,high,1.0,strong,0.0,0.9,9,0.994,0.5904,0.314,0.4035999999999999,25601.0,0.85,1.0
