rho_train,replicate,model,feature_condition,environment_type,rho_environment,rho_ood,accuracy,balanced_accuracy,roc_auc,brier_score,log_loss
0.0,0,logistic_regression,all_features,iid_validation,0.0,,0.91,0.9099891086821505,0.9758420768913039,0.0627503339137699,0.19819368405458143
0.0,0,logistic_regression,all_features,iid_test,0.0,,0.9186666666666666,0.918667819330601,0.9788037909836067,0.0581370881199068,0.18728779993928327
0.0,0,logistic_regression,all_features,ood,0.3,0.3,0.905,0.9049233155019349,0.9744101944855451,0.06485263723680829,0.20430276045370385
0.0,0,logistic_regression,all_features,ood,-0.3,-0.3,0.9146666666666666,0.9146620773828281,0.9771209918400057,0.06056156227807614,0.1937373195050835
0.0,0,logistic_regression,all_features,ood,-0.6,-0.6,0.9156666666666666,0.9154603876105534,0.975765444552974,0.06256369766112671,0.19856804908681178
0.0,0,logistic_regression,all_features,ood,-0.9,-0.9,0.907,0.9071315785262253,0.9753973743685308,0.06317451578971271,0.20085819773559357
0.0,0,logistic_regression,stable_only,iid_validation,0.0,,0.9105,0.9104836685238914,0.9758490777384063,0.06272158751927075,0.1981569536925097
0.0,0,logistic_regression,stable_only,iid_test,0.0,,0.9183333333333333,0.9183262892759563,0.9787820006545992,0.05816497968916513,0.18732683347998574
0.0,0,logistic_regression,stable_only,ood,0.3,0.3,0.9046666666666666,0.904571192806738,0.974275036279308,0.065013056331461,0.20479980270792497
0.0,0,logistic_regression,stable_only,ood,-0.3,-0.3,0.915,0.9150027623707764,0.9772565546858297,0.06036993143806986,0.19320730383846482
0.0,0,logistic_regression,stable_only,ood,-0.6,-0.6,0.9156666666666666,0.9154790689233693,0.9759656014760016,0.062265213470211696,0.197700650341379
0.0,0,logistic_regression,stable_only,ood,-0.9,-0.9,0.907,0.9071315785262253,0.9757632308461021,0.06268247496627043,0.19942297042951615
0.0,0,rbf_svm,all_features,iid_validation,0.0,,0.9075,0.9075273108046074,0.9727737056183798,0.06567690127729264,0.2127188295121428
0.0,0,rbf_svm,all_features,iid_test,0.0,,0.9166666666666666,0.9166826758879781,0.9754663130407558,0.06170803619750124,0.2011172610254204
0.0,0,rbf_svm,all_features,ood,0.3,0.3,0.9036666666666666,0.9035521710676075,0.9706826734293194,0.06871875822952934,0.2201936902668695
0.0,0,rbf_svm,all_features,ood,-0.3,-0.3,0.912,0.9119952673010415,0.973854149489817,0.06425407783280172,0.20740940913586742
0.0,0,rbf_svm,all_features,ood,-0.6,-0.6,0.9106666666666666,0.9105405304425336,0.9722920547487008,0.06639404836414947,0.2138332016370125
0.0,0,rbf_svm,all_features,ood,-0.9,-0.9,0.902,0.9020767133907917,0.9722887056593505,0.06790176551362917,0.21461612298962898
0.0,0,rbf_svm,stable_only,iid_validation,0.0,,0.906,0.9059996259547405,0.9730807427698752,0.06587767224728751,0.21298902059789665
0.0,0,rbf_svm,stable_only,iid_test,0.0,,0.9166666666666666,0.9165546021174864,0.9766927972734516,0.05971049450471649,0.19673463960981188
0.0,0,rbf_svm,stable_only,ood,0.3,0.3,0.903,0.9028354768950604,0.9720106917254724,0.0678463186004229,0.2171791964723749
0.0,0,rbf_svm,stable_only,ood,-0.3,-0.3,0.913,0.9129635415949036,0.9751497747212183,0.06215856325299347,0.20371943041870888
0.0,0,rbf_svm,stable_only,ood,-0.6,-0.6,0.9143333333333333,0.9141260081237024,0.974224236245661,0.06352208175740948,0.20756127264989618
0.0,0,rbf_svm,stable_only,ood,-0.9,-0.9,0.907,0.9071120187631472,0.9738001418971902,0.06517125421169048,0.21081009887058136
0.0,0,random_forest,all_features,iid_validation,0.0,,0.9045,0.9045489504230011,0.9694758065725954,0.06947646752359057,0.22846707475237005
0.0,0,random_forest,all_features,iid_test,0.0,,0.911,0.9108926741803278,0.9724659181466302,0.06590962844019031,0.22043582519570964
0.0,0,random_forest,all_features,ood,0.3,0.3,0.8966666666666666,0.8964812628044616,0.9667695321391988,0.07249533977348206,0.2391269172168613
0.0,0,random_forest,all_features,ood,-0.3,-0.3,0.9086666666666666,0.9086470872433584,0.9694548017915632,0.06856196325661121,0.23923298715150826
0.0,0,random_forest,all_features,ood,-0.6,-0.6,0.9043333333333333,0.9041368432851355,0.9688340103085263,0.06963613215101895,0.23005641418459197
0.0,0,random_forest,all_features,ood,-0.9,-0.9,0.8976666666666666,0.8977179980049041,0.9683483024792889,0.07162942965309829,0.23311158623315806
0.0,0,random_forest,stable_only,iid_validation,0.0,,0.9075,0.9075603147980905,0.9699478636915067,0.06857020161681406,0.2254560022683147
0.0,0,random_forest,stable_only,iid_test,0.0,,0.9073333333333333,0.9072959357923497,0.9722844803051002,0.06625978540521724,0.21910304502350145
0.0,0,random_forest,stable_only,ood,0.3,0.3,0.8963333333333333,0.8961913840200318,0.9664205216395402,0.0725486709872906,0.23786863015268955
0.0,0,random_forest,stable_only,ood,-0.3,-0.3,0.911,0.91098299064083,0.9702790683410085,0.06729026658160478,0.2240492091027654
0.0,0,random_forest,stable_only,ood,-0.6,-0.6,0.907,0.9068242835716536,0.9700058178945625,0.06825909621769816,0.22468375160204823
0.0,0,random_forest,stable_only,ood,-0.9,-0.9,0.9033333333333333,0.9033907738375722,0.969044452228835,0.06998307728363691,0.22903835178167764
0.0,0,gradient_boosting,all_features,iid_validation,0.0,,0.8965,0.896547982305859,0.9695623170403619,0.07422436066650684,0.24358162592173624
0.0,0,gradient_boosting,all_features,iid_test,0.0,,0.908,0.907898949795082,0.9721835332707195,0.06865691001417117,0.22450856848598985
0.0,0,gradient_boosting,all_features,ood,0.3,0.3,0.8946666666666667,0.8946175022763487,0.9662006672547235,0.07714711765086268,0.25267865317056837
0.0,0,gradient_boosting,all_features,ood,-0.3,-0.3,0.8983333333333333,0.8983156427523435,0.9698410447850749,0.07265101927884514,0.2374713516230122
0.0,0,gradient_boosting,all_features,ood,-0.6,-0.6,0.9003333333333333,0.9001710674502144,0.9686078329855051,0.07468323124581071,0.2477284607582037
0.0,0,gradient_boosting,all_features,ood,-0.9,-0.9,0.8926666666666667,0.8927022523956264,0.9656041566274701,0.07935935427736865,0.26174128664303664
0.0,0,gradient_boosting,stable_only,iid_validation,0.0,,0.8975,0.8975591046516629,0.9686782100634177,0.07411917776499125,0.24181965341183542
0.0,0,gradient_boosting,stable_only,iid_test,0.0,,0.908,0.9078028944672132,0.9719551795167349,0.06931079064338379,0.22431594804231486
0.0,0,gradient_boosting,stable_only,ood,0.3,0.3,0.8946666666666667,0.8946175022763487,0.965145188367858,0.07823963414753803,0.25612634271683193
0.0,0,gradient_boosting,stable_only,ood,-0.3,-0.3,0.9056666666666666,0.905683594539973,0.9700841689708647,0.07126945872237267,0.23465514604113452
0.0,0,gradient_boosting,stable_only,ood,-0.6,-0.6,0.9033333333333333,0.9033508937673803,0.96946383742632,0.0726516749854397,0.24051094069076384
0.0,0,gradient_boosting,stable_only,ood,-0.9,-0.9,0.898,0.8980562929981383,0.9666606061037131,0.076979698447646,0.2541338368843632
0.0,0,mlp,all_features,iid_validation,0.0,,0.905,0.9048564876350038,0.9749299665259497,0.06406005880328364,0.2035431899162825
0.0,0,mlp,all_features,iid_test,0.0,,0.9186666666666666,0.9184276810109289,0.978240355333561,0.0586516521800321,0.19012148446485116
0.0,0,mlp,all_features,ood,0.3,0.3,0.9,0.8996788214204416,0.9731399741065332,0.0669908669872994,0.21088831671903502
0.0,0,mlp,all_features,ood,-0.3,-0.3,0.914,0.913951372496032,0.9768071971870487,0.06121248814392001,0.19624268213861717
0.0,0,mlp,all_features,ood,-0.6,-0.6,0.9133333333333333,0.9128356631599174,0.9757205204435834,0.06257759756174054,0.20020634485371552
0.0,0,mlp,all_features,ood,-0.9,-0.9,0.9063333333333333,0.9065723471182245,0.9752440080443971,0.0639589557157473,0.2029586530052182
0.0,0,mlp,stable_only,iid_validation,0.0,,0.9045,0.9046369610722897,0.9742078791533775,0.08673424571228125,0.3078876442095699
0.0,0,mlp,stable_only,iid_test,0.0,,0.9173333333333333,0.9174297728825137,0.9777467376764571,0.08536350657209886,0.30640203171072494
0.0,0,mlp,stable_only,ood,0.3,0.3,0.904,0.9040038840200318,0.9736703811461416,0.08855827280342275,0.3133753240857779
0.0,0,mlp,stable_only,ood,-0.3,-0.3,0.9113333333333333,0.9113774562987609,0.9758578127979326,0.08590228517075128,0.3063681692127637
0.0,0,mlp,stable_only,ood,-0.6,-0.6,0.9106666666666666,0.9107460248835086,0.9744724308302154,0.08541454938932293,0.303846867989039
0.0,0,mlp,stable_only,ood,-0.9,-0.9,0.9043333333333333,0.9043469795280407,0.9750204043892109,0.08603985608510656,0.3065352771574802
0.0,1,logistic_regression,all_features,iid_validation,0.0,,0.9175,0.9173409060614899,0.9784784589157449,0.05811528684337475,0.18767546298855275
0.0,1,logistic_regression,all_features,iid_test,0.0,,0.911,0.9109312091836668,0.9759735130307763,0.06264030542173855,0.19829883051454225
0.0,1,logistic_regression,all_features,ood,0.3,0.3,0.9023333333333333,0.9027886497064579,0.9716020281088775,0.06880092839120583,0.21685746036323708
0.0,1,logistic_regression,all_features,ood,-0.3,-0.3,0.9163333333333333,0.9164384779516359,0.9768145448079659,0.06105908251505351,0.1958818920738779
0.0,1,logistic_regression,all_features,ood,-0.6,-0.6,0.9163333333333333,0.9161710264477327,0.975867750219564,0.061287986186962275,0.1983831723639981
0.0,1,logistic_regression,all_features,ood,-0.9,-0.9,0.9193333333333333,0.919326630811836,0.9797591021151566,0.05676669288416809,0.18297325076195275
0.0,1,logistic_regression,stable_only,iid_validation,0.0,,0.9175,0.9172938020086371,0.978474450060183,0.05808523044759576,0.18774610336092318
0.0,1,logistic_regression,stable_only,iid_test,0.0,,0.9096666666666666,0.909606949628794,0.9758814949952412,0.06275873051488377,0.19862414915931553
0.0,1,logistic_regression,stable_only,ood,0.3,0.3,0.9043333333333333,0.9048078633695071,0.9723100871731009,0.06784670654874092,0.21426540495805835
0.0,1,logistic_regression,stable_only,ood,-0.3,-0.3,0.9153333333333333,0.9154427453769558,0.9762077702702703,0.06188733151916227,0.19812736387675345
0.0,1,logistic_regression,stable_only,ood,-0.6,-0.6,0.916,0.9158608575780147,0.97488188013474,0.06262091909362012,0.20222725309980868
0.0,1,logistic_regression,stable_only,ood,-0.9,-0.9,0.9166666666666666,0.9166599629599835,0.978431545969576,0.05866357388205582,0.1884171681556685
0.0,1,rbf_svm,all_features,iid_validation,0.0,,0.9175,0.9171053857972261,0.9745137007649899,0.062095616965470425,0.20446077990612777
0.0,1,rbf_svm,all_features,iid_test,0.0,,0.907,0.9069304250299726,0.9731093961083038,0.06506953211764462,0.21044638009541997
0.0,1,rbf_svm,all_features,ood,0.3,0.3,0.899,0.8995241060309553,0.9681231097669455,0.07167115386924647,0.23284877798084366
0.0,1,rbf_svm,all_features,ood,-0.3,-0.3,0.912,0.9120732574679943,0.9732890291607397,0.06463185416358869,0.21145326167132103
0.0,1,rbf_svm,all_features,ood,-0.6,-0.6,0.9133333333333333,0.9132083022979177,0.970781425442741,0.06575074502068466,0.22049426921336573
0.0,1,rbf_svm,all_features,ood,-0.9,-0.9,0.9166666666666666,0.9166630740724774,0.9776568789586128,0.058916281084142666,0.1923088072015203
0.0,1,rbf_svm,stable_only,iid_validation,0.0,,0.922,0.9216389003308307,0.9768919543271086,0.059695445664028006,0.19713267368115295
0.0,1,rbf_svm,stable_only,iid_test,0.0,,0.9093333333333333,0.909343564672009,0.9742491750605341,0.06426546243400139,0.20803345074625523
0.0,1,rbf_svm,stable_only,ood,0.3,0.3,0.903,0.9034380003558086,0.9699088240526597,0.06991026609669164,0.22741389255491018
0.0,1,rbf_svm,stable_only,ood,-0.3,-0.3,0.913,0.9130867709815078,0.973910917496444,0.06378470798364924,0.2099561909288794
0.0,1,rbf_svm,stable_only,ood,-0.6,-0.6,0.9153333333333333,0.9151938277506643,0.9722640104056652,0.06438921575029892,0.21516873483752041
0.0,1,rbf_svm,stable_only,ood,-0.9,-0.9,0.9133333333333333,0.913327961479094,0.9767186563194028,0.06028960711287715,0.1974409874301122
0.0,1,random_forest,all_features,iid_validation,0.0,,0.908,0.9075136977583482,0.9722507018002768,0.0659698501115825,0.21902422825262233
0.0,1,random_forest,all_features,iid_test,0.0,,0.8976666666666666,0.8975859268416609,0.9695607005639771,0.07002974022800125,0.23037900434264091
0.0,1,random_forest,all_features,ood,0.3,0.3,0.894,0.8945472335883295,0.9621906689201211,0.0762754427206329,0.2534080259454455
0.0,1,random_forest,all_features,ood,-0.3,-0.3,0.9053333333333333,0.905467638691323,0.9698744221194879,0.0684393057983402,0.22831726991767845
0.0,1,random_forest,all_features,ood,-0.6,-0.6,0.907,0.9068326088648264,0.9678729530522173,0.06945783032311567,0.23256273226910154
0.0,1,random_forest,all_features,ood,-0.9,-0.9,0.914,0.9140004062224028,0.9747193220974766,0.06366016016532777,0.21405521927564383
0.0,1,random_forest,stable_only,iid_validation,0.0,,0.9085,0.9082738769942804,0.9727247489704758,0.06546013364232565,0.21666601308398156
0.0,1,random_forest,stable_only,iid_test,0.0,,0.9033333333333333,0.9033237181154172,0.9704126453229278,0.0687138630308936,0.22600794247338846
0.0,1,random_forest,stable_only,ood,0.3,0.3,0.897,0.8974693115104074,0.9653242305639566,0.07382696958850106,0.2433454171629278
0.0,1,random_forest,stable_only,ood,-0.3,-0.3,0.9026666666666666,0.9028360597439544,0.9700931276671408,0.06870366238077998,0.2263762765006569
0.0,1,random_forest,stable_only,ood,-0.6,-0.6,0.908,0.9079343197963335,0.9674498337984014,0.07009742371082792,0.23293756264610754
0.0,1,random_forest,stable_only,ood,-0.9,-0.9,0.9103333333333333,0.910330404591291,0.9734339881928836,0.06480487646424125,0.2155274019488297
0.0,1,gradient_boosting,all_features,iid_validation,0.0,,0.9065,0.9062223451604594,0.9729893334375634,0.0684975739126959,0.22365334117862518
0.0,1,gradient_boosting,all_features,iid_test,0.0,,0.8993333333333333,0.8992762581465967,0.9692904253678165,0.07223925508470508,0.2369029740661129
0.0,1,gradient_boosting,all_features,ood,0.3,0.3,0.8906666666666667,0.8911937377690802,0.9631916029176304,0.0803405710784972,0.27020893749775426
0.0,1,gradient_boosting,all_features,ood,-0.3,-0.3,0.905,0.9050853485064011,0.9708539295874823,0.0702562291503343,0.23547398780761744
0.0,1,gradient_boosting,all_features,ood,-0.6,-0.6,0.9073333333333333,0.9072361619103735,0.9695367477849052,0.07049146086432768,0.24090809882660388
0.0,1,gradient_boosting,all_features,ood,-0.9,-0.9,0.912,0.9119999608888716,0.9755635446949087,0.06347325117383129,0.20937731933431686
0.0,1,gradient_boosting,stable_only,iid_validation,0.0,,0.909,0.9086101197545378,0.973159709798946,0.06730440632687826,0.21962397553042762
0.0,1,gradient_boosting,stable_only,iid_test,0.0,,0.8996666666666666,0.8996143244075838,0.9693077620991492,0.07171267495053457,0.2356194115802462
0.0,1,gradient_boosting,stable_only,ood,0.3,0.3,0.889,0.889534780288205,0.9644622842910514,0.07952492368959503,0.26142935434945813
0.0,1,gradient_boosting,stable_only,ood,-0.3,-0.3,0.9023333333333333,0.9024982219061166,0.969566145092461,0.07203525736262326,0.2391729511246969
0.0,1,gradient_boosting,stable_only,ood,-0.6,-0.6,0.9016666666666666,0.9016364465097664,0.967352669786884,0.07408192433452344,0.24993604167322706
0.0,1,gradient_boosting,stable_only,ood,-0.9,-0.9,0.9053333333333333,0.9053315134806726,0.9720755431446858,0.06884620459807272,0.22483127294178143
0.0,1,mlp,all_features,iid_validation,0.0,,0.9145,0.9142400562843321,0.9760430791618685,0.0676576511821036,0.23464631602339148
0.0,1,mlp,all_features,iid_test,0.0,,0.9043333333333333,0.90421655977905,0.9732480899589653,0.07161498368472109,0.24440727993027617
0.0,1,mlp,all_features,ood,0.3,0.3,0.896,0.8966376089663761,0.9684437822451522,0.0773587231008393,0.2588147820151008
0.0,1,mlp,all_features,ood,-0.3,-0.3,0.9113333333333333,0.9114953769559033,0.9735788584637269,0.07031588540522392,0.24193452509937569
0.0,1,mlp,all_features,ood,-0.6,-0.6,0.9126666666666666,0.9125101444119577,0.973062222765728,0.06967598840738383,0.23922206308131724
0.0,1,mlp,all_features,ood,-0.9,-0.9,0.9116666666666666,0.9116601829600813,0.9763622117165385,0.06734325408971484,0.23382289302532164
0.0,1,mlp,stable_only,iid_validation,0.0,,0.919,0.9191032991879061,0.9782058567375332,0.05879680038031845,0.19028354774421083
0.0,1,mlp,stable_only,iid_test,0.0,,0.907,0.9070891228014024,0.9757201300343757,0.0631638486339919,0.1997564523076594
0.0,1,mlp,stable_only,ood,0.3,0.3,0.9046666666666666,0.9049724248354385,0.9718808930795232,0.06791897947804501,0.21567528888050827
0.0,1,mlp,stable_only,ood,-0.3,-0.3,0.9156666666666666,0.9156738975817923,0.9759041607396872,0.0621593039139604,0.1996327452348431
0.0,1,mlp,stable_only,ood,-0.6,-0.6,0.9146666666666666,0.9146824382163623,0.9745243521472802,0.06301198112779663,0.20506139015349617
0.0,1,mlp,stable_only,ood,-0.9,-0.9,0.9176666666666666,0.9176655189624529,0.9781342125040944,0.059215749831406546,0.1901699074042686
0.0,2,logistic_regression,all_features,iid_validation,0.0,,0.9025,0.9025483364692396,0.9690960687638728,0.06999466912758728,0.2253839899091251
0.0,2,logistic_regression,all_features,iid_test,0.0,,0.9206666666666666,0.9206638589579714,0.9801506313789002,0.05531807091521036,0.18039599751069899
0.0,2,logistic_regression,all_features,ood,0.3,0.3,0.915,0.9146751160649572,0.9782882399975781,0.05881063290184494,0.18911149157540005
0.0,2,logistic_regression,all_features,ood,-0.3,-0.3,0.9136666666666666,0.9136696180719185,0.9761141569644924,0.06213232092604504,0.1983555611239348
0.0,2,logistic_regression,all_features,ood,-0.6,-0.6,0.9066666666666666,0.9067535353777895,0.9751590881097563,0.06423450613063339,0.20184902735406857
0.0,2,logistic_regression,all_features,ood,-0.9,-0.9,0.9073333333333333,0.9074753158433873,0.9749739464773504,0.06373882274715194,0.2028782400039776
0.0,2,logistic_regression,stable_only,iid_validation,0.0,,0.9025,0.9025653413836598,0.9692091014303134,0.06987082073310925,0.22514691466240241
0.0,2,logistic_regression,stable_only,iid_test,0.0,,0.9213333333333333,0.9213287490288872,0.9801172979863076,0.055343998937175135,0.18048921465555456
0.0,2,logistic_regression,stable_only,ood,0.3,0.3,0.914,0.9136596033401064,0.9780415963984691,0.05914201311779103,0.19013156799680836
0.0,2,logistic_regression,stable_only,ood,-0.3,-0.3,0.913,0.9130027510487595,0.9765627361820706,0.06150829789861247,0.1965558171378885
0.0,2,logistic_regression,stable_only,ood,-0.6,-0.6,0.907,0.9070943670069647,0.9759327959176686,0.06315691750491778,0.1987778830804206
0.0,2,logistic_regression,stable_only,ood,-0.9,-0.9,0.9103333333333333,0.9104950347143183,0.9761419090029593,0.062130937705342365,0.19837363908744013
0.0,2,rbf_svm,all_features,iid_validation,0.0,,0.8975,0.8975298861370936,0.9658251234606803,0.07267258368161619,0.23892966818346328
0.0,2,rbf_svm,all_features,iid_test,0.0,,0.9203333333333333,0.9203309694772791,0.9775981823967687,0.05752133946446825,0.1914463108654251
0.0,2,rbf_svm,all_features,ood,0.3,0.3,0.9143333333333333,0.9140625139126579,0.9755266330566532,0.061114196633516776,0.2005557896273038
0.0,2,rbf_svm,all_features,ood,-0.3,-0.3,0.905,0.9049656696856478,0.9722467728081859,0.0663457245265008,0.21406517801573804
0.0,2,rbf_svm,all_features,ood,-0.6,-0.6,0.9,0.9001863568633885,0.9714915352363878,0.06825445566037916,0.21745247793170586
0.0,2,rbf_svm,all_features,ood,-0.9,-0.9,0.9036666666666666,0.9037886979285226,0.9727531726610518,0.06610305113946602,0.21231689967422865
0.0,2,rbf_svm,stable_only,iid_validation,0.0,,0.898,0.8980895478793371,0.9669274420307468,0.07144259481926608,0.23521738377025936
0.0,2,rbf_svm,stable_only,iid_test,0.0,,0.919,0.9189994115545095,0.9783932949214131,0.0564710174512888,0.18871853937723737
0.0,2,rbf_svm,stable_only,ood,0.3,0.3,0.9133333333333333,0.9128813849082611,0.9766151594101211,0.060674669503221895,0.19868607378625053
0.0,2,rbf_svm,stable_only,ood,-0.3,-0.3,0.913,0.9129102788215482,0.9757180379527359,0.061893566430332926,0.20206642383927093
0.0,2,rbf_svm,stable_only,ood,-0.6,-0.6,0.907,0.9071090407757354,0.9740607787502484,0.06570233971680248,0.21013424427629498
0.0,2,rbf_svm,stable_only,ood,-0.9,-0.9,0.9063333333333333,0.9064811916685636,0.9747022962667881,0.06396262889401379,0.20645043106958152
0.0,2,random_forest,all_features,iid_validation,0.0,,0.8965,0.8965295970535485,0.9624966615351837,0.07598261114458428,0.25018111155814676
0.0,2,random_forest,all_features,iid_test,0.0,,0.9136666666666666,0.9136642909587396,0.9743683988771537,0.06305575430953331,0.21321814354620525
0.0,2,random_forest,all_features,ood,0.3,0.3,0.909,0.9085820397158524,0.9726572864930129,0.06508059436447299,0.22026624990204421
0.0,2,random_forest,all_features,ood,-0.3,-0.3,0.9076666666666666,0.9076215787498823,0.9699545285605808,0.06909382486517095,0.2297038798162132
0.0,2,random_forest,all_features,ood,-0.6,-0.6,0.893,0.8930582401882512,0.9660368951906055,0.07423140196267379,0.24239749239014366
0.0,2,random_forest,all_features,ood,-0.9,-0.9,0.8966666666666666,0.8967053408832233,0.9686188431880264,0.07091936207775061,0.2338771921768363
0.0,2,random_forest,stable_only,iid_validation,0.0,,0.8975,0.897495876308253,0.9627547361187383,0.07578014746430915,0.2484112585586251
0.0,2,random_forest,stable_only,iid_test,0.0,,0.9173333333333333,0.9173305196987016,0.974667732742636,0.06219589292269332,0.21039930324649822
0.0,2,random_forest,stable_only,ood,0.3,0.3,0.9096666666666666,0.909249847294667,0.971426071920205,0.06617372077922423,0.2223267946996123
0.0,2,random_forest,stable_only,ood,-0.3,-0.3,0.9046666666666666,0.9046033386030647,0.9705475956331768,0.06824435685599195,0.22551395144999264
0.0,2,random_forest,stable_only,ood,-0.6,-0.6,0.8953333333333333,0.8954880828987897,0.9677010339671066,0.07275960156438069,0.2357177495686079
0.0,2,random_forest,stable_only,ood,-0.9,-0.9,0.903,0.9030595549738221,0.9703654517840884,0.06879746155649402,0.22633371639642041
0.0,2,gradient_boosting,all_features,iid_validation,0.0,,0.9035,0.9035826353816253,0.9642696739357675,0.0766401858171273,0.26188448694711475
0.0,2,gradient_boosting,all_features,iid_test,0.0,,0.9133333333333333,0.9133269570257014,0.9744226211957709,0.06433616323534926,0.21460174923892134
0.0,2,gradient_boosting,all_features,ood,0.3,0.3,0.912,0.9117665914566931,0.9727721493965691,0.06599774940301105,0.21936310104268375
0.0,2,gradient_boosting,all_features,ood,-0.3,-0.3,0.903,0.9029881866729738,0.9698829515000951,0.07062126568433044,0.23247215552226097
0.0,2,gradient_boosting,all_features,ood,-0.6,-0.6,0.8966666666666666,0.8968073881091783,0.9672094627132866,0.0755698249448946,0.24582111849392027
0.0,2,gradient_boosting,all_features,ood,-0.9,-0.9,0.902,0.9020280844525381,0.9699682022535853,0.07212115990536655,0.23395280864173432
0.0,2,gradient_boosting,stable_only,iid_validation,0.0,,0.8965,0.8964785823102877,0.9623931316150368,0.07751013486919789,0.2720091062265367
0.0,2,gradient_boosting,stable_only,iid_test,0.0,,0.9146666666666666,0.9146620705103476,0.9751777336493043,0.062418651588042585,0.21061219859389635
0.0,2,gradient_boosting,stable_only,ood,0.3,0.3,0.9066666666666666,0.9063137199731452,0.9715988114805917,0.06786504033747244,0.2250580225191067
0.0,2,gradient_boosting,stable_only,ood,-0.3,-0.3,0.907,0.9069315936699205,0.9701957121339567,0.06905572672032545,0.22978334715752494
0.0,2,gradient_boosting,stable_only,ood,-0.6,-0.6,0.8983333333333333,0.898394156104888,0.9671765578984672,0.07584988962552161,0.24417910317109362
0.0,2,gradient_boosting,stable_only,ood,-0.9,-0.9,0.9036666666666666,0.9037513515820623,0.968866485033007,0.0722077700261291,0.2392281511212913
0.0,2,mlp,all_features,iid_validation,0.0,,0.9025,0.902514326640399,0.9685139005172495,0.07044949324082886,0.22903586881639826
0.0,2,mlp,all_features,iid_test,0.0,,0.9203333333333333,0.9203274139154025,0.9799239643092699,0.056559413229081486,0.18929689048498774
0.0,2,mlp,all_features,ood,0.3,0.3,0.913,0.9126716933285133,0.978117726462454,0.05954898987494934,0.19818351405144116
0.0,2,mlp,all_features,ood,-0.3,-0.3,0.9113333333333333,0.9112604498062529,0.9754699634201208,0.0635208251818505,0.20777005534920356
0.0,2,mlp,all_features,ood,-0.6,-0.6,0.9023333333333333,0.9024988094237612,0.9739625089654504,0.06585203683916652,0.21252829896965325
0.0,2,mlp,all_features,ood,-0.9,-0.9,0.9013333333333333,0.9014607756658319,0.9730399392499431,0.06663767738783506,0.2151627801283124
0.0,2,mlp,stable_only,iid_validation,0.0,,0.897,0.897276312854415,0.9690280491061917,0.0708161280766071,0.22799277287213027
0.0,2,mlp,stable_only,iid_test,0.0,,0.9206666666666666,0.9206505256009344,0.9799288532068502,0.05548540571863643,0.18185675959729883
0.0,2,mlp,stable_only,ood,0.3,0.3,0.9156666666666666,0.9156465534896062,0.9779975210982674,0.05905891248166811,0.19034810283395162
0.0,2,mlp,stable_only,ood,-0.3,-0.3,0.912,0.9121122612838346,0.9764956049017394,0.06173189276266148,0.19665781799608434
0.0,2,mlp,stable_only,ood,-0.6,-0.6,0.907,0.9069329555504864,0.9753871985151925,0.06386219393355952,0.2005120149187471
0.0,2,mlp,stable_only,ood,-0.9,-0.9,0.906,0.9059672348053722,0.9757715577338949,0.06280100968744197,0.19910009678852097
0.0,3,logistic_regression,all_features,iid_validation,0.0,,0.9075,0.9076320181934736,0.9747659560424394,0.06419369584199675,0.20355457891233186
0.0,3,logistic_regression,all_features,iid_test,0.0,,0.9013333333333333,0.9011706373470001,0.9743460328401019,0.06533272343124354,0.20344446474151653
0.0,3,logistic_regression,all_features,ood,0.3,0.3,0.9093333333333333,0.9093995756501607,0.9766123049006494,0.06204188819369244,0.19523233735531823
0.0,3,logistic_regression,all_features,ood,-0.3,-0.3,0.9063333333333333,0.9063069087184157,0.9747134112508536,0.06458295878458542,0.20223828044820216
0.0,3,logistic_regression,all_features,ood,-0.6,-0.6,0.918,0.9180130484697449,0.9767244954151683,0.06000094668421127,0.19507161816076973
0.0,3,logistic_regression,all_features,ood,-0.9,-0.9,0.9146666666666666,0.9146666666666666,0.976928,0.060895584290682044,0.1944553979721922
0.0,3,logistic_regression,stable_only,iid_validation,0.0,,0.9085,0.9086230984709762,0.9747529549893541,0.06414008174048857,0.20353872206500165
0.0,3,logistic_regression,stable_only,iid_test,0.0,,0.902,0.9018221031450456,0.9743371391090706,0.0653283485199155,0.20345558313869586
0.0,3,logistic_regression,stable_only,ood,0.3,0.3,0.9096666666666666,0.9097376419111479,0.976749665156593,0.06184835337414281,0.1945705151034092
0.0,3,logistic_regression,stable_only,ood,-0.3,-0.3,0.9053333333333333,0.9053003357614386,0.9745342377077169,0.06487982132781138,0.20303791986455735
0.0,3,logistic_regression,stable_only,ood,-0.6,-0.6,0.9173333333333333,0.9173463578022143,0.9763178141079746,0.06054755695456575,0.1967042065697316
0.0,3,logistic_regression,stable_only,ood,-0.9,-0.9,0.9106666666666666,0.9106666666666667,0.9762955555555555,0.06179673211956663,0.19697677961000243
0.0,3,rbf_svm,all_features,iid_validation,0.0,,0.903,0.9030911503831811,0.971947727765949,0.0669944221596613,0.21470012272359765
0.0,3,rbf_svm,all_features,iid_test,0.0,,0.9006666666666666,0.9004880434903448,0.971202543607075,0.06827521122719715,0.21807178719298706
0.0,3,rbf_svm,all_features,ood,0.3,0.3,0.9076666666666666,0.907709244345225,0.9732151946225905,0.06499900405906715,0.21020063787901147
0.0,3,rbf_svm,all_features,ood,-0.3,-0.3,0.8996666666666666,0.8996503670612337,0.9706991236057363,0.06926809618684161,0.21993061361125454
0.0,3,rbf_svm,all_features,ood,-0.6,-0.6,0.9096666666666666,0.9096614144775879,0.9728976909835422,0.06381361890770626,0.2108677566749705
0.0,3,rbf_svm,all_features,ood,-0.9,-0.9,0.9073333333333333,0.9073333333333333,0.9721306666666667,0.06595302076978814,0.2142022884078547
0.0,3,rbf_svm,stable_only,iid_validation,0.0,,0.9055,0.9056048539931734,0.9738778841086129,0.06454522952366284,0.20891339679109475
0.0,3,rbf_svm,stable_only,iid_test,0.0,,0.9026666666666666,0.9024891329723961,0.9720625673978054,0.06800017042896536,0.21734782762777854
0.0,3,rbf_svm,stable_only,ood,0.3,0.3,0.9073333333333333,0.9073805132472631,0.9749746505870704,0.06411619128953926,0.2064151996086317
0.0,3,rbf_svm,stable_only,ood,-0.3,-0.3,0.9043333333333333,0.9043311091509219,0.9729652465570225,0.06685839748668165,0.21353602891246518
0.0,3,rbf_svm,stable_only,ood,-0.6,-0.6,0.9136666666666666,0.9136735589147875,0.9735141576207855,0.0632188531861827,0.20982297625130453
0.0,3,rbf_svm,stable_only,ood,-0.9,-0.9,0.9096666666666666,0.9096666666666666,0.9742862222222222,0.06358443737718869,0.20746869667030407
0.0,3,random_forest,all_features,iid_validation,0.0,,0.8945,0.8945409578175832,0.9673763574849563,0.07281139600187062,0.2373635174209089
0.0,3,random_forest,all_features,iid_test,0.0,,0.8956666666666667,0.8955242298584785,0.9675120899156207,0.07202075829501255,0.2347573149005402
0.0,3,random_forest,all_features,ood,0.3,0.3,0.906,0.9060935943444915,0.9691215033702161,0.06996038546032698,0.23028140202793965
0.0,3,random_forest,all_features,ood,-0.3,-0.3,0.8946666666666667,0.8946423998406556,0.9665252247894378,0.07338913634046931,0.23821332234524592
0.0,3,random_forest,all_features,ood,-0.6,-0.6,0.9056666666666666,0.9056652706164089,0.9696284621801939,0.06911605256862789,0.2285341535012603
0.0,3,random_forest,all_features,ood,-0.9,-0.9,0.8993333333333333,0.8993333333333333,0.9683988888888888,0.07092671814130318,0.23271078674858722
0.0,3,random_forest,stable_only,iid_validation,0.0,,0.897,0.8970366599694575,0.9678338945454582,0.07166348813566668,0.23453444241558422
0.0,3,random_forest,stable_only,iid_test,0.0,,0.8936666666666667,0.8934920123178174,0.9672868561772521,0.07201785496457948,0.23411099931515636
0.0,3,random_forest,stable_only,ood,0.3,0.3,0.9013333333333333,0.9013419963646208,0.9700443509150015,0.06947852991373804,0.22593516125999108
0.0,3,random_forest,stable_only,ood,-0.3,-0.3,0.8953333333333333,0.8954088891418166,0.9673432876166629,0.07271340193496018,0.23492528247054248
0.0,3,random_forest,stable_only,ood,-0.6,-0.6,0.9043333333333333,0.9043558901453785,0.9669937006621128,0.07041956873527061,0.23453778204721265
0.0,3,random_forest,stable_only,ood,-0.9,-0.9,0.9006666666666666,0.9006666666666667,0.9687146666666666,0.07057330732484428,0.23085060379277828
0.0,3,gradient_boosting,all_features,iid_validation,0.0,,0.8925,0.8924957921591649,0.9659762440757702,0.07847407899243092,0.25447365479086187
0.0,3,gradient_boosting,all_features,iid_test,0.0,,0.8946666666666667,0.8946248513079343,0.966593812186635,0.07688510943711929,0.25498010218568923
0.0,3,gradient_boosting,all_features,ood,0.3,0.3,0.904,0.904046526452518,0.9704537644933964,0.07188254765568099,0.23638938840422877
0.0,3,gradient_boosting,all_features,ood,-0.3,-0.3,0.8883333333333333,0.8883006345322104,0.9655173180343728,0.08023296771286956,0.2602240450083423
0.0,3,gradient_boosting,all_features,ood,-0.6,-0.6,0.9026666666666666,0.9026911635485544,0.9676130562922487,0.07440809834030639,0.2497473733319498
0.0,3,gradient_boosting,all_features,ood,-0.9,-0.9,0.8996666666666666,0.8996666666666666,0.9687408888888888,0.07369379551874383,0.24240325519497166
0.0,3,gradient_boosting,stable_only,iid_validation,0.0,,0.894,0.8940814205950682,0.9673553557838186,0.07565955064240928,0.2459782841525529
0.0,3,gradient_boosting,stable_only,iid_test,0.0,,0.894,0.8940667696857177,0.9666594034529911,0.0766820611129997,0.2542656880042718
0.0,3,gradient_boosting,stable_only,ood,0.3,0.3,0.8996666666666666,0.8997543518529632,0.9701601513896724,0.07288842004250025,0.23554000220244445
0.0,3,gradient_boosting,stable_only,ood,-0.3,-0.3,0.8923333333333333,0.8922895800136581,0.9666108101667426,0.07729155100241597,0.25162521675652305
0.0,3,gradient_boosting,stable_only,ood,-0.6,-0.6,0.8983333333333333,0.898391675433649,0.9653776424840184,0.07587134600804987,0.25925858848439504
0.0,3,gradient_boosting,stable_only,ood,-0.9,-0.9,0.8956666666666667,0.8956666666666666,0.9666,0.07661966200985854,0.25186683264519183
0.0,3,mlp,all_features,iid_validation,0.0,,0.9065,0.9065689320834988,0.9741659074385025,0.06472671190801804,0.20721353003652732
0.0,3,mlp,all_features,iid_test,0.0,,0.899,0.8990150192882792,0.9735842847772676,0.06637795656467806,0.20856934965764673
0.0,3,mlp,all_features,ood,0.3,0.3,0.9076666666666666,0.907643898204048,0.9750351068809487,0.06372734995525633,0.20334222381434572
0.0,3,mlp,all_features,ood,-0.3,-0.3,0.9056666666666666,0.9055279706351014,0.9746609485260641,0.064765725911793,0.20486399044783513
0.0,3,mlp,all_features,ood,-0.6,-0.6,0.918,0.9180250489017605,0.9767516075023146,0.0604884852673853,0.1966396540146114
0.0,3,mlp,all_features,ood,-0.9,-0.9,0.9123333333333333,0.9123333333333333,0.9767244444444444,0.06157139683755087,0.19682746432048726
0.0,3,mlp,stable_only,iid_validation,0.0,,0.906,0.9062174036096924,0.9724747704564071,0.08929024540966324,0.3141512504906627
0.0,3,mlp,stable_only,iid_test,0.0,,0.905,0.9045046747673733,0.9728825693988948,0.0869104841115706,0.3069032236955767
0.0,3,mlp,stable_only,ood,0.3,0.3,0.902,0.9022141673101262,0.9751409053952353,0.08608094438162504,0.30632420980784364
0.0,3,mlp,stable_only,ood,-0.3,-0.3,0.9016666666666666,0.901875142271796,0.9732626835306168,0.08773889401106223,0.31014648637236736
0.0,3,mlp,stable_only,ood,-0.6,-0.6,0.9143333333333333,0.9142842475662457,0.9738999492870631,0.08639456114171727,0.3071834103851705
0.0,3,mlp,stable_only,ood,-0.9,-0.9,0.907,0.907,0.9742475555555555,0.0868052160814176,0.30786524169326457
0.0,4,logistic_regression,all_features,iid_validation,0.0,,0.9225,0.9225278027502248,0.9787938091442824,0.057803215819246107,0.1870472970033138
0.0,4,logistic_regression,all_features,iid_test,0.0,,0.9193333333333333,0.9194674270954337,0.9799609171397111,0.05688992124495209,0.18190960865564432
0.0,4,logistic_regression,all_features,ood,0.3,0.3,0.9116666666666666,0.9116462121255925,0.9779751005084243,0.05987650742136038,0.1892287598436742
0.0,4,logistic_regression,all_features,ood,-0.3,-0.3,0.9056666666666666,0.9056092686003363,0.9732732600595844,0.06564426788626099,0.20833367803207822
0.0,4,logistic_regression,all_features,ood,-0.6,-0.6,0.899,0.8989901414762178,0.9681189495621991,0.0719391353785429,0.22864801186811043
0.0,4,logistic_regression,all_features,ood,-0.9,-0.9,0.9056666666666666,0.9057050881993673,0.974322524665774,0.06526861329816867,0.20502594751405853
0.0,4,logistic_regression,stable_only,iid_validation,0.0,,0.9195,0.9195247757229815,0.9791378122403102,0.05714436695015326,0.18565864992189948
0.0,4,logistic_regression,stable_only,iid_test,0.0,,0.922,0.9221865054728456,0.9803714028025097,0.056290032200977835,0.18010507099299453
0.0,4,logistic_regression,stable_only,ood,0.3,0.3,0.909,0.9089410799801986,0.977338624990493,0.06080005726879088,0.191547597265836
0.0,4,logistic_regression,stable_only,ood,-0.3,-0.3,0.909,0.9089387217939846,0.97415195835939,0.06451004343595676,0.20489735275090531
0.0,4,logistic_regression,stable_only,ood,-0.6,-0.6,0.9003333333333333,0.9002918080361906,0.9698829567035827,0.06995215474494797,0.22222483203283847
0.0,4,logistic_regression,stable_only,ood,-0.9,-0.9,0.9096666666666666,0.9097136654344893,0.9767931026512263,0.06197299237201723,0.19519686669921762
0.0,4,rbf_svm,all_features,iid_validation,0.0,,0.9165,0.9164977484797363,0.9755137796240165,0.06144722218488854,0.20090641778103133
0.0,4,rbf_svm,all_features,iid_test,0.0,,0.9176666666666666,0.9178250397143767,0.9770830702014982,0.059763987260071,0.1947223917092017
0.0,4,rbf_svm,all_features,ood,0.3,0.3,0.9063333333333333,0.9063271270669331,0.9758761990624996,0.06279729862490606,0.1987121904013596
0.0,4,rbf_svm,all_features,ood,-0.3,-0.3,0.903,0.9029785072262602,0.9703393766620043,0.06852896107634547,0.2207842885981357
0.0,4,rbf_svm,all_features,ood,-0.6,-0.6,0.8943333333333333,0.894311610438939,0.9640152323439244,0.07570796116626659,0.24639683967366774
0.0,4,rbf_svm,all_features,ood,-0.9,-0.9,0.9023333333333333,0.9023952782534018,0.9722720071690324,0.06781719420845683,0.21488388679288117
0.0,4,rbf_svm,stable_only,iid_validation,0.0,,0.92,0.9200172801555214,0.9772677954101587,0.05826170353709061,0.19413362596261435
0.0,4,rbf_svm,stable_only,iid_test,0.0,,0.9223333333333333,0.9225285027368675,0.9793267323562321,0.05728276524109515,0.18690975625811704
0.0,4,rbf_svm,stable_only,ood,0.3,0.3,0.9066666666666666,0.9066515917002881,0.9758948796856675,0.0626565984212284,0.1996844492576289
0.0,4,rbf_svm,stable_only,ood,-0.3,-0.3,0.907,0.9069626506554236,0.9723367819019262,0.06650851440754979,0.21485732823379244
0.0,4,rbf_svm,stable_only,ood,-0.6,-0.6,0.8986666666666666,0.8986513880886839,0.9676326028352147,0.07251108135188825,0.23573046860640212
0.0,4,rbf_svm,stable_only,ood,-0.9,-0.9,0.91,0.9100190427421548,0.9755031391186997,0.06328007033035288,0.2037671170378559
0.0,4,random_forest,all_features,iid_validation,0.0,,0.9125,0.9125127126144135,0.973357760219842,0.0649097407469027,0.21817439765571517
0.0,4,random_forest,all_features,iid_test,0.0,,0.911,0.9112892896596749,0.9752567870224268,0.06309910527516703,0.21169168676848094
0.0,4,random_forest,all_features,ood,0.3,0.3,0.9053333333333333,0.9053172614740168,0.9739423097878904,0.06565766327543113,0.21668252526522463
0.0,4,random_forest,all_features,ood,-0.3,-0.3,0.897,0.8969502902104476,0.9669696997980817,0.07265573004603111,0.23848082089278902
0.0,4,random_forest,all_features,ood,-0.6,-0.6,0.892,0.8919723449202996,0.9608266382860678,0.07832610425194468,0.25602077699469394
0.0,4,random_forest,all_features,ood,-0.9,-0.9,0.901,0.9010537517402506,0.9702163778250734,0.07011633021842827,0.23027865528601532
0.0,4,random_forest,stable_only,iid_validation,0.0,,0.9145,0.9145367308305774,0.973407260665346,0.06442482496516422,0.21525069397139857
0.0,4,random_forest,stable_only,iid_test,0.0,,0.9103333333333333,0.9105714956621049,0.9753455106299331,0.06312459572423441,0.20958321926158177
0.0,4,random_forest,stable_only,ood,0.3,0.3,0.9073333333333333,0.9071546341955924,0.9740039113666699,0.06481260128094393,0.21404443392213346
0.0,4,random_forest,stable_only,ood,-0.3,-0.3,0.899,0.8989423619250294,0.967662391401646,0.07139198682264988,0.23416909249252413
0.0,4,random_forest,stable_only,ood,-0.6,-0.6,0.8956666666666667,0.8956026076008792,0.9626886705218758,0.0761510548355323,0.2490682316378818
0.0,4,random_forest,stable_only,ood,-0.9,-0.9,0.9053333333333333,0.9054157131960335,0.9724144721284309,0.06690232996041368,0.21980227544092057
0.0,4,gradient_boosting,all_features,iid_validation,0.0,,0.9115,0.9114947034523311,0.9727647548827938,0.06734051353434459,0.22296330324484945
0.0,4,gradient_boosting,all_features,iid_test,0.0,,0.911,0.9112385904553856,0.9749852794415617,0.06489327955194014,0.21301472728719592
0.0,4,gradient_boosting,all_features,ood,0.3,0.3,0.9066666666666666,0.9065786483145852,0.973739046816755,0.067787445985519,0.21795739699088215
0.0,4,gradient_boosting,all_features,ood,-0.3,-0.3,0.897,0.8969662907864683,0.9660161099132902,0.0771576440676052,0.25424895940774117
0.0,4,gradient_boosting,all_features,ood,-0.6,-0.6,0.8863333333333333,0.886330900710582,0.9592140032292713,0.08414368194124605,0.28920285769641024
0.0,4,gradient_boosting,all_features,ood,-0.9,-0.9,0.899,0.8990854683074363,0.9685985893079715,0.07540578370703643,0.2451386598331338
0.0,4,gradient_boosting,stable_only,iid_validation,0.0,,0.916,0.9160202441821976,0.9749412744714702,0.06363981004523284,0.20875466966923165
0.0,4,gradient_boosting,stable_only,iid_test,0.0,,0.909,0.9092880052798329,0.9743995702130612,0.06559450255646351,0.21533880257879437
0.0,4,gradient_boosting,stable_only,ood,0.3,0.3,0.903,0.9028818864227006,0.9726235467475923,0.06864011729592143,0.22218571320643726
0.0,4,gradient_boosting,stable_only,ood,-0.3,-0.3,0.8956666666666667,0.8956049084433706,0.9665945751824844,0.07614934197995803,0.2508158898722753
0.0,4,gradient_boosting,stable_only,ood,-0.6,-0.6,0.8886666666666667,0.8885954804429934,0.9607437281721898,0.08177420880386028,0.2829248437879757
0.0,4,gradient_boosting,stable_only,ood,-0.9,-0.9,0.9013333333333333,0.9014151371130776,0.9698934424334882,0.07339888723751263,0.24013622382233044
0.0,4,mlp,all_features,iid_validation,0.0,,0.9205,0.9205277847500628,0.9777788000092,0.059216979919929386,0.1939333889545923
0.0,4,mlp,all_features,iid_test,0.0,,0.9203333333333333,0.9205779175613149,0.9791581797384632,0.05756296356184248,0.18758280460872884
0.0,4,mlp,all_features,ood,0.3,0.3,0.9103333333333333,0.9101659951279155,0.977201188977187,0.06092533244610536,0.19390999305703435
0.0,4,mlp,all_features,ood,-0.3,-0.3,0.9066666666666666,0.906591303953609,0.9720514382962231,0.067213077323256,0.2141094794442334
0.0,4,mlp,all_features,ood,-0.6,-0.6,0.8916666666666667,0.8916122527367005,0.9649234648514464,0.07543097040027501,0.2396632527830954
0.0,4,mlp,all_features,ood,-0.9,-0.9,0.9033333333333333,0.9033914216980579,0.9710184933297061,0.06902471270941478,0.21824539097842702
0.0,4,mlp,stable_only,iid_validation,0.0,,0.9225,0.9225128026152235,0.9789788108092973,0.05695524659490108,0.18570931043992311
0.0,4,mlp,stable_only,iid_test,0.0,,0.922,0.9221358062685563,0.9803549477976088,0.05625798604383078,0.18031606138793882
0.0,4,mlp,stable_only,ood,0.3,0.3,0.908,0.908004157772985,0.977211418842255,0.06157538110475372,0.19316644413810236
0.0,4,mlp,stable_only,ood,-0.3,-0.3,0.9083333333333333,0.9082920318464798,0.9739115052586338,0.06503520579433243,0.20660226247809502
0.0,4,mlp,stable_only,ood,-0.6,-0.6,0.8983333333333333,0.8983873204873781,0.969494412791897,0.07093094745568125,0.2268617851558497
0.0,4,mlp,stable_only,ood,-0.9,-0.9,0.9103333333333333,0.9103164188976546,0.9766428587938885,0.06202547087595118,0.19663801011675142
0.0,5,logistic_regression,all_features,iid_validation,0.0,,0.91,0.9100810081008102,0.9764386438643865,0.06208525626603034,0.19630812508984974
0.0,5,logistic_regression,all_features,iid_test,0.0,,0.9166666666666666,0.9168435676576827,0.9768402333981663,0.06037689265120983,0.19563296385128903
0.0,5,logistic_regression,all_features,ood,0.3,0.3,0.916,0.9159631960535699,0.9760643642267632,0.062104300536814205,0.1979468965728789
0.0,5,logistic_regression,all_features,ood,-0.3,-0.3,0.9153333333333333,0.9153262850795962,0.9767289400196185,0.06067354926931004,0.19579668551053767
0.0,5,logistic_regression,all_features,ood,-0.6,-0.6,0.9153333333333333,0.915290314320466,0.9758760464901237,0.06138741047092261,0.19915698875090046
0.0,5,logistic_regression,all_features,ood,-0.9,-0.9,0.9223333333333333,0.9225782321128911,0.980343014901715,0.056394415726470644,0.18129559648637314
0.0,5,logistic_regression,stable_only,iid_validation,0.0,,0.9085,0.9085558555855586,0.9764676467646765,0.06216263992504295,0.19644709804448585
0.0,5,logistic_regression,stable_only,iid_test,0.0,,0.9156666666666666,0.9158377327035288,0.9769126979716589,0.060456920942784945,0.19538938269982167
0.0,5,logistic_regression,stable_only,ood,0.3,0.3,0.9153333333333333,0.9153194470872137,0.9770544394671467,0.060792513768511205,0.19421549320642775
0.0,5,logistic_regression,stable_only,ood,-0.3,-0.3,0.9133333333333333,0.9133342133650144,0.9760311371209364,0.06141900326015974,0.19825151393512927
0.0,5,logistic_regression,stable_only,ood,-0.6,-0.6,0.9093333333333333,0.9092674391310842,0.9742547425474255,0.06355376888619717,0.20547400786153555
0.0,5,logistic_regression,stable_only,ood,-0.9,-0.9,0.917,0.917285402086427,0.9781985598909929,0.059407335491370165,0.19020691256066835
0.0,5,rbf_svm,all_features,iid_validation,0.0,,0.9065,0.9065256525652565,0.9734343434343434,0.06484210396827474,0.20917281955778116
0.0,5,rbf_svm,all_features,iid_test,0.0,,0.914,0.9141094748541261,0.9738011669908306,0.06257475864743792,0.20791427967693282
0.0,5,rbf_svm,all_features,ood,0.3,0.3,0.912,0.9119388758578133,0.973620074297878,0.06500237407753016,0.20836406551470402
0.0,5,rbf_svm,all_features,ood,-0.3,-0.3,0.913,0.9129748670952155,0.9743328537605132,0.06272150111137872,0.20574527976394327
0.0,5,rbf_svm,all_features,ood,-0.6,-0.6,0.9123333333333333,0.9123162196188892,0.972905952812809,0.06405986480726553,0.21150168822558718
0.0,5,rbf_svm,all_features,ood,-0.9,-0.9,0.92,0.9200886796004434,0.9773606248868031,0.0593151511948789,0.1937615448367717
0.0,5,rbf_svm,stable_only,iid_validation,0.0,,0.911,0.9110711071107112,0.9747894789478948,0.06364654430795424,0.20643733334815034
0.0,5,rbf_svm,stable_only,iid_test,0.0,,0.9156666666666666,0.9158377327035288,0.9744093359266464,0.06230317667293148,0.20662261626180936
0.0,5,rbf_svm,stable_only,ood,0.3,0.3,0.9136666666666666,0.9136696180719185,0.9754752983563062,0.061949476007773646,0.20259718316483502
0.0,5,rbf_svm,stable_only,ood,-0.3,-0.3,0.9126666666666666,0.912671522841489,0.9737741669811224,0.0631035149053464,0.20915812482859134
0.0,5,rbf_svm,stable_only,ood,-0.6,-0.6,0.9086666666666666,0.9085579241619188,0.9717945571844171,0.06483951996680577,0.21624446632168023
0.0,5,rbf_svm,stable_only,ood,-0.9,-0.9,0.9176666666666666,0.9179057320895287,0.9753696948768485,0.061531127538016456,0.20345747392423627
0.0,5,random_forest,all_features,iid_validation,0.0,,0.9005,0.9006250625062506,0.9695874587458746,0.07012715869756574,0.2301884542985309
0.0,5,random_forest,all_features,iid_test,0.0,,0.91,0.910075020839122,0.9701016949152543,0.06779231560072371,0.227719873108101
0.0,5,random_forest,all_features,ood,0.3,0.3,0.9033333333333333,0.9032349274715425,0.9688581991745077,0.0710761750493853,0.23364578530513055
0.0,5,random_forest,all_features,ood,-0.3,-0.3,0.9086666666666666,0.9086793791243152,0.9700453660776232,0.06811294349995448,0.2290410469452135
0.0,5,random_forest,all_features,ood,-0.6,-0.6,0.9086666666666666,0.9085899323560165,0.96822897772941,0.06984322214505669,0.233345391776292
0.0,5,random_forest,all_features,ood,-0.9,-0.9,0.909,0.9092282320461411,0.9750862298754311,0.06403956756532671,0.21251489372583854
0.0,5,random_forest,stable_only,iid_validation,0.0,,0.8935,0.8935643564356436,0.9677417741774177,0.07216801611834807,0.2346326802375805
0.0,5,random_forest,stable_only,iid_test,0.0,,0.906,0.9061294804112254,0.9700765768268964,0.0681439288933983,0.2261430336640881
0.0,5,random_forest,stable_only,ood,0.3,0.3,0.9036666666666666,0.9035741404973228,0.9685425487835456,0.07095954277163596,0.23221277668767262
0.0,5,random_forest,stable_only,ood,-0.3,-0.3,0.9093333333333333,0.9093220689278148,0.9697522444141322,0.06750011904447603,0.22756485109462718
0.0,5,random_forest,stable_only,ood,-0.6,-0.6,0.9063333333333333,0.9062613362354096,0.9673840947727063,0.07063050587973847,0.23448483032586356
0.0,5,random_forest,stable_only,ood,-0.9,-0.9,0.9073333333333333,0.9074297645371489,0.9721532348607662,0.06647212706191734,0.2200272316410174
0.0,5,gradient_boosting,all_features,iid_validation,0.0,,0.8985,0.8985248524852485,0.9682368236823682,0.07398326370802912,0.24483474976853234
0.0,5,gradient_boosting,all_features,iid_test,0.0,,0.9053333333333333,0.9053959433175882,0.9674665184773549,0.07244995505454636,0.24862393136915892
0.0,5,gradient_boosting,all_features,ood,0.3,0.3,0.8976666666666666,0.8975492192320893,0.967269721925343,0.07424239346584138,0.2453308674969051
0.0,5,gradient_boosting,all_features,ood,-0.3,-0.3,0.903,0.9029785072262602,0.9689277702886192,0.0707568035113703,0.2393073822284026
0.0,5,gradient_boosting,all_features,ood,-0.6,-0.6,0.9036666666666666,0.903465953950878,0.9684065787508269,0.0707532580238588,0.24165780833719339
0.0,5,gradient_boosting,all_features,ood,-0.9,-0.9,0.906,0.9061891045309455,0.9709041198545205,0.06990400504001104,0.2335894268282955
0.0,5,gradient_boosting,stable_only,iid_validation,0.0,,0.892,0.892089208920892,0.9665651565156517,0.07729830357824485,0.25414539662468333
0.0,5,gradient_boosting,stable_only,iid_test,0.0,,0.898,0.8981161433731593,0.9679157543762157,0.07381224478479355,0.24632545704207712
0.0,5,gradient_boosting,stable_only,ood,0.3,0.3,0.902,0.9019011934252246,0.968555663835001,0.07166317242469264,0.23719518536135173
0.0,5,gradient_boosting,stable_only,ood,-0.3,-0.3,0.9073333333333333,0.9073379975012434,0.9677330606124043,0.0719458965333199,0.24345605251716881
0.0,5,gradient_boosting,stable_only,ood,-0.6,-0.6,0.904,0.9038687237266074,0.9680529326618725,0.07218275507323776,0.24164321893735147
0.0,5,gradient_boosting,stable_only,ood,-0.9,-0.9,0.901,0.9013833270069167,0.9692901048464506,0.07243753220088334,0.2407553065653593
0.0,5,mlp,all_features,iid_validation,0.0,,0.911,0.9110911091109111,0.9757175717571757,0.06290246627893677,0.2007327113654458
0.0,5,mlp,all_features,iid_test,0.0,,0.9136666666666666,0.9139038621839399,0.9757274798555153,0.06195591682792413,0.20108855044907545
0.0,5,mlp,all_features,ood,0.3,0.3,0.9153333333333333,0.9153310061156152,0.9747977614607766,0.06358250163115022,0.20358120788167686
0.0,5,mlp,all_features,ood,-0.3,-0.3,0.9143333333333333,0.9143202488622924,0.9761244738143906,0.06134611449263451,0.19864151785669135
0.0,5,mlp,all_features,ood,-0.6,-0.6,0.9166666666666666,0.9165813114824062,0.9756826636507836,0.06144425874940663,0.20015467302473708
0.0,5,mlp,all_features,ood,-0.9,-0.9,0.922,0.9221383496106917,0.9808160499040802,0.05567172050774022,0.1798163317734114
0.0,5,mlp,stable_only,iid_validation,0.0,,0.9125,0.9123062306230623,0.9750805080508052,0.13154670502510704,0.4382432109023
0.0,5,mlp,stable_only,iid_test,0.0,,0.9146666666666666,0.9144429008057794,0.975445179216449,0.1309186740393297,0.43706143892464394
0.0,5,mlp,stable_only,ood,0.3,0.3,0.9103333333333333,0.9099422759904754,0.9749813721811531,0.13268909117308056,0.44073572230041275
0.0,5,mlp,stable_only,ood,-0.3,-0.3,0.912,0.911848826557756,0.9742941857017964,0.13413263592513922,0.4442629546029431
0.0,5,mlp,stable_only,ood,-0.6,-0.6,0.9043333333333333,0.9046662612295414,0.9730513233610025,0.13377723003266684,0.4431630588466138
0.0,5,mlp,stable_only,ood,-0.9,-0.9,0.9173333333333333,0.9169941495849707,0.977081609885408,0.12978522956125568,0.43430592825388037
0.0,6,logistic_regression,all_features,iid_validation,0.0,,0.909,0.9090225443607098,0.9763216211459383,0.062362566100394874,0.196071887640806
0.0,6,logistic_regression,all_features,iid_test,0.0,,0.9096666666666666,0.9093325917686318,0.9739114571746385,0.06421544083395253,0.20653390204877162
0.0,6,logistic_regression,all_features,ood,0.3,0.3,0.9153333333333333,0.9153116531165311,0.9797668203059984,0.05723285085797324,0.1831062854847233
0.0,6,logistic_regression,all_features,ood,-0.3,-0.3,0.912,0.9120101334459272,0.9747157190635451,0.06370160687686159,0.20335179274504078
0.0,6,logistic_regression,all_features,ood,-0.6,-0.6,0.9006666666666666,0.9006666666666667,0.9710048888888889,0.06905836171582898,0.21708745303043808
0.0,6,logistic_regression,all_features,ood,-0.9,-0.9,0.9066666666666666,0.9066926346395988,0.9752061267112039,0.06372284493431514,0.2010976215286836
0.0,6,logistic_regression,stable_only,iid_validation,0.0,,0.9095,0.9095245523928382,0.9764696235139761,0.062128834890772935,0.19587625926070393
0.0,6,logistic_regression,stable_only,iid_test,0.0,,0.9113333333333333,0.9109677419354838,0.9739684093437153,0.0640904965155453,0.206354686083592
0.0,6,logistic_regression,stable_only,ood,0.3,0.3,0.9143333333333333,0.9142953929539295,0.9793729416952962,0.057783398329281074,0.18474589556041568
0.0,6,logistic_regression,stable_only,ood,-0.3,-0.3,0.912,0.9120101334459272,0.9753792819920222,0.06285361413050905,0.20088927492121508
0.0,6,logistic_regression,stable_only,ood,-0.6,-0.6,0.9033333333333333,0.9033333333333333,0.9723044444444444,0.06744606742871556,0.21227639850544305
0.0,6,logistic_regression,stable_only,ood,-0.9,-0.9,0.9086666666666666,0.9086957893749686,0.9767386045296098,0.061656428496859705,0.1952184863026545
0.0,6,rbf_svm,all_features,iid_validation,0.0,,0.9035,0.9035124561992991,0.9730355685690972,0.06654880010876307,0.2110410588066626
0.0,6,rbf_svm,all_features,iid_test,0.0,,0.9086666666666666,0.9084093437152392,0.9701383759733037,0.06732316571550165,0.2218502830088571
0.0,6,rbf_svm,all_features,ood,0.3,0.3,0.913,0.912940379403794,0.9782335388970688,0.05932758584424698,0.1898566112001744
0.0,6,rbf_svm,all_features,ood,-0.3,-0.3,0.9073333333333333,0.9073323036922633,0.9716699074434162,0.06621664686011779,0.21688182944683262
0.0,6,rbf_svm,all_features,ood,-0.6,-0.6,0.8993333333333333,0.8993333333333333,0.9681,0.07198805870100625,0.23058393874200753
0.0,6,rbf_svm,all_features,ood,-0.9,-0.9,0.9046666666666666,0.9047143693351545,0.9723131748202516,0.0666543975782186,0.213387787364589
0.0,6,rbf_svm,stable_only,iid_validation,0.0,,0.9085,0.9085085361365781,0.9741245859933759,0.0651390525998312,0.2093727033636307
0.0,6,rbf_svm,stable_only,iid_test,0.0,,0.911,0.9105116796440489,0.9722407119021135,0.06546551527772994,0.21497184678946799
0.0,6,rbf_svm,stable_only,ood,0.3,0.3,0.9156666666666666,0.9155757207178371,0.9785331711584833,0.05952906877802762,0.19089916508812804
0.0,6,rbf_svm,stable_only,ood,-0.3,-0.3,0.913,0.9130134779275325,0.9738654873943043,0.0637216007368092,0.20929088782146377
0.0,6,rbf_svm,stable_only,ood,-0.6,-0.6,0.904,0.9039999999999999,0.9704586666666667,0.06961404719678521,0.22415759731558235
0.0,6,rbf_svm,stable_only,ood,-0.9,-0.9,0.9096666666666666,0.9097129226369819,0.9756692479080655,0.06313186506250157,0.20256409840458667
0.0,6,random_forest,all_features,iid_validation,0.0,,0.911,0.9109905758492136,0.9704315269044305,0.0688104344992643,0.22679120862573987
0.0,6,random_forest,all_features,iid_test,0.0,,0.898,0.8974193548387097,0.9659726362625138,0.07259773971610482,0.23975115891705776
0.0,6,random_forest,all_features,ood,0.3,0.3,0.907,0.9069175042144122,0.9748271112960474,0.06438518288889142,0.21397357396204783
0.0,6,random_forest,all_features,ood,-0.3,-0.3,0.9033333333333333,0.9033678151979466,0.9674758608428982,0.0714103052974872,0.24567866332916113
0.0,6,random_forest,all_features,ood,-0.6,-0.6,0.8913333333333333,0.8913333333333333,0.9640904444444445,0.07595052980145964,0.24679329780167117
0.0,6,random_forest,all_features,ood,-0.9,-0.9,0.899,0.8990398013112286,0.9688566551004889,0.07148801013383892,0.2331981176116576
0.0,6,random_forest,stable_only,iid_validation,0.0,,0.904,0.9040064641034257,0.969277508440135,0.0694394918706264,0.22804725533863726
0.0,6,random_forest,stable_only,iid_test,0.0,,0.9013333333333333,0.9008676307007786,0.9658289210233593,0.07255900325008947,0.23923967135022475
0.0,6,random_forest,stable_only,ood,0.3,0.3,0.9063333333333333,0.9062506668373771,0.9742000618825086,0.06481598097958301,0.21332441885323056
0.0,6,random_forest,stable_only,ood,-0.3,-0.3,0.904,0.9040144890498784,0.968165201835576,0.07042381516612714,0.23191160658360732
0.0,6,random_forest,stable_only,ood,-0.6,-0.6,0.891,0.891,0.9655059999999999,0.07422505144872626,0.24092915088503492
0.0,6,random_forest,stable_only,ood,-0.9,-0.9,0.8993333333333333,0.8993591415990838,0.9704804682413084,0.06942527992220685,0.22532640719594973
0.0,6,gradient_boosting,all_features,iid_validation,0.0,,0.9025,0.9025084401350422,0.9690435046960753,0.07300808226102573,0.23857412609873158
0.0,6,gradient_boosting,all_features,iid_test,0.0,,0.8973333333333333,0.8969076751946607,0.967169744160178,0.07467870355081496,0.24865009965083318
0.0,6,gradient_boosting,all_features,ood,0.3,0.3,0.9096666666666666,0.9095635149264878,0.974392555605346,0.06524182166231705,0.21297171370463797
0.0,6,gradient_boosting,all_features,ood,-0.3,-0.3,0.8993333333333333,0.8993477705307837,0.9670249669440771,0.07516602642410086,0.2506838546455985
0.0,6,gradient_boosting,all_features,ood,-0.6,-0.6,0.8893333333333333,0.8893333333333333,0.9637653333333334,0.08127050932511058,0.2621755946561482
0.0,6,gradient_boosting,all_features,ood,-0.9,-0.9,0.8963333333333333,0.896363743032626,0.9664961592496903,0.07661441507721949,0.2498701537469927
0.0,6,gradient_boosting,stable_only,iid_validation,0.0,,0.9,0.9000184002944047,0.9679344869517912,0.07432328562986544,0.2425573506336494
0.0,6,gradient_boosting,stable_only,iid_test,0.0,,0.892,0.8915684093437153,0.9659790878754172,0.07661586138044976,0.2522595741221565
0.0,6,gradient_boosting,stable_only,ood,0.3,0.3,0.9063333333333333,0.9062186586432794,0.9721373115962131,0.06796746196963814,0.22313620990478308
0.0,6,gradient_boosting,stable_only,ood,-0.3,-0.3,0.9033333333333333,0.9033500372226357,0.9686472071911911,0.07240210579355753,0.2402389794038044
0.0,6,gradient_boosting,stable_only,ood,-0.6,-0.6,0.8903333333333333,0.8903333333333333,0.964056,0.07954480372265119,0.2591493222584198
0.0,6,gradient_boosting,stable_only,ood,-0.9,-0.9,0.899,0.8990304677746315,0.9689988804200624,0.07376542508316038,0.2390100432297832
0.0,6,mlp,all_features,iid_validation,0.0,,0.9045,0.904484471751548,0.9760306164898638,0.0629553398003542,0.19833979057196213
0.0,6,mlp,all_features,iid_test,0.0,,0.9116666666666666,0.9110233592880979,0.9734109010011124,0.06485661005883339,0.20964989348568724
0.0,6,mlp,all_features,ood,0.3,0.3,0.9153333333333333,0.9152049591362055,0.9795872187724503,0.05748327081483213,0.18444656386143182
0.0,6,mlp,all_features,ood,-0.3,-0.3,0.9106666666666666,0.9106923410260115,0.9738321536905965,0.06510784795380717,0.20867813491955717
0.0,6,mlp,all_features,ood,-0.6,-0.6,0.8996666666666666,0.8996666666666666,0.9700235555555554,0.07070532868767931,0.2226806453556879
0.0,6,mlp,all_features,ood,-0.9,-0.9,0.907,0.9070648649681704,0.974250105891195,0.06547254345802259,0.2061090845518019
0.0,6,mlp,stable_only,iid_validation,0.0,,0.91,0.9099985599769596,0.9755026080417286,0.07553815118085506,0.27139172311317766
0.0,6,mlp,stable_only,iid_test,0.0,,0.9056666666666666,0.9053058954393771,0.9724324805339266,0.07893590470991531,0.27966098553972674
0.0,6,mlp,stable_only,ood,0.3,0.3,0.9126666666666666,0.9125482790260974,0.9790608618028438,0.07243394041112315,0.26457877602887586
0.0,6,mlp,stable_only,ood,-0.3,-0.3,0.912,0.9120234669274103,0.9743379370881899,0.07660907426212928,0.2739349196617597
0.0,6,mlp,stable_only,ood,-0.6,-0.6,0.9013333333333333,0.9013333333333333,0.9711035555555555,0.08038378250303635,0.282616617920467
0.0,6,mlp,stable_only,ood,-0.9,-0.9,0.909,0.9090493526303461,0.9755007997951956,0.07630200613872994,0.27239564939749117
0.0,7,logistic_regression,all_features,iid_validation,0.0,,0.9085,0.9086368437054937,0.9762755836840505,0.06277530301096494,0.19749298461972753
0.0,7,logistic_regression,all_features,iid_test,0.0,,0.9153333333333333,0.9153425651440166,0.9772678369145573,0.060370684556926874,0.19298391414032123
0.0,7,logistic_regression,all_features,ood,0.3,0.3,0.9083333333333333,0.9082555409694102,0.9736898141829791,0.06567926148254488,0.206107887135514
0.0,7,logistic_regression,all_features,ood,-0.3,-0.3,0.9106666666666666,0.9106864993948758,0.9731038587062563,0.06565190955483549,0.20990512777907225
0.0,7,logistic_regression,all_features,ood,-0.6,-0.6,0.9096666666666666,0.9096281009551384,0.9773818566816798,0.06138956344484387,0.1925328002194931
0.0,7,logistic_regression,all_features,ood,-0.9,-0.9,0.9103333333333333,0.9103943010868856,0.9753471235791507,0.06327174376543374,0.20065572858563527
0.0,7,logistic_regression,stable_only,iid_validation,0.0,,0.909,0.9091429165799876,0.9762625818117808,0.06284004966396377,0.19772079228689607
0.0,7,logistic_regression,stable_only,iid_test,0.0,,0.9153333333333333,0.9153310061156152,0.9774452235427178,0.06018027717406022,0.19229095791399967
0.0,7,logistic_regression,stable_only,ood,0.3,0.3,0.9073333333333333,0.9072501934899361,0.973749828292963,0.06562640752411088,0.20590822959105232
0.0,7,logistic_regression,stable_only,ood,-0.3,-0.3,0.9113333333333333,0.9113594029381085,0.9733158633232458,0.0653446559696772,0.20885436399865384
0.0,7,logistic_regression,stable_only,ood,-0.6,-0.6,0.911,0.9109499780205713,0.9775485358678051,0.061144527285583686,0.19166816123976105
0.0,7,logistic_regression,stable_only,ood,-0.9,-0.9,0.91,0.910078865552439,0.9757205779116879,0.06285917508542609,0.1991411032692644
0.0,7,rbf_svm,all_features,iid_validation,0.0,,0.9075,0.9076246979565057,0.9743913123489782,0.06427748597437,0.20640357666730086
0.0,7,rbf_svm,all_features,iid_test,0.0,,0.9133333333333333,0.9133650821313426,0.9754388429590402,0.062491318497399174,0.20126847606751092
0.0,7,rbf_svm,all_features,ood,0.3,0.3,0.906,0.9059369958536918,0.9703570306085298,0.06872340400766863,0.22083080627979507
0.0,7,rbf_svm,all_features,ood,-0.3,-0.3,0.9086666666666666,0.9086926781961029,0.9705193579771294,0.06845479700038623,0.2216555810660348
0.0,7,rbf_svm,all_features,ood,-0.6,-0.6,0.9063333333333333,0.9062829608090563,0.9753914849604259,0.0638918606210179,0.20261304126213986
0.0,7,rbf_svm,all_features,ood,-0.9,-0.9,0.906,0.9061015769109191,0.9721665375137101,0.06667558242234417,0.21474086718447905
0.0,7,rbf_svm,stable_only,iid_validation,0.0,,0.9095,0.9096969963674769,0.9742632939143236,0.06477525291371447,0.2098313058947102
0.0,7,rbf_svm,stable_only,iid_test,0.0,,0.9153333333333333,0.9152500929168053,0.9766312011964482,0.061018416765259646,0.1985377029683998
0.0,7,rbf_svm,stable_only,ood,0.3,0.3,0.9036666666666666,0.9036695738687006,0.9713968306326243,0.06807391071411852,0.2201948809994538
0.0,7,rbf_svm,stable_only,ood,-0.3,-0.3,0.9096666666666666,0.9097129226369819,0.9712691520837565,0.06702340113173273,0.22023033002983566
0.0,7,rbf_svm,stable_only,ood,-0.6,-0.6,0.911,0.9109153087498572,0.9759466377696813,0.06335451286968845,0.20327063086971445
0.0,7,rbf_svm,stable_only,ood,-0.9,-0.9,0.9086666666666666,0.9087931156361327,0.9734278350630049,0.06486730609868227,0.21060841625580862
0.0,7,random_forest,all_features,iid_validation,0.0,,0.9065,0.9066605591205134,0.9692515722264007,0.06977857665517112,0.23047243261503056
0.0,7,random_forest,all_features,iid_test,0.0,,0.9076666666666666,0.9076678148634878,0.9719766916638066,0.06754459847990035,0.22224849313853748
0.0,7,random_forest,all_features,ood,0.3,0.3,0.898,0.8980169115316445,0.9661155889540252,0.07291164558969943,0.23934438285831272
0.0,7,random_forest,all_features,ood,-0.3,-0.3,0.9,0.9000320451423165,0.9667621650427053,0.07203004523127764,0.23753965046263095
0.0,7,random_forest,all_features,ood,-0.6,-0.6,0.901,0.9009145575823251,0.9698577359810582,0.07011726083482436,0.22833656229719487
0.0,7,random_forest,all_features,ood,-0.9,-0.9,0.9023333333333333,0.9025477588071869,0.96851001946853,0.07052524293087874,0.23367820415356938
0.0,7,random_forest,stable_only,iid_validation,0.0,,0.901,0.9011657678705733,0.9683354403034037,0.0700485469176414,0.23185169948140383
0.0,7,random_forest,stable_only,iid_test,0.0,,0.9076666666666666,0.907644696806685,0.9714398637101637,0.06783532876858199,0.22276788233282446
0.0,7,random_forest,stable_only,ood,0.3,0.3,0.8953333333333333,0.8953393931284288,0.9653309600346036,0.07393213865494876,0.24099758669830945
0.0,7,random_forest,stable_only,ood,-0.3,-0.3,0.896,0.8960381803870396,0.9658730345683083,0.07281148506398592,0.2395717019410259
0.0,7,random_forest,stable_only,ood,-0.6,-0.6,0.9023333333333333,0.9022537692831151,0.970128422979326,0.06957166023094416,0.22676132331739673
0.0,7,random_forest,stable_only,ood,-0.9,-0.9,0.9066666666666666,0.9068404829831532,0.9696588361295726,0.0691170022574089,0.22878104092838816
0.0,7,gradient_boosting,all_features,iid_validation,0.0,,0.8985,0.8986714086828503,0.9697506440927492,0.0734324551090915,0.24202381367203377
0.0,7,gradient_boosting,all_features,iid_test,0.0,,0.905,0.9050465828844577,0.9696139818007543,0.07180949084111297,0.23906294002047693
0.0,7,gradient_boosting,all_features,ood,0.3,0.3,0.8943333333333333,0.894385168779682,0.9652825041976536,0.07869615403686553,0.25845154257908926
0.0,7,gradient_boosting,all_features,ood,-0.3,-0.3,0.896,0.8960132909561142,0.9665472714739121,0.07686360620416469,0.25457806862973226
0.0,7,gradient_boosting,all_features,ood,-0.6,-0.6,0.9006666666666666,0.9005840883159668,0.9702879905201769,0.07381912161461307,0.2394606831714946
0.0,7,gradient_boosting,all_features,ood,-0.9,-0.9,0.8996666666666666,0.8997841967464124,0.9669559603978355,0.07452319664949339,0.24839404860742859
0.0,7,gradient_boosting,stable_only,iid_validation,0.0,,0.8995,0.8997435630730826,0.9680483989694516,0.07426037530575232,0.24845003581152753
0.0,7,gradient_boosting,stable_only,iid_test,0.0,,0.9013333333333333,0.9013152396008757,0.9680381750250298,0.07380118813774775,0.24488700050760218
0.0,7,gradient_boosting,stable_only,ood,0.3,0.3,0.8933333333333333,0.8933082489171899,0.9659924488913172,0.0785116022228656,0.25493215690817755
0.0,7,gradient_boosting,stable_only,ood,-0.3,-0.3,0.8936666666666667,0.8937156853638146,0.9655208046753019,0.07763823755442104,0.25697919851251555
0.0,7,gradient_boosting,stable_only,ood,-0.6,-0.6,0.899,0.8989259637723901,0.9702233189959601,0.07330007863922854,0.236794338233395
0.0,7,gradient_boosting,stable_only,ood,-0.9,-0.9,0.9026666666666666,0.9028511904523733,0.9709096858493264,0.0705624227115164,0.2282621234639053
0.0,7,mlp,all_features,iid_validation,0.0,,0.911,0.9110591925237235,0.9761695684178522,0.06199887503294549,0.1985545780856301
0.0,7,mlp,all_features,iid_test,0.0,,0.914,0.91418221652372,0.9774389994505016,0.060105568538875456,0.19494279089370845
0.0,7,mlp,all_features,ood,0.3,0.3,0.905,0.9048703006173451,0.9721779031603431,0.06764104458375274,0.2139004189809585
0.0,7,mlp,all_features,ood,-0.3,-0.3,0.91,0.9099762617052549,0.9728358528696847,0.06561700047118894,0.21178469415719758
0.0,7,mlp,all_features,ood,-0.6,-0.6,0.9143333333333333,0.9143297874373675,0.9781316907803296,0.05969569898197471,0.19132142944111039
0.0,7,mlp,all_features,ood,-0.9,-0.9,0.9123333333333333,0.9122509026257841,0.9764643744573243,0.06185817042277953,0.19819410836643309
0.0,7,mlp,stable_only,iid_validation,0.0,,0.9055,0.9057324254692676,0.975932534284937,0.06659577221627518,0.2269832048110304
0.0,7,mlp,stable_only,iid_test,0.0,,0.9156666666666666,0.9155661878857826,0.9778155570295786,0.06427691401078063,0.22386245614790912
0.0,7,mlp,stable_only,ood,0.3,0.3,0.909,0.9090859584320047,0.9732812736861245,0.06953050688494901,0.23561299756754267
0.0,7,mlp,stable_only,ood,-0.3,-0.3,0.9103333333333333,0.9104107156111401,0.9736367592005336,0.0686847131404491,0.23533514988910825
0.0,7,mlp,stable_only,ood,-0.6,-0.6,0.91,0.9098661188329257,0.9773476318887951,0.06495876149538428,0.22351229163934574
0.0,7,mlp,stable_only,ood,-0.9,-0.9,0.911,0.91118122271616,0.9758228332646444,0.06691357748647872,0.23000513621975396
0.0,8,logistic_regression,all_features,iid_validation,0.0,,0.911,0.911018305171531,0.9757854502688171,0.06253858569047789,0.1981557289109997
0.0,8,logistic_regression,all_features,iid_test,0.0,,0.9143333333333333,0.9143495266456287,0.9775603360149341,0.06039075354285177,0.19194553483745147
0.0,8,logistic_regression,all_features,ood,0.3,0.3,0.902,0.9020188588007737,0.9738740364375924,0.06526655691274777,0.20651394761670205
0.0,8,logistic_regression,all_features,ood,-0.3,-0.3,0.9146666666666666,0.9146952022079987,0.9771745600071834,0.060038943337231046,0.19330869746763346
0.0,8,logistic_regression,all_features,ood,-0.6,-0.6,0.911,0.9109470060821145,0.9768512488937469,0.0609184893657563,0.19465853268335373
0.0,8,logistic_regression,all_features,ood,-0.9,-0.9,0.9246666666666666,0.9246703653481281,0.9805296998965775,0.05614175240868184,0.17920335159151812
0.0,8,logistic_regression,stable_only,iid_validation,0.0,,0.9095,0.9095062083973374,0.9754664298515106,0.06299708174779978,0.1993127087624969
0.0,8,logistic_regression,stable_only,iid_test,0.0,,0.914,0.9140050668918618,0.9775545579803547,0.06028092294630765,0.19182734357683473
0.0,8,logistic_regression,stable_only,ood,0.3,0.3,0.9043333333333333,0.9043548754124474,0.9747313758675616,0.06404718275062574,0.20308827864861548
0.0,8,logistic_regression,stable_only,ood,-0.3,-0.3,0.913,0.9130240451912507,0.9765406805269645,0.06089505215067544,0.19572209373093982
0.0,8,logistic_regression,stable_only,ood,-0.6,-0.6,0.91,0.9099279863057966,0.9758791240297087,0.062335359400962805,0.198702481932196
0.0,8,logistic_regression,stable_only,ood,-0.9,-0.9,0.9216666666666666,0.9216696866787467,0.9790625829169983,0.058243311809913954,0.18530641697687505
0.0,8,rbf_svm,all_features,iid_validation,0.0,,0.904,0.9039858550947261,0.971960205453149,0.06645566524235642,0.21467512155428745
0.0,8,rbf_svm,all_features,iid_test,0.0,,0.909,0.9090381794746434,0.9748508822614339,0.06368718273201224,0.20400568611055694
0.0,8,rbf_svm,all_features,ood,0.3,0.3,0.9023333333333333,0.9023477500284447,0.9703673448344521,0.06921067041764593,0.221644956499867
0.0,8,rbf_svm,all_features,ood,-0.3,-0.3,0.9133333333333333,0.9133701007139368,0.9746972736514614,0.062395808426581725,0.20413318994851787
0.0,8,rbf_svm,all_features,ood,-0.6,-0.6,0.9136666666666666,0.9135611196282545,0.9733881374096495,0.06431989252733544,0.2096351208039671
0.0,8,rbf_svm,all_features,ood,-0.9,-0.9,0.9196666666666666,0.9196816787267149,0.9781159124636498,0.05801729498963548,0.18985267713531923
0.0,8,rbf_svm,stable_only,iid_validation,0.0,,0.9055,0.9055059523809523,0.9731522817460316,0.06492239973483294,0.21126558952207478
0.0,8,rbf_svm,stable_only,iid_test,0.0,,0.9116666666666666,0.9116960753811281,0.9750917818569713,0.06288391457484353,0.20446491161228048
0.0,8,rbf_svm,stable_only,ood,0.3,0.3,0.904,0.9040135396518375,0.9724300261690749,0.06662247311369893,0.21552733220615383
0.0,8,rbf_svm,stable_only,ood,-0.3,-0.3,0.911,0.9110237242508687,0.9743043217156174,0.06309330985954825,0.20669834998566392
0.0,8,rbf_svm,stable_only,ood,-0.6,-0.6,0.909,0.9089391926340762,0.9730440932190845,0.06541936944322442,0.21337301115854104
0.0,8,rbf_svm,stable_only,ood,-0.9,-0.9,0.9193333333333333,0.9193410106973761,0.9765981286147367,0.060396782674926576,0.19795938836375784
0.0,8,random_forest,all_features,iid_validation,0.0,,0.902,0.9020417306707629,0.9673729118663595,0.07137252405551148,0.2355375015009972
0.0,8,random_forest,all_features,iid_test,0.0,,0.9036666666666666,0.903677941241833,0.9705755811369394,0.06884399425001721,0.2254460132604792
0.0,8,random_forest,all_features,ood,0.3,0.3,0.9016666666666666,0.9016810786210036,0.9665182063516896,0.07329974595446802,0.23919510303256278
0.0,8,random_forest,all_features,ood,-0.3,-0.3,0.9046666666666666,0.9046175853103542,0.9691599407727196,0.06916821100387024,0.22894976516946552
0.0,8,random_forest,all_features,ood,-0.6,-0.6,0.9083333333333333,0.9082875533790784,0.9693309496197512,0.06880383444914945,0.2278511887013473
0.0,8,random_forest,all_features,ood,-0.9,-0.9,0.911,0.9110029773452427,0.9723672228022245,0.06623346572305036,0.21879887404735157
0.0,8,random_forest,stable_only,iid_validation,0.0,,0.905,0.9050419226830517,0.9691810275857655,0.06984522325869423,0.22973764969034804
0.0,8,random_forest,stable_only,iid_test,0.0,,0.9043333333333333,0.9043224143295258,0.9703471265389572,0.0684436849155192,0.22553299793706863
0.0,8,random_forest,stable_only,ood,0.3,0.3,0.9016666666666666,0.9016899675731027,0.967867771504153,0.07184864935951757,0.23453859909926972
0.0,8,random_forest,stable_only,ood,-0.3,-0.3,0.9023333333333333,0.9023472210430207,0.9695564488346797,0.06851323045488476,0.22745895941427474
0.0,8,random_forest,stable_only,ood,-0.6,-0.6,0.903,0.902961091446857,0.968597299830956,0.07037063639941826,0.23061127519368763
0.0,8,random_forest,stable_only,ood,-0.9,-0.9,0.9043333333333333,0.9043362840118028,0.9712992185302074,0.06723826311505256,0.22163964627694036
0.0,8,gradient_boosting,all_features,iid_validation,0.0,,0.8955,0.8954813108038915,0.9678109399001538,0.0743170764169447,0.24726017178913928
0.0,8,gradient_boosting,all_features,iid_test,0.0,,0.9,0.900048891061825,0.9700973376594515,0.07295338550952647,0.23676341560475692
0.0,8,gradient_boosting,all_features,ood,0.3,0.3,0.8936666666666667,0.8936827995221299,0.9656468668221642,0.0777096604653985,0.25545704524681934
0.0,8,gradient_boosting,all_features,ood,-0.3,-0.3,0.905,0.9049636408330404,0.9697875970322349,0.07170468874012458,0.23722627331416568
0.0,8,gradient_boosting,all_features,ood,-0.6,-0.6,0.9033333333333333,0.9032906893374304,0.9693538414489683,0.07211227983538453,0.24345046295243572
0.0,8,gradient_boosting,all_features,ood,-0.9,-0.9,0.9056666666666666,0.9056802893878242,0.9716038864155456,0.0700327754697286,0.23173718409428382
0.0,8,gradient_boosting,stable_only,iid_validation,0.0,,0.9005,0.9005136328725039,0.9686324924795189,0.07280561115943288,0.24047285593433115
0.0,8,gradient_boosting,stable_only,iid_test,0.0,,0.9006666666666666,0.9006800302235655,0.9700320014222854,0.07166357355066595,0.23414929678557656
0.0,8,gradient_boosting,stable_only,ood,0.3,0.3,0.8976666666666666,0.8976899391284561,0.9668033194902719,0.07548583942875164,0.2496810949045968
0.0,8,gradient_boosting,stable_only,ood,-0.3,-0.3,0.8986666666666666,0.8985997308901561,0.9684804984266364,0.07376568705404153,0.241751308573514
0.0,8,gradient_boosting,stable_only,ood,-0.6,-0.6,0.9026666666666666,0.9025785978732379,0.9678407582129438,0.07458678129668649,0.248683444464476
0.0,8,gradient_boosting,stable_only,ood,-0.9,-0.9,0.9013333333333333,0.9013302719877546,0.971538552820878,0.07008246467433445,0.23120458136556826
0.0,8,mlp,all_features,iid_validation,0.0,,0.9055,0.9056819636456733,0.9755884376600102,0.06382784470117155,0.20391237362671666
0.0,8,mlp,all_features,iid_test,0.0,,0.91,0.9099115516245166,0.9767980799146629,0.06187130098278798,0.1978254387993201
0.0,8,mlp,all_features,ood,0.3,0.3,0.9066666666666666,0.9066393361019456,0.9733895885481851,0.06567289223534965,0.21070590643817885
0.0,8,mlp,all_features,ood,-0.3,-0.3,0.9106666666666666,0.9104242947424008,0.9764197722390127,0.061823505856905075,0.19961263511005234
0.0,8,mlp,all_features,ood,-0.6,-0.6,0.9116666666666666,0.911764888912398,0.9756244246483214,0.06306676922270853,0.20244740946294537
0.0,8,mlp,all_features,ood,-0.9,-0.9,0.9176666666666666,0.9176390038893489,0.9795016957845609,0.05845398540052309,0.18765275015174832
0.0,8,mlp,stable_only,iid_validation,0.0,,0.9085,0.9085541474654377,0.9747863863287249,0.0676197456863321,0.23068028701763746
0.0,8,mlp,stable_only,iid_test,0.0,,0.91,0.909982665896262,0.9768349704431308,0.06531483453579306,0.22571824127723358
0.0,8,mlp,stable_only,ood,0.3,0.3,0.9096666666666666,0.9096758021390374,0.9740393709466378,0.06851554086213739,0.23459008218570018
0.0,8,mlp,stable_only,ood,-0.3,-0.3,0.9106666666666666,0.910584764933396,0.9757872263060874,0.06608927402830853,0.22817295689841952
0.0,8,mlp,stable_only,ood,-0.6,-0.6,0.9136666666666666,0.9136215718374494,0.975830228860507,0.06592089729198959,0.2272649061536916
0.0,8,mlp,stable_only,ood,-0.9,-0.9,0.9216666666666666,0.92167235335608,0.9789376935285519,0.06251065329618158,0.21749456656066427
0.0,9,logistic_regression,all_features,iid_validation,0.0,,0.918,0.9177240208111713,0.9783992530554775,0.058874199747389985,0.18979303841554246
0.0,9,logistic_regression,all_features,iid_test,0.0,,0.9126666666666666,0.9126220842467982,0.9769860193201154,0.061154763831810524,0.19477343148052456
0.0,9,logistic_regression,all_features,ood,0.3,0.3,0.9126666666666666,0.9124582869855395,0.9769290322580646,0.06138026828931864,0.1943997105349021
0.0,9,logistic_regression,all_features,ood,-0.3,-0.3,0.896,0.8959663697327596,0.9689413805758516,0.07227461979947318,0.22353433518040947
0.0,9,logistic_regression,all_features,ood,-0.6,-0.6,0.9176666666666666,0.9176938038343985,0.9779507641011393,0.059423619363058566,0.190057023210861
0.0,9,logistic_regression,all_features,ood,-0.9,-0.9,0.9086666666666666,0.9087262053015477,0.9747509339975093,0.06327067708354304,0.20381020693657942
0.0,9,logistic_regression,stable_only,iid_validation,0.0,,0.919,0.9187787897377189,0.9786494354384346,0.058334228716568584,0.1889842940315935
0.0,9,logistic_regression,stable_only,iid_test,0.0,,0.912,0.9119713238706374,0.9770313591823889,0.06112693006168555,0.19469151151508093
0.0,9,logistic_regression,stable_only,ood,0.3,0.3,0.9116666666666666,0.9114905450500557,0.9762740823136818,0.062267279458544426,0.19703515185227896
0.0,9,logistic_regression,stable_only,ood,-0.3,-0.3,0.8966666666666666,0.896613618923698,0.9700445956916782,0.07099413417676885,0.21988563830754107
0.0,9,logistic_regression,stable_only,ood,-0.6,-0.6,0.9213333333333333,0.9213781606001668,0.9795356487913308,0.05714408281355865,0.18374959090050696
0.0,9,logistic_regression,stable_only,ood,-0.9,-0.9,0.915,0.9150373599003736,0.9771459704678882,0.06008456002466092,0.19453319957255666
0.0,9,rbf_svm,all_features,iid_validation,0.0,,0.9075,0.907337949365087,0.9745844720801465,0.06350968181867057,0.2048122618456769
0.0,9,rbf_svm,all_features,iid_test,0.0,,0.9073333333333333,0.9073359897158524,0.9734099488104064,0.06574091085741819,0.2094707792506808
0.0,9,rbf_svm,all_features,ood,0.3,0.3,0.9086666666666666,0.9085650723025585,0.9728293659621803,0.06598822446114042,0.21214585441672518
0.0,9,rbf_svm,all_features,ood,-0.3,-0.3,0.894,0.8939445500950856,0.9672732125579689,0.07384486276659498,0.2334426709371387
0.0,9,rbf_svm,all_features,ood,-0.6,-0.6,0.9173333333333333,0.9173659349819394,0.9763392053348153,0.06019203793354031,0.19733614748299533
0.0,9,rbf_svm,all_features,ood,-0.9,-0.9,0.9153333333333333,0.9154509873687956,0.9753300124533001,0.06167454756970893,0.20196667056269613
0.0,9,rbf_svm,stable_only,iid_validation,0.0,,0.9155,0.9152357068302792,0.9767470485984283,0.05972084035331511,0.1965250154603241
0.0,9,rbf_svm,stable_only,iid_test,0.0,,0.9113333333333333,0.9113205634944765,0.9755004720679779,0.06274648239427914,0.2030514760135318
0.0,9,rbf_svm,stable_only,ood,0.3,0.3,0.912,0.9117908787541713,0.974304338153504,0.06436164626782397,0.2083561267682446
0.0,9,rbf_svm,stable_only,ood,-0.3,-0.3,0.8966666666666666,0.8965735828912689,0.968357744191995,0.07315114383538653,0.23180828628876346
0.0,9,rbf_svm,stable_only,ood,-0.6,-0.6,0.9206666666666666,0.9207001944984718,0.9775422061683803,0.05865914287183164,0.19397694931591325
0.0,9,rbf_svm,stable_only,ood,-0.9,-0.9,0.9143333333333333,0.9144057996797723,0.9751983632805551,0.061550085762175,0.20325454223775596
0.0,9,random_forest,all_features,iid_validation,0.0,,0.9095,0.909015172060432,0.973272015299153,0.0658166044673973,0.2185046089432821
0.0,9,random_forest,all_features,iid_test,0.0,,0.905,0.9049103070842202,0.9705093088960365,0.06926016198573148,0.2282217652754908
0.0,9,random_forest,all_features,ood,0.3,0.3,0.904,0.9040044493882091,0.967480978865406,0.07162432405786721,0.23550601188095152
0.0,9,random_forest,all_features,ood,-0.3,-0.3,0.892,0.8919027124411971,0.9620994450561062,0.0783086435115601,0.25197973048354266
0.0,9,random_forest,all_features,ood,-0.6,-0.6,0.9063333333333333,0.9063350930814116,0.971978883023062,0.06694485799826477,0.2208667366450793
0.0,9,random_forest,all_features,ood,-0.9,-0.9,0.906,0.9059331079879025,0.9689541451698986,0.06991272159651234,0.2328151807314941
0.0,9,random_forest,stable_only,iid_validation,0.0,,0.909,0.9085283171431974,0.9726755804981831,0.0662952156897285,0.2186885153779107
0.0,9,random_forest,stable_only,iid_test,0.0,,0.9013333333333333,0.9013111221349208,0.9710084918894987,0.0688052305943288,0.22449959909739511
0.0,9,random_forest,stable_only,ood,0.3,0.3,0.9023333333333333,0.9021913236929922,0.9690231368186875,0.07012318627791177,0.22999196488829912
0.0,9,random_forest,stable_only,ood,-0.3,-0.3,0.8933333333333333,0.8931771928068595,0.9628458946385081,0.07746553604049038,0.24933567477920565
0.0,9,random_forest,stable_only,ood,-0.6,-0.6,0.9073333333333333,0.9073520422339538,0.9728544595721034,0.06556626415484014,0.216741374689645
0.0,9,random_forest,stable_only,ood,-0.9,-0.9,0.912,0.912026329834549,0.9704825653798257,0.06741136880294543,0.2261860149728246
0.0,9,gradient_boosting,all_features,iid_validation,0.0,,0.904,0.9038218861550069,0.9692615917003495,0.07152449817991814,0.23709675758938048
0.0,9,gradient_boosting,all_features,iid_test,0.0,,0.8963333333333333,0.896306401455143,0.9701997087580612,0.07242554622835648,0.2317704519862579
0.0,9,gradient_boosting,all_features,ood,0.3,0.3,0.9,0.900111234705228,0.9673886540600667,0.07549062275992421,0.24678739975710345
0.0,9,gradient_boosting,all_features,ood,-0.3,-0.3,0.8906666666666667,0.8906082140593201,0.9622046508524339,0.08077190568908374,0.26740240128044784
0.0,9,gradient_boosting,all_features,ood,-0.6,-0.6,0.905,0.9050791886635177,0.9712862461794943,0.0706733238976398,0.22905662928436885
0.0,9,gradient_boosting,all_features,ood,-0.9,-0.9,0.9066666666666666,0.9066536203522505,0.9686577121508628,0.07067015929685772,0.23686555478385582
0.0,9,gradient_boosting,stable_only,iid_validation,0.0,,0.901,0.9006845990727239,0.9692315698143946,0.07197323550347619,0.23676086825694137
0.0,9,gradient_boosting,stable_only,iid_test,0.0,,0.8946666666666667,0.8946274930256624,0.9699098892462737,0.0729482977380086,0.23062697216611763
0.0,9,gradient_boosting,stable_only,ood,0.3,0.3,0.902,0.9019799777530589,0.9685942157953281,0.07328250401387618,0.2393873550289444
0.0,9,gradient_boosting,stable_only,ood,-0.3,-0.3,0.889,0.8890101090981883,0.9619731091315518,0.0811372586298702,0.26831234292562983
0.0,9,gradient_boosting,stable_only,ood,-0.6,-0.6,0.9023333333333333,0.9023673242567379,0.9723367602111699,0.06869386237168891,0.22405109067152243
0.0,9,gradient_boosting,stable_only,ood,-0.9,-0.9,0.9106666666666666,0.910638676392101,0.9702023661270236,0.06877991074807625,0.2289010510296007
0.0,9,mlp,all_features,iid_validation,0.0,,0.9165,0.916452593940983,0.9772073841830695,0.060206125393780174,0.19812935734950998
0.0,9,mlp,all_features,iid_test,0.0,,0.9076666666666666,0.9077693854581727,0.9747656995940748,0.06462265063162664,0.20814602329893894
0.0,9,mlp,all_features,ood,0.3,0.3,0.91,0.9095216907675194,0.9756177975528365,0.06324228263454561,0.20344978720788034
0.0,9,mlp,all_features,ood,-0.3,-0.3,0.893,0.8926333700330298,0.9675267740966871,0.07381719881125226,0.23211119944291242
0.0,9,mlp,all_features,ood,-0.6,-0.6,0.9156666666666666,0.9159377604890246,0.9768068908030009,0.06174536540255966,0.19986563987354342
0.0,9,mlp,all_features,ood,-0.9,-0.9,0.905,0.9054038427326099,0.9734041985411848,0.06643205082033941,0.21472114673215628
0.0,9,mlp,stable_only,iid_validation,0.0,,0.9145,0.9140188197195755,0.9780620072032512,0.059880777526845196,0.19215159551511907
0.0,9,mlp,stable_only,iid_test,0.0,,0.9126666666666666,0.9125260704208072,0.9772349440541661,0.06123956511427225,0.19506573385783357
0.0,9,mlp,stable_only,ood,0.3,0.3,0.9083333333333333,0.9085984427141268,0.9757619577308121,0.06338954232081864,0.20121475402470712
0.0,9,mlp,stable_only,ood,-0.3,-0.3,0.8946666666666667,0.8949321055616721,0.9698199490652698,0.07192345978894985,0.22383741188576387
0.0,9,mlp,stable_only,ood,-0.6,-0.6,0.9203333333333333,0.9202278410669631,0.9794422895248681,0.05730762142645913,0.1851311284312914
0.0,9,mlp,stable_only,ood,-0.9,-0.9,0.9133333333333333,0.9130759651307596,0.9768528731542431,0.06052109791377893,0.19578524649892784
0.5,0,logistic_regression,all_features,iid_validation,0.5,,0.927,0.9270241699245609,0.9841780855483513,0.05056370072523036,0.16194332756218552
0.5,0,logistic_regression,all_features,iid_test,0.5,,0.935,0.9350345799180328,0.9860052723702186,0.045919379691008816,0.1522894078704155
0.5,0,logistic_regression,all_features,ood,0.3,0.3,0.9116666666666666,0.9114180229911222,0.9761005612622354,0.06235829710189151,0.19845502945715146
0.5,0,logistic_regression,all_features,ood,0.0,0.0,0.8823333333333333,0.8823658829281302,0.9634441530734701,0.07975270916932524,0.24879362331988206
0.5,0,logistic_regression,all_features,ood,-0.3,-0.3,0.8616666666666667,0.8616127800650613,0.9464308969504581,0.09866323868766187,0.30714433651071293
0.5,0,logistic_regression,all_features,ood,-0.6,-0.6,0.8483333333333334,0.8480181795861288,0.9335318890009767,0.10963418886341257,0.3472216407549757
0.5,0,logistic_regression,all_features,ood,-0.9,-0.9,0.819,0.819063745267871,0.9108852748769068,0.1292735003520026,0.4040891626218701
0.5,0,logistic_regression,stable_only,iid_validation,0.5,,0.9105,0.9104836685238914,0.9758490777384063,0.06272158751927075,0.1981569536925097
0.5,0,logistic_regression,stable_only,iid_test,0.5,,0.9183333333333333,0.9183262892759563,0.9787820006545992,0.05816497968916513,0.18732683347998574
0.5,0,logistic_regression,stable_only,ood,0.3,0.3,0.9046666666666666,0.904571192806738,0.974275036279308,0.065013056331461,0.20479980270792497
0.5,0,logistic_regression,stable_only,ood,0.0,0.0,0.9096666666666666,0.9096693186363838,0.9763127250100005,0.06247051871969332,0.1966843474418675
0.5,0,logistic_regression,stable_only,ood,-0.3,-0.3,0.915,0.9150027623707764,0.9772565546858297,0.06036993143806986,0.19320730383846482
0.5,0,logistic_regression,stable_only,ood,-0.6,-0.6,0.9156666666666666,0.9154790689233693,0.9759656014760016,0.062265213470211696,0.197700650341379
0.5,0,logistic_regression,stable_only,ood,-0.9,-0.9,0.907,0.9071315785262253,0.9757632308461021,0.06268247496627043,0.19942297042951615
0.5,0,rbf_svm,all_features,iid_validation,0.5,,0.925,0.9250239278952753,0.9811587202051448,0.054048064855387636,0.17728370205859764
0.5,0,rbf_svm,all_features,iid_test,0.5,,0.9336666666666666,0.9337324965846995,0.9838142325535064,0.047938901061806614,0.16248473587930531
0.5,0,rbf_svm,all_features,ood,0.3,0.3,0.909,0.9087877731618483,0.9723179098850443,0.06631281623997809,0.21566723932032764
0.5,0,rbf_svm,all_features,ood,0.0,0.0,0.8803333333333333,0.8803569047513222,0.9581732521445399,0.08642779464071142,0.27120283319204447
0.5,0,rbf_svm,all_features,ood,-0.3,-0.3,0.848,0.8479820470345294,0.9398256528462197,0.10686864534856223,0.33338883789372564
0.5,0,rbf_svm,all_features,ood,-0.6,-0.6,0.8276666666666667,0.8274287041040176,0.9226838285660403,0.12079903212176012,0.379763302439945
0.5,0,rbf_svm,all_features,ood,-0.9,-0.9,0.8003333333333333,0.8002854836329237,0.8940518760480032,0.14362125714908908,0.45314241164840996
0.5,0,rbf_svm,stable_only,iid_validation,0.5,,0.906,0.9059996259547405,0.9730807427698752,0.06587767224728751,0.21298902059789665
0.5,0,rbf_svm,stable_only,iid_test,0.5,,0.9166666666666666,0.9165546021174864,0.9766927972734516,0.05971049450471649,0.19673463960981188
0.5,0,rbf_svm,stable_only,ood,0.3,0.3,0.903,0.9028354768950604,0.9720106917254724,0.0678463186004229,0.2171791964723749
0.5,0,rbf_svm,stable_only,ood,0.0,0.0,0.908,0.908013689497311,0.9741939641761856,0.06456849755165572,0.208286909440145
0.5,0,rbf_svm,stable_only,ood,-0.3,-0.3,0.913,0.9129635415949036,0.9751497747212183,0.06215856325299347,0.20371943041870888
0.5,0,rbf_svm,stable_only,ood,-0.6,-0.6,0.9143333333333333,0.9141260081237024,0.974224236245661,0.06352208175740948,0.20756127264989618
0.5,0,rbf_svm,stable_only,ood,-0.9,-0.9,0.907,0.9071120187631472,0.9738001418971902,0.06517125421169048,0.21081009887058136
0.5,0,random_forest,all_features,iid_validation,0.5,,0.9205,0.9205178826638023,0.9771822390509253,0.0596861069627021,0.200232868784113
0.5,0,random_forest,all_features,iid_test,0.5,,0.9293333333333333,0.9293566427595628,0.9810048365636382,0.05387095666753972,0.1873201797056262
0.5,0,random_forest,all_features,ood,0.3,0.3,0.903,0.9026985402913726,0.9660910735118371,0.07261633426761833,0.240896595287698
0.5,0,random_forest,all_features,ood,0.0,0.0,0.866,0.8660384905995822,0.9464151740077337,0.09279795914115725,0.29580244391307664
0.5,0,random_forest,all_features,ood,-0.3,-0.3,0.8376666666666667,0.8376310459362482,0.9243025958284868,0.11131940408145038,0.3493898731588689
0.5,0,random_forest,all_features,ood,-0.6,-0.6,0.808,0.8078493538934525,0.8991858505957561,0.1292596783697868,0.40089672714426555
0.5,0,random_forest,all_features,ood,-0.9,-0.9,0.7656666666666667,0.7657287167550708,0.8522900037163551,0.1588716387619895,0.48917630877834634
0.5,0,random_forest,stable_only,iid_validation,0.5,,0.9075,0.9075603147980905,0.9699478636915068,0.06857020161681406,0.22545600226831472
0.5,0,random_forest,stable_only,iid_test,0.5,,0.9073333333333333,0.9072959357923497,0.9722844803051002,0.06625978540521724,0.21910304502350145
0.5,0,random_forest,stable_only,ood,0.3,0.3,0.8963333333333333,0.8961913840200318,0.9664202993398588,0.0725486709872906,0.23786863015268955
0.5,0,random_forest,stable_only,ood,0.0,0.0,0.9033333333333333,0.9033157029201297,0.9690537357215876,0.06975650406860882,0.2294559831772623
0.5,0,random_forest,stable_only,ood,-0.3,-0.3,0.911,0.91098299064083,0.970278846106835,0.06729026658160478,0.2240492091027654
0.5,0,random_forest,stable_only,ood,-0.6,-0.6,0.907,0.9068242835716536,0.9700055954979816,0.06825909621769814,0.22468375160204823
0.5,0,random_forest,stable_only,ood,-0.9,-0.9,0.9033333333333333,0.9033907738375722,0.9690442299588,0.06998307728363691,0.22903835178167764
0.5,0,gradient_boosting,all_features,iid_validation,0.5,,0.9225,0.9224851206996046,0.9791234739403467,0.060039654072416765,0.20329451939816606
0.5,0,gradient_boosting,all_features,iid_test,0.5,,0.928,0.9278784579918034,0.9822537781762296,0.053101282198261726,0.18008826699184508
0.5,0,gradient_boosting,all_features,ood,0.3,0.3,0.9023333333333333,0.9020440900295925,0.9689860822615525,0.07419212131277365,0.2553038653777339
0.5,0,gradient_boosting,all_features,ood,0.0,0.0,0.8723333333333333,0.8723787723898839,0.953913951731188,0.09624505149428005,0.32482777883187935
0.5,0,gradient_boosting,all_features,ood,-0.3,-0.3,0.8486666666666667,0.8486291929477097,0.9341173458661555,0.11665708538807873,0.41258291935588054
0.5,0,gradient_boosting,all_features,ood,-0.6,-0.6,0.829,0.8285949517755253,0.9185076655653588,0.1305375213891577,0.46466268244889203
0.5,0,gradient_boosting,all_features,ood,-0.9,-0.9,0.7943333333333333,0.7945482494901126,0.8895108992334351,0.1596885370135885,0.5594839531903512
0.5,0,gradient_boosting,stable_only,iid_validation,0.5,,0.8975,0.8975591046516629,0.9686782100634177,0.07411917776499125,0.24181965341183542
0.5,0,gradient_boosting,stable_only,iid_test,0.5,,0.908,0.9078028944672132,0.9719551795167349,0.06931079064338379,0.22431594804231486
0.5,0,gradient_boosting,stable_only,ood,0.3,0.3,0.8946666666666667,0.8946175022763487,0.965145188367858,0.07823963414753803,0.25612634271683193
0.5,0,gradient_boosting,stable_only,ood,0.0,0.0,0.8973333333333333,0.8973021023156584,0.9689217298546603,0.07398374165296166,0.23850968263475603
0.5,0,gradient_boosting,stable_only,ood,-0.3,-0.3,0.9056666666666666,0.905683594539973,0.9700841689708647,0.07126945872237267,0.23465514604113452
0.5,0,gradient_boosting,stable_only,ood,-0.6,-0.6,0.9033333333333333,0.9033508937673803,0.96946383742632,0.0726516749854397,0.24051094069076384
0.5,0,gradient_boosting,stable_only,ood,-0.9,-0.9,0.898,0.8980562929981383,0.9666606061037131,0.076979698447646,0.2541338368843632
0.5,0,mlp,all_features,iid_validation,0.5,,0.927,0.9269251579441112,0.9832699756670557,0.05216926941821924,0.1704918875749956
0.5,0,mlp,all_features,iid_test,0.5,,0.936,0.9358670594262295,0.98529330672245,0.04707809874742111,0.15994070621860104
0.5,0,mlp,all_features,ood,0.3,0.3,0.908,0.9076442636011837,0.9740380648190302,0.06483237702859199,0.208769531039687
0.5,0,mlp,all_features,ood,0.0,0.0,0.881,0.8810902706786968,0.959741321836526,0.08275316743590874,0.2585985722833717
0.5,0,mlp,all_features,ood,-0.3,-0.3,0.8553333333333333,0.8551837676603942,0.9386829247261742,0.10426151353623883,0.32150252660435136
0.5,0,mlp,all_features,ood,-0.6,-0.6,0.829,0.8283147320832867,0.9222470416806775,0.11713038848778065,0.3631001639307248
0.5,0,mlp,all_features,ood,-0.9,-0.9,0.7983333333333333,0.7986273491719997,0.8953521557526152,0.13833574301189075,0.42270263922830537
0.5,0,mlp,stable_only,iid_validation,0.5,,0.9045,0.9046369610722897,0.9742078791533775,0.08673424571228125,0.3078876442095699
0.5,0,mlp,stable_only,iid_test,0.5,,0.9173333333333333,0.9174297728825137,0.9777467376764571,0.08536350657209886,0.30640203171072494
0.5,0,mlp,stable_only,ood,0.3,0.3,0.904,0.9040038840200318,0.9736703811461416,0.08855827280342275,0.3133753240857779
0.5,0,mlp,stable_only,ood,0.0,0.0,0.9086666666666666,0.9086048268811948,0.975549135517134,0.08603381037216472,0.30601260955271586
0.5,0,mlp,stable_only,ood,-0.3,-0.3,0.9113333333333333,0.9113774562987609,0.9758578127979326,0.08590228517075128,0.3063681692127637
0.5,0,mlp,stable_only,ood,-0.6,-0.6,0.9106666666666666,0.9107460248835086,0.9744724308302154,0.08541454938932293,0.303846867989039
0.5,0,mlp,stable_only,ood,-0.9,-0.9,0.9043333333333333,0.9043469795280407,0.9750204043892109,0.08603985608510656,0.3065352771574802
0.5,1,logistic_regression,all_features,iid_validation,0.5,,0.929,0.9285601894585138,0.9838302810909298,0.05000884518549392,0.16286563339283594
0.5,1,logistic_regression,all_features,iid_test,0.5,,0.9306666666666666,0.9306810801583777,0.9836576857953048,0.05037132329543072,0.16463597126372317
0.5,1,logistic_regression,all_features,ood,0.3,0.3,0.9146666666666666,0.9149973314356876,0.9758001245330012,0.06190711595266609,0.20160506150525645
0.5,1,logistic_regression,all_features,ood,0.0,0.0,0.8923333333333333,0.8923388410394849,0.9635230948991532,0.07820998922414239,0.24770341010317407
0.5,1,logistic_regression,all_features,ood,-0.3,-0.3,0.868,0.8681098862019915,0.947864953769559,0.09541457953961188,0.303880581468508
0.5,1,logistic_regression,all_features,ood,-0.6,-0.6,0.8473333333333334,0.8473124256539672,0.932338273059777,0.1099835623975896,0.34732179653696266
0.5,1,logistic_regression,all_features,ood,-0.9,-0.9,0.8236666666666667,0.8236610327382368,0.9183044081352927,0.1233644154267156,0.3798829955853226
0.5,1,logistic_regression,stable_only,iid_validation,0.5,,0.9175,0.9172938020086371,0.978474450060183,0.05808523044759576,0.18774610336092318
0.5,1,logistic_regression,stable_only,iid_test,0.5,,0.9096666666666666,0.909606949628794,0.9758814949952412,0.06275873051488377,0.19862414915931553
0.5,1,logistic_regression,stable_only,ood,0.3,0.3,0.9043333333333333,0.9048078633695071,0.9723100871731009,0.06784670654874092,0.21426540495805835
0.5,1,logistic_regression,stable_only,ood,0.0,0.0,0.9083333333333333,0.9083384037059572,0.9740462106872046,0.0644098857516611,0.20633164699322262
0.5,1,logistic_regression,stable_only,ood,-0.3,-0.3,0.9153333333333333,0.9154427453769558,0.9762077702702703,0.06188733151916227,0.19812736387675345
0.5,1,logistic_regression,stable_only,ood,-0.6,-0.6,0.916,0.9158608575780147,0.97488188013474,0.06262091909362012,0.20222725309980868
0.5,1,logistic_regression,stable_only,ood,-0.9,-0.9,0.9166666666666666,0.9166599629599835,0.978431545969576,0.05866357388205582,0.1884171681556685
0.5,1,rbf_svm,all_features,iid_validation,0.5,,0.9285,0.9279413223811399,0.9798655229401748,0.054268972966957534,0.18247852430629186
0.5,1,rbf_svm,all_features,iid_test,0.5,,0.9293333333333333,0.9293474854404797,0.9812105394879619,0.052130285343675246,0.17590886286185117
0.5,1,rbf_svm,all_features,ood,0.3,0.3,0.907,0.9073518946806618,0.9711417007649884,0.0670800066395027,0.2224204152730479
0.5,1,rbf_svm,all_features,ood,0.0,0.0,0.877,0.8770095008931116,0.9575599811377694,0.08599582331827134,0.27339766942057225
0.5,1,rbf_svm,all_features,ood,-0.3,-0.3,0.85,0.8502222617354196,0.9382756934566145,0.10791923034175208,0.3414016786038679
0.5,1,rbf_svm,all_features,ood,-0.6,-0.6,0.819,0.8188936198597014,0.9139518182121378,0.12733516494953595,0.40832345486232985
0.5,1,rbf_svm,all_features,ood,-0.9,-0.9,0.8066666666666666,0.806656802958579,0.8971777320789921,0.14102277183274242,0.44626699030134703
0.5,1,rbf_svm,stable_only,iid_validation,0.5,,0.922,0.9216389003308307,0.9768919543271086,0.059695445664028006,0.19713267368115295
0.5,1,rbf_svm,stable_only,iid_test,0.5,,0.9093333333333333,0.909343564672009,0.9742491750605341,0.06426546243400139,0.20803345074625523
0.5,1,rbf_svm,stable_only,ood,0.3,0.3,0.903,0.9034380003558086,0.9699088240526597,0.06991026609669164,0.22741389255491018
0.5,1,rbf_svm,stable_only,ood,0.0,0.0,0.9056666666666666,0.9056721802987469,0.9720750987000438,0.06632749231213077,0.21707587849671545
0.5,1,rbf_svm,stable_only,ood,-0.3,-0.3,0.913,0.9130867709815078,0.973910917496444,0.06378470798364924,0.2099561909288794
0.5,1,rbf_svm,stable_only,ood,-0.6,-0.6,0.9153333333333333,0.9151938277506643,0.9722640104056652,0.06438921575029892,0.21516873483752041
0.5,1,rbf_svm,stable_only,ood,-0.9,-0.9,0.9133333333333333,0.913327961479094,0.9767186563194028,0.06028960711287715,0.1974409874301122
0.5,1,random_forest,all_features,iid_validation,0.5,,0.918,0.917347420451778,0.9761077219578047,0.06004465663011589,0.20397327490277883
0.5,1,random_forest,all_features,iid_test,0.5,,0.922,0.9219940441659898,0.9774246863496356,0.05949210017473079,0.20286622225166062
0.5,1,random_forest,all_features,ood,0.3,0.3,0.8986666666666666,0.8990571072762854,0.9646086105675147,0.07392627431221177,0.2480639457641535
0.5,1,random_forest,all_features,ood,0.0,0.0,0.8706666666666667,0.8706741647440732,0.9495584220259653,0.0904653247911394,0.28841865791929966
0.5,1,random_forest,all_features,ood,-0.3,-0.3,0.8443333333333334,0.844452347083926,0.9246572724039829,0.11064773201883785,0.3491232746728258
0.5,1,random_forest,all_features,ood,-0.6,-0.6,0.8066666666666666,0.8066547342441996,0.8953990505942123,0.1312380984428937,0.40884377490374674
0.5,1,random_forest,all_features,ood,-0.9,-0.9,0.7813333333333333,0.7813234583659815,0.8655410513515784,0.15010397542669046,0.4626566026867334
0.5,1,random_forest,stable_only,iid_validation,0.5,,0.9085,0.9082738769942804,0.9727247489704758,0.06546013364232564,0.21666601308398156
0.5,1,random_forest,stable_only,iid_test,0.5,,0.9033333333333333,0.9033237181154172,0.9704126453229278,0.0687138630308936,0.22600794247338846
0.5,1,random_forest,stable_only,ood,0.3,0.3,0.897,0.8974693115104074,0.9653240081835972,0.07382696958850107,0.2433454171629278
0.5,1,random_forest,stable_only,ood,0.0,0.0,0.8986666666666666,0.8986710660760293,0.9674348744154997,0.07153615096072749,0.2348710237080088
0.5,1,random_forest,stable_only,ood,-0.3,-0.3,0.9026666666666666,0.9028360597439544,0.970093127667141,0.06870366238077998,0.2263762765006569
0.5,1,random_forest,stable_only,ood,-0.6,-0.6,0.908,0.9079343197963335,0.9674500561416771,0.07009742371082792,0.23293756264610754
0.5,1,random_forest,stable_only,ood,-0.9,-0.9,0.9103333333333333,0.910330404591291,0.9734339881928837,0.06480487646424125,0.2155274019488297
0.5,1,gradient_boosting,all_features,iid_validation,0.5,,0.9115,0.9113276227185854,0.9774090966945984,0.06316725538007313,0.21307210597773488
0.5,1,gradient_boosting,all_features,iid_test,0.5,,0.9166666666666666,0.9167436817616252,0.9776667337909342,0.06177496548167615,0.2071065853350226
0.5,1,gradient_boosting,all_features,ood,0.3,0.3,0.8953333333333333,0.8955257071695428,0.9663418430884185,0.07787516035054864,0.2682350854557687
0.5,1,gradient_boosting,all_features,ood,0.0,0.0,0.8773333333333333,0.8773390565951362,0.9553728690546084,0.09295057335684227,0.31575732434190507
0.5,1,gradient_boosting,all_features,ood,-0.3,-0.3,0.8536666666666667,0.8536806543385491,0.9379867532005691,0.11168527802318505,0.3922788718879001
0.5,1,gradient_boosting,all_features,ood,-0.6,-0.6,0.8186666666666667,0.8185990150192883,0.9134608842592078,0.1352378028244502,0.48013727587546107
0.5,1,gradient_boosting,all_features,ood,-0.9,-0.9,0.8063333333333333,0.8063272472565544,0.8987843994597332,0.1492474217700728,0.5156350692415066
0.5,1,gradient_boosting,stable_only,iid_validation,0.5,,0.909,0.9086101197545378,0.973159709798946,0.06730440632687826,0.21962397553042762
0.5,1,gradient_boosting,stable_only,iid_test,0.5,,0.8996666666666666,0.8996143244075838,0.9693077620991492,0.07171267495053457,0.2356194115802462
0.5,1,gradient_boosting,stable_only,ood,0.3,0.3,0.889,0.889534780288205,0.9644622842910514,0.07952492368959503,0.26142935434945813
0.5,1,gradient_boosting,stable_only,ood,0.0,0.0,0.896,0.8960003982223992,0.9679675413189073,0.0734658963362612,0.24414541818667643
0.5,1,gradient_boosting,stable_only,ood,-0.3,-0.3,0.9023333333333333,0.9024982219061166,0.969566145092461,0.07203525736262326,0.2391729511246969
0.5,1,gradient_boosting,stable_only,ood,-0.6,-0.6,0.9016666666666666,0.9016364465097664,0.967352669786884,0.07408192433452344,0.24993604167322706
0.5,1,gradient_boosting,stable_only,ood,-0.9,-0.9,0.9053333333333333,0.9053315134806726,0.9720755431446858,0.06884620459807272,0.22483127294178143
0.5,1,mlp,all_features,iid_validation,0.5,,0.921,0.9206837904931995,0.9792140839113601,0.059535093832342456,0.20748672722721692
0.5,1,mlp,all_features,iid_test,0.5,,0.923,0.9230549187640777,0.978989659751089,0.060153265688078404,0.21084698657280515
0.5,1,mlp,all_features,ood,0.3,0.3,0.8896666666666667,0.8900240170788116,0.9622420387831346,0.07893507543371531,0.2628983841822826
0.5,1,mlp,all_features,ood,0.0,0.0,0.851,0.8510028226679212,0.934713304317024,0.10320061118340931,0.3265221479933443
0.5,1,mlp,all_features,ood,-0.3,-0.3,0.8113333333333334,0.8113620199146515,0.8946754978662873,0.13235307001533056,0.4100283091225373
0.5,1,mlp,all_features,ood,-0.6,-0.6,0.7643333333333333,0.764773043101244,0.8572578403797623,0.1567798515554241,0.47230627302735956
0.5,1,mlp,all_features,ood,-0.9,-0.9,0.7203333333333334,0.7203338757039448,0.8075674700299866,0.18345202071384714,0.5367098089282781
0.5,1,mlp,stable_only,iid_validation,0.5,,0.919,0.9191032991879061,0.9782058567375332,0.05879680038031845,0.19028354774421083
0.5,1,mlp,stable_only,iid_test,0.5,,0.907,0.9070891228014024,0.9757201300343757,0.0631638486339919,0.1997564523076594
0.5,1,mlp,stable_only,ood,0.3,0.3,0.9046666666666666,0.9049724248354385,0.9718808930795232,0.06791897947804501,0.21567528888050827
0.5,1,mlp,stable_only,ood,0.0,0.0,0.9086666666666666,0.908667959407982,0.9740382106836492,0.06445602476413086,0.206606362382219
0.5,1,mlp,stable_only,ood,-0.3,-0.3,0.9156666666666666,0.9156738975817923,0.9759041607396872,0.0621593039139604,0.1996327452348431
0.5,1,mlp,stable_only,ood,-0.6,-0.6,0.9146666666666666,0.9146824382163623,0.9745243521472802,0.06301198112779663,0.20506139015349617
0.5,1,mlp,stable_only,ood,-0.9,-0.9,0.9176666666666666,0.9176655189624529,0.9781342125040944,0.059215749831406546,0.1901699074042686
0.5,2,logistic_regression,all_features,iid_validation,0.5,,0.9245,0.9247247454514355,0.9792920153924484,0.0565628327934552,0.18566861916254168
0.5,2,logistic_regression,all_features,iid_test,0.5,,0.937,0.9369985546640972,0.9869888657579836,0.04445674607930569,0.14654017908413483
0.5,2,logistic_regression,all_features,ood,0.3,0.3,0.91,0.9096527578672184,0.9749705719460269,0.0629944704163082,0.20395381035250595
0.5,2,logistic_regression,all_features,ood,0.0,0.0,0.887,0.8870259329335856,0.9593740930229044,0.0822576757000713,0.2652225650313452
0.5,2,logistic_regression,all_features,ood,-0.3,-0.3,0.8543333333333333,0.8542490988403627,0.9385121929966515,0.10509061445324752,0.3313825554662326
0.5,2,logistic_regression,all_features,ood,-0.6,-0.6,0.8323333333333334,0.8324062179428177,0.9225073824620005,0.1194702932795783,0.37659353927663086
0.5,2,logistic_regression,all_features,ood,-0.9,-0.9,0.791,0.7909582716822217,0.894153340541771,0.14370947983232002,0.4421117134558511
0.5,2,logistic_regression,stable_only,iid_validation,0.5,,0.9025,0.9025653413836598,0.9692091014303134,0.06987082073310925,0.22514691466240241
0.5,2,logistic_regression,stable_only,iid_test,0.5,,0.9213333333333333,0.9213287490288872,0.9801172979863076,0.055343998937175135,0.18048921465555456
0.5,2,logistic_regression,stable_only,ood,0.3,0.3,0.914,0.9136596033401064,0.9780415963984691,0.05914201311779103,0.19013156799680836
0.5,2,logistic_regression,stable_only,ood,0.0,0.0,0.9056666666666666,0.9057332730644969,0.9748853180936734,0.06401325265581936,0.20209138816060257
0.5,2,logistic_regression,stable_only,ood,-0.3,-0.3,0.913,0.9130027510487595,0.9765627361820706,0.06150829789861247,0.1965558171378885
0.5,2,logistic_regression,stable_only,ood,-0.6,-0.6,0.907,0.9070943670069647,0.9759327959176686,0.06315691750491778,0.1987778830804206
0.5,2,logistic_regression,stable_only,ood,-0.9,-0.9,0.9103333333333333,0.9104950347143183,0.9761419090029593,0.062130937705342365,0.19837363908744013
0.5,2,rbf_svm,all_features,iid_validation,0.5,,0.923,0.9231988044544873,0.9765882339996259,0.058394635946128634,0.1987917188670558
0.5,2,rbf_svm,all_features,iid_test,0.5,,0.9396666666666667,0.939671448304797,0.9845924170531858,0.04647127558244699,0.15866124674689133
0.5,2,rbf_svm,all_features,ood,0.3,0.3,0.9046666666666666,0.9042826945234437,0.9704081105675653,0.06886098979250638,0.22653546023579513
0.5,2,rbf_svm,all_features,ood,0.0,0.0,0.8753333333333333,0.8753688466118114,0.9534876588890534,0.09049168872739714,0.290645048276618
0.5,2,rbf_svm,all_features,ood,-0.3,-0.3,0.835,0.8349099551687529,0.9261462554972072,0.11765099402074121,0.37400120080507393
0.5,2,rbf_svm,all_features,ood,-0.6,-0.6,0.8096666666666666,0.8097432490658811,0.9035773314284112,0.13722685898257195,0.43363485868311774
0.5,2,rbf_svm,all_features,ood,-0.9,-0.9,0.7703333333333333,0.7703217476667426,0.8685039587127248,0.16427435301750656,0.5162882238890465
0.5,2,rbf_svm,stable_only,iid_validation,0.5,,0.898,0.8980895478793371,0.9669274420307468,0.07144259481926608,0.23521738377025936
0.5,2,rbf_svm,stable_only,iid_test,0.5,,0.919,0.9189994115545095,0.9783932949214131,0.0564710174512888,0.18871853937723737
0.5,2,rbf_svm,stable_only,ood,0.3,0.3,0.9133333333333333,0.9128813849082611,0.9766151594101211,0.060674669503221895,0.19868607378625053
0.5,2,rbf_svm,stable_only,ood,0.0,0.0,0.9056666666666666,0.9057412733525073,0.9734230432295563,0.06564947012719306,0.21192468043956827
0.5,2,rbf_svm,stable_only,ood,-0.3,-0.3,0.913,0.9129102788215482,0.9757180379527359,0.061893566430332926,0.20206642383927093
0.5,2,rbf_svm,stable_only,ood,-0.6,-0.6,0.907,0.9071090407757354,0.9740607787502484,0.06570233971680248,0.21013424427629498
0.5,2,rbf_svm,stable_only,ood,-0.9,-0.9,0.9063333333333333,0.9064811916685636,0.9747022962667881,0.06396262889401379,0.20645043106958152
0.5,2,random_forest,all_features,iid_validation,0.5,,0.9125,0.9127212764488937,0.9739309660491882,0.06371328267530073,0.21302323455615174
0.5,2,random_forest,all_features,iid_test,0.5,,0.9286666666666666,0.928663873180219,0.9807372990885317,0.05406848992673415,0.18781166308460692
0.5,2,random_forest,all_features,ood,0.3,0.3,0.9016666666666666,0.9014845807682101,0.965296043551739,0.07343128657237771,0.2422803019404808
0.5,2,random_forest,all_features,ood,0.0,0.0,0.868,0.8680272489809633,0.9470425379758115,0.09211600492166994,0.2940749213064467
0.5,2,random_forest,all_features,ood,-0.3,-0.3,0.8296666666666667,0.8295056648130728,0.9136316066515985,0.11903318658387578,0.3721610850815941
0.5,2,random_forest,all_features,ood,-0.6,-0.6,0.797,0.7972025126828051,0.8807513947861876,0.1413006129633143,0.43745944275555315
0.5,2,random_forest,all_features,ood,-0.9,-0.9,0.757,0.756958869223765,0.8348820211131345,0.16839857553075943,0.5140338114708695
0.5,2,random_forest,stable_only,iid_validation,0.5,,0.8975,0.897495876308253,0.96275523626328,0.07578014746430915,0.24841125855862511
0.5,2,random_forest,stable_only,iid_test,0.5,,0.9173333333333333,0.9173305196987016,0.9746679549652534,0.06219589292269332,0.21039930324649822
0.5,2,random_forest,stable_only,ood,0.3,0.3,0.9096666666666666,0.909249847294667,0.971426071920205,0.06617372077922423,0.2223267946996123
0.5,2,random_forest,stable_only,ood,0.0,0.0,0.903,0.9030705105383794,0.9683377490478545,0.07137800023642665,0.23279882770071647
0.5,2,random_forest,stable_only,ood,-0.3,-0.3,0.9046666666666666,0.9046033386030647,0.9705475956331768,0.06824435685599195,0.22551395144999264
0.5,2,random_forest,stable_only,ood,-0.6,-0.6,0.8953333333333333,0.8954880828987897,0.9677010339671066,0.0727596015643807,0.2357177495686079
0.5,2,random_forest,stable_only,ood,-0.9,-0.9,0.903,0.9030595549738221,0.9703654517840883,0.06879746155649402,0.22633371639642041
0.5,2,gradient_boosting,all_features,iid_validation,0.5,,0.9185,0.9187570207790052,0.9745226370421052,0.06433726910740342,0.22778155865201624
0.5,2,gradient_boosting,all_features,iid_test,0.5,,0.9336666666666666,0.9336598820620126,0.9824666354962409,0.05280812961036856,0.18133972224832762
0.5,2,gradient_boosting,all_features,ood,0.3,0.3,0.9036666666666666,0.9035432089311695,0.9692501322259005,0.07375377743302855,0.2536229241425453
0.5,2,gradient_boosting,all_features,ood,0.0,0.0,0.8736666666666667,0.8736641185749353,0.9504319933295376,0.09639269233864381,0.3396977795547218
0.5,2,gradient_boosting,all_features,ood,-0.3,-0.3,0.836,0.8359275942460935,0.9239122509696246,0.12592070824887125,0.44041681455325793
0.5,2,gradient_boosting,all_features,ood,-0.6,-0.6,0.809,0.8091496284201554,0.9012779963280004,0.14664587752283767,0.5163213637106063
0.5,2,gradient_boosting,all_features,ood,-0.9,-0.9,0.776,0.7758472285454132,0.8755224042510814,0.17212152862089727,0.5927228008009175
0.5,2,gradient_boosting,stable_only,iid_validation,0.5,,0.8965,0.8964785823102877,0.9623931316150368,0.07751013486919789,0.2720091062265367
0.5,2,gradient_boosting,stable_only,iid_test,0.5,,0.9146666666666666,0.9146620705103476,0.9751777336493043,0.062418651588042585,0.21061219859389635
0.5,2,gradient_boosting,stable_only,ood,0.3,0.3,0.9066666666666666,0.9063137199731452,0.9715988114805917,0.06786504033747244,0.2250580225191067
0.5,2,gradient_boosting,stable_only,ood,0.0,0.0,0.897,0.8970662943865979,0.966804804972979,0.07531333487469495,0.24745844902513353
0.5,2,gradient_boosting,stable_only,ood,-0.3,-0.3,0.907,0.9069315936699205,0.9701957121339567,0.06905572672032545,0.22978334715752494
0.5,2,gradient_boosting,stable_only,ood,-0.6,-0.6,0.8983333333333333,0.898394156104888,0.9671765578984672,0.07584988962552161,0.24417910317109362
0.5,2,gradient_boosting,stable_only,ood,-0.9,-0.9,0.9036666666666666,0.9037513515820623,0.968866485033007,0.0722077700261291,0.2392281511212913
0.5,2,mlp,all_features,iid_validation,0.5,,0.9115,0.911942051252812,0.9735933684834918,0.07579242949514822,0.27038470275603516
0.5,2,mlp,all_features,iid_test,0.5,,0.9273333333333333,0.927323426352758,0.9824155242942654,0.06653985677596608,0.2495064721859391
0.5,2,mlp,all_features,ood,0.3,0.3,0.8866666666666667,0.8865831224545401,0.9582718208352402,0.0898895483386509,0.3068769252637308
0.5,2,mlp,all_features,ood,0.0,0.0,0.8396666666666667,0.8396068925147973,0.9243048305294546,0.11520306006753579,0.37009391428279564
0.5,2,mlp,all_features,ood,-0.3,-0.3,0.7846666666666666,0.7847868959740794,0.8745014057556848,0.1457690591979955,0.44597847627056536
0.5,2,mlp,all_features,ood,-0.6,-0.6,0.744,0.7436119081635512,0.8354421317695542,0.16596709726650646,0.49640567744336883
0.5,2,mlp,all_features,ood,-0.9,-0.9,0.671,0.670704814477578,0.764411243740041,0.19728176373809014,0.5685845981880643
0.5,2,mlp,stable_only,iid_validation,0.5,,0.897,0.897276312854415,0.9690280491061917,0.0708161280766071,0.22799277287213027
0.5,2,mlp,stable_only,iid_test,0.5,,0.9206666666666666,0.9206505256009344,0.9799288532068502,0.05548540571863643,0.18185675959729883
0.5,2,mlp,stable_only,ood,0.3,0.3,0.9156666666666666,0.9156465534896062,0.9779975210982674,0.05905891248166811,0.19034810283395162
0.5,2,mlp,stable_only,ood,0.0,0.0,0.907,0.9070066522394806,0.9746137527617661,0.06436143832472138,0.20383927398229496
0.5,2,mlp,stable_only,ood,-0.3,-0.3,0.912,0.9121122612838346,0.9764956049017394,0.06173189276266148,0.19665781799608434
0.5,2,mlp,stable_only,ood,-0.6,-0.6,0.907,0.9069329555504864,0.9753871985151925,0.06386219393355952,0.2005120149187471
0.5,2,mlp,stable_only,ood,-0.9,-0.9,0.906,0.9059672348053722,0.9757715577338949,0.06280100968744197,0.19910009678852097
0.5,3,logistic_regression,all_features,iid_validation,0.5,,0.9295,0.9295257915891187,0.9833646525368556,0.050926187186401614,0.166288582982529
0.5,3,logistic_regression,all_features,iid_test,0.5,,0.9263333333333333,0.9262542940045135,0.9829480494936133,0.05186208850409001,0.16767925712402995
0.5,3,logistic_regression,all_features,ood,0.3,0.3,0.9086666666666666,0.9086580969870095,0.9754187376281306,0.06462178238530085,0.20198152812562994
0.5,3,logistic_regression,all_features,ood,0.0,0.0,0.8843333333333333,0.8843162039314824,0.9625807392118456,0.08057616417717457,0.2531512576761346
0.5,3,logistic_regression,all_features,ood,-0.3,-0.3,0.8593333333333333,0.8593216480764854,0.946006964204416,0.09874834524636507,0.3083075344712769
0.5,3,logistic_regression,all_features,ood,-0.6,-0.6,0.8456666666666667,0.8456751109706616,0.9320184415527846,0.10994583867768581,0.35177603840905225
0.5,3,logistic_regression,all_features,ood,-0.9,-0.9,0.8063333333333333,0.8063333333333333,0.9104675555555555,0.1314384847649683,0.4008844531263001
0.5,3,logistic_regression,stable_only,iid_validation,0.5,,0.9085,0.9086230984709762,0.9747529549893541,0.06414008174048857,0.20353872206500165
0.5,3,logistic_regression,stable_only,iid_test,0.5,,0.902,0.9018221031450456,0.9743371391090706,0.0653283485199155,0.20345558313869586
0.5,3,logistic_regression,stable_only,ood,0.3,0.3,0.9096666666666666,0.9097376419111479,0.976749665156593,0.06184835337414281,0.1945705151034092
0.5,3,logistic_regression,stable_only,ood,0.0,0.0,0.9113333333333333,0.9113396453585814,0.9764590169471788,0.06153884521879824,0.195785337223857
0.5,3,logistic_regression,stable_only,ood,-0.3,-0.3,0.9053333333333333,0.9053003357614386,0.9745342377077169,0.06487982132781138,0.20303791986455735
0.5,3,logistic_regression,stable_only,ood,-0.6,-0.6,0.9173333333333333,0.9173463578022143,0.9763178141079746,0.06054755695456575,0.1967042065697316
0.5,3,logistic_regression,stable_only,ood,-0.9,-0.9,0.9106666666666666,0.9106666666666667,0.9762955555555555,0.06179673211956663,0.19697677961000243
0.5,3,rbf_svm,all_features,iid_validation,0.5,,0.9255,0.9255074661047544,0.9809194544758126,0.05410106531283692,0.17803130613128923
0.5,3,rbf_svm,all_features,iid_test,0.5,,0.9256666666666666,0.9256650843236873,0.9803621971962513,0.05460016307592753,0.18100285324720228
0.5,3,rbf_svm,all_features,ood,0.3,0.3,0.9013333333333333,0.901313990875545,0.9704270925990383,0.07017567465181103,0.2250614715741072
0.5,3,rbf_svm,all_features,ood,0.0,0.0,0.8733333333333333,0.8733168266006397,0.9543949286908258,0.09046183975563608,0.28635620411464363
0.5,3,rbf_svm,all_features,ood,-0.3,-0.3,0.841,0.8409756999772365,0.932156360260642,0.11288352421164688,0.3541519948280088
0.5,3,rbf_svm,all_features,ood,-0.6,-0.6,0.8186666666666667,0.8187241407357331,0.9111661353142045,0.1297505183883488,0.41142326822527003
0.5,3,rbf_svm,all_features,ood,-0.9,-0.9,0.7803333333333333,0.7803333333333333,0.8814199999999999,0.15451582362459593,0.4780611300694513
0.5,3,rbf_svm,stable_only,iid_validation,0.5,,0.9055,0.9056048539931734,0.9738778841086129,0.06454522952366284,0.20891339679109475
0.5,3,rbf_svm,stable_only,iid_test,0.5,,0.9026666666666666,0.9024891329723961,0.9720625673978054,0.06800017042896536,0.21734782762777854
0.5,3,rbf_svm,stable_only,ood,0.3,0.3,0.9073333333333333,0.9073805132472631,0.9749746505870704,0.06411619128953926,0.2064151996086317
0.5,3,rbf_svm,stable_only,ood,0.0,0.0,0.912,0.9120063146919255,0.9748150103711526,0.0632668532027977,0.2057650179844881
0.5,3,rbf_svm,stable_only,ood,-0.3,-0.3,0.9043333333333333,0.9043311091509219,0.9729652465570225,0.06685839748668165,0.21353602891246518
0.5,3,rbf_svm,stable_only,ood,-0.6,-0.6,0.9136666666666666,0.9136735589147875,0.9735141576207855,0.0632188531861827,0.20982297625130453
0.5,3,rbf_svm,stable_only,ood,-0.9,-0.9,0.9096666666666666,0.9096666666666666,0.9742862222222222,0.06358443737718869,0.20746869667030407
0.5,3,random_forest,all_features,iid_validation,0.5,,0.9155,0.9155336582263163,0.9769046292749712,0.060708687727281434,0.20522150774535522
0.5,3,random_forest,all_features,iid_test,0.5,,0.915,0.9150392991739947,0.974866538448711,0.06272213137767783,0.21003250964980089
0.5,3,random_forest,all_features,ood,0.3,0.3,0.8946666666666667,0.8946740227751306,0.9642040951137535,0.07533904190996472,0.24528158269433634
0.5,3,random_forest,all_features,ood,0.0,0.0,0.8643333333333333,0.8643241239631625,0.9456746715875752,0.09383908121638448,0.2974354181617069
0.5,3,random_forest,all_features,ood,-0.3,-0.3,0.8376666666666667,0.8376038584111085,0.9224374181937174,0.1126014693531872,0.35327835741466124
0.5,3,random_forest,all_features,ood,-0.6,-0.6,0.8176666666666667,0.8177221046624346,0.8951091128169504,0.13119939957974133,0.4103137800924243
0.5,3,random_forest,all_features,ood,-0.9,-0.9,0.7546666666666667,0.7546666666666666,0.848300888888889,0.16164426019374992,0.49222650872966656
0.5,3,random_forest,stable_only,iid_validation,0.5,,0.897,0.8970366599694575,0.9678338945454581,0.07166348813566668,0.23453444241558422
0.5,3,random_forest,stable_only,iid_test,0.5,,0.8936666666666667,0.8934920123178174,0.9672870785205278,0.07201785496457948,0.23411099931515636
0.5,3,random_forest,stable_only,ood,0.3,0.3,0.9013333333333333,0.9013419963646208,0.9700445731807877,0.06947852991373804,0.22593516125999108
0.5,3,random_forest,stable_only,ood,0.0,0.0,0.9013333333333333,0.9013356053424214,0.970040546828854,0.06893609341126637,0.22536399054345777
0.5,3,random_forest,stable_only,ood,-0.3,-0.3,0.8953333333333333,0.8954088891418166,0.9673428430173001,0.07271340193496018,0.23492528247054248
0.5,3,random_forest,stable_only,ood,-0.6,-0.6,0.9043333333333333,0.9043558901453785,0.9669934784318902,0.07041956873527061,0.23453778204721265
0.5,3,random_forest,stable_only,ood,-0.9,-0.9,0.9006666666666666,0.9006666666666667,0.9687148888888888,0.07057330732484428,0.23085060379277828
0.5,3,gradient_boosting,all_features,iid_validation,0.5,,0.9175,0.9175338202394394,0.9772891604219942,0.06152059111952159,0.20838854760657818
0.5,3,gradient_boosting,all_features,iid_test,0.5,,0.9163333333333333,0.916233282564952,0.9766237173572277,0.06273444385481147,0.21722956983264347
0.5,3,gradient_boosting,all_features,ood,0.3,0.3,0.8966666666666666,0.8967210906671041,0.9685333880996232,0.07794534769359417,0.2620618263271045
0.5,3,gradient_boosting,all_features,ood,0.0,0.0,0.8723333333333333,0.8723201559472904,0.9522304755885691,0.09721709051071635,0.33608531818381465
0.5,3,gradient_boosting,all_features,ood,-0.3,-0.3,0.8396666666666667,0.839629453107216,0.9323141930343729,0.12167846759388272,0.417824314140879
0.5,3,gradient_boosting,all_features,ood,-0.6,-0.6,0.825,0.8250557020052722,0.9112945843828155,0.13627827811719162,0.4931452213677494
0.5,3,gradient_boosting,all_features,ood,-0.9,-0.9,0.7866666666666666,0.7866666666666666,0.8863186666666667,0.16444518660433835,0.5698564123613613
0.5,3,gradient_boosting,stable_only,iid_validation,0.5,,0.894,0.8940814205950682,0.9673553557838186,0.07565955064240928,0.2459782841525529
0.5,3,gradient_boosting,stable_only,iid_test,0.5,,0.894,0.8940667696857177,0.9666594034529911,0.0766820611129997,0.2542656880042718
0.5,3,gradient_boosting,stable_only,ood,0.3,0.3,0.8996666666666666,0.8997543518529632,0.9701601513896724,0.07288842004250025,0.23554000220244445
0.5,3,gradient_boosting,stable_only,ood,0.0,0.0,0.899,0.8989949293130506,0.969278988227064,0.0732568831806044,0.24011113862973624
0.5,3,gradient_boosting,stable_only,ood,-0.3,-0.3,0.8923333333333333,0.8922895800136581,0.9666108101667426,0.07729155100241597,0.25162521675652305
0.5,3,gradient_boosting,stable_only,ood,-0.6,-0.6,0.8983333333333333,0.898391675433649,0.9653776424840184,0.07587134600804987,0.25925858848439504
0.5,3,gradient_boosting,stable_only,ood,-0.9,-0.9,0.8956666666666667,0.8956666666666666,0.9666,0.07661966200985854,0.25186683264519183
0.5,3,mlp,all_features,iid_validation,0.5,,0.926,0.9260120069725648,0.9823575709632479,0.0524792764899037,0.1735139154444066
0.5,3,mlp,all_features,iid_test,0.5,,0.9253333333333333,0.9253549154539694,0.982265455636958,0.05313978070908466,0.17360634964129157
0.5,3,mlp,all_features,ood,0.3,0.3,0.9036666666666666,0.9036617843764044,0.9737810833145519,0.06634110334358657,0.20895493586723304
0.5,3,mlp,all_features,ood,0.0,0.0,0.8816666666666667,0.8816495265981064,0.960038506820694,0.08240457037097312,0.2583849285002393
0.5,3,mlp,all_features,ood,-0.3,-0.3,0.8503333333333334,0.8502500426815388,0.941444040945823,0.10166973576596665,0.3138151180415032
0.5,3,mlp,all_features,ood,-0.6,-0.6,0.834,0.8340260249368978,0.924815071120338,0.11557464539613106,0.3595936162070396
0.5,3,mlp,all_features,ood,-0.9,-0.9,0.7916666666666666,0.7916666666666667,0.8992862222222222,0.1383679041487406,0.4139122165743262
0.5,3,mlp,stable_only,iid_validation,0.5,,0.906,0.9062174036096924,0.9724747704564071,0.08929024540966324,0.3141512504906627
0.5,3,mlp,stable_only,iid_test,0.5,,0.905,0.9045046747673733,0.9728825693988948,0.0869104841115706,0.3069032236955767
0.5,3,mlp,stable_only,ood,0.3,0.3,0.902,0.9022141673101262,0.9751409053952353,0.08608094438162504,0.30632420980784364
0.5,3,mlp,stable_only,ood,0.0,0.0,0.907,0.9070282947798458,0.974645231914261,0.08549269865526317,0.3038872516562938
0.5,3,mlp,stable_only,ood,-0.3,-0.3,0.9016666666666666,0.901875142271796,0.9732626835306168,0.08773889401106223,0.31014648637236736
0.5,3,mlp,stable_only,ood,-0.6,-0.6,0.9143333333333333,0.9142842475662457,0.9738999492870631,0.08639456114171727,0.3071834103851705
0.5,3,mlp,stable_only,ood,-0.9,-0.9,0.907,0.907,0.9742475555555555,0.0868052160814176,0.30786524169326457
0.5,4,logistic_regression,all_features,iid_validation,0.5,,0.934,0.9340354063186569,0.9855788702098319,0.04682157036026326,0.15455779823491134
0.5,4,logistic_regression,all_features,iid_test,0.5,,0.9313333333333333,0.9314751333744857,0.9863788137809332,0.04718683399406827,0.1507196633050719
0.5,4,logistic_regression,all_features,ood,0.3,0.3,0.9153333333333333,0.9151423797067944,0.9767608600025175,0.060226529130273605,0.19646178993432536
0.5,4,logistic_regression,all_features,ood,0.0,0.0,0.8906666666666667,0.8906487296834464,0.9644921156060732,0.07812180646206261,0.24543028563723662
0.5,4,logistic_regression,all_features,ood,-0.3,-0.3,0.855,0.8549527783000188,0.9413921123382664,0.1022069370557277,0.327554448335118
0.5,4,logistic_regression,all_features,ood,-0.6,-0.6,0.825,0.8250032008194097,0.9179327685665308,0.1234309261591585,0.39667217624536133
0.5,4,logistic_regression,all_features,ood,-0.9,-0.9,0.8126666666666666,0.8128957236508725,0.9081343268986289,0.13355954587474242,0.4148087359892203
0.5,4,logistic_regression,stable_only,iid_validation,0.5,,0.9195,0.9195247757229815,0.9791378122403102,0.05714436695015326,0.18565864992189948
0.5,4,logistic_regression,stable_only,iid_test,0.5,,0.922,0.9221865054728456,0.9803714028025097,0.056290032200977835,0.18010507099299453
0.5,4,logistic_regression,stable_only,ood,0.3,0.3,0.909,0.9089410799801986,0.977338624990493,0.06080005726879088,0.191547597265836
0.5,4,logistic_regression,stable_only,ood,0.0,0.0,0.914,0.9139950158914572,0.9785381992763398,0.058555973475516734,0.18788841033096804
0.5,4,logistic_regression,stable_only,ood,-0.3,-0.3,0.909,0.9089387217939846,0.97415195835939,0.06451004343595676,0.20489735275090531
0.5,4,logistic_regression,stable_only,ood,-0.6,-0.6,0.9003333333333333,0.9002918080361906,0.9698829567035827,0.06995215474494797,0.22222483203283847
0.5,4,logistic_regression,stable_only,ood,-0.9,-0.9,0.9096666666666666,0.9097136654344893,0.9767931026512263,0.06197299237201723,0.19519686669921762
0.5,4,rbf_svm,all_features,iid_validation,0.5,,0.93,0.9300143701293312,0.9830848477636298,0.05006093261426224,0.16736030232034238
0.5,4,rbf_svm,all_features,iid_test,0.5,,0.9293333333333333,0.9295245481989329,0.9840733341753553,0.05029459926151812,0.16401892505773943
0.5,4,rbf_svm,all_features,ood,0.3,0.3,0.9103333333333333,0.9101295234350641,0.9732537953911344,0.06414458463413567,0.21329066985198772
0.5,4,rbf_svm,all_features,ood,0.0,0.0,0.8793333333333333,0.879287148920132,0.9565421646960313,0.08723773041000846,0.2791713266318663
0.5,4,rbf_svm,all_features,ood,-0.3,-0.3,0.839,0.8389202011272405,0.9284218676316791,0.11545432786261292,0.37220240390557024
0.5,4,rbf_svm,all_features,ood,-0.6,-0.6,0.8046666666666666,0.8044992851503319,0.8966144221809671,0.14171812954699217,0.4615296073587708
0.5,4,rbf_svm,all_features,ood,-0.9,-0.9,0.781,0.7813885199468724,0.878564291035687,0.158625490244251,0.5033007575332478
0.5,4,rbf_svm,stable_only,iid_validation,0.5,,0.92,0.9200172801555214,0.9772677954101587,0.05826170353709061,0.19413362596261435
0.5,4,rbf_svm,stable_only,iid_test,0.5,,0.9223333333333333,0.9225285027368675,0.9793267323562321,0.05728276524109515,0.18690975625811704
0.5,4,rbf_svm,stable_only,ood,0.3,0.3,0.9066666666666666,0.9066515917002881,0.9758948796856675,0.0626565984212284,0.1996844492576289
0.5,4,rbf_svm,stable_only,ood,0.0,0.0,0.9136666666666666,0.913666342067005,0.9766430468930212,0.060224823696275964,0.19660790994266003
0.5,4,rbf_svm,stable_only,ood,-0.3,-0.3,0.907,0.9069626506554236,0.9723367819019262,0.06650851440754979,0.21485732823379244
0.5,4,rbf_svm,stable_only,ood,-0.6,-0.6,0.8986666666666666,0.8986513880886839,0.9676326028352147,0.07251108135188825,0.23573046860640212
0.5,4,rbf_svm,stable_only,ood,-0.9,-0.9,0.91,0.9100190427421548,0.9755031391186997,0.06328007033035288,0.2037671170378559
0.5,4,random_forest,all_features,iid_validation,0.5,,0.928,0.9280113521021689,0.980197321775896,0.055144619241039444,0.19077564189836
0.5,4,random_forest,all_features,iid_test,0.5,,0.9223333333333333,0.9224778035325782,0.9814391992016209,0.05525369759671812,0.1882116880190736
0.5,4,random_forest,all_features,ood,0.3,0.3,0.9033333333333333,0.9031881152096299,0.9677209951079007,0.07068787992238981,0.23496136539456733
0.5,4,random_forest,all_features,ood,0.0,0.0,0.873,0.8729458997107048,0.948742217052727,0.09120573853199619,0.29073957422896574
0.5,4,random_forest,all_features,ood,-0.3,-0.3,0.8383333333333334,0.8382895117557565,0.9190764200844563,0.11462447360304466,0.3605948714909575
0.5,4,random_forest,all_features,ood,-0.6,-0.6,0.8006666666666666,0.8005836160723812,0.8795140444842768,0.1408213642604567,0.4417687475368758
0.5,4,random_forest,all_features,ood,-0.9,-0.9,0.765,0.7653222063977213,0.8475800515274201,0.16180387554734102,0.49387230067610594
0.5,4,random_forest,stable_only,iid_validation,0.5,,0.9145,0.9145367308305774,0.973407260665346,0.06442482496516422,0.21525069397139857
0.5,4,random_forest,stable_only,iid_test,0.5,,0.9103333333333333,0.9105714956621049,0.9753455106299332,0.06312459572423441,0.20958321926158177
0.5,4,random_forest,stable_only,ood,0.3,0.3,0.9073333333333333,0.9071546341955924,0.97400391136667,0.06481260128094393,0.21404443392213346
0.5,4,random_forest,stable_only,ood,0.0,0.0,0.9043333333333333,0.9043016936813291,0.9724614002704949,0.06616019428798281,0.2187223461921216
0.5,4,random_forest,stable_only,ood,-0.3,-0.3,0.899,0.8989423619250294,0.967662391401646,0.07139198682264988,0.23416909249252413
0.5,4,random_forest,stable_only,ood,-0.6,-0.6,0.8956666666666667,0.8956026076008792,0.9626886705218758,0.0761510548355323,0.2490682316378818
0.5,4,random_forest,stable_only,ood,-0.9,-0.9,0.9053333333333333,0.9054157131960335,0.972414249874204,0.06690232996041368,0.21980227544092057
0.5,4,gradient_boosting,all_features,iid_validation,0.5,,0.924,0.9240113161018448,0.9810578295204658,0.05609993845862196,0.19054709546604318
0.5,4,gradient_boosting,all_features,iid_test,0.5,,0.9216666666666666,0.9218952074131131,0.9821601063082263,0.056537030963308796,0.18486469657658958
0.5,4,gradient_boosting,all_features,ood,0.3,0.3,0.911,0.9108878677803283,0.9727320722726623,0.06946888981401046,0.2374977645946285
0.5,4,gradient_boosting,all_features,ood,0.0,0.0,0.8773333333333333,0.8772839941847623,0.9545878999142648,0.09371279703435456,0.3263399263968865
0.5,4,gradient_boosting,all_features,ood,-0.3,-0.3,0.8396666666666667,0.839622893090818,0.9278902929394346,0.12299175845092407,0.4407031470164892
0.5,4,gradient_boosting,all_features,ood,-0.6,-0.6,0.8053333333333333,0.8052941553037578,0.8990790531264893,0.1488406125453088,0.5432894749577034
0.5,4,gradient_boosting,all_features,ood,-0.9,-0.9,0.7853333333333333,0.7857024744896599,0.8886110711053503,0.16328735915464448,0.562613254019819
0.5,4,gradient_boosting,stable_only,iid_validation,0.5,,0.916,0.9160202441821976,0.9749412744714702,0.06363981004523284,0.20875466966923165
0.5,4,gradient_boosting,stable_only,iid_test,0.5,,0.909,0.9092880052798329,0.9743995702130612,0.06559450255646351,0.21533880257879437
0.5,4,gradient_boosting,stable_only,ood,0.3,0.3,0.903,0.9028818864227006,0.9726235467475923,0.06864011729592143,0.22218571320643726
0.5,4,gradient_boosting,stable_only,ood,0.0,0.0,0.9053333333333333,0.9053343828376708,0.9713638208120977,0.06847234906503416,0.23039891514146454
0.5,4,gradient_boosting,stable_only,ood,-0.3,-0.3,0.8956666666666667,0.8956049084433706,0.9665945751824844,0.07614934197995803,0.2508158898722753
0.5,4,gradient_boosting,stable_only,ood,-0.6,-0.6,0.8886666666666667,0.8885954804429934,0.9607437281721898,0.08177420880386028,0.2829248437879757
0.5,4,gradient_boosting,stable_only,ood,-0.9,-0.9,0.9013333333333333,0.9014151371130776,0.9698934424334882,0.07339888723751263,0.24013622382233044
0.5,4,mlp,all_features,iid_validation,0.5,,0.931,0.9310113791024119,0.9840178561607054,0.05000091466830396,0.17065885822865834
0.5,4,mlp,all_features,iid_test,0.5,,0.9293333333333333,0.9294231497903543,0.9847711153291268,0.05011191952869968,0.16846772466238988
0.5,4,mlp,all_features,ood,0.3,0.3,0.9086666666666666,0.9085619078075664,0.9715631989944488,0.0660777492963572,0.21750815201462767
0.5,4,mlp,all_features,ood,0.0,0.0,0.8716666666666667,0.8716280932340305,0.9528380840293855,0.08899041770373041,0.2775539576080696
0.5,4,mlp,all_features,ood,-0.3,-0.3,0.83,0.8299458780516099,0.921142050002689,0.11629885101677004,0.35978327846905134
0.5,4,mlp,all_features,ood,-0.6,-0.6,0.7893333333333333,0.7892047030706528,0.8843286103464709,0.14408189502642865,0.4397613941992303
0.5,4,mlp,all_features,ood,-0.9,-0.9,0.7666666666666667,0.7669211033055426,0.8655748650027827,0.15762619768644287,0.4692657470388385
0.5,4,mlp,stable_only,iid_validation,0.5,,0.9225,0.9225128026152235,0.9789788108092973,0.05695524659490108,0.18570931043992311
0.5,4,mlp,stable_only,iid_test,0.5,,0.922,0.9221358062685563,0.9803549477976088,0.05625798604383078,0.18031606138793882
0.5,4,mlp,stable_only,ood,0.3,0.3,0.908,0.908004157772985,0.977211418842255,0.06157538110475372,0.19316644413810236
0.5,4,mlp,stable_only,ood,0.0,0.0,0.915,0.9150028156168735,0.977973742539282,0.059448365857992194,0.19054797359439932
0.5,4,mlp,stable_only,ood,-0.3,-0.3,0.9083333333333333,0.9082920318464798,0.9739115052586338,0.06503520579433243,0.20660226247809502
0.5,4,mlp,stable_only,ood,-0.6,-0.6,0.8983333333333333,0.8983873204873781,0.969494412791897,0.07093094745568125,0.2268617851558497
0.5,4,mlp,stable_only,ood,-0.9,-0.9,0.9103333333333333,0.9103164188976546,0.9766428587938885,0.06202547087595118,0.19663801011675142
0.5,5,logistic_regression,all_features,iid_validation,0.5,,0.925,0.924962496249625,0.9836553655365536,0.051157720777445945,0.1646982578904291
0.5,5,logistic_regression,all_features,iid_test,0.5,,0.9296666666666666,0.9298749652681301,0.9839550986385106,0.05032154568789425,0.163143400682917
0.5,5,logistic_regression,all_features,ood,0.3,0.3,0.918,0.9179753561514481,0.978618464925462,0.05847634931561231,0.18723632216234878
0.5,5,logistic_regression,all_features,ood,0.0,0.0,0.896,0.8959720799180328,0.9636506183117031,0.07724853967946343,0.2463551887497803
0.5,5,logistic_regression,all_features,ood,-0.3,-0.3,0.877,0.8769415698965163,0.9515622562412247,0.08899971770709479,0.28577522848088577
0.5,5,logistic_regression,all_features,ood,-0.6,-0.6,0.8333333333333334,0.8331839617608774,0.9271675771219655,0.1151220838100902,0.35911943190429974
0.5,5,logistic_regression,all_features,ood,-0.9,-0.9,0.8293333333333334,0.8294030191470151,0.919963189599816,0.12119899171076123,0.37361536439901244
0.5,5,logistic_regression,stable_only,iid_validation,0.5,,0.9085,0.9085558555855586,0.9764676467646765,0.06216263992504295,0.19644709804448585
0.5,5,logistic_regression,stable_only,iid_test,0.5,,0.9156666666666666,0.9158377327035288,0.9769126979716589,0.060456920942784945,0.19538938269982167
0.5,5,logistic_regression,stable_only,ood,0.3,0.3,0.9153333333333333,0.9153194470872137,0.9770544394671467,0.060792513768511205,0.19421549320642775
0.5,5,logistic_regression,stable_only,ood,0.0,0.0,0.9146666666666666,0.9145534494535519,0.9770072005919854,0.06053586075278738,0.1944322288552387
0.5,5,logistic_regression,stable_only,ood,-0.3,-0.3,0.9133333333333333,0.9133342133650144,0.9760311371209364,0.06141900326015974,0.19825151393512927
0.5,5,logistic_regression,stable_only,ood,-0.6,-0.6,0.9093333333333333,0.9092674391310842,0.9742547425474255,0.06355376888619717,0.20547400786153555
0.5,5,logistic_regression,stable_only,ood,-0.9,-0.9,0.917,0.917285402086427,0.9781985598909929,0.059407335491370165,0.19020691256066835
0.5,5,rbf_svm,all_features,iid_validation,0.5,,0.9205,0.9204670467046705,0.9820142014201421,0.05268335037168512,0.17258571552593982
0.5,5,rbf_svm,all_features,iid_test,0.5,,0.928,0.9281689358155043,0.9817287024173382,0.053170343885660526,0.17487630670135376
0.5,5,rbf_svm,all_features,ood,0.3,0.3,0.9123333333333333,0.912347443054002,0.9753054695544084,0.06293670542784152,0.20233462196457155
0.5,5,rbf_svm,all_features,ood,0.0,0.0,0.8836666666666667,0.8835435877732241,0.9565491945582878,0.08567858048482102,0.27642692975349975
0.5,5,rbf_svm,all_features,ood,-0.3,-0.3,0.8563333333333333,0.8563181607871216,0.9415027829890766,0.1006008651195356,0.31960620059921135
0.5,5,rbf_svm,all_features,ood,-0.6,-0.6,0.8186666666666667,0.8184388536798753,0.9123500060459923,0.1300049017871724,0.40712001481422355
0.5,5,rbf_svm,all_features,ood,-0.9,-0.9,0.8013333333333333,0.8016982090084911,0.8994099744970498,0.13823800184243795,0.4356392552189012
0.5,5,rbf_svm,stable_only,iid_validation,0.5,,0.911,0.9110711071107112,0.9747894789478948,0.06364654430795424,0.20643733334815034
0.5,5,rbf_svm,stable_only,iid_test,0.5,,0.9156666666666666,0.9158377327035288,0.9744093359266464,0.06230317667293148,0.20662261626180936
0.5,5,rbf_svm,stable_only,ood,0.3,0.3,0.9136666666666666,0.9136696180719185,0.9754752983563062,0.061949476007773646,0.20259718316483502
0.5,5,rbf_svm,stable_only,ood,0.0,0.0,0.9123333333333333,0.9121627390710383,0.9749887046049636,0.06199157801956807,0.20430900794095097
0.5,5,rbf_svm,stable_only,ood,-0.3,-0.3,0.9126666666666666,0.912671522841489,0.9737741669811224,0.0631035149053464,0.20915812482859134
0.5,5,rbf_svm,stable_only,ood,-0.6,-0.6,0.9086666666666666,0.9085579241619188,0.9717945571844171,0.06483951996680577,0.21624446632168023
0.5,5,rbf_svm,stable_only,ood,-0.9,-0.9,0.9176666666666666,0.9179057320895287,0.9753696948768485,0.061531127538016456,0.20345747392423627
0.5,5,random_forest,all_features,iid_validation,0.5,,0.909,0.908950895089509,0.9768816881688168,0.06203095839286722,0.20571436124175785
0.5,5,random_forest,all_features,iid_test,0.5,,0.9203333333333333,0.920527924423451,0.9791168657960545,0.05781208889219028,0.1962446030792522
0.5,5,random_forest,all_features,ood,0.3,0.3,0.903,0.9030113047297765,0.9687595028550801,0.07120407080613328,0.2354591243256143
0.5,5,random_forest,all_features,ood,0.0,0.0,0.8763333333333333,0.8762860741120219,0.9508830419655055,0.08815364565769429,0.28565443099391563
0.5,5,random_forest,all_features,ood,-0.3,-0.3,0.853,0.8529687068734475,0.9316693178732212,0.10444186125027007,0.3343530268297392
0.5,5,random_forest,all_features,ood,-0.6,-0.6,0.8086666666666666,0.8084896400145103,0.8955554844262353,0.13065978964904043,0.4086565987187305
0.5,5,random_forest,all_features,ood,-0.9,-0.9,0.784,0.7838950939194755,0.8703848493519243,0.1468129303355494,0.45247825680973414
0.5,5,random_forest,stable_only,iid_validation,0.5,,0.8935,0.8935643564356436,0.9677417741774178,0.07216801611834807,0.23463268023758047
0.5,5,random_forest,stable_only,iid_test,0.5,,0.906,0.9061294804112254,0.9700763545429286,0.0681439288933983,0.22614303366408817
0.5,5,random_forest,stable_only,ood,0.3,0.3,0.9036666666666666,0.9035741404973228,0.9685423264945379,0.07095954277163596,0.23221277668767262
0.5,5,random_forest,stable_only,ood,0.0,0.0,0.9063333333333333,0.9062713456284153,0.969024157914959,0.06974217396522259,0.22970137977463725
0.5,5,random_forest,stable_only,ood,-0.3,-0.3,0.9093333333333333,0.9093220689278148,0.9697522444141322,0.06750011904447603,0.22756485109462718
0.5,5,random_forest,stable_only,ood,-0.6,-0.6,0.9063333333333333,0.9062613362354096,0.9673840947727063,0.07063050587973847,0.23448483032586356
0.5,5,random_forest,stable_only,ood,-0.9,-0.9,0.9073333333333333,0.9074297645371489,0.9721534573607673,0.06647212706191734,0.2200272316410174
0.5,5,gradient_boosting,all_features,iid_validation,0.5,,0.906,0.905960596059606,0.9753205320532053,0.06679393953077122,0.2214251305794718
0.5,5,gradient_boosting,all_features,iid_test,0.5,,0.9196666666666666,0.9198721867185329,0.9780183384273409,0.05956988462135171,0.20470822706409675
0.5,5,gradient_boosting,all_features,ood,0.3,0.3,0.898,0.8980040225418837,0.969122723093694,0.07480034989277055,0.24648302483472784
0.5,5,gradient_boosting,all_features,ood,0.0,0.0,0.8743333333333333,0.874300930669399,0.9525535597392987,0.09340131231274554,0.3300993172032695
0.5,5,gradient_boosting,all_features,ood,-0.3,-0.3,0.8593333333333333,0.8592922678549761,0.9356785733175282,0.10834169362104837,0.3900024637694884
0.5,5,gradient_boosting,all_features,ood,-0.6,-0.6,0.8196666666666667,0.8195404690267376,0.9110656772578225,0.13730349087800023,0.48153788682932147
0.5,5,gradient_boosting,all_features,ood,-0.9,-0.9,0.8123333333333334,0.8122048815610244,0.9025894995129474,0.144887428365886,0.5021824653180871
0.5,5,gradient_boosting,stable_only,iid_validation,0.5,,0.892,0.892089208920892,0.9665651565156517,0.07729830357824485,0.25414539662468333
0.5,5,gradient_boosting,stable_only,iid_test,0.5,,0.898,0.8981161433731593,0.9679157543762157,0.07381224478479355,0.24632545704207712
0.5,5,gradient_boosting,stable_only,ood,0.3,0.3,0.902,0.9019011934252246,0.968555663835001,0.07166317242469264,0.23719518536135173
0.5,5,gradient_boosting,stable_only,ood,0.0,0.0,0.903,0.9027920081967213,0.9671108336179417,0.0738736593694007,0.24746793473403583
0.5,5,gradient_boosting,stable_only,ood,-0.3,-0.3,0.9073333333333333,0.9073379975012434,0.9677330606124043,0.0719458965333199,0.24345605251716881
0.5,5,gradient_boosting,stable_only,ood,-0.6,-0.6,0.904,0.9038687237266074,0.9680529326618725,0.07218275507323776,0.24164321893735147
0.5,5,gradient_boosting,stable_only,ood,-0.9,-0.9,0.901,0.9013833270069167,0.9692901048464506,0.07243753220088334,0.2407553065653593
0.5,5,mlp,all_features,iid_validation,0.5,,0.925,0.9249124912491249,0.9835223522352236,0.051145936514663176,0.16620193562936703
0.5,5,mlp,all_features,iid_test,0.5,,0.9286666666666666,0.9288135593220339,0.9835425395943317,0.05110748921584601,0.16540483854686977
0.5,5,mlp,all_features,ood,0.3,0.3,0.914,0.9138585637284802,0.9778142232955325,0.05976004147572318,0.19180478368049353
0.5,5,mlp,all_features,ood,0.0,0.0,0.8943333333333333,0.8942964480874317,0.9626447055726322,0.0788008201688199,0.25281933535429535
0.5,5,mlp,all_features,ood,-0.3,-0.3,0.871,0.8709533543207555,0.9503648798023395,0.09040540590912652,0.29274567153552744
0.5,5,mlp,all_features,ood,-0.6,-0.6,0.832,0.8318289482107419,0.9255578316938025,0.1173831425477258,0.36807930789562243
0.5,5,mlp,all_features,ood,-0.9,-0.9,0.8283333333333334,0.8284135616420678,0.9183193595915967,0.1230636787423153,0.38354037987697426
0.5,5,mlp,stable_only,iid_validation,0.5,,0.9125,0.9123062306230623,0.9750805080508052,0.13154670502510704,0.4382432109023
0.5,5,mlp,stable_only,iid_test,0.5,,0.9146666666666666,0.9144429008057794,0.975445179216449,0.1309186740393297,0.43706143892464394
0.5,5,mlp,stable_only,ood,0.3,0.3,0.9103333333333333,0.9099422759904754,0.9749813721811531,0.13268909117308056,0.44073572230041275
0.5,5,mlp,stable_only,ood,0.0,0.0,0.914,0.914366675204918,0.975860317765255,0.13229803611406454,0.43990055860271143
0.5,5,mlp,stable_only,ood,-0.3,-0.3,0.912,0.911848826557756,0.9742941857017964,0.13413263592513922,0.4442629546029431
0.5,5,mlp,stable_only,ood,-0.6,-0.6,0.9043333333333333,0.9046662612295414,0.9730513233610025,0.13377723003266684,0.4431630588466138
0.5,5,mlp,stable_only,ood,-0.9,-0.9,0.9173333333333333,0.9169941495849707,0.977081609885408,0.12978522956125568,0.43430592825388037
0.5,6,logistic_regression,all_features,iid_validation,0.5,,0.9305,0.930480887694203,0.9842017472279556,0.050707827463897556,0.16169544634670108
0.5,6,logistic_regression,all_features,iid_test,0.5,,0.9313333333333333,0.9309677419354838,0.9849730812013348,0.04870561608268088,0.15874986909704114
0.5,6,logistic_regression,all_features,ood,0.3,0.3,0.921,0.9210277831124768,0.9808413175995278,0.05509769651348904,0.17770530018877964
0.5,6,logistic_regression,all_features,ood,0.0,0.0,0.9023333333333333,0.9022797698096503,0.9664341296127406,0.07217432256907269,0.23881134450604466
0.5,6,logistic_regression,all_features,ood,-0.3,-0.3,0.8596666666666667,0.8596662185135391,0.944950499449994,0.09966148511611064,0.31260817816817904
0.5,6,logistic_regression,all_features,ood,-0.6,-0.6,0.816,0.8160000000000001,0.9150924444444444,0.12758495147359875,0.3997455475939775
0.5,6,logistic_regression,all_features,ood,-0.9,-0.9,0.8083333333333333,0.8083338259366537,0.9046588125696959,0.13478403347666795,0.4157866728259455
0.5,6,logistic_regression,stable_only,iid_validation,0.5,,0.9095,0.9095245523928382,0.9764696235139761,0.062128834890772935,0.19587625926070393
0.5,6,logistic_regression,stable_only,iid_test,0.5,,0.9113333333333333,0.9109677419354838,0.9739684093437153,0.0640904965155453,0.206354686083592
0.5,6,logistic_regression,stable_only,ood,0.3,0.3,0.9143333333333333,0.9142953929539295,0.9793729416952962,0.057783398329281074,0.18474589556041568
0.5,6,logistic_regression,stable_only,ood,0.0,0.0,0.9213333333333333,0.9212787404598473,0.9804423537443265,0.055646313565466725,0.18172209211844112
0.5,6,logistic_regression,stable_only,ood,-0.3,-0.3,0.912,0.9120101334459272,0.9753792819920222,0.06285361413050905,0.20088927492121508
0.5,6,logistic_regression,stable_only,ood,-0.6,-0.6,0.9033333333333333,0.9033333333333333,0.9723044444444444,0.06744606742871556,0.21227639850544305
0.5,6,logistic_regression,stable_only,ood,-0.9,-0.9,0.9086666666666666,0.9086957893749686,0.9767386045296098,0.061656428496859705,0.1952184863026545
0.5,6,rbf_svm,all_features,iid_validation,0.5,,0.928,0.9279428470855534,0.9820117121873949,0.053368236149627664,0.1744875865656406
0.5,6,rbf_svm,all_features,iid_test,0.5,,0.929,0.9283982202447163,0.982658064516129,0.050935138404244365,0.17006097272998782
0.5,6,rbf_svm,all_features,ood,0.3,0.3,0.918,0.9179896720227045,0.9786287511825249,0.05788001110319567,0.18902226599953473
0.5,6,rbf_svm,all_features,ood,0.0,0.0,0.8866666666666667,0.8866008522803032,0.961174045451394,0.07947418864575903,0.2598743005510089
0.5,6,rbf_svm,all_features,ood,-0.3,-0.3,0.8443333333333334,0.8443549372770809,0.9339752663918488,0.11223328228738487,0.35178341078172587
0.5,6,rbf_svm,all_features,ood,-0.6,-0.6,0.8023333333333333,0.8023333333333333,0.9004866666666667,0.14105767596031585,0.442049289656299
0.5,6,rbf_svm,all_features,ood,-0.9,-0.9,0.7843333333333333,0.7843675262261267,0.8827503354517496,0.1531991596120889,0.4767481807613875
0.5,6,rbf_svm,stable_only,iid_validation,0.5,,0.9085,0.9085085361365781,0.9741245859933759,0.0651390525998312,0.2093727033636307
0.5,6,rbf_svm,stable_only,iid_test,0.5,,0.911,0.9105116796440489,0.9722407119021135,0.06546551527772994,0.21497184678946799
0.5,6,rbf_svm,stable_only,ood,0.3,0.3,0.9156666666666666,0.9155757207178371,0.9785331711584833,0.05952906877802762,0.19089916508812804
0.5,6,rbf_svm,stable_only,ood,0.0,0.0,0.9193333333333333,0.9192760417500013,0.9786094355287462,0.057174585883456266,0.1891415834447338
0.5,6,rbf_svm,stable_only,ood,-0.3,-0.3,0.913,0.9130134779275325,0.9738654873943043,0.0637216007368092,0.20929088782146377
0.5,6,rbf_svm,stable_only,ood,-0.6,-0.6,0.904,0.9039999999999999,0.9704586666666667,0.06961404719678521,0.22415759731558235
0.5,6,rbf_svm,stable_only,ood,-0.9,-0.9,0.9096666666666666,0.9097129226369819,0.9756692479080655,0.06313186506250157,0.20256409840458667
0.5,6,random_forest,all_features,iid_validation,0.5,,0.923,0.9229667674682795,0.9771566345061521,0.05935250476740559,0.2005420298118786
0.5,6,random_forest,all_features,iid_test,0.5,,0.9246666666666666,0.9240934371523916,0.9801670745272525,0.05709407973513199,0.19360480564719842
0.5,6,random_forest,all_features,ood,0.3,0.3,0.9106666666666666,0.9106331220792523,0.9736428081144328,0.06536546758886014,0.21736450940408894
0.5,6,random_forest,all_features,ood,0.0,0.0,0.889,0.8889515565582382,0.9532968083044885,0.08459253509075877,0.28118687438889634
0.5,6,random_forest,all_features,ood,-0.3,-0.3,0.8406666666666667,0.8406937854865053,0.9229133657040633,0.11179911981021144,0.35303129145229134
0.5,6,random_forest,all_features,ood,-0.6,-0.6,0.809,0.8089999999999999,0.8859975555555554,0.1375794076675767,0.4266511861806968
0.5,6,random_forest,all_features,ood,-0.9,-0.9,0.77,0.7700541034004741,0.8524412309423628,0.1580889143274385,0.48610299213646246
0.5,6,random_forest,stable_only,iid_validation,0.5,,0.904,0.9040064641034257,0.9692775084401349,0.0694394918706264,0.22804725533863726
0.5,6,random_forest,stable_only,iid_test,0.5,,0.9013333333333333,0.9008676307007786,0.9658289210233593,0.07255900325008947,0.23923967135022475
0.5,6,random_forest,stable_only,ood,0.3,0.3,0.9063333333333333,0.9062506668373771,0.9742000618825086,0.06481598097958301,0.21332441885323056
0.5,6,random_forest,stable_only,ood,0.0,0.0,0.916,0.9159559886291514,0.9741442529747143,0.06231881810588906,0.21226047985612906
0.5,6,random_forest,stable_only,ood,-0.3,-0.3,0.904,0.9040144890498784,0.968165201835576,0.07042381516612714,0.23191160658360738
0.5,6,random_forest,stable_only,ood,-0.6,-0.6,0.891,0.891,0.9655055555555556,0.07422505144872626,0.2409291508850349
0.5,6,random_forest,stable_only,ood,-0.9,-0.9,0.8993333333333333,0.8993591415990838,0.9704806904683702,0.06942527992220685,0.22532640719594973
0.5,6,gradient_boosting,all_features,iid_validation,0.5,,0.9185,0.9184806956911311,0.9772226355621689,0.061873220833482026,0.21242518918782544
0.5,6,gradient_boosting,all_features,iid_test,0.5,,0.927,0.9265517241379311,0.9801641824249167,0.05640751720857182,0.19353979866910337
0.5,6,gradient_boosting,all_features,ood,0.3,0.3,0.9056666666666666,0.9057118622367326,0.9744676859498252,0.06714488219985776,0.2245335234108777
0.5,6,gradient_boosting,all_features,ood,0.0,0.0,0.8856666666666667,0.8856155031813842,0.9571313141010256,0.0865066471136856,0.30361309607533227
0.5,6,gradient_boosting,all_features,ood,-0.3,-0.3,0.8443333333333334,0.8443460482894254,0.9310494561050677,0.1183791038799358,0.4194488485733664
0.5,6,gradient_boosting,all_features,ood,-0.6,-0.6,0.8063333333333333,0.8063333333333333,0.8997315555555555,0.14823303834786064,0.5289185388429931
0.5,6,gradient_boosting,all_features,ood,-0.9,-0.9,0.7886666666666666,0.7887211765945125,0.8837779133856692,0.16183653821650834,0.57035769137639
0.5,6,gradient_boosting,stable_only,iid_validation,0.5,,0.9,0.9000184002944047,0.9679344869517912,0.07432328562986544,0.2425573506336494
0.5,6,gradient_boosting,stable_only,iid_test,0.5,,0.892,0.8915684093437153,0.9659790878754172,0.07661586138044976,0.2522595741221565
0.5,6,gradient_boosting,stable_only,ood,0.3,0.3,0.9063333333333333,0.9062186586432794,0.9721373115962131,0.06796746196963814,0.22313620990478308
0.5,6,gradient_boosting,stable_only,ood,0.0,0.0,0.9126666666666666,0.9126066017056272,0.9735017982509941,0.06490042927017242,0.21722404345270122
0.5,6,gradient_boosting,stable_only,ood,-0.3,-0.3,0.9033333333333333,0.9033500372226357,0.9686472071911911,0.07240210579355753,0.2402389794038044
0.5,6,gradient_boosting,stable_only,ood,-0.6,-0.6,0.8903333333333333,0.8903333333333333,0.964056,0.07954480372265119,0.2591493222584198
0.5,6,gradient_boosting,stable_only,ood,-0.9,-0.9,0.899,0.8990304677746315,0.9689988804200624,0.07376542508316038,0.2390100432297832
0.5,6,mlp,all_features,iid_validation,0.5,,0.9275,0.9274288388614218,0.9839357429718876,0.05179252212690194,0.1651624947887
0.5,6,mlp,all_features,iid_test,0.5,,0.9303333333333333,0.9297552836484984,0.9845098998887654,0.04990146740493934,0.16299877517280986
0.5,6,mlp,all_features,ood,0.3,0.3,0.9216666666666666,0.9215772571111538,0.980568803391446,0.05620774905893175,0.1805842586389022
0.5,6,mlp,all_features,ood,0.0,0.0,0.8983333333333333,0.8982183714939439,0.9669021371008604,0.07323546685581343,0.2416622836285067
0.5,6,mlp,all_features,ood,-0.3,-0.3,0.8586666666666667,0.8587073189702108,0.9457691752130579,0.10094628428947877,0.31855386483269754
0.5,6,mlp,all_features,ood,-0.6,-0.6,0.8243333333333334,0.8243333333333334,0.9176155555555555,0.1283323489832963,0.403683013778251
0.5,6,mlp,all_features,ood,-0.9,-0.9,0.8086666666666666,0.8087496127693448,0.9073739828111813,0.135293657444298,0.4208938311672619
0.5,6,mlp,stable_only,iid_validation,0.5,,0.91,0.9099985599769596,0.9755026080417286,0.07553815118085506,0.27139172311317766
0.5,6,mlp,stable_only,iid_test,0.5,,0.9056666666666666,0.9053058954393771,0.9724324805339266,0.07893590470991531,0.27966098553972674
0.5,6,mlp,stable_only,ood,0.3,0.3,0.9126666666666666,0.9125482790260974,0.9790608618028438,0.07243394041112315,0.26457877602887586
0.5,6,mlp,stable_only,ood,0.0,0.0,0.92,0.9199453857928392,0.9790072196710703,0.0722154671291748,0.26272037955698585
0.5,6,mlp,stable_only,ood,-0.3,-0.3,0.912,0.9120234669274103,0.9743379370881899,0.07660907426212928,0.2739349196617597
0.5,6,mlp,stable_only,ood,-0.6,-0.6,0.9013333333333333,0.9013333333333333,0.9711035555555555,0.08038378250303635,0.282616617920467
0.5,6,mlp,stable_only,ood,-0.9,-0.9,0.909,0.9090493526303461,0.9755007997951956,0.07630200613872994,0.27239564939749117
0.5,7,logistic_regression,all_features,iid_validation,0.5,,0.9305,0.9305680017922581,0.9833966091117121,0.051284200029679025,0.16594303335461616
0.5,7,logistic_regression,all_features,iid_test,0.5,,0.939,0.9389990059235575,0.9863572344402141,0.04596576368285573,0.15033933986459141
0.5,7,logistic_regression,all_features,ood,0.3,0.3,0.916,0.9159597967699962,0.9761757319832085,0.06122244870269509,0.19743199642166875
0.5,7,logistic_regression,all_features,ood,0.0,0.0,0.8863333333333333,0.8864319765309865,0.9626495982931627,0.07969144376273889,0.25532221925327403
0.5,7,logistic_regression,all_features,ood,-0.3,-0.3,0.8613333333333333,0.8613396469523114,0.9443032314925969,0.09926593485864403,0.3152643160703767
0.5,7,logistic_regression,all_features,ood,-0.6,-0.6,0.8353333333333334,0.8353036294726137,0.931864215578859,0.11413502341269618,0.35255712858543037
0.5,7,logistic_regression,all_features,ood,-0.9,-0.9,0.8126666666666666,0.8126899782196098,0.9098552375414078,0.13081504004223368,0.4035709678253267
0.5,7,logistic_regression,stable_only,iid_validation,0.5,,0.909,0.9091429165799876,0.9762625818117808,0.06284004966396377,0.19772079228689607
0.5,7,logistic_regression,stable_only,iid_test,0.5,,0.9153333333333333,0.9153310061156152,0.9774452235427178,0.06018027717406022,0.19229095791399967
0.5,7,logistic_regression,stable_only,ood,0.3,0.3,0.9073333333333333,0.9072501934899361,0.973749828292963,0.06562640752411088,0.20590822959105232
0.5,7,logistic_regression,stable_only,ood,0.0,0.0,0.9083333333333333,0.9084675134180085,0.9757726883799491,0.06353691286837275,0.19948967464374034
0.5,7,logistic_regression,stable_only,ood,-0.3,-0.3,0.9113333333333333,0.9113594029381085,0.9733158633232458,0.0653446559696772,0.20885436399865384
0.5,7,logistic_regression,stable_only,ood,-0.6,-0.6,0.911,0.9109499780205713,0.9775485358678051,0.061144527285583686,0.19166816123976105
0.5,7,logistic_regression,stable_only,ood,-0.9,-0.9,0.91,0.910078865552439,0.9757205779116879,0.06285917508542609,0.1991411032692644
0.5,7,rbf_svm,all_features,iid_validation,0.5,,0.9295,0.9295438543150214,0.981389320062089,0.05268759739362821,0.17609523482894723
0.5,7,rbf_svm,all_features,iid_test,0.5,,0.9356666666666666,0.9357340249781712,0.9852613496321562,0.04683838461792936,0.1562948679325797
0.5,7,rbf_svm,all_features,ood,0.3,0.3,0.9083333333333333,0.9082964394739919,0.9722321381338102,0.06582298568250998,0.2162835069406743
0.5,7,rbf_svm,all_features,ood,0.0,0.0,0.8813333333333333,0.8814214754808815,0.9583567245613451,0.08551210047825844,0.27405374631774276
0.5,7,rbf_svm,all_features,ood,-0.3,-0.3,0.841,0.8410260934571464,0.9351043644950491,0.11059887608966479,0.3489296769520778
0.5,7,rbf_svm,all_features,ood,-0.6,-0.6,0.8236666666666667,0.8236043062790049,0.9185792177279093,0.1267506700877994,0.39640029368030166
0.5,7,rbf_svm,all_features,ood,-0.9,-0.9,0.792,0.7921486561645974,0.8859328200114615,0.15072394765211894,0.4758709910363518
0.5,7,rbf_svm,stable_only,iid_validation,0.5,,0.9095,0.9096969963674769,0.9742632939143236,0.06477525291371447,0.2098313058947102
0.5,7,rbf_svm,stable_only,iid_test,0.5,,0.9153333333333333,0.9152500929168053,0.9766312011964482,0.061018416765259646,0.1985377029683998
0.5,7,rbf_svm,stable_only,ood,0.3,0.3,0.9036666666666666,0.9036695738687006,0.9713968306326243,0.06807391071411852,0.2201948809994538
0.5,7,rbf_svm,stable_only,ood,0.0,0.0,0.9076666666666666,0.9078141147448078,0.973688479959107,0.06590802973247381,0.21142524283985245
0.5,7,rbf_svm,stable_only,ood,-0.3,-0.3,0.9096666666666666,0.9097129226369819,0.9712691520837565,0.06702340113173273,0.22023033002983566
0.5,7,rbf_svm,stable_only,ood,-0.6,-0.6,0.911,0.9109153087498572,0.9759466377696813,0.06335451286968845,0.20327063086971445
0.5,7,rbf_svm,stable_only,ood,-0.9,-0.9,0.9086666666666666,0.9087931156361327,0.9734278350630049,0.06486730609868227,0.21060841625580862
0.5,7,random_forest,all_features,iid_validation,0.5,,0.9195,0.9196024227488758,0.9769376790257797,0.059346373944751604,0.20127950997141533
0.5,7,random_forest,all_features,iid_test,0.5,,0.9263333333333333,0.9263285324835373,0.9823500304980518,0.053744979395453606,0.1855745018577555
0.5,7,random_forest,all_features,ood,0.3,0.3,0.897,0.8969604409214433,0.9665423559583565,0.0723624388918151,0.23764543288763404
0.5,7,random_forest,all_features,ood,0.0,0.0,0.8766666666666667,0.8767810114344767,0.9507864119745307,0.08811424661245038,0.2942085161886033
0.5,7,random_forest,all_features,ood,-0.3,-0.3,0.8416666666666667,0.8417238864313046,0.9270670783497063,0.10874953028619509,0.3428638372983176
0.5,7,random_forest,all_features,ood,-0.6,-0.6,0.816,0.8159341746113374,0.9046690618095315,0.12559062418354017,0.3896141964961098
0.5,7,random_forest,all_features,ood,-0.9,-0.9,0.7806666666666666,0.7809076807552313,0.864102191332214,0.15106613009012976,0.46722280095503854
0.5,7,random_forest,stable_only,iid_validation,0.5,,0.901,0.9011657678705733,0.9683354403034037,0.0700485469176414,0.23185169948140377
0.5,7,random_forest,stable_only,iid_test,0.5,,0.9076666666666666,0.907644696806685,0.9714398637101637,0.06783532876858199,0.22276788233282446
0.5,7,random_forest,stable_only,ood,0.3,0.3,0.8953333333333333,0.8953393931284288,0.9653309600346036,0.07393213865494876,0.24099758669830945
0.5,7,random_forest,stable_only,ood,0.0,0.0,0.901,0.9010934426776012,0.9689384494004956,0.0706250950881972,0.23001371269843165
0.5,7,random_forest,stable_only,ood,-0.3,-0.3,0.896,0.8960381803870396,0.9658734790224321,0.07281148506398592,0.2395717019410259
0.5,7,random_forest,stable_only,ood,-0.6,-0.6,0.9023333333333333,0.9022537692831151,0.9701284229793261,0.06957166023094416,0.22676132331739673
0.5,7,random_forest,stable_only,ood,-0.9,-0.9,0.9066666666666666,0.9068404829831532,0.9696588361295726,0.0691170022574089,0.22878104092838814
0.5,7,gradient_boosting,all_features,iid_validation,0.5,,0.9205,0.9205185546718728,0.9784248931846184,0.05913382213012008,0.20589872026420084
0.5,7,gradient_boosting,all_features,iid_test,0.5,,0.926,0.9260355555713627,0.9811810126064543,0.054612845006031904,0.18625585632924269
0.5,7,gradient_boosting,all_features,ood,0.3,0.3,0.8986666666666666,0.8986735103497667,0.9685788347571496,0.07421243773976074,0.2543918996400624
0.5,7,gradient_boosting,all_features,ood,0.0,0.0,0.88,0.8801080108010801,0.955337755997822,0.09435040722238963,0.3289588550775552
0.5,7,gradient_boosting,all_features,ood,-0.3,-0.3,0.854,0.854055932773647,0.935735489350657,0.11357542742755751,0.39996043072684506
0.5,7,gradient_boosting,all_features,ood,-0.6,-0.6,0.8233333333333334,0.8232853934362181,0.9206464841136957,0.13263695364811218,0.45865617276102694
0.5,7,gradient_boosting,all_features,ood,-0.9,-0.9,0.7993333333333333,0.7994963701572643,0.8905729900932347,0.15537769018896563,0.5432724162591969
0.5,7,gradient_boosting,stable_only,iid_validation,0.5,,0.8995,0.8997435630730826,0.9680483989694516,0.07426037530575232,0.24845003581152753
0.5,7,gradient_boosting,stable_only,iid_test,0.5,,0.9013333333333333,0.9013152396008757,0.9680381750250298,0.07380118813774775,0.24488700050760218
0.5,7,gradient_boosting,stable_only,ood,0.3,0.3,0.8933333333333333,0.8933082489171899,0.9659924488913172,0.0785116022228656,0.25493215690817755
0.5,7,gradient_boosting,stable_only,ood,0.0,0.0,0.895,0.8950795079507952,0.9679839095020614,0.07667420162096879,0.24945849688436278
0.5,7,gradient_boosting,stable_only,ood,-0.3,-0.3,0.8936666666666667,0.8937156853638146,0.9655208046753019,0.07763823755442104,0.25697919851251555
0.5,7,gradient_boosting,stable_only,ood,-0.6,-0.6,0.899,0.8989259637723901,0.9702233189959601,0.07330007863922854,0.236794338233395
0.5,7,gradient_boosting,stable_only,ood,-0.9,-0.9,0.9026666666666666,0.9028511904523733,0.9709096858493264,0.0705624227115164,0.2282621234639053
0.5,7,mlp,all_features,iid_validation,0.5,,0.931,0.9311100798514986,0.9828825350850522,0.052416861247509335,0.17439209853517174
0.5,7,mlp,all_features,iid_test,0.5,,0.9356666666666666,0.9356068756657556,0.9860655912620859,0.04722754519323003,0.16102099574941225
0.5,7,mlp,all_features,ood,0.3,0.3,0.911,0.9111682257739708,0.9735657850223451,0.06504051830575976,0.21140913695232852
0.5,7,mlp,all_features,ood,0.0,0.0,0.878,0.8782078207820783,0.9566169950328366,0.08528652855795883,0.27128518712741845
0.5,7,mlp,all_features,ood,-0.3,-0.3,0.842,0.8421054502964731,0.9322669693695552,0.10917518863064091,0.33796224757572485
0.5,7,mlp,all_features,ood,-0.6,-0.6,0.8133333333333334,0.8131055177033297,0.9139010885706528,0.1265525218749462,0.38274607072304934
0.5,7,mlp,all_features,ood,-0.9,-0.9,0.7846666666666666,0.7851250471819536,0.8866370481813886,0.1448706208419389,0.43484362316272596
0.5,7,mlp,stable_only,iid_validation,0.5,,0.9055,0.9057324254692676,0.975932534284937,0.06659577221627518,0.2269832048110304
0.5,7,mlp,stable_only,iid_test,0.5,,0.9156666666666666,0.9155661878857826,0.9778155570295786,0.06427691401078063,0.22386245614790912
0.5,7,mlp,stable_only,ood,0.3,0.3,0.909,0.9090859584320047,0.9732812736861245,0.06953050688494901,0.23561299756754267
0.5,7,mlp,stable_only,ood,0.0,0.0,0.909,0.9092075874254093,0.9753290884644019,0.0672051437707343,0.22898434676725538
0.5,7,mlp,stable_only,ood,-0.3,-0.3,0.9103333333333333,0.9104107156111401,0.9736367592005336,0.0686847131404491,0.23533514988910825
0.5,7,mlp,stable_only,ood,-0.6,-0.6,0.91,0.9098661188329257,0.9773476318887951,0.06495876149538428,0.22351229163934574
0.5,7,mlp,stable_only,ood,-0.9,-0.9,0.911,0.91118122271616,0.9758228332646444,0.06691357748647872,0.23000513621975396
0.5,8,logistic_regression,all_features,iid_validation,0.5,,0.9205,0.9204589093701997,0.9807507680491552,0.05574992045411729,0.17787010808639428
0.5,8,logistic_regression,all_features,iid_test,0.5,,0.9333333333333333,0.9333525934485978,0.9854966887417219,0.04680802095343601,0.1551053528742133
0.5,8,logistic_regression,all_features,ood,0.3,0.3,0.921,0.9210092160655364,0.9793785200250313,0.05689360635091266,0.18404526173822464
0.5,8,logistic_regression,all_features,ood,0.0,0.0,0.8896666666666667,0.8896969311776124,0.9627711892392323,0.0789317646610112,0.25273809075771136
0.5,8,logistic_regression,all_features,ood,-0.3,-0.3,0.8636666666666667,0.8636405663308646,0.948269477902899,0.09539824167735844,0.29991410361237025
0.5,8,logistic_regression,all_features,ood,-0.6,-0.6,0.8476666666666667,0.8476055368889605,0.935815311388885,0.10739123434783931,0.33790571145618364
0.5,8,logistic_regression,all_features,ood,-0.9,-0.9,0.8256666666666667,0.8256639693225439,0.9225561346689831,0.120400102072395,0.36893441008738365
0.5,8,logistic_regression,stable_only,iid_validation,0.5,,0.9095,0.9095062083973374,0.9754664298515106,0.06299708174779978,0.1993127087624969
0.5,8,logistic_regression,stable_only,iid_test,0.5,,0.914,0.9140050668918618,0.9775545579803547,0.06028092294630765,0.19182734357683473
0.5,8,logistic_regression,stable_only,ood,0.3,0.3,0.9043333333333333,0.9043548754124474,0.9747313758675616,0.06404718275062574,0.20308827864861548
0.5,8,logistic_regression,stable_only,ood,0.0,0.0,0.9146666666666666,0.9147083647599437,0.9779261859480495,0.0596757728868566,0.19098673009724712
0.5,8,logistic_regression,stable_only,ood,-0.3,-0.3,0.913,0.9130240451912507,0.9765406805269645,0.06089505215067544,0.19572209373093982
0.5,8,logistic_regression,stable_only,ood,-0.6,-0.6,0.91,0.9099279863057966,0.9758791240297087,0.062335359400962805,0.198702481932196
0.5,8,logistic_regression,stable_only,ood,-0.9,-0.9,0.9216666666666666,0.9216696866787467,0.9790625829169983,0.058243311809913954,0.18530641697687505
0.5,8,rbf_svm,all_features,iid_validation,0.5,,0.914,0.9139944956477215,0.9773095478110599,0.06019703900801695,0.19515296458809323
0.5,8,rbf_svm,all_features,iid_test,0.5,,0.9296666666666666,0.929639095070892,0.9836112716120716,0.049161943578207586,0.16465802665487497
0.5,8,rbf_svm,all_features,ood,0.3,0.3,0.9186666666666666,0.9186678660826033,0.9755709373933326,0.060522970960069984,0.2007142761192688
0.5,8,rbf_svm,all_features,ood,0.0,0.0,0.8786666666666667,0.8786578018810187,0.95712128841917,0.08615253938309878,0.27534130173816435
0.5,8,rbf_svm,all_features,ood,-0.3,-0.3,0.8523333333333334,0.8522462937386843,0.940955860029098,0.10344595031171988,0.32643598519756606
0.5,8,rbf_svm,all_features,ood,-0.6,-0.6,0.8316666666666667,0.831671490249192,0.9233617117932036,0.12028071130142762,0.3784373232693315
0.5,8,rbf_svm,all_features,ood,-0.9,-0.9,0.809,0.8089839026022771,0.9049849532731463,0.13452517624495142,0.4236544348080964
0.5,8,rbf_svm,stable_only,iid_validation,0.5,,0.9055,0.9055059523809523,0.9731522817460316,0.06492239973483294,0.21126558952207478
0.5,8,rbf_svm,stable_only,iid_test,0.5,,0.9116666666666666,0.9116960753811281,0.9750917818569713,0.06288391457484353,0.20446491161228048
0.5,8,rbf_svm,stable_only,ood,0.3,0.3,0.904,0.9040135396518375,0.9724300261690749,0.06662247311369893,0.21552733220615383
0.5,8,rbf_svm,stable_only,ood,0.0,0.0,0.911,0.9110649520811787,0.9750399008689524,0.06268765142350674,0.20499697368557587
0.5,8,rbf_svm,stable_only,ood,-0.3,-0.3,0.911,0.9110237242508687,0.9743043217156174,0.06309330985954825,0.20669834998566392
0.5,8,rbf_svm,stable_only,ood,-0.6,-0.6,0.909,0.9089391926340762,0.9730440932190845,0.06541936944322442,0.21337301115854104
0.5,8,rbf_svm,stable_only,ood,-0.9,-0.9,0.9193333333333333,0.9193410106973761,0.9765981286147367,0.060396782674926576,0.19795938836375784
0.5,8,random_forest,all_features,iid_validation,0.5,,0.905,0.9050099206349207,0.9718526985727087,0.067172786508396,0.22101415473380118
0.5,8,random_forest,all_features,iid_test,0.5,,0.9266666666666666,0.9266545179785768,0.9787892795235345,0.057731222166527936,0.1966500061596671
0.5,8,random_forest,all_features,ood,0.3,0.3,0.9093333333333333,0.909330910797588,0.9697126735123451,0.06951948326457705,0.23157469045665507
0.5,8,random_forest,all_features,ood,0.0,0.0,0.873,0.8729956785725556,0.9483646532746713,0.08997686467564348,0.29007489994073754
0.5,8,random_forest,all_features,ood,-0.3,-0.3,0.8496666666666667,0.8495623075524561,0.9306768774901218,0.1051010088049894,0.3340221468251916
0.5,8,random_forest,all_features,ood,-0.6,-0.6,0.83,0.8300008312178764,0.9121578282721647,0.11899901993906647,0.37716964425124433
0.5,8,random_forest,all_features,ood,-0.9,-0.9,0.7976666666666666,0.7976385238874288,0.8743910531197681,0.1444173440335389,0.4483146601859827
0.5,8,random_forest,stable_only,iid_validation,0.5,,0.905,0.9050419226830517,0.9691810275857654,0.06984522325869423,0.22973764969034804
0.5,8,random_forest,stable_only,iid_test,0.5,,0.9043333333333333,0.9043224143295258,0.9703471265389572,0.0684436849155192,0.22553299793706863
0.5,8,random_forest,stable_only,ood,0.3,0.3,0.9016666666666666,0.9016899675731027,0.9678677715041529,0.07184864935951757,0.23453859909926972
0.5,8,random_forest,stable_only,ood,0.0,0.0,0.904,0.9040352434341903,0.9707713634652488,0.06795480880746846,0.22333942732795484
0.5,8,random_forest,stable_only,ood,-0.3,-0.3,0.9023333333333333,0.9023472210430207,0.9695566710925619,0.06851323045488476,0.22745895941427474
0.5,8,random_forest,stable_only,ood,-0.6,-0.6,0.903,0.902961091446857,0.968597077580187,0.07037063639941826,0.23061127519368763
0.5,8,random_forest,stable_only,ood,-0.9,-0.9,0.9043333333333333,0.9043362840118028,0.9712992185302074,0.06723826311505254,0.22163964627694038
0.5,8,gradient_boosting,all_features,iid_validation,0.5,,0.901,0.9010016641065028,0.972572244623656,0.07077866041768038,0.23767905871704315
0.5,8,gradient_boosting,all_features,iid_test,0.5,,0.9233333333333333,0.9233432597004312,0.9784737099426641,0.0592659664242564,0.20275695632033228
0.5,8,gradient_boosting,all_features,ood,0.3,0.3,0.9056666666666666,0.905661551371032,0.971400241068381,0.06986822872826942,0.2342837742630733
0.5,8,gradient_boosting,all_features,ood,0.0,0.0,0.872,0.872018990635796,0.9531656467185283,0.09580078493418863,0.33122966259830083
0.5,8,gradient_boosting,all_features,ood,-0.3,-0.3,0.8513333333333334,0.8513094767649387,0.9371979237557672,0.11107585022755109,0.38837996829256094
0.5,8,gradient_boosting,all_features,ood,-0.6,-0.6,0.8406666666666667,0.8406613116084688,0.9249668068476351,0.12311616970766089,0.43369488028883607
0.5,8,gradient_boosting,all_features,ood,-0.9,-0.9,0.8103333333333333,0.8103199079462985,0.9030662789317825,0.145531659771298,0.5056198650287805
0.5,8,gradient_boosting,stable_only,iid_validation,0.5,,0.9005,0.9005136328725039,0.9686324924795189,0.07280561115943288,0.24047285593433115
0.5,8,gradient_boosting,stable_only,iid_test,0.5,,0.9006666666666666,0.9006800302235655,0.9700320014222854,0.07166357355066595,0.23414929678557656
0.5,8,gradient_boosting,stable_only,ood,0.3,0.3,0.8976666666666666,0.8976899391284561,0.9668033194902719,0.07548583942875164,0.2496810949045968
0.5,8,gradient_boosting,stable_only,ood,0.0,0.0,0.8986666666666666,0.8986924604135824,0.96940088917492,0.0731245856383345,0.2405586330995862
0.5,8,gradient_boosting,stable_only,ood,-0.3,-0.3,0.8986666666666666,0.8985997308901561,0.9684804984266364,0.07376568705404153,0.241751308573514
0.5,8,gradient_boosting,stable_only,ood,-0.6,-0.6,0.9026666666666666,0.9025785978732379,0.9678407582129438,0.07458678129668649,0.248683444464476
0.5,8,gradient_boosting,stable_only,ood,-0.9,-0.9,0.9013333333333333,0.9013302719877546,0.971538552820878,0.07008246467433445,0.23120458136556826
0.5,8,mlp,all_features,iid_validation,0.5,,0.92,0.9199868791602662,0.980520753328213,0.056061134252514765,0.18020645105117505
0.5,8,mlp,all_features,iid_test,0.5,,0.9336666666666666,0.933665940708476,0.9851148939952887,0.04739210349710586,0.15680607129663426
0.5,8,mlp,all_features,ood,0.3,0.3,0.9223333333333333,0.9223425588804187,0.9792158522016157,0.05670144606878828,0.1850298674112407
0.5,8,mlp,all_features,ood,0.0,0.0,0.8896666666666667,0.8896689305678213,0.963195642927335,0.07877508253640177,0.25510068156752336
0.5,8,mlp,all_features,ood,-0.3,-0.3,0.8693333333333333,0.869227907233116,0.9490087076193113,0.09549546167856118,0.30433844003039395
0.5,8,mlp,all_features,ood,-0.6,-0.6,0.846,0.8459651039622422,0.9361060153948663,0.10887408527599816,0.3457804458390212
0.5,8,mlp,all_features,ood,-0.9,-0.9,0.829,0.828979982586597,0.9238490287294483,0.12110257183988779,0.37794188297099557
0.5,8,mlp,stable_only,iid_validation,0.5,,0.9085,0.9085541474654377,0.9747863863287249,0.0676197456863321,0.23068028701763746
0.5,8,mlp,stable_only,iid_test,0.5,,0.91,0.909982665896262,0.9768349704431308,0.06531483453579306,0.22571824127723358
0.5,8,mlp,stable_only,ood,0.3,0.3,0.9096666666666666,0.9096758021390374,0.9740393709466378,0.06851554086213739,0.23459008218570018
0.5,8,mlp,stable_only,ood,0.0,0.0,0.9183333333333333,0.9183642221541714,0.9774395086826335,0.06434451067665087,0.22331210588527772
0.5,8,mlp,stable_only,ood,-0.3,-0.3,0.9106666666666666,0.910584764933396,0.9757872263060874,0.06608927402830853,0.22817295689841952
0.5,8,mlp,stable_only,ood,-0.6,-0.6,0.9136666666666666,0.9136215718374494,0.975830228860507,0.06592089729198959,0.2272649061536916
0.5,8,mlp,stable_only,ood,-0.9,-0.9,0.9216666666666666,0.92167235335608,0.9789376935285519,0.06251065329618158,0.21749456656066427
0.5,9,logistic_regression,all_features,iid_validation,0.5,,0.933,0.9328970819727581,0.985628523193408,0.04751984847536954,0.15445698520711862
0.5,9,logistic_regression,all_features,iid_test,0.5,,0.936,0.9359987838248708,0.9845506641845315,0.04886119131400367,0.15943253357366122
0.5,9,logistic_regression,all_features,ood,0.3,0.3,0.909,0.9091323692992214,0.9752983314794217,0.06385610256470602,0.2019146754076556
0.5,9,logistic_regression,all_features,ood,0.0,0.0,0.8846666666666667,0.8847992655846435,0.9575585137162475,0.084557775262727,0.27446243447302776
0.5,9,logistic_regression,all_features,ood,-0.3,-0.3,0.841,0.8411069962966671,0.9314169419143896,0.11410974210155028,0.3541431188747763
0.5,9,logistic_regression,all_features,ood,-0.6,-0.6,0.8413333333333334,0.8413225896082245,0.9296782439566545,0.1143453740119707,0.3589527608041188
0.5,9,logistic_regression,all_features,ood,-0.9,-0.9,0.802,0.8021971179505426,0.8990837929194094,0.13866229769500868,0.4318861440045757
0.5,9,logistic_regression,stable_only,iid_validation,0.5,,0.919,0.9187787897377189,0.9786494354384346,0.058334228716568584,0.1889842940315935
0.5,9,logistic_regression,stable_only,iid_test,0.5,,0.912,0.9119713238706374,0.9770313591823889,0.06112693006168555,0.19469151151508093
0.5,9,logistic_regression,stable_only,ood,0.3,0.3,0.9116666666666666,0.9114905450500557,0.9762740823136818,0.062267279458544426,0.19703515185227896
0.5,9,logistic_regression,stable_only,ood,0.0,0.0,0.9126666666666666,0.9127837286434888,0.9755710822174257,0.06305395006343321,0.2006300782912826
0.5,9,logistic_regression,stable_only,ood,-0.3,-0.3,0.8966666666666666,0.896613618923698,0.9700445956916782,0.07099413417676885,0.21988563830754107
0.5,9,logistic_regression,stable_only,ood,-0.6,-0.6,0.9213333333333333,0.9213781606001668,0.9795356487913308,0.05714408281355865,0.18374959090050696
0.5,9,logistic_regression,stable_only,ood,-0.9,-0.9,0.915,0.9150373599003736,0.9771459704678882,0.06008456002466092,0.19453319957255666
0.5,9,rbf_svm,all_features,iid_validation,0.5,,0.9325,0.9324642664502423,0.9835930393256684,0.0503349253066662,0.1653606294543974
0.5,9,rbf_svm,all_features,iid_test,0.5,,0.934,0.9340144980877247,0.982715288779362,0.05099535720523613,0.169347205165239
0.5,9,rbf_svm,all_features,ood,0.3,0.3,0.9016666666666666,0.9019021134593994,0.9722616240266964,0.06826499245503062,0.21851309696223348
0.5,9,rbf_svm,all_features,ood,0.0,0.0,0.878,0.8781823219925642,0.9547155007808056,0.08927250272092775,0.2895498882322813
0.5,9,rbf_svm,all_features,ood,-0.3,-0.3,0.8253333333333334,0.825256063790745,0.923576107385536,0.12369474207989477,0.38997549420435085
0.5,9,rbf_svm,all_features,ood,-0.6,-0.6,0.827,0.8269352597943873,0.919462517365935,0.12479428523565463,0.39546457866934936
0.5,9,rbf_svm,all_features,ood,-0.9,-0.9,0.7863333333333333,0.7865993595445651,0.8809575698274328,0.15428482508691965,0.4900126572655858
0.5,9,rbf_svm,stable_only,iid_validation,0.5,,0.9155,0.9152357068302792,0.9767470485984283,0.05972084035331511,0.1965250154603241
0.5,9,rbf_svm,stable_only,iid_test,0.5,,0.9113333333333333,0.9113205634944765,0.9755004720679779,0.06274648239427914,0.2030514760135318
0.5,9,rbf_svm,stable_only,ood,0.3,0.3,0.912,0.9117908787541713,0.974304338153504,0.06436164626782397,0.2083561267682446
0.5,9,rbf_svm,stable_only,ood,0.0,0.0,0.9133333333333333,0.9134326579101987,0.974141124991605,0.06434827136783883,0.2089285868246991
0.5,9,rbf_svm,stable_only,ood,-0.3,-0.3,0.8966666666666666,0.8965735828912689,0.968357744191995,0.07315114383538653,0.23180828628876346
0.5,9,rbf_svm,stable_only,ood,-0.6,-0.6,0.9206666666666666,0.9207001944984718,0.9775422061683803,0.05865914287183164,0.19397694931591325
0.5,9,rbf_svm,stable_only,ood,-0.9,-0.9,0.9143333333333333,0.9144057996797723,0.9751983632805551,0.061550085762175,0.20325454223775596
0.5,9,random_forest,all_features,iid_validation,0.5,,0.924,0.9237824373968624,0.9804272314517283,0.05581496229607096,0.1903575575707679
0.5,9,random_forest,all_features,iid_test,0.5,,0.9206666666666666,0.92062323641271,0.9792214523335805,0.058227494374653674,0.19578173883251193
0.5,9,random_forest,all_features,ood,0.3,0.3,0.8903333333333333,0.8905561735261402,0.9649058954393771,0.07441040223060369,0.24335907605128068
0.5,9,random_forest,all_features,ood,0.0,0.0,0.8676666666666667,0.8678139089693233,0.9442343368534447,0.09418075874025032,0.3015112419904021
0.5,9,random_forest,all_features,ood,-0.3,-0.3,0.8283333333333334,0.8282487572148267,0.9147459380108763,0.11945398717371424,0.36851991369556664
0.5,9,random_forest,all_features,ood,-0.6,-0.6,0.814,0.8139594331758822,0.9023582106140594,0.12691423327757664,0.3949885184232295
0.5,9,random_forest,all_features,ood,-0.9,-0.9,0.765,0.7654109589041096,0.848754225226828,0.16134890596103438,0.4939468342390469
0.5,9,random_forest,stable_only,iid_validation,0.5,,0.909,0.9085283171431974,0.9726755804981831,0.0662952156897285,0.21868851537791067
0.5,9,random_forest,stable_only,iid_test,0.5,,0.9013333333333333,0.9013111221349208,0.9710084918894988,0.06880523059432882,0.22449959909739511
0.5,9,random_forest,stable_only,ood,0.3,0.3,0.9023333333333333,0.9021913236929922,0.9690231368186873,0.07012318627791177,0.22999196488829912
0.5,9,random_forest,stable_only,ood,0.0,0.0,0.9026666666666666,0.90279448779288,0.9692992853772084,0.0706169089331396,0.23039064664038778
0.5,9,random_forest,stable_only,ood,-0.3,-0.3,0.8933333333333333,0.8931771928068595,0.9628458946385081,0.07746553604049038,0.24933567477920565
0.5,9,random_forest,stable_only,ood,-0.6,-0.6,0.9073333333333333,0.9073520422339538,0.9728544595721035,0.06556626415484014,0.216741374689645
0.5,9,random_forest,stable_only,ood,-0.9,-0.9,0.912,0.912026329834549,0.970482787760185,0.06741136880294543,0.2261860149728246
0.5,9,gradient_boosting,all_features,iid_validation,0.5,,0.921,0.9207802488013762,0.9800484553239311,0.057718434748475884,0.19380693450845274
0.5,9,gradient_boosting,all_features,iid_test,0.5,,0.9193333333333333,0.9193297168125543,0.9791601101669752,0.060718085128115155,0.20173076236897908
0.5,9,gradient_boosting,all_features,ood,0.3,0.3,0.8943333333333333,0.8945383759733037,0.9663132369299222,0.07983027101581659,0.27180836461856234
0.5,9,gradient_boosting,all_features,ood,0.0,0.0,0.87,0.8701763406349365,0.9462794203135765,0.10074714577288124,0.36731980173142703
0.5,9,gradient_boosting,all_features,ood,-0.3,-0.3,0.8263333333333334,0.8262269375771527,0.9192802411058841,0.1322580118524536,0.46851593811627285
0.5,9,gradient_boosting,all_features,ood,-0.6,-0.6,0.826,0.8260516810225063,0.9115803278688526,0.1381572839491048,0.4989722328783315
0.5,9,gradient_boosting,all_features,ood,-0.9,-0.9,0.7826666666666666,0.7829745596868884,0.8726948051948052,0.17131444783142943,0.6121812506834204
0.5,9,gradient_boosting,stable_only,iid_validation,0.5,,0.901,0.9006845990727239,0.9692315698143946,0.07197323550347619,0.23676086825694137
0.5,9,gradient_boosting,stable_only,iid_test,0.5,,0.8946666666666667,0.8946274930256624,0.9699098892462737,0.0729482977380086,0.23062697216611763
0.5,9,gradient_boosting,stable_only,ood,0.3,0.3,0.902,0.9019799777530589,0.9685942157953281,0.07328250401387618,0.2393873550289444
0.5,9,gradient_boosting,stable_only,ood,0.0,0.0,0.903,0.9031007165798092,0.967029589662321,0.07357600612123544,0.2457615406763239
0.5,9,gradient_boosting,stable_only,ood,-0.3,-0.3,0.889,0.8890101090981883,0.9619731091315518,0.0811372586298702,0.26831234292562983
0.5,9,gradient_boosting,stable_only,ood,-0.6,-0.6,0.9023333333333333,0.9023673242567379,0.9723367602111699,0.06869386237168891,0.22405109067152243
0.5,9,gradient_boosting,stable_only,ood,-0.9,-0.9,0.9106666666666666,0.910638676392101,0.9702023661270236,0.06877991074807625,0.2289010510296007
0.5,9,mlp,all_features,iid_validation,0.5,,0.934,0.93419502817554,0.98460077396422,0.04878547495763749,0.1637583620151536
0.5,9,mlp,all_features,iid_test,0.5,,0.9323333333333333,0.9324796103972306,0.9831086787608526,0.05120324427278958,0.17098299079959695
0.5,9,mlp,all_features,ood,0.3,0.3,0.908,0.9078086763070078,0.9726496106785316,0.06624859442306277,0.21280870436717753
0.5,9,mlp,all_features,ood,0.0,0.0,0.8766666666666667,0.8763920956056503,0.9519280849381249,0.08872831737748235,0.28504312994227166
0.5,9,mlp,all_features,ood,-0.3,-0.3,0.8253333333333334,0.8245954692556634,0.9211859562495135,0.12099191212250408,0.37149633480575617
0.5,9,mlp,all_features,ood,-0.6,-0.6,0.829,0.8293359266462906,0.9182795220894693,0.12161710449629538,0.37688449535262986
0.5,9,mlp,all_features,ood,-0.9,-0.9,0.7786666666666666,0.7796477495107632,0.8826663405088062,0.15029571837663644,0.4555018787399531
0.5,9,mlp,stable_only,iid_validation,0.5,,0.9145,0.9140188197195755,0.9780620072032512,0.059880777526845196,0.19215159551511907
0.5,9,mlp,stable_only,iid_test,0.5,,0.9126666666666666,0.9125260704208072,0.9772349440541661,0.06123956511427225,0.19506573385783357
0.5,9,mlp,stable_only,ood,0.3,0.3,0.9083333333333333,0.9085984427141268,0.9757619577308121,0.06338954232081864,0.20121475402470712
0.5,9,mlp,stable_only,ood,0.0,0.0,0.91,0.9104068417337575,0.9754999179386912,0.06403618216296737,0.20390401266298844
0.5,9,mlp,stable_only,ood,-0.3,-0.3,0.8946666666666667,0.8949321055616721,0.9698199490652698,0.07192345978894985,0.22383741188576387
0.5,9,mlp,stable_only,ood,-0.6,-0.6,0.9203333333333333,0.9202278410669631,0.9794422895248681,0.05730762142645913,0.1851311284312914
0.5,9,mlp,stable_only,ood,-0.9,-0.9,0.9133333333333333,0.9130759651307596,0.9768528731542431,0.06052109791377893,0.19578524649892784
0.7,0,logistic_regression,all_features,iid_validation,0.7,,0.952,0.9520161939594691,0.9924200828300224,0.03345234530827437,0.11150182758679214
0.7,0,logistic_regression,all_features,iid_test,0.7,,0.9586666666666667,0.9585788080601093,0.9929172536714481,0.03137669760289332,0.10692705746007757
0.7,0,logistic_regression,all_features,ood,0.3,0.3,0.8916666666666667,0.8914732955838834,0.9629675406897337,0.0796286415964959,0.2667554731493543
0.7,0,logistic_regression,all_features,ood,0.0,0.0,0.8473333333333334,0.8473487710564914,0.9313485043779723,0.1152090644788205,0.3946010498671967
0.7,0,logistic_regression,all_features,ood,-0.3,-0.3,0.7943333333333333,0.7942562688926826,0.8862658836319643,0.15696393637354383,0.5475804052216832
0.7,0,logistic_regression,all_features,ood,-0.6,-0.6,0.762,0.7616824924073807,0.8491733074285795,0.18236217812485733,0.6348781866661176
0.7,0,logistic_regression,all_features,ood,-0.9,-0.9,0.69,0.6900897793125276,0.7780518120342331,0.2291669655314341,0.7587139898653485
0.7,0,logistic_regression,stable_only,iid_validation,0.7,,0.9105,0.9104836685238914,0.9758490777384063,0.06272158751927075,0.1981569536925097
0.7,0,logistic_regression,stable_only,iid_test,0.7,,0.9183333333333333,0.9183262892759563,0.9787820006545992,0.05816497968916513,0.18732683347998574
0.7,0,logistic_regression,stable_only,ood,0.3,0.3,0.9046666666666666,0.904571192806738,0.974275036279308,0.065013056331461,0.20479980270792497
0.7,0,logistic_regression,stable_only,ood,0.0,0.0,0.9096666666666666,0.9096693186363838,0.9763127250100005,0.06247051871969332,0.1966843474418675
0.7,0,logistic_regression,stable_only,ood,-0.3,-0.3,0.915,0.9150027623707764,0.9772565546858297,0.06036993143806986,0.19320730383846482
0.7,0,logistic_regression,stable_only,ood,-0.6,-0.6,0.9156666666666666,0.9154790689233693,0.9759656014760016,0.062265213470211696,0.197700650341379
0.7,0,logistic_regression,stable_only,ood,-0.9,-0.9,0.907,0.9071315785262253,0.9757632308461021,0.06268247496627043,0.19942297042951615
0.7,0,rbf_svm,all_features,iid_validation,0.7,,0.952,0.952005192628308,0.9904838485456738,0.03566655730831498,0.1237146526433595
0.7,0,rbf_svm,all_features,iid_test,0.7,,0.957,0.9569832223360655,0.9914657509392076,0.03269869962125565,0.11546830831830247
0.7,0,rbf_svm,all_features,ood,0.3,0.3,0.8853333333333333,0.8851190814932848,0.9582129951058502,0.0861801018514795,0.289155453477566
0.7,0,rbf_svm,all_features,ood,0.0,0.0,0.833,0.8330748033245923,0.9246202053424597,0.12466412388882929,0.4156413981160369
0.7,0,rbf_svm,all_features,ood,-0.3,-0.3,0.775,0.7748583368261137,0.8796028586426202,0.16830451789041853,0.556849092535164
0.7,0,rbf_svm,all_features,ood,-0.6,-0.6,0.7396666666666667,0.7391728448436907,0.8305008904759108,0.1985116555036977,0.661558755663463
0.7,0,rbf_svm,all_features,ood,-0.9,-0.9,0.6593333333333333,0.6596610115242567,0.7366749114031641,0.25373090200878123,0.847460721964972
0.7,0,rbf_svm,stable_only,iid_validation,0.7,,0.906,0.9059996259547405,0.9730807427698752,0.06587767224728751,0.21298902059789665
0.7,0,rbf_svm,stable_only,iid_test,0.7,,0.9166666666666666,0.9165546021174864,0.9766927972734516,0.05971049450471649,0.19673463960981188
0.7,0,rbf_svm,stable_only,ood,0.3,0.3,0.903,0.9028354768950604,0.9720106917254724,0.0678463186004229,0.2171791964723749
0.7,0,rbf_svm,stable_only,ood,0.0,0.0,0.908,0.908013689497311,0.9741939641761856,0.06456849755165572,0.208286909440145
0.7,0,rbf_svm,stable_only,ood,-0.3,-0.3,0.913,0.9129635415949036,0.9751497747212183,0.06215856325299347,0.20371943041870888
0.7,0,rbf_svm,stable_only,ood,-0.6,-0.6,0.9143333333333333,0.9141260081237024,0.974224236245661,0.06352208175740948,0.20756127264989618
0.7,0,rbf_svm,stable_only,ood,-0.9,-0.9,0.907,0.9071120187631472,0.9738001418971902,0.06517125421169048,0.21081009887058136
0.7,0,random_forest,all_features,iid_validation,0.7,,0.9495,0.9495433947507649,0.9883215869120164,0.041312437745056385,0.1449084561309738
0.7,0,random_forest,all_features,iid_test,0.7,,0.948,0.9478899846311475,0.9891633136242031,0.038848308134237466,0.14929545064241032
0.7,0,random_forest,all_features,ood,0.3,0.3,0.857,0.8567323013885727,0.9384083164978375,0.10068404873811017,0.3203682791792665
0.7,0,random_forest,all_features,ood,0.0,0.0,0.7916666666666666,0.7917262989466198,0.8850053335703809,0.14383467272429074,0.4598095545793432
0.7,0,random_forest,all_features,ood,-0.3,-0.3,0.7286666666666667,0.7286178501154952,0.819767196369227,0.18727485261265406,0.5959301830264119
0.7,0,random_forest,all_features,ood,-0.6,-0.6,0.6703333333333333,0.6700840125324922,0.7390531954830366,0.22829978439830764,0.6971124756001388
0.7,0,random_forest,all_features,ood,-0.9,-0.9,0.5323333333333333,0.5326092368313895,0.5546317518968524,0.31189441381764915,0.9619755237415605
0.7,0,random_forest,stable_only,iid_validation,0.7,,0.9075,0.9075603147980905,0.9699478636915067,0.06857020161681406,0.22545600226831472
0.7,0,random_forest,stable_only,iid_test,0.7,,0.9073333333333333,0.9072959357923497,0.9722844803051002,0.06625978540521724,0.21910304502350145
0.7,0,random_forest,stable_only,ood,0.3,0.3,0.8963333333333333,0.8961913840200318,0.9664202993398588,0.0725486709872906,0.23786863015268955
0.7,0,random_forest,stable_only,ood,0.0,0.0,0.9033333333333333,0.9033157029201297,0.9690537357215877,0.06975650406860882,0.2294559831772623
0.7,0,random_forest,stable_only,ood,-0.3,-0.3,0.911,0.91098299064083,0.9702790683410086,0.06729026658160478,0.2240492091027654
0.7,0,random_forest,stable_only,ood,-0.6,-0.6,0.907,0.9068242835716536,0.9700053731014003,0.06825909621769816,0.22468375160204823
0.7,0,random_forest,stable_only,ood,-0.9,-0.9,0.9033333333333333,0.9033907738375722,0.9690446744988699,0.06998307728363691,0.22903835178167764
0.7,0,gradient_boosting,all_features,iid_validation,0.7,,0.9465,0.9464770237198701,0.9892196955831655,0.04223159789272074,0.1557973855512344
0.7,0,gradient_boosting,all_features,iid_test,0.7,,0.949,0.9489305840163934,0.9905772391564208,0.03745683003903567,0.13905991042831606
0.7,0,gradient_boosting,all_features,ood,0.3,0.3,0.8683333333333333,0.8680695851354427,0.9471642563453222,0.10425487587038314,0.4351028188360064
0.7,0,gradient_boosting,all_features,ood,0.0,0.0,0.8166666666666667,0.8166896306502511,0.9058135917151873,0.15423352667063533,0.6559291284234331
0.7,0,gradient_boosting,all_features,ood,-0.3,-0.3,0.7546666666666667,0.7546534724756309,0.8476553627995105,0.20663794425359852,0.9123420490308105
0.7,0,gradient_boosting,all_features,ood,-0.6,-0.6,0.7136666666666667,0.7139557413011801,0.7891920599083013,0.24676998460522792,1.1001289275555495
0.7,0,gradient_boosting,all_features,ood,-0.9,-0.9,0.6196666666666667,0.6198342221171131,0.6773874913536957,0.3225211842713651,1.396822241032031
0.7,0,gradient_boosting,stable_only,iid_validation,0.7,,0.8975,0.8975591046516629,0.9686782100634177,0.07411917776499125,0.24181965341183542
0.7,0,gradient_boosting,stable_only,iid_test,0.7,,0.908,0.9078028944672132,0.9719551795167349,0.06931079064338379,0.22431594804231486
0.7,0,gradient_boosting,stable_only,ood,0.3,0.3,0.8946666666666667,0.8946175022763487,0.965145188367858,0.07823963414753803,0.25612634271683193
0.7,0,gradient_boosting,stable_only,ood,0.0,0.0,0.8973333333333333,0.8973021023156584,0.9689217298546603,0.07398374165296166,0.23850968263475603
0.7,0,gradient_boosting,stable_only,ood,-0.3,-0.3,0.9056666666666666,0.905683594539973,0.9700841689708647,0.07126945872237267,0.23465514604113452
0.7,0,gradient_boosting,stable_only,ood,-0.6,-0.6,0.9033333333333333,0.9033508937673803,0.96946383742632,0.0726516749854397,0.24051094069076384
0.7,0,gradient_boosting,stable_only,ood,-0.9,-0.9,0.898,0.8980562929981383,0.9666606061037131,0.076979698447646,0.2541338368843632
0.7,0,mlp,all_features,iid_validation,0.7,,0.9535,0.9534888721535306,0.9919070207495108,0.03422882299210959,0.11550367153491095
0.7,0,mlp,all_features,iid_test,0.7,,0.9586666666666667,0.9585627988387978,0.992584617628643,0.03180480898941218,0.10934224348376326
0.7,0,mlp,all_features,ood,0.3,0.3,0.8913333333333333,0.8910838265422263,0.9617929091736854,0.08078732694924819,0.2691016342388766
0.7,0,mlp,all_features,ood,0.0,0.0,0.845,0.8450531134717099,0.9306124716654074,0.1156181099526785,0.3913438243113151
0.7,0,mlp,all_features,ood,-0.3,-0.3,0.793,0.7928935289408897,0.8836479650683436,0.1590654655381589,0.5457932601569356
0.7,0,mlp,all_features,ood,-0.6,-0.6,0.7543333333333333,0.7539817883887635,0.84453589391861,0.18581055351637035,0.6338126798335062
0.7,0,mlp,all_features,ood,-0.9,-0.9,0.6966666666666667,0.6968850188218265,0.7738246805090516,0.23049192866319435,0.7573603181018043
0.7,0,mlp,stable_only,iid_validation,0.7,,0.9045,0.9046369610722897,0.9742078791533775,0.08673424571228125,0.3078876442095699
0.7,0,mlp,stable_only,iid_test,0.7,,0.9173333333333333,0.9174297728825137,0.9777467376764571,0.08536350657209886,0.30640203171072494
0.7,0,mlp,stable_only,ood,0.3,0.3,0.904,0.9040038840200318,0.9736703811461416,0.08855827280342275,0.3133753240857779
0.7,0,mlp,stable_only,ood,0.0,0.0,0.9086666666666666,0.9086048268811948,0.975549135517134,0.08603381037216472,0.30601260955271586
0.7,0,mlp,stable_only,ood,-0.3,-0.3,0.9113333333333333,0.9113774562987609,0.9758578127979326,0.08590228517075128,0.3063681692127637
0.7,0,mlp,stable_only,ood,-0.6,-0.6,0.9106666666666666,0.9107460248835086,0.9744724308302154,0.08541454938932293,0.303846867989039
0.7,0,mlp,stable_only,ood,-0.9,-0.9,0.9043333333333333,0.9043469795280407,0.9750204043892109,0.08603985608510656,0.3065352771574802
0.7,1,logistic_regression,all_features,iid_validation,0.7,,0.9545,0.9539046754280205,0.9919031139787791,0.0344783677280865,0.11573966680824083
0.7,1,logistic_regression,all_features,iid_test,0.7,,0.9536666666666667,0.9536155753194293,0.9918748519154199,0.0341571357447636,0.11526579712003157
0.7,1,logistic_regression,all_features,ood,0.3,0.3,0.8883333333333333,0.888814267923857,0.9618657712150862,0.08023474265062355,0.2693373752729695
0.7,1,logistic_regression,all_features,ood,0.0,0.0,0.8453333333333334,0.8453403757068336,0.9299759688782083,0.11484436728460086,0.38961215415141337
0.7,1,logistic_regression,all_features,ood,-0.3,-0.3,0.7993333333333333,0.7994043385490754,0.8859126066856331,0.1542658575433875,0.5405796686149674
0.7,1,logistic_regression,all_features,ood,-0.6,-0.6,0.7453333333333333,0.7454903225089216,0.8393627641716046,0.19043599018904372,0.6543982289380806
0.7,1,logistic_regression,all_features,ood,-0.9,-0.9,0.693,0.6929911968849763,0.7874674610966494,0.2245183914488049,0.7342287023581106
0.7,1,logistic_regression,stable_only,iid_validation,0.7,,0.9175,0.9172938020086371,0.978474450060183,0.05808523044759576,0.18774610336092318
0.7,1,logistic_regression,stable_only,iid_test,0.7,,0.9096666666666666,0.909606949628794,0.9758814949952412,0.06275873051488377,0.19862414915931553
0.7,1,logistic_regression,stable_only,ood,0.3,0.3,0.9043333333333333,0.9048078633695071,0.9723100871731009,0.06784670654874092,0.21426540495805835
0.7,1,logistic_regression,stable_only,ood,0.0,0.0,0.9083333333333333,0.9083384037059572,0.9740462106872046,0.0644098857516611,0.20633164699322262
0.7,1,logistic_regression,stable_only,ood,-0.3,-0.3,0.9153333333333333,0.9154427453769558,0.9762077702702703,0.06188733151916227,0.19812736387675345
0.7,1,logistic_regression,stable_only,ood,-0.6,-0.6,0.916,0.9158608575780147,0.97488188013474,0.06262091909362012,0.20222725309980868
0.7,1,logistic_regression,stable_only,ood,-0.9,-0.9,0.9166666666666666,0.9166599629599835,0.978431545969576,0.05866357388205582,0.1884171681556685
0.7,1,rbf_svm,all_features,iid_validation,0.7,,0.953,0.9525191147244263,0.9890828840909569,0.03743297972468051,0.13209220367182975
0.7,1,rbf_svm,all_features,iid_test,0.7,,0.9523333333333334,0.9523006509275818,0.9898415645021981,0.03615111082169071,0.1272466721986658
0.7,1,rbf_svm,all_features,ood,0.3,0.3,0.8806666666666667,0.8812044120263298,0.9546766589574809,0.08993788832459931,0.3039789320778972
0.7,1,rbf_svm,all_features,ood,0.0,0.0,0.8293333333333334,0.829347924154633,0.9226128544946021,0.12653018774924915,0.4188390598103356
0.7,1,rbf_svm,all_features,ood,-0.3,-0.3,0.7823333333333333,0.7824946657183499,0.8764549253200569,0.16680108944379649,0.5593335363696667
0.7,1,rbf_svm,all_features,ood,-0.6,-0.6,0.72,0.719800780424898,0.8166161576858513,0.20779970416440893,0.7011870772824567
0.7,1,rbf_svm,all_features,ood,-0.9,-0.9,0.661,0.6609814048806244,0.7307292136574283,0.2572164728604044,0.8683645509237787
0.7,1,rbf_svm,stable_only,iid_validation,0.7,,0.922,0.9216389003308307,0.9768919543271086,0.059695445664028006,0.19713267368115295
0.7,1,rbf_svm,stable_only,iid_test,0.7,,0.9093333333333333,0.909343564672009,0.9742491750605341,0.06426546243400139,0.20803345074625523
0.7,1,rbf_svm,stable_only,ood,0.3,0.3,0.903,0.9034380003558086,0.9699088240526597,0.06991026609669164,0.22741389255491018
0.7,1,rbf_svm,stable_only,ood,0.0,0.0,0.9056666666666666,0.9056721802987469,0.9720750987000438,0.06632749231213077,0.21707587849671545
0.7,1,rbf_svm,stable_only,ood,-0.3,-0.3,0.913,0.9130867709815078,0.973910917496444,0.06378470798364924,0.2099561909288794
0.7,1,rbf_svm,stable_only,ood,-0.6,-0.6,0.9153333333333333,0.9151938277506643,0.9722640104056652,0.06438921575029892,0.21516873483752041
0.7,1,rbf_svm,stable_only,ood,-0.9,-0.9,0.9133333333333333,0.913327961479094,0.9767186563194028,0.06028960711287715,0.1974409874301122
0.7,1,random_forest,all_features,iid_validation,0.7,,0.9485,0.9482211204550852,0.9867136504538526,0.04260038808743512,0.1519242129416362
0.7,1,random_forest,all_features,iid_test,0.7,,0.944,0.9439516811961811,0.9867978568243819,0.04316394352342002,0.15298377498065582
0.7,1,random_forest,all_features,ood,0.3,0.3,0.8566666666666667,0.8572051236434798,0.9355924212773529,0.10223144590301246,0.35839275737986087
0.7,1,random_forest,all_features,ood,0.0,0.0,0.7983333333333333,0.7983450214866762,0.8905990624884722,0.13910927045596216,0.4285179895925386
0.7,1,random_forest,all_features,ood,-0.3,-0.3,0.7296666666666667,0.7299431009957327,0.8147721817211948,0.18705505800670832,0.5763735120739731
0.7,1,random_forest,all_features,ood,-0.6,-0.6,0.655,0.6548042823314916,0.7304049982768397,0.22990320318955945,0.7235980801445774
0.7,1,random_forest,all_features,ood,-0.9,-0.9,0.554,0.5539704684313194,0.5680371413498406,0.3008459842847545,0.9205283918892018
0.7,1,random_forest,stable_only,iid_validation,0.7,,0.9085,0.9082738769942804,0.9727247489704758,0.06546013364232565,0.21666601308398156
0.7,1,random_forest,stable_only,iid_test,0.7,,0.9033333333333333,0.9033237181154172,0.9704126453229278,0.0687138630308936,0.22600794247338846
0.7,1,random_forest,stable_only,ood,0.3,0.3,0.897,0.8974693115104074,0.9653240081835972,0.07382696958850107,0.2433454171629278
0.7,1,random_forest,stable_only,ood,0.0,0.0,0.8986666666666666,0.8986710660760293,0.9674348744154998,0.07153615096072749,0.2348710237080088
0.7,1,random_forest,stable_only,ood,-0.3,-0.3,0.9026666666666666,0.9028360597439544,0.9700931276671407,0.06870366238077998,0.2263762765006569
0.7,1,random_forest,stable_only,ood,-0.6,-0.6,0.908,0.9079343197963335,0.9674498337984013,0.07009742371082792,0.23293756264610754
0.7,1,random_forest,stable_only,ood,-0.9,-0.9,0.9103333333333333,0.910330404591291,0.9734339881928836,0.06480487646424125,0.2155274019488297
0.7,1,gradient_boosting,all_features,iid_validation,0.7,,0.9455,0.9452615828364858,0.98826106870076,0.04240063241470118,0.158447664519641
0.7,1,gradient_boosting,all_features,iid_test,0.7,,0.9426666666666667,0.9426740974564347,0.9870685765521153,0.045394182208033956,0.16849863751318483
0.7,1,gradient_boosting,all_features,ood,0.3,0.3,0.8713333333333333,0.8717399039316848,0.9470352250489238,0.10539016665426224,0.4223747511432881
0.7,1,gradient_boosting,all_features,ood,0.0,0.0,0.8173333333333334,0.8173403632623837,0.9105244046775133,0.1486903589363199,0.5948708059567993
0.7,1,gradient_boosting,all_features,ood,-0.3,-0.3,0.7633333333333333,0.7635312944523471,0.8531107752489331,0.19682165551964112,0.8402115544940756
0.7,1,gradient_boosting,all_features,ood,-0.6,-0.6,0.7026666666666667,0.7024424408844816,0.7899647585907884,0.2451672095427253,1.041588632654237
0.7,1,gradient_boosting,all_features,ood,-0.9,-0.9,0.6376666666666667,0.6376422833965705,0.6949603088712485,0.3042329360969256,1.290691504242257
0.7,1,gradient_boosting,stable_only,iid_validation,0.7,,0.909,0.9086101197545378,0.973159709798946,0.06730440632687826,0.21962397553042762
0.7,1,gradient_boosting,stable_only,iid_test,0.7,,0.8996666666666666,0.8996143244075838,0.9693077620991492,0.07171267495053457,0.2356194115802462
0.7,1,gradient_boosting,stable_only,ood,0.3,0.3,0.889,0.889534780288205,0.9644622842910514,0.07952492368959503,0.26142935434945813
0.7,1,gradient_boosting,stable_only,ood,0.0,0.0,0.896,0.8960003982223992,0.9679675413189073,0.0734658963362612,0.24414541818667643
0.7,1,gradient_boosting,stable_only,ood,-0.3,-0.3,0.9023333333333333,0.9024982219061166,0.969566145092461,0.07203525736262326,0.2391729511246969
0.7,1,gradient_boosting,stable_only,ood,-0.6,-0.6,0.9016666666666666,0.9016364465097664,0.967352669786884,0.07408192433452344,0.24993604167322706
0.7,1,gradient_boosting,stable_only,ood,-0.9,-0.9,0.9053333333333333,0.9053315134806726,0.9720755431446858,0.06884620459807272,0.22483127294178143
0.7,1,mlp,all_features,iid_validation,0.7,,0.956,0.9559025888187005,0.9909490063550382,0.03655713710245181,0.12902870391282573
0.7,1,mlp,all_features,iid_test,0.7,,0.95,0.950074214546051,0.9908146441146909,0.03691469767060182,0.13055435152053252
0.7,1,mlp,all_features,ood,0.3,0.3,0.8673333333333333,0.8673812488880982,0.944693115104074,0.09525108170101661,0.3080892646026116
0.7,1,mlp,all_features,ood,0.0,0.0,0.8056666666666666,0.8056623580721591,0.897412843294597,0.13754951492255077,0.4412661534074902
0.7,1,mlp,all_features,ood,-0.3,-0.3,0.7476666666666667,0.7474395448079658,0.8299746621621622,0.18536006289359977,0.6085921824919516
0.7,1,mlp,all_features,ood,-0.6,-0.6,0.675,0.6757957109982101,0.7602072239330302,0.2316905185812312,0.739421008915467
0.7,1,mlp,all_features,ood,-0.9,-0.9,0.602,0.6020104897824399,0.6627856279047235,0.2792843106594009,0.8515669797189882
0.7,1,mlp,stable_only,iid_validation,0.7,,0.919,0.9191032991879061,0.9782058567375332,0.05879680038031845,0.19028354774421083
0.7,1,mlp,stable_only,iid_test,0.7,,0.907,0.9070891228014024,0.9757201300343757,0.0631638486339919,0.1997564523076594
0.7,1,mlp,stable_only,ood,0.3,0.3,0.9046666666666666,0.9049724248354385,0.9718808930795232,0.06791897947804501,0.21567528888050827
0.7,1,mlp,stable_only,ood,0.0,0.0,0.9086666666666666,0.908667959407982,0.9740382106836492,0.06445602476413086,0.206606362382219
0.7,1,mlp,stable_only,ood,-0.3,-0.3,0.9156666666666666,0.9156738975817923,0.9759041607396872,0.0621593039139604,0.1996327452348431
0.7,1,mlp,stable_only,ood,-0.6,-0.6,0.9146666666666666,0.9146824382163623,0.9745243521472802,0.06301198112779663,0.20506139015349617
0.7,1,mlp,stable_only,ood,-0.9,-0.9,0.9176666666666666,0.9176655189624529,0.9781342125040944,0.059215749831406546,0.1901699074042686
0.7,2,logistic_regression,all_features,iid_validation,0.7,,0.949,0.9491893157122409,0.9899070831470295,0.03845439722975407,0.13012318542524506
0.7,2,logistic_regression,all_features,iid_test,0.7,,0.9596666666666667,0.95966703940807,0.9938502112892644,0.029752357222103457,0.10066601672281619
0.7,2,logistic_regression,all_features,ood,0.3,0.3,0.885,0.8847065831580709,0.9568551783580481,0.08707070071581999,0.3008832244092981
0.7,2,logistic_regression,all_features,ood,0.0,0.0,0.8343333333333334,0.834325369046619,0.9184330635902893,0.12711028154409892,0.45833265756204217
0.7,2,logistic_regression,all_features,ood,-0.3,-0.3,0.771,0.7709485160875,0.8616290938966551,0.17505678763667143,0.6328574527358984
0.7,2,logistic_regression,all_features,ood,-0.6,-0.6,0.7303333333333333,0.7302394358869693,0.8178727392947075,0.20624497973705455,0.7329318777595133
0.7,2,logistic_regression,all_features,ood,-0.9,-0.9,0.6533333333333333,0.6533494337582517,0.7358088329444571,0.26100814293147356,0.8770955267464866
0.7,2,logistic_regression,stable_only,iid_validation,0.7,,0.9025,0.9025653413836598,0.9692091014303134,0.06987082073310925,0.22514691466240241
0.7,2,logistic_regression,stable_only,iid_test,0.7,,0.9213333333333333,0.9213287490288872,0.9801172979863076,0.055343998937175135,0.18048921465555456
0.7,2,logistic_regression,stable_only,ood,0.3,0.3,0.914,0.9136596033401064,0.9780415963984691,0.05914201311779103,0.19013156799680836
0.7,2,logistic_regression,stable_only,ood,0.0,0.0,0.9056666666666666,0.9057332730644969,0.9748853180936734,0.06401325265581936,0.20209138816060257
0.7,2,logistic_regression,stable_only,ood,-0.3,-0.3,0.913,0.9130027510487595,0.9765627361820706,0.06150829789861247,0.1965558171378885
0.7,2,logistic_regression,stable_only,ood,-0.6,-0.6,0.907,0.9070943670069647,0.9759327959176686,0.06315691750491778,0.1987778830804206
0.7,2,logistic_regression,stable_only,ood,-0.9,-0.9,0.9103333333333333,0.9104950347143183,0.9761419090029593,0.062130937705342365,0.19837363908744013
0.7,2,rbf_svm,all_features,iid_validation,0.7,,0.95,0.9501725998813657,0.9881475746490737,0.038956580376978765,0.13958312702555384
0.7,2,rbf_svm,all_features,iid_test,0.7,,0.9563333333333334,0.9563372557106768,0.9919528745828881,0.03239502299643399,0.11288328596090712
0.7,2,rbf_svm,all_features,ood,0.3,0.3,0.8766666666666667,0.8762347762132283,0.9508458005588215,0.09575656850694497,0.32977482945343334
0.7,2,rbf_svm,all_features,ood,0.0,0.0,0.8256666666666667,0.8257023919527771,0.9143618059139017,0.13527923029982222,0.4633339072927925
0.7,2,rbf_svm,all_features,ood,-0.3,-0.3,0.7456666666666667,0.7453763886394312,0.8515167223574727,0.1876273914820378,0.6393643309627326
0.7,2,rbf_svm,all_features,ood,-0.6,-0.6,0.7063333333333334,0.7066240060189132,0.7949576483907101,0.22480022925848497,0.7714476104353337
0.7,2,rbf_svm,all_features,ood,-0.9,-0.9,0.6193333333333333,0.6195741093785567,0.6791157452196677,0.29051701269365765,0.9971210048320881
0.7,2,rbf_svm,stable_only,iid_validation,0.7,,0.898,0.8980895478793371,0.9669274420307468,0.07144259481926608,0.23521738377025936
0.7,2,rbf_svm,stable_only,iid_test,0.7,,0.919,0.9189994115545095,0.9783932949214131,0.0564710174512888,0.18871853937723737
0.7,2,rbf_svm,stable_only,ood,0.3,0.3,0.9133333333333333,0.9128813849082611,0.9766151594101211,0.060674669503221895,0.19868607378625053
0.7,2,rbf_svm,stable_only,ood,0.0,0.0,0.9056666666666666,0.9057412733525073,0.9734230432295563,0.06564947012719306,0.21192468043956827
0.7,2,rbf_svm,stable_only,ood,-0.3,-0.3,0.913,0.9129102788215482,0.9757180379527359,0.061893566430332926,0.20206642383927093
0.7,2,rbf_svm,stable_only,ood,-0.6,-0.6,0.907,0.9071090407757354,0.9740607787502484,0.06570233971680248,0.21013424427629498
0.7,2,rbf_svm,stable_only,ood,-0.9,-0.9,0.9063333333333333,0.9064811916685636,0.9747022962667881,0.06396262889401379,0.20645043106958152
0.7,2,random_forest,all_features,iid_validation,0.7,,0.941,0.9412720276159809,0.9863405524196491,0.04517974121603559,0.15577860371863647
0.7,2,random_forest,all_features,iid_test,0.7,,0.946,0.945998126218891,0.9880286453842584,0.040437553574778726,0.14375554295512416
0.7,2,random_forest,all_features,ood,0.3,0.3,0.8513333333333334,0.8508028827917562,0.931003456572028,0.1078638488373817,0.3414133363951325
0.7,2,random_forest,all_features,ood,0.0,0.0,0.791,0.7910624782492169,0.8824722134441284,0.14613712841710344,0.4539272506948475
0.7,2,random_forest,all_features,ood,-0.3,-0.3,0.705,0.704593468971122,0.7937671495969456,0.20191201081855134,0.6279250699870101
0.7,2,random_forest,all_features,ood,-0.6,-0.6,0.6446666666666667,0.6451402478799739,0.7075495651006198,0.2452004606620438,0.764916472664621
0.7,2,random_forest,all_features,ood,-0.9,-0.9,0.522,0.5221570538356477,0.5179529222626906,0.3284203625824647,1.0122022238400763
0.7,2,random_forest,stable_only,iid_validation,0.7,,0.8975,0.897495876308253,0.9627557364078217,0.07578014746430915,0.24841125855862511
0.7,2,random_forest,stable_only,iid_test,0.7,,0.9173333333333333,0.9173305196987016,0.974667732742636,0.06219589292269332,0.21039930324649822
0.7,2,random_forest,stable_only,ood,0.3,0.3,0.9096666666666666,0.909249847294667,0.971426071920205,0.06617372077922425,0.22232679469961225
0.7,2,random_forest,stable_only,ood,0.0,0.0,0.903,0.9030705105383794,0.9683377490478546,0.07137800023642665,0.23279882770071647
0.7,2,random_forest,stable_only,ood,-0.3,-0.3,0.9046666666666666,0.9046033386030647,0.9705475956331768,0.06824435685599195,0.22551395144999264
0.7,2,random_forest,stable_only,ood,-0.6,-0.6,0.8953333333333333,0.8954880828987897,0.9677010339671066,0.0727596015643807,0.2357177495686079
0.7,2,random_forest,stable_only,ood,-0.9,-0.9,0.903,0.9030595549738221,0.9703654517840883,0.06879746155649402,0.22633371639642041
0.7,2,gradient_boosting,all_features,iid_validation,0.7,,0.94,0.9402037188747547,0.9877884708680809,0.0453263343512787,0.17097023422640553
0.7,2,gradient_boosting,all_features,iid_test,0.7,,0.946,0.9459963484379528,0.9902315381894012,0.0407130678377399,0.1487372682853333
0.7,2,gradient_boosting,all_features,ood,0.3,0.3,0.8616666666666667,0.8612229070465275,0.9392504349653364,0.11408503900769222,0.49475046996994476
0.7,2,gradient_boosting,all_features,ood,0.0,0.0,0.809,0.8090151245444837,0.8958686957174903,0.16104761159307437,0.716209572326659
0.7,2,gradient_boosting,all_features,ood,-0.3,-0.3,0.73,0.7297454701946007,0.8158348908383142,0.23182776716805778,1.0395209509540706
0.7,2,gradient_boosting,all_features,ood,-0.6,-0.6,0.6666666666666666,0.666886773198228,0.7452149062368408,0.2811794546111267,1.2819863614917901
0.7,2,gradient_boosting,all_features,ood,-0.9,-0.9,0.5793333333333334,0.5794605764853176,0.6223328484236286,0.3562247848303941,1.6203280062608234
0.7,2,gradient_boosting,stable_only,iid_validation,0.7,,0.8965,0.8964785823102877,0.9623931316150368,0.07751013486919789,0.2720091062265367
0.7,2,gradient_boosting,stable_only,iid_test,0.7,,0.9146666666666666,0.9146620705103476,0.9751777336493043,0.062418651588042585,0.21061219859389635
0.7,2,gradient_boosting,stable_only,ood,0.3,0.3,0.9066666666666666,0.9063137199731452,0.9715988114805917,0.06786504033747244,0.2250580225191067
0.7,2,gradient_boosting,stable_only,ood,0.0,0.0,0.897,0.8970662943865979,0.966804804972979,0.07531333487469495,0.24745844902513353
0.7,2,gradient_boosting,stable_only,ood,-0.3,-0.3,0.907,0.9069315936699205,0.9701957121339567,0.06905572672032545,0.22978334715752494
0.7,2,gradient_boosting,stable_only,ood,-0.6,-0.6,0.8983333333333333,0.898394156104888,0.9671765578984672,0.07584988962552161,0.24417910317109362
0.7,2,gradient_boosting,stable_only,ood,-0.9,-0.9,0.9036666666666666,0.9037513515820623,0.968866485033007,0.0722077700261291,0.2392281511212913
0.7,2,mlp,all_features,iid_validation,0.7,,0.9475,0.9477143894585536,0.9897220296665736,0.03868085612839657,0.13137213482221424
0.7,2,mlp,all_features,iid_test,0.7,,0.96,0.9599981511078242,0.9937164332736592,0.02994940020382446,0.10203156465144225
0.7,2,mlp,all_features,ood,0.3,0.3,0.883,0.882703160421627,0.9549060706380146,0.08915033103701762,0.3025288636442086
0.7,2,mlp,all_features,ood,0.0,0.0,0.8313333333333334,0.8313472618347594,0.9152378374510372,0.1288884016330566,0.4528977618762212
0.7,2,mlp,all_features,ood,-0.3,-0.3,0.769,0.768832324734009,0.8557602195148408,0.1773514542036713,0.6271603528409581
0.7,2,mlp,all_features,ood,-0.6,-0.6,0.7223333333333334,0.7223089308558676,0.8106665848492893,0.21044902904289045,0.7280939374367632
0.7,2,mlp,all_features,ood,-0.9,-0.9,0.6496666666666666,0.6498122012292283,0.7248454572615526,0.2671839811185806,0.8842523695448369
0.7,2,mlp,stable_only,iid_validation,0.7,,0.897,0.897276312854415,0.9690280491061917,0.0708161280766071,0.22799277287213027
0.7,2,mlp,stable_only,iid_test,0.7,,0.9206666666666666,0.9206505256009344,0.9799288532068502,0.05548540571863643,0.18185675959729883
0.7,2,mlp,stable_only,ood,0.3,0.3,0.9156666666666666,0.9156465534896062,0.9779975210982674,0.05905891248166811,0.19034810283395162
0.7,2,mlp,stable_only,ood,0.0,0.0,0.907,0.9070066522394806,0.9746137527617661,0.06436143832472138,0.20383927398229496
0.7,2,mlp,stable_only,ood,-0.3,-0.3,0.912,0.9121122612838346,0.9764956049017394,0.06173189276266148,0.19665781799608434
0.7,2,mlp,stable_only,ood,-0.6,-0.6,0.907,0.9069329555504864,0.9753871985151925,0.06386219393355952,0.2005120149187471
0.7,2,mlp,stable_only,ood,-0.9,-0.9,0.906,0.9059672348053722,0.9757715577338949,0.06280100968744197,0.19910009678852097
0.7,3,logistic_regression,all_features,iid_validation,0.7,,0.952,0.9520231138722237,0.9919913512994551,0.0339385254336158,0.1146107431352655
0.7,3,logistic_regression,all_features,iid_test,0.7,,0.954,0.9540683260886482,0.9917964224966928,0.0341632162492554,0.11570901856485974
0.7,3,logistic_regression,all_features,ood,0.3,0.3,0.8806666666666667,0.8806899485632518,0.9588310419953421,0.0869150220130915,0.2891405677101119
0.7,3,logistic_regression,all_features,ood,0.0,0.0,0.832,0.8319793279173118,0.9264743725641568,0.12177789979575446,0.416313173504117
0.7,3,logistic_regression,all_features,ood,-0.3,-0.3,0.793,0.7930585590712498,0.8832362031925792,0.1586764329569536,0.552776519706268
0.7,3,logistic_regression,all_features,ood,-0.6,-0.6,0.7476666666666667,0.7477395852917371,0.8376061538215376,0.19159401653404348,0.6654260424788891
0.7,3,logistic_regression,all_features,ood,-0.9,-0.9,0.6766666666666666,0.6766666666666666,0.770739111111111,0.2399817740510354,0.775553027933072
0.7,3,logistic_regression,stable_only,iid_validation,0.7,,0.9085,0.9086230984709762,0.9747529549893541,0.06414008174048857,0.20353872206500165
0.7,3,logistic_regression,stable_only,iid_test,0.7,,0.902,0.9018221031450456,0.9743371391090706,0.0653283485199155,0.20345558313869586
0.7,3,logistic_regression,stable_only,ood,0.3,0.3,0.9096666666666666,0.9097376419111479,0.976749665156593,0.06184835337414281,0.1945705151034092
0.7,3,logistic_regression,stable_only,ood,0.0,0.0,0.9113333333333333,0.9113396453585814,0.9764590169471788,0.06153884521879824,0.195785337223857
0.7,3,logistic_regression,stable_only,ood,-0.3,-0.3,0.9053333333333333,0.9053003357614386,0.9745342377077169,0.06487982132781138,0.20303791986455735
0.7,3,logistic_regression,stable_only,ood,-0.6,-0.6,0.9173333333333333,0.9173463578022143,0.9763178141079746,0.06054755695456575,0.1967042065697316
0.7,3,logistic_regression,stable_only,ood,-0.9,-0.9,0.9106666666666666,0.9106666666666667,0.9762955555555555,0.06179673211956663,0.19697677961000243
0.7,3,rbf_svm,all_features,iid_validation,0.7,,0.95,0.9500319525881596,0.9903682198258059,0.036223013561385284,0.12464463131145732
0.7,3,rbf_svm,all_features,iid_test,0.7,,0.9513333333333334,0.9514780269257708,0.989899389667708,0.036663767325850465,0.12766534237942365
0.7,3,rbf_svm,all_features,ood,0.3,0.3,0.874,0.8739939694846857,0.9528978790954138,0.09356785829810804,0.31401415716397024
0.7,3,rbf_svm,all_features,ood,0.0,0.0,0.8263333333333334,0.826295971850554,0.9202605699311687,0.12992233696439714,0.4367708135438018
0.7,3,rbf_svm,all_features,ood,-0.3,-0.3,0.7806666666666666,0.7805653169815616,0.8738160318973366,0.16813794543885469,0.5621100487368121
0.7,3,rbf_svm,all_features,ood,-0.6,-0.6,0.7286666666666667,0.7287729024911563,0.8163022757708166,0.20859342532605687,0.701228978102355
0.7,3,rbf_svm,all_features,ood,-0.9,-0.9,0.6466666666666666,0.6466666666666667,0.7230244444444445,0.2666107196224372,0.8839328321401251
0.7,3,rbf_svm,stable_only,iid_validation,0.7,,0.9055,0.9056048539931734,0.9738778841086129,0.06454522952366284,0.20891339679109475
0.7,3,rbf_svm,stable_only,iid_test,0.7,,0.9026666666666666,0.9024891329723961,0.9720625673978054,0.06800017042896536,0.21734782762777854
0.7,3,rbf_svm,stable_only,ood,0.3,0.3,0.9073333333333333,0.9073805132472631,0.9749746505870704,0.06411619128953926,0.2064151996086317
0.7,3,rbf_svm,stable_only,ood,0.0,0.0,0.912,0.9120063146919255,0.9748150103711526,0.0632668532027977,0.2057650179844881
0.7,3,rbf_svm,stable_only,ood,-0.3,-0.3,0.9043333333333333,0.9043311091509219,0.9729652465570225,0.06685839748668165,0.21353602891246518
0.7,3,rbf_svm,stable_only,ood,-0.6,-0.6,0.9136666666666666,0.9136735589147875,0.9735141576207855,0.0632188531861827,0.20982297625130453
0.7,3,rbf_svm,stable_only,ood,-0.9,-0.9,0.9096666666666666,0.9096666666666666,0.9742862222222222,0.06358443737718869,0.20746869667030407
0.7,3,random_forest,all_features,iid_validation,0.7,,0.946,0.9460406292909725,0.987237466234765,0.04263975247328168,0.1655526280812187
0.7,3,random_forest,all_features,iid_test,0.7,,0.945,0.9451178975219842,0.9860021567297751,0.043657175304829085,0.1549706453792986
0.7,3,random_forest,all_features,ood,0.3,0.3,0.8526666666666667,0.8526937946504182,0.9307617626388106,0.10633844575882673,0.3411424708253489
0.7,3,random_forest,all_features,ood,0.0,0.0,0.7913333333333333,0.7913164985993277,0.8826473083670112,0.14484106743021669,0.46575999726643674
0.7,3,random_forest,all_features,ood,-0.3,-0.3,0.736,0.7360324664238562,0.8224883692806737,0.18185014338434619,0.56200018196219
0.7,3,random_forest,all_features,ood,-0.6,-0.6,0.6693333333333333,0.6693694306328362,0.7326501531832924,0.22863142913221468,0.720962382712669
0.7,3,random_forest,all_features,ood,-0.9,-0.9,0.5576666666666666,0.5576666666666666,0.5624108888888888,0.3054153369269287,0.9341930678464119
0.7,3,random_forest,stable_only,iid_validation,0.7,,0.897,0.8970366599694575,0.9678338945454582,0.07166348813566668,0.23453444241558424
0.7,3,random_forest,stable_only,iid_test,0.7,,0.8936666666666667,0.8934920123178174,0.967286856177252,0.07201785496457948,0.23411099931515636
0.7,3,random_forest,stable_only,ood,0.3,0.3,0.9013333333333333,0.9013419963646208,0.9700445731807879,0.06947852991373804,0.22593516125999108
0.7,3,random_forest,stable_only,ood,0.0,0.0,0.9013333333333333,0.9013356053424214,0.970040546828854,0.06893609341126637,0.22536399054345777
0.7,3,random_forest,stable_only,ood,-0.3,-0.3,0.8953333333333333,0.8954088891418166,0.9673430653169814,0.07271340193496018,0.23492528247054248
0.7,3,random_forest,stable_only,ood,-0.6,-0.6,0.9043333333333333,0.9043558901453785,0.9669937006621128,0.07041956873527061,0.23453778204721265
0.7,3,random_forest,stable_only,ood,-0.9,-0.9,0.9006666666666666,0.9006666666666667,0.9687148888888889,0.07057330732484428,0.23085060379277828
0.7,3,gradient_boosting,all_features,iid_validation,0.7,,0.9445,0.9445360074166007,0.9883030525472564,0.04308400495356364,0.1608633668908791
0.7,3,gradient_boosting,all_features,iid_test,0.7,,0.944,0.9440784427076965,0.9873940256361797,0.045212026304121085,0.1705453043613088
0.7,3,gradient_boosting,all_features,ood,0.3,0.3,0.8656666666666667,0.8656823404053862,0.9442068423188723,0.10955193410638446,0.4566244371341458
0.7,3,gradient_boosting,all_features,ood,0.0,0.0,0.8063333333333333,0.8063065585595676,0.9032351684962295,0.15596662914906903,0.6619589801343713
0.7,3,gradient_boosting,all_features,ood,-0.3,-0.3,0.7633333333333333,0.7631761467106761,0.8532973267129524,0.19757623970552504,0.8460877408436733
0.7,3,gradient_boosting,all_features,ood,-0.6,-0.6,0.6996666666666667,0.6998058596776151,0.7808747781586803,0.25377456104061835,1.1093781178342448
0.7,3,gradient_boosting,all_features,ood,-0.9,-0.9,0.6176666666666667,0.6176666666666666,0.683532,0.32063869171511955,1.3777136975188524
0.7,3,gradient_boosting,stable_only,iid_validation,0.7,,0.894,0.8940814205950682,0.9673553557838186,0.07565955064240928,0.2459782841525529
0.7,3,gradient_boosting,stable_only,iid_test,0.7,,0.894,0.8940667696857177,0.9666594034529911,0.0766820611129997,0.2542656880042718
0.7,3,gradient_boosting,stable_only,ood,0.3,0.3,0.8996666666666666,0.8997543518529632,0.9701601513896724,0.07288842004250025,0.23554000220244445
0.7,3,gradient_boosting,stable_only,ood,0.0,0.0,0.899,0.8989949293130506,0.969278988227064,0.0732568831806044,0.24011113862973624
0.7,3,gradient_boosting,stable_only,ood,-0.3,-0.3,0.8923333333333333,0.8922895800136581,0.9666108101667426,0.07729155100241597,0.25162521675652305
0.7,3,gradient_boosting,stable_only,ood,-0.6,-0.6,0.8983333333333333,0.898391675433649,0.9653776424840184,0.07587134600804987,0.25925858848439504
0.7,3,gradient_boosting,stable_only,ood,-0.9,-0.9,0.8956666666666667,0.8956666666666666,0.9666,0.07661966200985854,0.25186683264519183
0.7,3,mlp,all_features,iid_validation,0.7,,0.9495,0.9495364124494083,0.991182285765147,0.03556849054082217,0.123153833408667
0.7,3,mlp,all_features,iid_test,0.7,,0.9523333333333334,0.9524396615935342,0.9911369523407189,0.035857875074424686,0.12328572235046265
0.7,3,mlp,all_features,ood,0.3,0.3,0.8646666666666667,0.8646588064593994,0.9480178114910524,0.09673805761798228,0.3137460297111898
0.7,3,mlp,all_features,ood,0.0,0.0,0.8213333333333334,0.8212966185198074,0.9071022950758469,0.13514804728042487,0.44897475704827466
0.7,3,mlp,all_features,ood,-0.3,-0.3,0.763,0.7629858581834736,0.8512850699977236,0.17835401262531878,0.5965560204056334
0.7,3,mlp,all_features,ood,-0.6,-0.6,0.7016666666666667,0.7017859309601813,0.788771506885359,0.2211585780251584,0.7273320418589508
0.7,3,mlp,all_features,ood,-0.9,-0.9,0.619,0.619,0.6990017777777777,0.2763626790010447,0.8603995312568128
0.7,3,mlp,stable_only,iid_validation,0.7,,0.906,0.9062174036096924,0.9724747704564071,0.08929024540966324,0.3141512504906627
0.7,3,mlp,stable_only,iid_test,0.7,,0.905,0.9045046747673733,0.9728825693988948,0.0869104841115706,0.3069032236955767
0.7,3,mlp,stable_only,ood,0.3,0.3,0.902,0.9022141673101262,0.9751409053952353,0.08608094438162504,0.30632420980784364
0.7,3,mlp,stable_only,ood,0.0,0.0,0.907,0.9070282947798458,0.974645231914261,0.08549269865526317,0.3038872516562938
0.7,3,mlp,stable_only,ood,-0.3,-0.3,0.9016666666666666,0.901875142271796,0.9732626835306168,0.08773889401106223,0.31014648637236736
0.7,3,mlp,stable_only,ood,-0.6,-0.6,0.9143333333333333,0.9142842475662457,0.9738999492870631,0.08639456114171727,0.3071834103851705
0.7,3,mlp,stable_only,ood,-0.9,-0.9,0.907,0.907,0.9742475555555555,0.0868052160814176,0.30786524169326457
0.7,4,logistic_regression,all_features,iid_validation,0.7,,0.9565,0.9565251087259785,0.9931339382054438,0.030948051993730834,0.10614938954054035
0.7,4,logistic_regression,all_features,iid_test,0.7,,0.953,0.953181063758252,0.9937897922044192,0.032171900771375384,0.1035523456410871
0.7,4,logistic_regression,all_features,ood,0.3,0.3,0.894,0.8937383885471768,0.9626863447758082,0.07947435793284965,0.27205829550353966
0.7,4,logistic_regression,all_features,ood,0.0,0.0,0.842,0.8419592248897865,0.9297446922177417,0.11866644647963592,0.4057487093753336
0.7,4,logistic_regression,all_features,ood,-0.3,-0.3,0.792,0.7919485101463652,0.8815672919780668,0.1592470762218067,0.5690200665269529
0.7,4,logistic_regression,all_features,ood,-0.6,-0.6,0.7286666666666667,0.7285331711584833,0.8238993626812908,0.2034605427795622,0.7151838597458582
0.7,4,logistic_regression,all_features,ood,-0.9,-0.9,0.6853333333333333,0.6856800712635953,0.7796002624377911,0.23361347634337964,0.7742828827307838
0.7,4,logistic_regression,stable_only,iid_validation,0.7,,0.9195,0.9195247757229815,0.9791378122403102,0.05714436695015326,0.18565864992189948
0.7,4,logistic_regression,stable_only,iid_test,0.7,,0.922,0.9221865054728456,0.9803714028025097,0.056290032200977835,0.18010507099299453
0.7,4,logistic_regression,stable_only,ood,0.3,0.3,0.909,0.9089410799801986,0.977338624990493,0.06080005726879088,0.191547597265836
0.7,4,logistic_regression,stable_only,ood,0.0,0.0,0.914,0.9139950158914572,0.9785381992763398,0.058555973475516734,0.18788841033096804
0.7,4,logistic_regression,stable_only,ood,-0.3,-0.3,0.909,0.9089387217939846,0.97415195835939,0.06451004343595676,0.20489735275090531
0.7,4,logistic_regression,stable_only,ood,-0.6,-0.6,0.9003333333333333,0.9002918080361906,0.9698829567035827,0.06995215474494797,0.22222483203283847
0.7,4,logistic_regression,stable_only,ood,-0.9,-0.9,0.9096666666666666,0.9097136654344893,0.9767931026512263,0.06197299237201723,0.19519686669921762
0.7,4,rbf_svm,all_features,iid_validation,0.7,,0.9515,0.9515250637255734,0.991418922770305,0.03272828889193915,0.11544838000773097
0.7,4,rbf_svm,all_features,iid_test,0.7,,0.9546666666666667,0.9547727519350195,0.992874538148038,0.03359896013650588,0.11081875417057452
0.7,4,rbf_svm,all_features,ood,0.3,0.3,0.8846666666666667,0.8844892561954065,0.9581042547787925,0.08456379761226164,0.2939736795795286
0.7,4,rbf_svm,all_features,ood,0.0,0.0,0.831,0.8309387626663869,0.9250041445347031,0.1270216125387401,0.42120248140738226
0.7,4,rbf_svm,all_features,ood,-0.3,-0.3,0.777,0.7769179690468857,0.872232733711747,0.16928044676070614,0.5828880019613777
0.7,4,rbf_svm,all_features,ood,-0.6,-0.6,0.715,0.7147403068518874,0.8043090142187511,0.21675164969091512,0.7506530875597659
0.7,4,rbf_svm,all_features,ood,-0.9,-0.9,0.656,0.6565345409739003,0.7331246810651845,0.2619773220763737,0.8939121691091875
0.7,4,rbf_svm,stable_only,iid_validation,0.7,,0.92,0.9200172801555214,0.9772677954101587,0.05826170353709061,0.19413362596261435
0.7,4,rbf_svm,stable_only,iid_test,0.7,,0.9223333333333333,0.9225285027368675,0.9793267323562321,0.05728276524109515,0.18690975625811704
0.7,4,rbf_svm,stable_only,ood,0.3,0.3,0.9066666666666666,0.9066515917002881,0.9758948796856675,0.0626565984212284,0.1996844492576289
0.7,4,rbf_svm,stable_only,ood,0.0,0.0,0.9136666666666666,0.913666342067005,0.9766430468930212,0.060224823696275964,0.19660790994266003
0.7,4,rbf_svm,stable_only,ood,-0.3,-0.3,0.907,0.9069626506554236,0.9723367819019262,0.06650851440754979,0.21485732823379244
0.7,4,rbf_svm,stable_only,ood,-0.6,-0.6,0.8986666666666666,0.8986513880886839,0.9676326028352147,0.07251108135188825,0.23573046860640212
0.7,4,rbf_svm,stable_only,ood,-0.9,-0.9,0.91,0.9100190427421548,0.9755031391186997,0.06328007033035288,0.2037671170378559
0.7,4,random_forest,all_features,iid_validation,0.7,,0.9485,0.9485100365903293,0.989406904662142,0.03925973610202442,0.14032995284201108
0.7,4,random_forest,all_features,iid_test,0.7,,0.9496666666666667,0.9498286900570856,0.9903324622557766,0.03954059064973612,0.1388970360887917
0.7,4,random_forest,all_features,ood,0.3,0.3,0.86,0.8598770903950907,0.9362058942703414,0.10090599610337296,0.34637599557841964
0.7,4,random_forest,all_features,ood,0.0,0.0,0.79,0.7899052023799629,0.8888755799570746,0.14132249761267357,0.4331834045332918
0.7,4,random_forest,all_features,ood,-0.3,-0.3,0.725,0.7248800956834446,0.8108203006419342,0.18951722148738326,0.5826637661797792
0.7,4,random_forest,all_features,ood,-0.6,-0.6,0.654,0.6537406909502166,0.7115614930755607,0.2395679011296762,0.7409644054925972
0.7,4,random_forest,all_features,ood,-0.9,-0.9,0.5486666666666666,0.5492817632405733,0.5576998643360199,0.3075124365539809,0.9426458731005902
0.7,4,random_forest,stable_only,iid_validation,0.7,,0.9145,0.9145367308305774,0.973407260665346,0.06442482496516422,0.21525069397139857
0.7,4,random_forest,stable_only,iid_test,0.7,,0.9103333333333333,0.9105714956621049,0.9753452882650021,0.06312459572423441,0.20958321926158177
0.7,4,random_forest,stable_only,ood,0.3,0.3,0.9073333333333333,0.9071546341955924,0.9740039113666699,0.06481260128094393,0.21404443392213346
0.7,4,random_forest,stable_only,ood,0.0,0.0,0.9043333333333333,0.9043016936813291,0.9724614002704948,0.06616019428798281,0.2187223461921216
0.7,4,random_forest,stable_only,ood,-0.3,-0.3,0.899,0.8989423619250294,0.967662391401646,0.07139198682264988,0.2341690924925241
0.7,4,random_forest,stable_only,ood,-0.6,-0.6,0.8956666666666667,0.8956026076008792,0.9626888928010016,0.0761510548355323,0.2490682316378818
0.7,4,random_forest,stable_only,ood,-0.9,-0.9,0.9053333333333333,0.9054157131960335,0.9724140276199773,0.06690232996041368,0.21980227544092057
0.7,4,gradient_boosting,all_features,iid_validation,0.7,,0.949,0.9490175411578704,0.9911549203942835,0.037972109568690314,0.13332643854385917
0.7,4,gradient_boosting,all_features,iid_test,0.7,,0.9463333333333334,0.9464932160906823,0.9908643591709524,0.04032378272312684,0.13911050237794553
0.7,4,gradient_boosting,all_features,ood,0.3,0.3,0.87,0.8697386803207197,0.9493764007687521,0.10328356771167452,0.41950594877303155
0.7,4,gradient_boosting,all_features,ood,0.0,0.0,0.8123333333333334,0.8122654671146172,0.9082780024987211,0.1534470560321034,0.6356892249957988
0.7,4,gradient_boosting,all_features,ood,-0.3,-0.3,0.7586666666666667,0.7585739753297785,0.8462766881829968,0.20376116021154675,0.9019585980199623
0.7,4,gradient_boosting,all_features,ood,-0.6,-0.6,0.694,0.6936975865821651,0.7740083683645235,0.2571358060215107,1.1470224496080481
0.7,4,gradient_boosting,all_features,ood,-0.9,-0.9,0.628,0.6285705141540382,0.704614353355772,0.3111718972353781,1.3329643310661847
0.7,4,gradient_boosting,stable_only,iid_validation,0.7,,0.916,0.9160202441821976,0.9749412744714702,0.06363981004523284,0.20875466966923165
0.7,4,gradient_boosting,stable_only,iid_test,0.7,,0.909,0.9092880052798329,0.9743995702130612,0.06559450255646351,0.21533880257879437
0.7,4,gradient_boosting,stable_only,ood,0.3,0.3,0.903,0.9028818864227006,0.9726235467475923,0.06864011729592143,0.22218571320643726
0.7,4,gradient_boosting,stable_only,ood,0.0,0.0,0.9053333333333333,0.9053343828376708,0.9713638208120977,0.06847234906503416,0.23039891514146454
0.7,4,gradient_boosting,stable_only,ood,-0.3,-0.3,0.8956666666666667,0.8956049084433706,0.9665945751824844,0.07614934197995803,0.2508158898722753
0.7,4,gradient_boosting,stable_only,ood,-0.6,-0.6,0.8886666666666667,0.8885954804429934,0.9607437281721898,0.08177420880386028,0.2829248437879757
0.7,4,gradient_boosting,stable_only,ood,-0.9,-0.9,0.9013333333333333,0.9014151371130776,0.9698934424334882,0.07339888723751263,0.24013622382233044
0.7,4,mlp,all_features,iid_validation,0.7,,0.9545,0.9545160906448158,0.9927319345874113,0.032283299344859344,0.11250926004102914
0.7,4,mlp,all_features,iid_test,0.7,,0.956,0.9561238412563441,0.9931725071557034,0.03345757124313858,0.11245040916997391
0.7,4,mlp,all_features,ood,0.3,0.3,0.8793333333333333,0.87911546359747,0.9523217123548748,0.08933541733125207,0.2957502467618641
0.7,4,mlp,all_features,ood,0.0,0.0,0.823,0.8229385884403704,0.9081459996239918,0.13500034161221716,0.4452845318517657
0.7,4,mlp,all_features,ood,-0.3,-0.3,0.7603333333333333,0.7602667029346389,0.8474487303765157,0.18035192255435528,0.6059513761886752
0.7,4,mlp,all_features,ood,-0.6,-0.6,0.6856666666666666,0.6854954868446322,0.7684051561644225,0.23397795960502954,0.7760508639766857
0.7,4,mlp,all_features,ood,-0.9,-0.9,0.6183333333333333,0.6187624351239911,0.7027398612066804,0.27185502623158964,0.8528184909538665
0.7,4,mlp,stable_only,iid_validation,0.7,,0.9225,0.9225128026152235,0.9789788108092973,0.05695524659490108,0.18570931043992311
0.7,4,mlp,stable_only,iid_test,0.7,,0.922,0.9221358062685563,0.9803549477976088,0.05625798604383078,0.18031606138793882
0.7,4,mlp,stable_only,ood,0.3,0.3,0.908,0.908004157772985,0.977211418842255,0.06157538110475372,0.19316644413810236
0.7,4,mlp,stable_only,ood,0.0,0.0,0.915,0.9150028156168735,0.977973742539282,0.059448365857992194,0.19054797359439932
0.7,4,mlp,stable_only,ood,-0.3,-0.3,0.9083333333333333,0.9082920318464798,0.9739115052586338,0.06503520579433243,0.20660226247809502
0.7,4,mlp,stable_only,ood,-0.6,-0.6,0.8983333333333333,0.8983873204873781,0.969494412791897,0.07093094745568125,0.2268617851558497
0.7,4,mlp,stable_only,ood,-0.9,-0.9,0.9103333333333333,0.9103164188976546,0.9766428587938885,0.06202547087595118,0.19663801011675142
0.7,5,logistic_regression,all_features,iid_validation,0.7,,0.952,0.951955195519552,0.9923372337233722,0.03417243147334868,0.11387919497000562
0.7,5,logistic_regression,all_features,iid_test,0.7,,0.9506666666666667,0.9508641289247013,0.9923125312586829,0.03453608780433195,0.11390187089238649
0.7,5,logistic_regression,all_features,ood,0.3,0.3,0.893,0.8929967403539909,0.9643515118319993,0.07750414137609137,0.2536315228337465
0.7,5,logistic_regression,all_features,ood,0.0,0.0,0.8446666666666667,0.8448172814207651,0.9284183245104736,0.11632370527610165,0.39962254829066446
0.7,5,logistic_regression,all_features,ood,-0.3,-0.3,0.8096666666666666,0.8095778114678795,0.8915387620621009,0.14507257939372475,0.5042864753041033
0.7,5,logistic_regression,all_features,ood,-0.6,-0.6,0.7393333333333333,0.7392239079871114,0.831354159998293,0.1949172602004085,0.6692185178890004
0.7,5,logistic_regression,all_features,ood,-0.9,-0.9,0.6953333333333334,0.6952355184761776,0.7915099339575498,0.22150667342873687,0.716170864048611
0.7,5,logistic_regression,stable_only,iid_validation,0.7,,0.9085,0.9085558555855586,0.9764676467646765,0.06216263992504295,0.19644709804448585
0.7,5,logistic_regression,stable_only,iid_test,0.7,,0.9156666666666666,0.9158377327035288,0.9769126979716589,0.060456920942784945,0.19538938269982167
0.7,5,logistic_regression,stable_only,ood,0.3,0.3,0.9153333333333333,0.9153194470872137,0.9770544394671467,0.060792513768511205,0.19421549320642775
0.7,5,logistic_regression,stable_only,ood,0.0,0.0,0.9146666666666666,0.9145534494535519,0.9770072005919854,0.06053586075278738,0.1944322288552387
0.7,5,logistic_regression,stable_only,ood,-0.3,-0.3,0.9133333333333333,0.9133342133650144,0.9760311371209364,0.06141900326015974,0.19825151393512927
0.7,5,logistic_regression,stable_only,ood,-0.6,-0.6,0.9093333333333333,0.9092674391310842,0.9742547425474255,0.06355376888619717,0.20547400786153555
0.7,5,logistic_regression,stable_only,ood,-0.9,-0.9,0.917,0.917285402086427,0.9781985598909929,0.059407335491370165,0.19020691256066835
0.7,5,rbf_svm,all_features,iid_validation,0.7,,0.9515,0.9514101410141014,0.9914681468146815,0.034823256213103886,0.11863571757278515
0.7,5,rbf_svm,all_features,iid_test,0.7,,0.9513333333333334,0.9514642956376771,0.9907841066963045,0.03642627046412461,0.12342010217525229
0.7,5,rbf_svm,all_features,ood,0.3,0.3,0.8843333333333333,0.88437370516653,0.9596220909037559,0.08407791807400451,0.27428761037664556
0.7,5,rbf_svm,all_features,ood,0.0,0.0,0.837,0.8370261270491803,0.924198560593124,0.12239778127398214,0.4074928772588763
0.7,5,rbf_svm,all_features,ood,-0.3,-0.3,0.7943333333333333,0.794275927266715,0.8849874151024992,0.15467175743527609,0.5047905936906527
0.7,5,rbf_svm,all_features,ood,-0.6,-0.6,0.722,0.721726095213708,0.8166548414171806,0.20782556500579719,0.6780406064894104
0.7,5,rbf_svm,all_features,ood,-0.9,-0.9,0.673,0.6731454958657275,0.7492491737462459,0.24485517075076282,0.8069128451683588
0.7,5,rbf_svm,stable_only,iid_validation,0.7,,0.911,0.9110711071107112,0.9747894789478948,0.06364654430795424,0.20643733334815034
0.7,5,rbf_svm,stable_only,iid_test,0.7,,0.9156666666666666,0.9158377327035288,0.9744093359266464,0.06230317667293148,0.20662261626180936
0.7,5,rbf_svm,stable_only,ood,0.3,0.3,0.9136666666666666,0.9136696180719185,0.9754752983563062,0.061949476007773646,0.20259718316483502
0.7,5,rbf_svm,stable_only,ood,0.0,0.0,0.9123333333333333,0.9121627390710383,0.9749887046049636,0.06199157801956807,0.20430900794095097
0.7,5,rbf_svm,stable_only,ood,-0.3,-0.3,0.9126666666666666,0.912671522841489,0.9737741669811224,0.0631035149053464,0.20915812482859134
0.7,5,rbf_svm,stable_only,ood,-0.6,-0.6,0.9086666666666666,0.9085579241619188,0.9717945571844171,0.06483951996680577,0.21624446632168023
0.7,5,rbf_svm,stable_only,ood,-0.9,-0.9,0.9176666666666666,0.9179057320895287,0.9753696948768485,0.061531127538016456,0.20345747392423627
0.7,5,random_forest,all_features,iid_validation,0.7,,0.935,0.934933493349335,0.9868301830183018,0.04569200611489849,0.15682633184278102
0.7,5,random_forest,all_features,iid_test,0.7,,0.9453333333333334,0.945540427896638,0.9879793275909976,0.042604662706307174,0.14899053833137665
0.7,5,random_forest,all_features,ood,0.3,0.3,0.855,0.8551587054599514,0.9352300957976707,0.10239908190026568,0.32550557943880665
0.7,5,random_forest,all_features,ood,0.0,0.0,0.7946666666666666,0.7945803449453552,0.8853508509790528,0.142129184194534,0.45198247704897737
0.7,5,random_forest,all_features,ood,-0.3,-0.3,0.7183333333333334,0.7183331933282932,0.8191045988766706,0.1831675735206771,0.5672783200490695
0.7,5,random_forest,all_features,ood,-0.6,-0.6,0.641,0.6406680110108187,0.7113040938480251,0.24079761763819785,0.7562667231750718
0.7,5,random_forest,all_features,ood,-0.9,-0.9,0.547,0.547601205238006,0.5654341353271707,0.30229818096858624,0.9074005961307227
0.7,5,random_forest,stable_only,iid_validation,0.7,,0.8935,0.8935643564356436,0.9677417741774177,0.07216801611834807,0.23463268023758047
0.7,5,random_forest,stable_only,iid_test,0.7,,0.906,0.9061294804112254,0.9700767991108641,0.0681439288933983,0.2261430336640881
0.7,5,random_forest,stable_only,ood,0.3,0.3,0.9036666666666666,0.9035741404973228,0.968542326494538,0.07095954277163596,0.23221277668767262
0.7,5,random_forest,stable_only,ood,0.0,0.0,0.9063333333333333,0.9062713456284153,0.969024380265255,0.06974217396522259,0.22970137977463725
0.7,5,random_forest,stable_only,ood,-0.3,-0.3,0.9093333333333333,0.9093220689278148,0.9697522444141323,0.06750011904447603,0.22756485109462718
0.7,5,random_forest,stable_only,ood,-0.6,-0.6,0.9063333333333333,0.9062613362354096,0.9673840947727061,0.07063050587973847,0.23448483032586356
0.7,5,random_forest,stable_only,ood,-0.9,-0.9,0.9073333333333333,0.9074297645371489,0.9721532348607661,0.06647212706191734,0.2200272316410174
0.7,5,gradient_boosting,all_features,iid_validation,0.7,,0.942,0.9419341934193419,0.9877387738773877,0.045824376464901846,0.15989853457112843
0.7,5,gradient_boosting,all_features,iid_test,0.7,,0.9456666666666667,0.945768268963601,0.9890978605168101,0.04209605101150461,0.15025834513764066
0.7,5,gradient_boosting,all_features,ood,0.3,0.3,0.8736666666666667,0.8737500689095924,0.9451528548132684,0.10270280040943548,0.4192402556650498
0.7,5,gradient_boosting,all_features,ood,0.0,0.0,0.8226666666666667,0.82262850068306,0.9042577413479054,0.14783454318314232,0.6283800779437091
0.7,5,gradient_boosting,all_features,ood,-0.3,-0.3,0.7693333333333333,0.7693370294663942,0.8492185718685873,0.1933026241783704,0.8403750763955575
0.7,5,gradient_boosting,all_features,ood,-0.6,-0.6,0.692,0.6915903804707338,0.7765410167225033,0.25559867476709236,1.1023530549680605
0.7,5,gradient_boosting,all_features,ood,-0.9,-0.9,0.6353333333333333,0.6357737281788687,0.70469399352347,0.3020673233085463,1.2710225616496615
0.7,5,gradient_boosting,stable_only,iid_validation,0.7,,0.892,0.892089208920892,0.9665651565156517,0.07729830357824485,0.25414539662468333
0.7,5,gradient_boosting,stable_only,iid_test,0.7,,0.898,0.8981161433731593,0.9679157543762157,0.07381224478479355,0.24632545704207712
0.7,5,gradient_boosting,stable_only,ood,0.3,0.3,0.902,0.9019011934252246,0.968555663835001,0.07166317242469264,0.23719518536135173
0.7,5,gradient_boosting,stable_only,ood,0.0,0.0,0.903,0.9027920081967213,0.9671108336179417,0.0738736593694007,0.24746793473403583
0.7,5,gradient_boosting,stable_only,ood,-0.3,-0.3,0.9073333333333333,0.9073379975012434,0.9677330606124043,0.0719458965333199,0.24345605251716881
0.7,5,gradient_boosting,stable_only,ood,-0.6,-0.6,0.904,0.9038687237266074,0.9680529326618725,0.07218275507323776,0.24164321893735147
0.7,5,gradient_boosting,stable_only,ood,-0.9,-0.9,0.901,0.9013833270069167,0.9692901048464506,0.07243753220088334,0.2407553065653593
0.7,5,mlp,all_features,iid_validation,0.7,,0.9525,0.9524002400240024,0.9911371137113711,0.03888453398938877,0.1447632554740293
0.7,5,mlp,all_features,iid_test,0.7,,0.9463333333333334,0.9464573492636843,0.9913207001944986,0.03849606438542191,0.14127026718179908
0.7,5,mlp,all_features,ood,0.3,0.3,0.8716666666666667,0.8717725858969183,0.9456783460275175,0.09266147848827279,0.29733438258788775
0.7,5,mlp,all_features,ood,0.0,0.0,0.805,0.8051037397540983,0.8909812051741803,0.13704622616279155,0.43317007852992795
0.7,5,mlp,all_features,ood,-0.3,-0.3,0.759,0.7589293214555723,0.83320732879717,0.1739219651377664,0.546243437131564
0.7,5,mlp,all_features,ood,-0.6,-0.6,0.6773333333333333,0.6771226767385784,0.7439113301894172,0.2278223697533975,0.6979988655757338
0.7,5,mlp,all_features,ood,-0.9,-0.9,0.6003333333333334,0.6004351655021758,0.6629979383149898,0.26695702079672273,0.7784810157965443
0.7,5,mlp,stable_only,iid_validation,0.7,,0.9125,0.9123062306230623,0.9750805080508052,0.13154670502510704,0.4382432109023
0.7,5,mlp,stable_only,iid_test,0.7,,0.9146666666666666,0.9144429008057794,0.975445179216449,0.1309186740393297,0.43706143892464394
0.7,5,mlp,stable_only,ood,0.3,0.3,0.9103333333333333,0.9099422759904754,0.9749813721811531,0.13268909117308056,0.44073572230041275
0.7,5,mlp,stable_only,ood,0.0,0.0,0.914,0.914366675204918,0.975860317765255,0.13229803611406454,0.43990055860271143
0.7,5,mlp,stable_only,ood,-0.3,-0.3,0.912,0.911848826557756,0.9742941857017964,0.13413263592513922,0.4442629546029431
0.7,5,mlp,stable_only,ood,-0.6,-0.6,0.9043333333333333,0.9046662612295414,0.9730513233610025,0.13377723003266684,0.4431630588466138
0.7,5,mlp,stable_only,ood,-0.9,-0.9,0.9173333333333333,0.9169941495849707,0.977081609885408,0.12978522956125568,0.43430592825388037
0.7,6,logistic_regression,all_features,iid_validation,0.7,,0.9495,0.9494731915710651,0.9927508840141444,0.034170002189485446,0.11133603510477152
0.7,6,logistic_regression,all_features,iid_test,0.7,,0.9543333333333334,0.9540266963292547,0.9935385984427142,0.0314319595990855,0.10477143814831932
0.7,6,logistic_regression,all_features,ood,0.3,0.3,0.902,0.9019855749738599,0.968193635348427,0.07206509762928717,0.24287376587463438
0.7,6,logistic_regression,all_features,ood,0.0,0.0,0.851,0.8509536152578441,0.9318246869727693,0.11247003400934125,0.3943324654252139
0.7,6,logistic_regression,all_features,ood,-0.3,-0.3,0.788,0.7880198668874099,0.8853676151957244,0.15831697677588227,0.5430942638550865
0.7,6,logistic_regression,all_features,ood,-0.6,-0.6,0.7266666666666667,0.7266666666666667,0.8180377777777778,0.20767348161141652,0.7341274423559745
0.7,6,logistic_regression,all_features,ood,-0.9,-0.9,0.6766666666666666,0.6767218486091475,0.7706914506138134,0.23730765754096714,0.7810386860012171
0.7,6,logistic_regression,stable_only,iid_validation,0.7,,0.9095,0.9095245523928382,0.9764696235139761,0.062128834890772935,0.19587625926070393
0.7,6,logistic_regression,stable_only,iid_test,0.7,,0.9113333333333333,0.9109677419354838,0.9739684093437153,0.0640904965155453,0.206354686083592
0.7,6,logistic_regression,stable_only,ood,0.3,0.3,0.9143333333333333,0.9142953929539295,0.9793729416952962,0.057783398329281074,0.18474589556041568
0.7,6,logistic_regression,stable_only,ood,0.0,0.0,0.9213333333333333,0.9212787404598473,0.9804423537443265,0.055646313565466725,0.18172209211844112
0.7,6,logistic_regression,stable_only,ood,-0.3,-0.3,0.912,0.9120101334459272,0.9753792819920222,0.06285361413050905,0.20088927492121508
0.7,6,logistic_regression,stable_only,ood,-0.6,-0.6,0.9033333333333333,0.9033333333333333,0.9723044444444444,0.06744606742871556,0.21227639850544305
0.7,6,logistic_regression,stable_only,ood,-0.9,-0.9,0.9086666666666666,0.9086957893749686,0.9767386045296098,0.061656428496859705,0.1952184863026545
0.7,6,rbf_svm,all_features,iid_validation,0.7,,0.948,0.9479751676026817,0.9916988671818748,0.036075774594061784,0.11979694852963683
0.7,6,rbf_svm,all_features,iid_test,0.7,,0.9546666666666667,0.9543270300333704,0.9923773081201335,0.032837121960035534,0.11236478490809512
0.7,6,rbf_svm,all_features,ood,0.3,0.3,0.8923333333333333,0.892321767705866,0.9638903114752932,0.07826595807357092,0.26334634934383194
0.7,6,rbf_svm,all_features,ood,0.0,0.0,0.8353333333333334,0.8352986981125031,0.924931243344338,0.12259152093955043,0.41298831609033765
0.7,6,rbf_svm,all_features,ood,-0.3,-0.3,0.7666666666666667,0.7667174079711997,0.8733221480238671,0.1724631023840105,0.5709900930291955
0.7,6,rbf_svm,all_features,ood,-0.6,-0.6,0.7056666666666667,0.7056666666666667,0.796728,0.22398071944619907,0.7558433930631309
0.7,6,rbf_svm,all_features,ood,-0.9,-0.9,0.647,0.6471089814844857,0.71618226352485,0.2676870011599742,0.892904044166198
0.7,6,rbf_svm,stable_only,iid_validation,0.7,,0.9085,0.9085085361365781,0.9741245859933759,0.0651390525998312,0.2093727033636307
0.7,6,rbf_svm,stable_only,iid_test,0.7,,0.911,0.9105116796440489,0.9722407119021135,0.06546551527772994,0.21497184678946799
0.7,6,rbf_svm,stable_only,ood,0.3,0.3,0.9156666666666666,0.9155757207178371,0.9785331711584833,0.05952906877802762,0.19089916508812804
0.7,6,rbf_svm,stable_only,ood,0.0,0.0,0.9193333333333333,0.9192760417500013,0.9786094355287462,0.057174585883456266,0.1891415834447338
0.7,6,rbf_svm,stable_only,ood,-0.3,-0.3,0.913,0.9130134779275325,0.9738654873943043,0.0637216007368092,0.20929088782146377
0.7,6,rbf_svm,stable_only,ood,-0.6,-0.6,0.904,0.9039999999999999,0.9704586666666667,0.06961404719678521,0.22415759731558235
0.7,6,rbf_svm,stable_only,ood,-0.9,-0.9,0.9096666666666666,0.9097129226369819,0.9756692479080655,0.06313186506250157,0.20256409840458667
0.7,6,random_forest,all_features,iid_validation,0.7,,0.9435,0.943461095377526,0.9873387974207587,0.04350816847980474,0.1498611966197122
0.7,6,random_forest,all_features,iid_test,0.7,,0.948,0.9476751946607341,0.9902218020022248,0.038746455509484336,0.13752996511679863
0.7,6,random_forest,all_features,ood,0.3,0.3,0.868,0.8679555299490003,0.9472438277532382,0.09237748028126468,0.29344028431897534
0.7,6,random_forest,all_features,ood,0.0,0.0,0.7983333333333333,0.7982594388176878,0.8899762396198339,0.1391433703494124,0.45311573825278706
0.7,6,random_forest,all_features,ood,-0.3,-0.3,0.721,0.721044678274203,0.8183888709874553,0.1879450352932603,0.592352655327072
0.7,6,random_forest,all_features,ood,-0.6,-0.6,0.6513333333333333,0.6513333333333333,0.7134473333333333,0.24119702489729822,0.7395629164323437
0.7,6,random_forest,all_features,ood,-0.9,-0.9,0.552,0.5522080258636743,0.5737613841368101,0.30070155117467207,0.904522236101614
0.7,6,random_forest,stable_only,iid_validation,0.7,,0.904,0.9040064641034257,0.9692775084401349,0.0694394918706264,0.22804725533863723
0.7,6,random_forest,stable_only,iid_test,0.7,,0.9013333333333333,0.9008676307007786,0.9658291434927698,0.07255900325008947,0.2392396713502247
0.7,6,random_forest,stable_only,ood,0.3,0.3,0.9063333333333333,0.9062506668373771,0.9742000618825086,0.06481598097958301,0.21332441885323056
0.7,6,random_forest,stable_only,ood,0.0,0.0,0.916,0.9159559886291514,0.9741440307489364,0.06231881810588906,0.21226047985612906
0.7,6,random_forest,stable_only,ood,-0.3,-0.3,0.904,0.9040144890498784,0.968165201835576,0.07042381516612714,0.23191160658360732
0.7,6,random_forest,stable_only,ood,-0.6,-0.6,0.891,0.891,0.9655053333333332,0.07422505144872626,0.2409291508850349
0.7,6,random_forest,stable_only,ood,-0.9,-0.9,0.8993333333333333,0.8993591415990838,0.9704806904683703,0.06942527992220685,0.22532640719594973
0.7,6,gradient_boosting,all_features,iid_validation,0.7,,0.9445,0.9444731115697851,0.9896828349253588,0.04368904181697488,0.15504949724240008
0.7,6,gradient_boosting,all_features,iid_test,0.7,,0.9513333333333334,0.9509899888765294,0.9909735261401558,0.038066335426066106,0.13808769533928592
0.7,6,gradient_boosting,all_features,ood,0.3,0.3,0.8746666666666667,0.8747199283016452,0.9512519649474709,0.09896761442066532,0.4106197361020451
0.7,6,gradient_boosting,all_features,ood,0.0,0.0,0.8043333333333333,0.8042782017845619,0.8971605767914509,0.1603012699280269,0.6892680816321392
0.7,6,gradient_boosting,all_features,ood,-0.3,-0.3,0.731,0.7310647896087734,0.8292372137468194,0.22399301154453796,0.9943979166455986
0.7,6,gradient_boosting,all_features,ood,-0.6,-0.6,0.66,0.66,0.742144,0.2854394856789532,1.2938451210165538
0.7,6,gradient_boosting,all_features,ood,-0.9,-0.9,0.612,0.6121688872335442,0.6663185109364604,0.32799422081499074,1.4409318522183692
0.7,6,gradient_boosting,stable_only,iid_validation,0.7,,0.9,0.9000184002944047,0.9679344869517912,0.07432328562986544,0.2425573506336494
0.7,6,gradient_boosting,stable_only,iid_test,0.7,,0.892,0.8915684093437153,0.9659790878754172,0.07661586138044976,0.2522595741221565
0.7,6,gradient_boosting,stable_only,ood,0.3,0.3,0.9063333333333333,0.9062186586432794,0.9721373115962131,0.06796746196963814,0.22313620990478308
0.7,6,gradient_boosting,stable_only,ood,0.0,0.0,0.9126666666666666,0.9126066017056272,0.9735017982509941,0.06490042927017242,0.21722404345270122
0.7,6,gradient_boosting,stable_only,ood,-0.3,-0.3,0.9033333333333333,0.9033500372226357,0.9686472071911911,0.07240210579355753,0.2402389794038044
0.7,6,gradient_boosting,stable_only,ood,-0.6,-0.6,0.8903333333333333,0.8903333333333333,0.964056,0.07954480372265119,0.2591493222584198
0.7,6,gradient_boosting,stable_only,ood,-0.9,-0.9,0.899,0.8990304677746315,0.9689988804200624,0.07376542508316038,0.2390100432297832
0.7,6,mlp,all_features,iid_validation,0.7,,0.9455,0.9454731275700412,0.9915098641578266,0.03755769138721029,0.13378506062339224
0.7,6,mlp,all_features,iid_test,0.7,,0.9513333333333334,0.951078976640712,0.9924213570634038,0.03494256267672263,0.12731433994098976
0.7,6,mlp,all_features,ood,0.3,0.3,0.869,0.8689504513155368,0.9520855116687649,0.08866077730643353,0.28231818680191645
0.7,6,mlp,all_features,ood,0.0,0.0,0.8053333333333333,0.8052608841741469,0.8938245234145968,0.13962880239837977,0.44069564493932406
0.7,6,mlp,all_features,ood,-0.3,-0.3,0.7323333333333333,0.7323848042756032,0.8236687074300826,0.19276376036345286,0.597653037759809
0.7,6,mlp,all_features,ood,-0.6,-0.6,0.6436666666666667,0.6436666666666666,0.7236848888888888,0.25215477377295376,0.7817800602149191
0.7,6,mlp,all_features,ood,-0.9,-0.9,0.5546666666666666,0.5548591947113515,0.6264723098414143,0.3000427367861991,0.8756232842915729
0.7,6,mlp,stable_only,iid_validation,0.7,,0.91,0.9099985599769596,0.9755026080417286,0.07553815118085506,0.27139172311317766
0.7,6,mlp,stable_only,iid_test,0.7,,0.9056666666666666,0.9053058954393771,0.9724324805339266,0.07893590470991531,0.27966098553972674
0.7,6,mlp,stable_only,ood,0.3,0.3,0.9126666666666666,0.9125482790260974,0.9790608618028438,0.07243394041112315,0.26457877602887586
0.7,6,mlp,stable_only,ood,0.0,0.0,0.92,0.9199453857928392,0.9790072196710703,0.0722154671291748,0.26272037955698585
0.7,6,mlp,stable_only,ood,-0.3,-0.3,0.912,0.9120234669274103,0.9743379370881899,0.07660907426212928,0.2739349196617597
0.7,6,mlp,stable_only,ood,-0.6,-0.6,0.9013333333333333,0.9013333333333333,0.9711035555555555,0.08038378250303635,0.282616617920467
0.7,6,mlp,stable_only,ood,-0.9,-0.9,0.909,0.9090493526303461,0.9755007997951956,0.07630200613872994,0.27239564939749117
0.7,7,logistic_regression,all_features,iid_validation,0.7,,0.954,0.9540293802307531,0.9913627562368982,0.03534842851649026,0.11953570900116178
0.7,7,logistic_regression,all_features,iid_test,0.7,,0.957,0.9570275336056522,0.9941017834691667,0.03012997448543402,0.10031487907642093
0.7,7,logistic_regression,all_features,ood,0.3,0.3,0.896,0.8960164411988418,0.9641729099863923,0.07743388752012517,0.2600217727842041
0.7,7,logistic_regression,all_features,ood,0.0,0.0,0.846,0.846024602460246,0.9310917758442511,0.11487379631217626,0.40525329930693244
0.7,7,logistic_regression,all_features,ood,-0.3,-0.3,0.7886666666666666,0.7886807312692588,0.8845370410288935,0.15777961667194182,0.5444719935014903
0.7,7,logistic_regression,all_features,ood,-0.6,-0.6,0.7483333333333333,0.7482942052091912,0.8448319007072086,0.1891114686068563,0.6549693369416768
0.7,7,logistic_regression,all_features,ood,-0.9,-0.9,0.687,0.6869765804120536,0.7834102693717208,0.22985806286361982,0.7505785339717643
0.7,7,logistic_regression,stable_only,iid_validation,0.7,,0.909,0.9091429165799876,0.9762625818117808,0.06284004966396377,0.19772079228689607
0.7,7,logistic_regression,stable_only,iid_test,0.7,,0.9153333333333333,0.9153310061156152,0.9774452235427178,0.06018027717406022,0.19229095791399967
0.7,7,logistic_regression,stable_only,ood,0.3,0.3,0.9073333333333333,0.9072501934899361,0.973749828292963,0.06562640752411088,0.20590822959105232
0.7,7,logistic_regression,stable_only,ood,0.0,0.0,0.9083333333333333,0.9084675134180085,0.9757726883799491,0.06353691286837275,0.19948967464374034
0.7,7,logistic_regression,stable_only,ood,-0.3,-0.3,0.9113333333333333,0.9113594029381085,0.9733158633232458,0.0653446559696772,0.20885436399865384
0.7,7,logistic_regression,stable_only,ood,-0.6,-0.6,0.911,0.9109499780205713,0.9775485358678051,0.061144527285583686,0.19166816123976105
0.7,7,logistic_regression,stable_only,ood,-0.9,-0.9,0.91,0.910078865552439,0.9757205779116879,0.06285917508542609,0.1991411032692644
0.7,7,rbf_svm,all_features,iid_validation,0.7,,0.955,0.9550415259797411,0.9896845145700981,0.03668905077407819,0.1301550976384991
0.7,7,rbf_svm,all_features,iid_test,0.7,,0.956,0.9560676896703187,0.9933628948075067,0.03080126073673935,0.10452352627092912
0.7,7,rbf_svm,all_features,ood,0.3,0.3,0.8873333333333333,0.887357961049509,0.9599674767978782,0.08431931284102862,0.2839660391651317
0.7,7,rbf_svm,all_features,ood,0.0,0.0,0.8393333333333334,0.8393639363936394,0.9293693813825826,0.12125050620852437,0.40736670893976423
0.7,7,rbf_svm,all_features,ood,-0.3,-0.3,0.7726666666666666,0.7726679381017632,0.8782409039130186,0.168712295486499,0.555347230614682
0.7,7,rbf_svm,all_features,ood,-0.6,-0.6,0.7366666666666667,0.736641107709868,0.8312762158579912,0.20233039078127368,0.6731703646963041
0.7,7,rbf_svm,all_features,ood,-0.9,-0.9,0.6646666666666666,0.6646540145673865,0.7426926324129017,0.25516683439191257,0.8537514579197883
0.7,7,rbf_svm,stable_only,iid_validation,0.7,,0.9095,0.9096969963674769,0.9742632939143236,0.06477525291371447,0.2098313058947102
0.7,7,rbf_svm,stable_only,iid_test,0.7,,0.9153333333333333,0.9152500929168053,0.9766312011964482,0.061018416765259646,0.1985377029683998
0.7,7,rbf_svm,stable_only,ood,0.3,0.3,0.9036666666666666,0.9036695738687006,0.9713968306326243,0.06807391071411852,0.2201948809994538
0.7,7,rbf_svm,stable_only,ood,0.0,0.0,0.9076666666666666,0.9078141147448078,0.973688479959107,0.06590802973247381,0.21142524283985245
0.7,7,rbf_svm,stable_only,ood,-0.3,-0.3,0.9096666666666666,0.9097129226369819,0.9712691520837565,0.06702340113173273,0.22023033002983566
0.7,7,rbf_svm,stable_only,ood,-0.6,-0.6,0.911,0.9109153087498572,0.9759466377696813,0.06335451286968845,0.20327063086971445
0.7,7,rbf_svm,stable_only,ood,-0.9,-0.9,0.9086666666666666,0.9087931156361327,0.9734278350630049,0.06486730609868227,0.21060841625580862
0.7,7,random_forest,all_features,iid_validation,0.7,,0.9415,0.9415815877486358,0.9864775527675985,0.043386198065051576,0.15389423884356132
0.7,7,random_forest,all_features,iid_test,0.7,,0.949,0.9490482473845476,0.99040111606865,0.038721040861332476,0.138442662164021
0.7,7,random_forest,all_features,ood,0.3,0.3,0.8676666666666667,0.8678247018965792,0.9437541092994752,0.09519741967222861,0.3040824341373693
0.7,7,random_forest,all_features,ood,0.0,0.0,0.8136666666666666,0.8137713771377137,0.8985594114967052,0.13270274650960362,0.4169280225922628
0.7,7,random_forest,all_features,ood,-0.3,-0.3,0.7396666666666667,0.7397185538707287,0.8311000995132783,0.17681635247124874,0.5481804157129054
0.7,7,random_forest,all_features,ood,-0.6,-0.6,0.6823333333333333,0.6822892475034792,0.7540590826599864,0.21724118052546357,0.6573574565451461
0.7,7,random_forest,all_features,ood,-0.9,-0.9,0.5803333333333334,0.5805394281080404,0.6006697281030164,0.2857858428737295,0.8794508553986673
0.7,7,random_forest,stable_only,iid_validation,0.7,,0.901,0.9011657678705733,0.9683354403034037,0.0700485469176414,0.23185169948140383
0.7,7,random_forest,stable_only,iid_test,0.7,,0.9076666666666666,0.907644696806685,0.9714398637101636,0.06783532876858199,0.22276788233282446
0.7,7,random_forest,stable_only,ood,0.3,0.3,0.8953333333333333,0.8953393931284288,0.9653309600346037,0.07393213865494876,0.24099758669830945
0.7,7,random_forest,stable_only,ood,0.0,0.0,0.901,0.9010934426776012,0.9689384494004956,0.0706250950881972,0.23001371269843165
0.7,7,random_forest,stable_only,ood,-0.3,-0.3,0.896,0.8960381803870396,0.965873479022432,0.07281148506398592,0.2395717019410259
0.7,7,random_forest,stable_only,ood,-0.6,-0.6,0.9023333333333333,0.9022537692831151,0.970128422979326,0.06957166023094416,0.22676132331739673
0.7,7,random_forest,stable_only,ood,-0.9,-0.9,0.9066666666666666,0.9068404829831532,0.9696588361295726,0.0691170022574089,0.22878104092838814
0.7,7,gradient_boosting,all_features,iid_validation,0.7,,0.943,0.9430277960026243,0.9884863420332528,0.04263666692265059,0.1592538385898605
0.7,7,gradient_boosting,all_features,iid_test,0.7,,0.95,0.950146799660698,0.9908848169494479,0.03835307364448787,0.13687159588684167
0.7,7,gradient_boosting,all_features,ood,0.3,0.3,0.8813333333333333,0.8813872239295373,0.9531649885684235,0.09624377847894819,0.3928788372091813
0.7,7,gradient_boosting,all_features,ood,0.0,0.0,0.8293333333333334,0.8293696036270293,0.917696214065851,0.1393249681661107,0.5801412082280849
0.7,7,gradient_boosting,all_features,ood,-0.3,-0.3,0.7703333333333333,0.7703485542574038,0.8656606299426075,0.19032144625072037,0.7749904017791963
0.7,7,gradient_boosting,all_features,ood,-0.6,-0.6,0.724,0.723979267776113,0.810611552601062,0.2302537937973913,0.9757907890178037
0.7,7,gradient_boosting,all_features,ood,-0.9,-0.9,0.6436666666666667,0.643845272534968,0.7192757119973537,0.2935905977350086,1.2118464339628727
0.7,7,gradient_boosting,stable_only,iid_validation,0.7,,0.8995,0.8997435630730826,0.9680483989694516,0.07426037530575232,0.24845003581152753
0.7,7,gradient_boosting,stable_only,iid_test,0.7,,0.9013333333333333,0.9013152396008757,0.9680381750250298,0.07380118813774775,0.24488700050760218
0.7,7,gradient_boosting,stable_only,ood,0.3,0.3,0.8933333333333333,0.8933082489171899,0.9659924488913172,0.0785116022228656,0.25493215690817755
0.7,7,gradient_boosting,stable_only,ood,0.0,0.0,0.895,0.8950795079507952,0.9679839095020614,0.07667420162096879,0.24945849688436278
0.7,7,gradient_boosting,stable_only,ood,-0.3,-0.3,0.8936666666666667,0.8937156853638146,0.9655208046753019,0.07763823755442104,0.25697919851251555
0.7,7,gradient_boosting,stable_only,ood,-0.6,-0.6,0.899,0.8989259637723901,0.9702233189959601,0.07330007863922854,0.236794338233395
0.7,7,gradient_boosting,stable_only,ood,-0.9,-0.9,0.9026666666666666,0.9028511904523733,0.9709096858493264,0.0705624227115164,0.2282621234639053
0.7,7,mlp,all_features,iid_validation,0.7,,0.9495,0.9496067433710454,0.9890094173560994,0.05309584910128586,0.21126773978957505
0.7,7,mlp,all_features,iid_test,0.7,,0.9503333333333334,0.9503241862888583,0.9917579681717706,0.05120466888439914,0.2079050900319707
0.7,7,mlp,all_features,ood,0.3,0.3,0.867,0.8672396754614752,0.94336890762317,0.09969776307014218,0.3289623365702696
0.7,7,mlp,all_features,ood,0.0,0.0,0.804,0.8041470813748042,0.888046137947128,0.13642294148460474,0.4243730298518644
0.7,7,mlp,all_features,ood,-0.3,-0.3,0.7233333333333334,0.7234206433829004,0.8095509635543173,0.18037126304799941,0.5331665269658499
0.7,7,mlp,all_features,ood,-0.6,-0.6,0.671,0.6707990511287292,0.7401498156972679,0.21233035471054248,0.6134735594913701
0.7,7,mlp,all_features,ood,-0.9,-0.9,0.56,0.5605536193726768,0.6209465200058152,0.25655823973937786,0.7106632501275119
0.7,7,mlp,stable_only,iid_validation,0.7,,0.9055,0.9057324254692676,0.975932534284937,0.06659577221627518,0.2269832048110304
0.7,7,mlp,stable_only,iid_test,0.7,,0.9156666666666666,0.9155661878857826,0.9778155570295786,0.06427691401078063,0.22386245614790912
0.7,7,mlp,stable_only,ood,0.3,0.3,0.909,0.9090859584320047,0.9732812736861245,0.06953050688494901,0.23561299756754267
0.7,7,mlp,stable_only,ood,0.0,0.0,0.909,0.9092075874254093,0.9753290884644019,0.0672051437707343,0.22898434676725538
0.7,7,mlp,stable_only,ood,-0.3,-0.3,0.9103333333333333,0.9104107156111401,0.9736367592005336,0.0686847131404491,0.23533514988910825
0.7,7,mlp,stable_only,ood,-0.6,-0.6,0.91,0.9098661188329257,0.9773476318887951,0.06495876149538428,0.22351229163934574
0.7,7,mlp,stable_only,ood,-0.9,-0.9,0.911,0.91118122271616,0.9758228332646444,0.06691357748647872,0.23000513621975396
0.7,8,logistic_regression,all_features,iid_validation,0.7,,0.948,0.9480046722990272,0.9900393625192012,0.03873472128907396,0.12791042132471778
0.7,8,logistic_regression,all_features,iid_test,0.7,,0.96,0.9600071114271745,0.9932521445397573,0.03079212900732269,0.10542705199695049
0.7,8,logistic_regression,all_features,ood,0.3,0.3,0.8986666666666666,0.8986837239731482,0.9668042083854819,0.07403768801431983,0.24463453355116727
0.7,8,logistic_regression,all_features,ood,0.0,0.0,0.842,0.8419934478573089,0.9263397291763243,0.11855393619534903,0.4166865641879728
0.7,8,logistic_regression,all_features,ood,-0.3,-0.3,0.7913333333333333,0.7913251859520571,0.8879500222035623,0.15516862947572485,0.5341389849798233
0.7,8,logistic_regression,all_features,ood,-0.6,-0.6,0.761,0.7609504065188817,0.8532313706071579,0.17905260464210399,0.6172014267950078
0.7,8,logistic_regression,all_features,ood,-0.9,-0.9,0.7036666666666667,0.7036768147072588,0.8023338760021708,0.21691009080972937,0.7035314138896799
0.7,8,logistic_regression,stable_only,iid_validation,0.7,,0.9095,0.9095062083973374,0.9754664298515106,0.06299708174779978,0.1993127087624969
0.7,8,logistic_regression,stable_only,iid_test,0.7,,0.914,0.9140050668918618,0.9775545579803547,0.06028092294630765,0.19182734357683473
0.7,8,logistic_regression,stable_only,ood,0.3,0.3,0.9043333333333333,0.9043548754124474,0.9747313758675616,0.06404718275062574,0.20308827864861548
0.7,8,logistic_regression,stable_only,ood,0.0,0.0,0.9146666666666666,0.9147083647599437,0.9779261859480495,0.0596757728868566,0.19098673009724712
0.7,8,logistic_regression,stable_only,ood,-0.3,-0.3,0.913,0.9130240451912507,0.9765406805269645,0.06089505215067544,0.19572209373093982
0.7,8,logistic_regression,stable_only,ood,-0.6,-0.6,0.91,0.9099279863057966,0.9758791240297087,0.062335359400962805,0.198702481932196
0.7,8,logistic_regression,stable_only,ood,-0.9,-0.9,0.9216666666666666,0.9216696866787467,0.9790625829169983,0.058243311809913954,0.18530641697687505
0.7,8,rbf_svm,all_features,iid_validation,0.7,,0.9465,0.9464845750128008,0.988021233358935,0.04125266113001079,0.14015003913772356
0.7,8,rbf_svm,all_features,iid_test,0.7,,0.9563333333333334,0.9563380594693097,0.9921400951153384,0.03227663610497053,0.1121293705186085
0.7,8,rbf_svm,all_features,ood,0.3,0.3,0.8893333333333333,0.8893485464785527,0.9615143929912389,0.0813610128585534,0.27082173309919577
0.7,8,rbf_svm,all_features,ood,0.0,0.0,0.8296666666666667,0.8296396232629066,0.9216831833226591,0.12772886912243947,0.4297321770299257
0.7,8,rbf_svm,all_features,ood,-0.3,-0.3,0.7746666666666666,0.774613615784577,0.8786138576011528,0.16609172210915782,0.5517843961929076
0.7,8,rbf_svm,all_features,ood,-0.6,-0.6,0.739,0.7390760413226409,0.8355686574853392,0.19555539800059918,0.6534290002114139
0.7,8,rbf_svm,all_features,ood,-0.9,-0.9,0.6703333333333333,0.6703153479280584,0.7556990227960912,0.24542153944868156,0.8192545880314634
0.7,8,rbf_svm,stable_only,iid_validation,0.7,,0.9055,0.9055059523809523,0.9731522817460316,0.06492239973483294,0.21126558952207478
0.7,8,rbf_svm,stable_only,iid_test,0.7,,0.9116666666666666,0.9116960753811281,0.9750917818569713,0.06288391457484353,0.20446491161228048
0.7,8,rbf_svm,stable_only,ood,0.3,0.3,0.904,0.9040135396518375,0.9724300261690749,0.06662247311369893,0.21552733220615383
0.7,8,rbf_svm,stable_only,ood,0.0,0.0,0.911,0.9110649520811787,0.9750399008689524,0.06268765142350674,0.20499697368557587
0.7,8,rbf_svm,stable_only,ood,-0.3,-0.3,0.911,0.9110237242508687,0.9743043217156174,0.06309330985954825,0.20669834998566392
0.7,8,rbf_svm,stable_only,ood,-0.6,-0.6,0.909,0.9089391926340762,0.9730440932190845,0.06541936944322442,0.21337301115854104
0.7,8,rbf_svm,stable_only,ood,-0.9,-0.9,0.9193333333333333,0.9193410106973761,0.9765981286147367,0.060396782674926576,0.19795938836375784
0.7,8,random_forest,all_features,iid_validation,0.7,,0.934,0.9339797747055811,0.9835634480606759,0.05001956606136209,0.16999065425754714
0.7,8,random_forest,all_features,iid_test,0.7,,0.9476666666666667,0.9476487843904173,0.9890032890350683,0.04016746647420901,0.14313948842392668
0.7,8,random_forest,all_features,ood,0.3,0.3,0.8686666666666667,0.8686710661053589,0.9452882776055297,0.0930277076427036,0.2990439871424028
0.7,8,random_forest,all_features,ood,0.0,0.0,0.8073333333333333,0.8072700249916553,0.8907769546981246,0.13782174385934723,0.4462817568712025
0.7,8,random_forest,all_features,ood,-0.3,-0.3,0.7463333333333333,0.7462123922993866,0.8344363251170521,0.17387825315939892,0.5344754995718569
0.7,8,random_forest,all_features,ood,-0.6,-0.6,0.6973333333333334,0.69744558301044,0.7724672191228117,0.20651364107565784,0.6446679528776242
0.7,8,random_forest,all_features,ood,-0.9,-0.9,0.5873333333333334,0.5873090159027303,0.6153082390107338,0.2801459049420934,0.8604424199059064
0.7,8,random_forest,stable_only,iid_validation,0.7,,0.905,0.9050419226830517,0.9691810275857655,0.06984522325869423,0.22973764969034804
0.7,8,random_forest,stable_only,iid_test,0.7,,0.9043333333333333,0.9043224143295258,0.9703471265389572,0.06844368491551919,0.22553299793706863
0.7,8,random_forest,stable_only,ood,0.3,0.3,0.9016666666666666,0.9016899675731027,0.9678677715041529,0.07184864935951757,0.23453859909926972
0.7,8,random_forest,stable_only,ood,0.0,0.0,0.904,0.9040352434341903,0.9707713634652488,0.06795480880746847,0.2233394273279548
0.7,8,random_forest,stable_only,ood,-0.3,-0.3,0.9023333333333333,0.9023472210430207,0.9695564488346797,0.06851323045488475,0.22745895941427474
0.7,8,random_forest,stable_only,ood,-0.6,-0.6,0.903,0.902961091446857,0.9685970775801869,0.07037063639941826,0.23061127519368763
0.7,8,random_forest,stable_only,ood,-0.9,-0.9,0.9043333333333333,0.9043362840118028,0.9712992185302073,0.06723826311505256,0.22163964627694036
0.7,8,gradient_boosting,all_features,iid_validation,0.7,,0.9325,0.9324756784434204,0.9840619799667178,0.05247049737311124,0.19104238537203724
0.7,8,gradient_boosting,all_features,iid_test,0.7,,0.949,0.9489999555535802,0.989049735543802,0.04067007750207088,0.15092457939814422
0.7,8,gradient_boosting,all_features,ood,0.3,0.3,0.8823333333333333,0.8823316076914325,0.9539330057458186,0.09556473470213284,0.37155446302321554
0.7,8,gradient_boosting,all_features,ood,0.0,0.0,0.8196666666666667,0.819620738407192,0.9048479277993167,0.14889569870235017,0.638451282346445
0.7,8,gradient_boosting,all_features,ood,-0.3,-0.3,0.7713333333333333,0.7713473139468154,0.8592516399297844,0.18965046013802211,0.8058359992189957
0.7,8,gradient_boosting,all_features,ood,-0.6,-0.6,0.73,0.7300937764895135,0.8132617922924322,0.22398168875787428,0.9452130150808974
0.7,8,gradient_boosting,all_features,ood,-0.9,-0.9,0.644,0.6439612425116368,0.7137588550354201,0.2970285434694376,1.244784922414959
0.7,8,gradient_boosting,stable_only,iid_validation,0.7,,0.9005,0.9005136328725039,0.9686324924795189,0.07280561115943288,0.24047285593433115
0.7,8,gradient_boosting,stable_only,iid_test,0.7,,0.9006666666666666,0.9006800302235655,0.9700320014222854,0.07166357355066595,0.23414929678557656
0.7,8,gradient_boosting,stable_only,ood,0.3,0.3,0.8976666666666666,0.8976899391284561,0.9668033194902719,0.07548583942875164,0.2496810949045968
0.7,8,gradient_boosting,stable_only,ood,0.0,0.0,0.8986666666666666,0.8986924604135824,0.96940088917492,0.0731245856383345,0.2405586330995862
0.7,8,gradient_boosting,stable_only,ood,-0.3,-0.3,0.8986666666666666,0.8985997308901561,0.9684804984266364,0.07376568705404153,0.241751308573514
0.7,8,gradient_boosting,stable_only,ood,-0.6,-0.6,0.9026666666666666,0.9025785978732379,0.9678407582129438,0.07458678129668649,0.248683444464476
0.7,8,gradient_boosting,stable_only,ood,-0.9,-0.9,0.9013333333333333,0.9013302719877546,0.971538552820878,0.07008246467433445,0.23120458136556826
0.7,8,mlp,all_features,iid_validation,0.7,,0.9475,0.9475406426011265,0.989890352982591,0.03933650351185382,0.13031111756936664
0.7,8,mlp,all_features,iid_test,0.7,,0.9586666666666667,0.9586292724121072,0.9930948042135206,0.03149015899080968,0.10688636332231358
0.7,8,mlp,all_features,ood,0.3,0.3,0.9003333333333333,0.9003139577881443,0.9671206550802138,0.07415102545299648,0.24902083803375472
0.7,8,mlp,all_features,ood,0.0,0.0,0.8463333333333334,0.8462568740385902,0.9277446486612375,0.11913589756095039,0.42128730618420773
0.7,8,mlp,all_features,ood,-0.3,-0.3,0.797,0.7967605024628396,0.8906989076914119,0.15374598581287274,0.5379943972667709
0.7,8,mlp,all_features,ood,-0.6,-0.6,0.7633333333333333,0.7636278615342148,0.8550236008091705,0.18009853147919944,0.6314256448833325
0.7,8,mlp,all_features,ood,-0.9,-0.9,0.7096666666666667,0.7096048384193536,0.8057130006297804,0.21745072193887632,0.7248617194684294
0.7,8,mlp,stable_only,iid_validation,0.7,,0.9085,0.9085541474654377,0.9747863863287249,0.0676197456863321,0.23068028701763746
0.7,8,mlp,stable_only,iid_test,0.7,,0.91,0.909982665896262,0.9768349704431308,0.06531483453579306,0.22571824127723358
0.7,8,mlp,stable_only,ood,0.3,0.3,0.9096666666666666,0.9096758021390374,0.9740393709466378,0.06851554086213739,0.23459008218570018
0.7,8,mlp,stable_only,ood,0.0,0.0,0.9183333333333333,0.9183642221541714,0.9774395086826335,0.06434451067665087,0.22331210588527772
0.7,8,mlp,stable_only,ood,-0.3,-0.3,0.9106666666666666,0.910584764933396,0.9757872263060874,0.06608927402830853,0.22817295689841952
0.7,8,mlp,stable_only,ood,-0.6,-0.6,0.9136666666666666,0.9136215718374494,0.975830228860507,0.06592089729198959,0.2272649061536916
0.7,8,mlp,stable_only,ood,-0.9,-0.9,0.9216666666666666,0.92167235335608,0.9789376935285519,0.06251065329618158,0.21749456656066427
0.7,9,logistic_regression,all_features,iid_validation,0.7,,0.9555,0.9554810456823024,0.9934732419934131,0.03104814355087231,0.10373681839728124
0.7,9,logistic_regression,all_features,iid_test,0.7,,0.958,0.9580419580419581,0.9927118393937616,0.032522880644132356,0.10923230095896821
0.7,9,logistic_regression,all_features,ood,0.3,0.3,0.8883333333333333,0.8886874304783092,0.9594304783092326,0.08445658427664578,0.2877850108187381
0.7,9,logistic_regression,all_features,ood,0.0,0.0,0.837,0.837069606225807,0.9191515972599974,0.12497940778898448,0.4593795989662074
0.7,9,logistic_regression,all_features,ood,-0.3,-0.3,0.769,0.7690621559403463,0.8640638797139647,0.1791252586955132,0.6331331327508225
0.7,9,logistic_regression,all_features,ood,-0.6,-0.6,0.744,0.7438732981383718,0.8385409280355655,0.1942268840590129,0.6877831568684166
0.7,9,logistic_regression,all_features,ood,-0.9,-0.9,0.6636666666666666,0.6639699341754136,0.7552081480163672,0.24929628611390572,0.8358361623593277
0.7,9,logistic_regression,stable_only,iid_validation,0.7,,0.919,0.9187787897377189,0.9786494354384346,0.058334228716568584,0.1889842940315935
0.7,9,logistic_regression,stable_only,iid_test,0.7,,0.912,0.9119713238706374,0.9770313591823889,0.06112693006168555,0.19469151151508093
0.7,9,logistic_regression,stable_only,ood,0.3,0.3,0.9116666666666666,0.9114905450500557,0.9762740823136818,0.062267279458544426,0.19703515185227896
0.7,9,logistic_regression,stable_only,ood,0.0,0.0,0.9126666666666666,0.9127837286434888,0.9755710822174257,0.06305395006343321,0.2006300782912826
0.7,9,logistic_regression,stable_only,ood,-0.3,-0.3,0.8966666666666666,0.896613618923698,0.9700445956916782,0.07099413417676885,0.21988563830754107
0.7,9,logistic_regression,stable_only,ood,-0.6,-0.6,0.9213333333333333,0.9213781606001668,0.9795356487913308,0.05714408281355865,0.18374959090050696
0.7,9,logistic_regression,stable_only,ood,-0.9,-0.9,0.915,0.9150373599003736,0.9771459704678882,0.06008456002466092,0.19453319957255666
0.7,9,rbf_svm,all_features,iid_validation,0.7,,0.9505,0.950693555602034,0.992277370202878,0.03345072416230074,0.11317830160437367
0.7,9,rbf_svm,all_features,iid_test,0.7,,0.9553333333333334,0.9553909096243192,0.9920472992555374,0.03349524635549189,0.11436725452658593
0.7,9,rbf_svm,all_features,ood,0.3,0.3,0.8796666666666667,0.8797886540600668,0.9549842046718576,0.09078849539230259,0.30961221449624576
0.7,9,rbf_svm,all_features,ood,0.0,0.0,0.8273333333333334,0.8273136507764245,0.9156053922953102,0.13278508662768143,0.46545801346984067
0.7,9,rbf_svm,all_features,ood,-0.3,-0.3,0.753,0.7527875087578821,0.8548004314994606,0.18870340239644107,0.6571497442784439
0.7,9,rbf_svm,all_features,ood,-0.6,-0.6,0.721,0.7210391775493192,0.8200775771047514,0.21041864280809833,0.7176944171986052
0.7,9,rbf_svm,all_features,ood,-0.9,-0.9,0.626,0.6268546521971179,0.7013454011741682,0.2824699640249491,0.9718982802686947
0.7,9,rbf_svm,stable_only,iid_validation,0.7,,0.9155,0.9152357068302792,0.9767470485984283,0.05972084035331511,0.1965250154603241
0.7,9,rbf_svm,stable_only,iid_test,0.7,,0.9113333333333333,0.9113205634944765,0.9755004720679779,0.06274648239427914,0.2030514760135318
0.7,9,rbf_svm,stable_only,ood,0.3,0.3,0.912,0.9117908787541713,0.974304338153504,0.06436164626782397,0.2083561267682446
0.7,9,rbf_svm,stable_only,ood,0.0,0.0,0.9133333333333333,0.9134326579101987,0.974141124991605,0.06434827136783883,0.2089285868246991
0.7,9,rbf_svm,stable_only,ood,-0.3,-0.3,0.8966666666666666,0.8965735828912689,0.968357744191995,0.07315114383538653,0.23180828628876346
0.7,9,rbf_svm,stable_only,ood,-0.6,-0.6,0.9206666666666666,0.9207001944984718,0.9775422061683803,0.05865914287183164,0.19397694931591325
0.7,9,rbf_svm,stable_only,ood,-0.9,-0.9,0.9143333333333333,0.9144057996797723,0.9751983632805551,0.061550085762175,0.20325454223775596
0.7,9,random_forest,all_features,iid_validation,0.7,,0.9495,0.9496658063728458,0.9896114267300863,0.03937524417086546,0.13865950643216404
0.7,9,random_forest,all_features,iid_test,0.7,,0.949,0.9490446624313902,0.9896033917773048,0.04014232254580667,0.14113811042199922
0.7,9,random_forest,all_features,ood,0.3,0.3,0.8563333333333333,0.8564738598442714,0.9380889877641824,0.10032538132642144,0.31918483208031156
0.7,9,random_forest,all_features,ood,0.0,0.0,0.801,0.8011521051950368,0.885953461230368,0.14212137112805492,0.4503517026676993
0.7,9,random_forest,all_features,ood,-0.3,-0.3,0.724,0.7238514663196878,0.8098897896996184,0.1923303539142236,0.5889125399162537
0.7,9,random_forest,all_features,ood,-0.6,-0.6,0.6813333333333333,0.6811781050291748,0.74946151708808,0.22087825265277566,0.6957940065632876
0.7,9,random_forest,all_features,ood,-0.9,-0.9,0.542,0.5424568582102829,0.5530450542608077,0.3103431241225355,0.9769838503897046
0.7,9,random_forest,stable_only,iid_validation,0.7,,0.909,0.9085283171431974,0.9726755804981831,0.0662952156897285,0.2186885153779107
0.7,9,random_forest,stable_only,iid_test,0.7,,0.9013333333333333,0.9013111221349208,0.971008269635272,0.06880523059432882,0.22449959909739511
0.7,9,random_forest,stable_only,ood,0.3,0.3,0.9023333333333333,0.9021913236929922,0.9690231368186873,0.07012318627791177,0.22999196488829912
0.7,9,random_forest,stable_only,ood,0.0,0.0,0.9026666666666666,0.90279448779288,0.9692992853772084,0.0706169089331396,0.23039064664038778
0.7,9,random_forest,stable_only,ood,-0.3,-0.3,0.8933333333333333,0.8931771928068595,0.962845894638508,0.07746553604049038,0.24933567477920565
0.7,9,random_forest,stable_only,ood,-0.6,-0.6,0.9073333333333333,0.9073520422339538,0.9728544595721034,0.06556626415484014,0.216741374689645
0.7,9,random_forest,stable_only,ood,-0.9,-0.9,0.912,0.912026329834549,0.970482787760185,0.06741136880294543,0.2261860149728246
0.7,9,gradient_boosting,all_features,iid_validation,0.7,,0.948,0.9482322613185012,0.9900407396992407,0.041892137810695784,0.14990856989558138
0.7,9,gradient_boosting,all_features,iid_test,0.7,,0.952,0.9520170904610263,0.9899714447769369,0.039473711830832724,0.14730907085758824
0.7,9,gradient_boosting,all_features,ood,0.3,0.3,0.8716666666666667,0.8717130144605116,0.9484436040044495,0.10518784082237759,0.42963884160260957
0.7,9,gradient_boosting,all_features,ood,0.0,0.0,0.8166666666666667,0.8166390089662543,0.9031894495398561,0.1521716987819224,0.6772423370673873
0.7,9,gradient_boosting,all_features,ood,-0.3,-0.3,0.754,0.7534781303172855,0.844410636239282,0.20634285012128287,0.9121415158102375
0.7,9,gradient_boosting,all_features,ood,-0.6,-0.6,0.7163333333333334,0.7163823284245624,0.800614392886913,0.23847813881919527,1.0458364428650158
0.7,9,gradient_boosting,all_features,ood,-0.9,-0.9,0.6136666666666667,0.6145925991816403,0.675088507383028,0.3214079419759701,1.4105468380585577
0.7,9,gradient_boosting,stable_only,iid_validation,0.7,,0.901,0.9006845990727239,0.9692315698143946,0.07197323550347619,0.23676086825694137
0.7,9,gradient_boosting,stable_only,iid_test,0.7,,0.8946666666666667,0.8946274930256624,0.9699098892462737,0.0729482977380086,0.23062697216611763
0.7,9,gradient_boosting,stable_only,ood,0.3,0.3,0.902,0.9019799777530589,0.9685942157953281,0.07328250401387618,0.2393873550289444
0.7,9,gradient_boosting,stable_only,ood,0.0,0.0,0.903,0.9031007165798092,0.967029589662321,0.07357600612123544,0.2457615406763239
0.7,9,gradient_boosting,stable_only,ood,-0.3,-0.3,0.889,0.8890101090981883,0.9619731091315518,0.0811372586298702,0.26831234292562983
0.7,9,gradient_boosting,stable_only,ood,-0.6,-0.6,0.9023333333333333,0.9023673242567379,0.9723367602111699,0.06869386237168891,0.22405109067152243
0.7,9,gradient_boosting,stable_only,ood,-0.9,-0.9,0.9106666666666666,0.910638676392101,0.9702023661270236,0.06877991074807625,0.2289010510296007
0.7,9,mlp,all_features,iid_validation,0.7,,0.9545,0.9545073358478331,0.9931249881163369,0.03171074994562151,0.10603157988293861
0.7,9,mlp,all_features,iid_test,0.7,,0.9566666666666667,0.9566924303766409,0.9922904453796902,0.03299093860999632,0.11256237446387206
0.7,9,mlp,all_features,ood,0.3,0.3,0.8873333333333333,0.8876529477196886,0.9579933259176864,0.0870664076425416,0.3077838513799399
0.7,9,mlp,all_features,ood,0.0,0.0,0.8366666666666667,0.8367633774388776,0.9152989411200101,0.12870669713048616,0.498455580154603
0.7,9,mlp,all_features,ood,-0.3,-0.3,0.7706666666666667,0.770660260901478,0.8599512894938778,0.18417482821088618,0.6910531061143174
0.7,9,mlp,all_features,ood,-0.6,-0.6,0.7453333333333333,0.7452514587385385,0.8335266462906363,0.19913238004829995,0.7456477264856064
0.7,9,mlp,all_features,ood,-0.9,-0.9,0.6653333333333333,0.665468777797545,0.7537995908201388,0.2546487905416495,0.895084975738099
0.7,9,mlp,stable_only,iid_validation,0.7,,0.9145,0.9140188197195755,0.9780620072032512,0.059880777526845196,0.19215159551511907
0.7,9,mlp,stable_only,iid_test,0.7,,0.9126666666666666,0.9125260704208072,0.9772349440541661,0.06123956511427225,0.19506573385783357
0.7,9,mlp,stable_only,ood,0.3,0.3,0.9083333333333333,0.9085984427141268,0.9757619577308121,0.06338954232081864,0.20121475402470712
0.7,9,mlp,stable_only,ood,0.0,0.0,0.91,0.9104068417337575,0.9754999179386912,0.06403618216296737,0.20390401266298844
0.7,9,mlp,stable_only,ood,-0.3,-0.3,0.8946666666666667,0.8949321055616721,0.9698199490652698,0.07192345978894985,0.22383741188576387
0.7,9,mlp,stable_only,ood,-0.6,-0.6,0.9203333333333333,0.9202278410669631,0.9794422895248681,0.05730762142645913,0.1851311284312914
0.7,9,mlp,stable_only,ood,-0.9,-0.9,0.9133333333333333,0.9130759651307596,0.9768528731542431,0.06052109791377893,0.19578524649892784
0.9,0,logistic_regression,all_features,iid_validation,0.9,,0.994,0.9939992739121434,0.9998239787014229,0.0050704067567920764,0.019235950936244365
0.9,0,logistic_regression,all_features,iid_test,0.9,,0.9926666666666667,0.9926624402322404,0.9996789261725865,0.005606033698572514,0.021420716886798422
0.9,0,logistic_regression,all_features,ood,0.3,0.3,0.7793333333333333,0.7791070310721603,0.8666393089858867,0.18405039648795707,0.9140767347404605
0.9,0,logistic_regression,all_features,ood,0.0,0.0,0.6896666666666667,0.6896995422018757,0.7545482021423174,0.2687991392327909,1.5052792823105796
0.9,0,logistic_regression,all_features,ood,-0.3,-0.3,0.586,0.5860070697135269,0.612700949695517,0.36805159696241707,2.2109233213939086
0.9,0,logistic_regression,all_features,ood,-0.6,-0.6,0.472,0.471865942899233,0.4537855456455639,0.46498780046982696,2.7514250702489007
0.9,0,logistic_regression,all_features,ood,-0.9,-0.9,0.239,0.23897807350558964,0.16997478568723226,0.6710237065601483,3.4461834163108347
0.9,0,logistic_regression,stable_only,iid_validation,0.9,,0.9105,0.9104836685238914,0.9758490777384063,0.06272158751927075,0.1981569536925097
0.9,0,logistic_regression,stable_only,iid_test,0.9,,0.9183333333333333,0.9183262892759563,0.9787820006545992,0.05816497968916513,0.18732683347998574
0.9,0,logistic_regression,stable_only,ood,0.3,0.3,0.9046666666666666,0.904571192806738,0.974275036279308,0.065013056331461,0.20479980270792497
0.9,0,logistic_regression,stable_only,ood,0.0,0.0,0.9096666666666666,0.9096693186363838,0.9763127250100005,0.06247051871969332,0.1966843474418675
0.9,0,logistic_regression,stable_only,ood,-0.3,-0.3,0.915,0.9150027623707764,0.9772565546858297,0.06036993143806986,0.19320730383846482
0.9,0,logistic_regression,stable_only,ood,-0.6,-0.6,0.9156666666666666,0.9154790689233693,0.9759656014760016,0.062265213470211696,0.197700650341379
0.9,0,logistic_regression,stable_only,ood,-0.9,-0.9,0.907,0.9071315785262253,0.9757632308461021,0.06268247496627043,0.19942297042951615
0.9,0,rbf_svm,all_features,iid_validation,0.9,,0.994,0.9940102752433044,0.9998079767651886,0.005085672430110256,0.01821444691096776
0.9,0,rbf_svm,all_features,iid_test,0.9,,0.9926666666666667,0.9926624402322404,0.9993814214765484,0.005826101851733708,0.024160169090206695
0.9,0,rbf_svm,all_features,ood,0.3,0.3,0.7803333333333333,0.7801882967220578,0.866567283889142,0.19099971293239384,1.052621959182732
0.9,0,rbf_svm,all_features,ood,0.0,0.0,0.6916666666666667,0.6916374061069381,0.7625823369927552,0.2718166753647111,1.62379721383038
0.9,0,rbf_svm,all_features,ood,-0.3,-0.3,0.582,0.582055746109013,0.6335331811177402,0.3765795740253788,2.2744574165684903
0.9,0,rbf_svm,all_features,ood,-0.6,-0.6,0.4713333333333333,0.47160974203775763,0.4735628288133452,0.47355265959668696,2.857766185847261
0.9,0,rbf_svm,all_features,ood,-0.9,-0.9,0.243,0.242734437096691,0.15367572402241195,0.6833174057754073,4.114058560932856
0.9,0,rbf_svm,stable_only,iid_validation,0.9,,0.906,0.9059996259547405,0.9730807427698752,0.06587767224728751,0.21298902059789665
0.9,0,rbf_svm,stable_only,iid_test,0.9,,0.9166666666666666,0.9165546021174864,0.9766927972734516,0.05971049450471649,0.19673463960981188
0.9,0,rbf_svm,stable_only,ood,0.3,0.3,0.903,0.9028354768950604,0.9720106917254724,0.0678463186004229,0.2171791964723749
0.9,0,rbf_svm,stable_only,ood,0.0,0.0,0.908,0.908013689497311,0.9741939641761856,0.06456849755165572,0.208286909440145
0.9,0,rbf_svm,stable_only,ood,-0.3,-0.3,0.913,0.9129635415949036,0.9751497747212183,0.06215856325299347,0.20371943041870888
0.9,0,rbf_svm,stable_only,ood,-0.6,-0.6,0.9143333333333333,0.9141260081237024,0.974224236245661,0.06352208175740948,0.20756127264989618
0.9,0,rbf_svm,stable_only,ood,-0.9,-0.9,0.907,0.9071120187631472,0.9738001418971902,0.06517125421169048,0.21081009887058136
0.9,0,random_forest,all_features,iid_validation,0.9,,0.989,0.9889986688389295,0.9995889502629819,0.007510875145981357,0.029103544265402494
0.9,0,random_forest,all_features,iid_test,0.9,,0.989,0.9889696465163935,0.9991793050574909,0.008032325256413874,0.032323143305040505
0.9,0,random_forest,all_features,ood,0.3,0.3,0.6936666666666667,0.693292240496244,0.8321175022763487,0.23756969136582431,0.9645794265974047
0.9,0,random_forest,all_features,ood,0.0,0.0,0.5706666666666667,0.5707675896706521,0.7125118894173075,0.32716673118189804,1.3433267454432454
0.9,0,random_forest,all_features,ood,-0.3,-0.3,0.4493333333333333,0.44934772047741234,0.5653517366933956,0.42772778007294693,1.746464996391937
0.9,0,random_forest,all_features,ood,-0.6,-0.6,0.30233333333333334,0.30183263678724115,0.3608248867111816,0.5369679639913923,2.241456850138093
0.9,0,random_forest,all_features,ood,-0.9,-0.9,0.04733333333333333,0.04727505827920317,0.030811294518465305,0.7447926184932335,3.0323331816998373
0.9,0,random_forest,stable_only,iid_validation,0.9,,0.9075,0.9075603147980905,0.9699478636915067,0.06857020161681406,0.22545600226831472
0.9,0,random_forest,stable_only,iid_test,0.9,,0.9073333333333333,0.9072959357923497,0.9722844803051001,0.06625978540521724,0.21910304502350145
0.9,0,random_forest,stable_only,ood,0.3,0.3,0.8963333333333333,0.8961913840200318,0.9664205216395402,0.0725486709872906,0.23786863015268955
0.9,0,random_forest,stable_only,ood,0.0,0.0,0.9033333333333333,0.9033157029201297,0.9690537357215876,0.06975650406860882,0.2294559831772623
0.9,0,random_forest,stable_only,ood,-0.3,-0.3,0.911,0.91098299064083,0.9702788461068351,0.0672902665816048,0.2240492091027654
0.9,0,random_forest,stable_only,ood,-0.6,-0.6,0.907,0.9068242835716536,0.9700051507048191,0.06825909621769816,0.22468375160204823
0.9,0,random_forest,stable_only,ood,-0.9,-0.9,0.9033333333333333,0.9033907738375722,0.969044452228835,0.06998307728363691,0.22903835178167764
0.9,0,gradient_boosting,all_features,iid_validation,0.9,,0.992,0.99202103454518,0.9998139774912763,0.005628342540907554,0.022181263074957356
0.9,0,gradient_boosting,all_features,iid_test,0.9,,0.99,0.9899622182377049,0.999297817765255,0.0073270112913285555,0.03844072308645644
0.9,0,gradient_boosting,all_features,ood,0.3,0.3,0.7183333333333334,0.7181168905076258,0.8275917030645343,0.2698464178307469,2.152887597201248
0.9,0,gradient_boosting,all_features,ood,0.0,0.0,0.614,0.6140539579536868,0.7122689897328771,0.3730882337668877,3.0443326441753924
0.9,0,gradient_boosting,all_features,ood,-0.3,-0.3,0.491,0.49110707731393555,0.5596736535609248,0.49768266340796646,4.210934074549571
0.9,0,gradient_boosting,all_features,ood,-0.6,-0.6,0.36033333333333334,0.36025177072157905,0.3676406747334355,0.6248218108914914,5.277940394427991
0.9,0,gradient_boosting,all_features,ood,-0.9,-0.9,0.08966666666666667,0.08942679225220003,0.03859274617295454,0.8996923377672862,7.850104673540255
0.9,0,gradient_boosting,stable_only,iid_validation,0.9,,0.8975,0.8975591046516629,0.9686782100634177,0.07411917776499125,0.24181965341183542
0.9,0,gradient_boosting,stable_only,iid_test,0.9,,0.908,0.9078028944672132,0.9719551795167349,0.06931079064338379,0.22431594804231486
0.9,0,gradient_boosting,stable_only,ood,0.3,0.3,0.8946666666666667,0.8946175022763487,0.965145188367858,0.07823963414753803,0.25612634271683193
0.9,0,gradient_boosting,stable_only,ood,0.0,0.0,0.8973333333333333,0.8973021023156584,0.9689217298546603,0.07398374165296166,0.23850968263475603
0.9,0,gradient_boosting,stable_only,ood,-0.3,-0.3,0.9056666666666666,0.905683594539973,0.9700841689708647,0.07126945872237267,0.23465514604113452
0.9,0,gradient_boosting,stable_only,ood,-0.6,-0.6,0.9033333333333333,0.9033508937673803,0.96946383742632,0.0726516749854397,0.24051094069076384
0.9,0,gradient_boosting,stable_only,ood,-0.9,-0.9,0.898,0.8980562929981383,0.9666606061037131,0.076979698447646,0.2541338368843632
0.9,0,mlp,all_features,iid_validation,0.9,,0.9945,0.9945048350850453,0.9997769730137346,0.0051739644759200305,0.022049854505785393
0.9,0,mlp,all_features,iid_test,0.9,,0.9923333333333333,0.9923369193989071,0.9996242279997724,0.006006378320298981,0.024317113151442426
0.9,0,mlp,all_features,ood,0.3,0.3,0.775,0.7747410653312088,0.8606278810038699,0.18722808503790941,0.801974351365188
0.9,0,mlp,all_features,ood,0.0,0.0,0.683,0.683014800657807,0.746376283390373,0.27041210129066445,1.2730232053378352
0.9,0,mlp,all_features,ood,-0.3,-0.3,0.5753333333333334,0.57536916429728,0.6011798856738518,0.3714697677999496,1.8414660953472575
0.9,0,mlp,all_features,ood,-0.6,-0.6,0.45966666666666667,0.45964436117916446,0.4378873036460585,0.46912060083780627,2.3105108125425526
0.9,0,mlp,all_features,ood,-0.9,-0.9,0.21866666666666668,0.21862569548293945,0.1509169083482847,0.6741736001754972,2.9949357372958336
0.9,0,mlp,stable_only,iid_validation,0.9,,0.9045,0.9046369610722897,0.9742078791533775,0.08673424571228125,0.3078876442095699
0.9,0,mlp,stable_only,iid_test,0.9,,0.9173333333333333,0.9174297728825137,0.9777467376764571,0.08536350657209886,0.30640203171072494
0.9,0,mlp,stable_only,ood,0.3,0.3,0.904,0.9040038840200318,0.9736703811461416,0.08855827280342275,0.3133753240857779
0.9,0,mlp,stable_only,ood,0.0,0.0,0.9086666666666666,0.9086048268811948,0.975549135517134,0.08603381037216472,0.30601260955271586
0.9,0,mlp,stable_only,ood,-0.3,-0.3,0.9113333333333333,0.9113774562987609,0.9758578127979326,0.08590228517075128,0.3063681692127637
0.9,0,mlp,stable_only,ood,-0.6,-0.6,0.9106666666666666,0.9107460248835086,0.9744724308302154,0.08541454938932293,0.303846867989039
0.9,0,mlp,stable_only,ood,-0.9,-0.9,0.9043333333333333,0.9043469795280407,0.9750204043892109,0.08603985608510656,0.3065352771574802
0.9,1,logistic_regression,all_features,iid_validation,0.9,,0.99,0.9899307570423065,0.9997404266023646,0.006716435305048434,0.022664662535595553
0.9,1,logistic_regression,all_features,iid_test,0.9,,0.992,0.9919797613665612,0.9997257240196855,0.005569484942818857,0.021387464500539386
0.9,1,logistic_regression,all_features,ood,0.3,0.3,0.7696666666666667,0.7700809464508094,0.8500778331257784,0.19430816486604455,0.98618873849387
0.9,1,logistic_regression,all_features,ood,0.0,0.0,0.6696666666666666,0.6696720754098113,0.7388492172663188,0.2825696566282672,1.571955661432681
0.9,1,logistic_regression,all_features,ood,-0.3,-0.3,0.5603333333333333,0.5602062588904695,0.5818083214793741,0.38790053045683076,2.3321841416128195
0.9,1,logistic_regression,all_features,ood,-0.6,-0.6,0.44233333333333336,0.4425665084323687,0.4195715445075652,0.48755874879815275,2.928224114493517
0.9,1,logistic_regression,all_features,ood,-0.9,-0.9,0.223,0.2229918768852786,0.15438406861514162,0.679476007267507,3.5127231218162
0.9,1,logistic_regression,stable_only,iid_validation,0.9,,0.9175,0.9172938020086371,0.978474450060183,0.05808523044759576,0.18774610336092318
0.9,1,logistic_regression,stable_only,iid_test,0.9,,0.9096666666666666,0.909606949628794,0.9758814949952412,0.06275873051488377,0.19862414915931553
0.9,1,logistic_regression,stable_only,ood,0.3,0.3,0.9043333333333333,0.9048078633695071,0.9723100871731009,0.06784670654874092,0.21426540495805835
0.9,1,logistic_regression,stable_only,ood,0.0,0.0,0.9083333333333333,0.9083384037059572,0.9740462106872046,0.0644098857516611,0.20633164699322262
0.9,1,logistic_regression,stable_only,ood,-0.3,-0.3,0.9153333333333333,0.9154427453769558,0.9762077702702703,0.06188733151916227,0.19812736387675345
0.9,1,logistic_regression,stable_only,ood,-0.6,-0.6,0.916,0.9158608575780147,0.97488188013474,0.06262091909362012,0.20222725309980868
0.9,1,logistic_regression,stable_only,ood,-0.9,-0.9,0.9166666666666666,0.9166599629599835,0.978431545969576,0.05866357388205582,0.1884171681556685
0.9,1,rbf_svm,all_features,iid_validation,0.9,,0.9895,0.9895003061763434,0.999592098946573,0.007692266623896615,0.026491185016347812
0.9,1,rbf_svm,all_features,iid_test,0.9,,0.991,0.9909655625835998,0.9993603190669816,0.0062203642908498545,0.02392964540372957
0.9,1,rbf_svm,all_features,ood,0.3,0.3,0.7636666666666667,0.7641834193204056,0.8423825831702543,0.2071591301736228,1.1677875010829377
0.9,1,rbf_svm,all_features,ood,0.0,0.0,0.6646666666666666,0.6646771843009708,0.7380287724572321,0.2978278934180913,1.733668793145453
0.9,1,rbf_svm,all_features,ood,-0.3,-0.3,0.553,0.5530849928876245,0.5929022937411096,0.4011155909737081,2.404658457546018
0.9,1,rbf_svm,all_features,ood,-0.6,-0.6,0.43433333333333335,0.4343131260352859,0.4213685228624473,0.5067623568717698,3.0924008140782955
0.9,1,rbf_svm,all_features,ood,-0.9,-0.9,0.21266666666666667,0.21264631673169632,0.12914983517770454,0.7076865641869023,4.292897395106566
0.9,1,rbf_svm,stable_only,iid_validation,0.9,,0.922,0.9216389003308307,0.9768919543271086,0.059695445664028006,0.19713267368115295
0.9,1,rbf_svm,stable_only,iid_test,0.9,,0.9093333333333333,0.909343564672009,0.9742491750605341,0.06426546243400139,0.20803345074625523
0.9,1,rbf_svm,stable_only,ood,0.3,0.3,0.903,0.9034380003558086,0.9699088240526597,0.06991026609669164,0.22741389255491018
0.9,1,rbf_svm,stable_only,ood,0.0,0.0,0.9056666666666666,0.9056721802987469,0.9720750987000438,0.06632749231213077,0.21707587849671545
0.9,1,rbf_svm,stable_only,ood,-0.3,-0.3,0.913,0.9130867709815078,0.973910917496444,0.06378470798364924,0.2099561909288794
0.9,1,rbf_svm,stable_only,ood,-0.6,-0.6,0.9153333333333333,0.9151938277506643,0.9722640104056652,0.06438921575029892,0.21516873483752041
0.9,1,rbf_svm,stable_only,ood,-0.9,-0.9,0.9133333333333333,0.913327961479094,0.9767186563194028,0.06028960711287715,0.1974409874301122
0.9,1,random_forest,all_features,iid_validation,0.9,,0.9875,0.9874487743425227,0.9990659366540688,0.009529376685138575,0.036859709796102605
0.9,1,random_forest,all_features,iid_test,0.9,,0.9866666666666667,0.9866173770058931,0.9991411650016737,0.009420163580904509,0.03530572668090235
0.9,1,random_forest,all_features,ood,0.3,0.3,0.6716666666666666,0.6720467888276107,0.8146639832769971,0.25601285166600235,1.0216541569462096
0.9,1,random_forest,all_features,ood,0.0,0.0,0.56,0.5600055822247032,0.7045569798031022,0.34433159096207944,1.4314364570867113
0.9,1,random_forest,all_features,ood,-0.3,-0.3,0.43233333333333335,0.43232574679943103,0.5485886379800853,0.4509838970703166,1.9011964857252373
0.9,1,random_forest,all_features,ood,-0.6,-0.6,0.2833333333333333,0.28342542050672037,0.3408293404186724,0.5672323924260948,2.4684862328320496
0.9,1,random_forest,all_features,ood,-0.9,-0.9,0.048666666666666664,0.0486595771820343,0.031161347182820973,0.7665262803796783,3.178882297016883
0.9,1,random_forest,stable_only,iid_validation,0.9,,0.9085,0.9082738769942804,0.9727247489704758,0.06546013364232565,0.21666601308398156
0.9,1,random_forest,stable_only,iid_test,0.9,,0.9033333333333333,0.9033237181154172,0.9704124230571414,0.0687138630308936,0.22600794247338846
0.9,1,random_forest,stable_only,ood,0.3,0.3,0.897,0.8974693115104074,0.9653240081835972,0.07382696958850107,0.2433454171629278
0.9,1,random_forest,stable_only,ood,0.0,0.0,0.8986666666666666,0.8986710660760293,0.9674348744154997,0.07153615096072749,0.2348710237080088
0.9,1,random_forest,stable_only,ood,-0.3,-0.3,0.9026666666666666,0.9028360597439544,0.9700931276671408,0.06870366238077998,0.2263762765006569
0.9,1,random_forest,stable_only,ood,-0.6,-0.6,0.908,0.9079343197963335,0.9674498337984014,0.07009742371082792,0.23293756264610754
0.9,1,random_forest,stable_only,ood,-0.9,-0.9,0.9103333333333333,0.910330404591291,0.9734337659705626,0.06480487646424125,0.2155274019488297
0.9,1,gradient_boosting,all_features,iid_validation,0.9,,0.9865,0.9865407685577441,0.9993495631850758,0.010990516983543735,0.055058199524557885
0.9,1,gradient_boosting,all_features,iid_test,0.9,,0.9873333333333333,0.9872841743648422,0.9992016212955517,0.010773968038569781,0.048131363951417316
0.9,1,gradient_boosting,all_features,ood,0.3,0.3,0.707,0.7073518946806618,0.8173067514677105,0.2813590509878781,2.2215404695977656
0.9,1,gradient_boosting,all_features,ood,0.0,0.0,0.5983333333333334,0.5983373770388343,0.704830757702559,0.3868028890092146,3.1889041429676945
0.9,1,gradient_boosting,all_features,ood,-0.3,-0.3,0.467,0.4670697012802276,0.5419410117354196,0.5163027870021254,4.341657072830295
0.9,1,gradient_boosting,all_features,ood,-0.6,-0.6,0.32466666666666666,0.32465675756800927,0.34445620393325255,0.6571597411253277,5.536962488034295
0.9,1,gradient_boosting,all_features,ood,-0.9,-0.9,0.08633333333333333,0.08631714947428865,0.03975868433719303,0.8985525966976843,7.895554051784675
0.9,1,gradient_boosting,stable_only,iid_validation,0.9,,0.909,0.9086101197545378,0.973159709798946,0.06730440632687826,0.21962397553042762
0.9,1,gradient_boosting,stable_only,iid_test,0.9,,0.8996666666666666,0.8996143244075838,0.9693077620991492,0.07171267495053457,0.2356194115802462
0.9,1,gradient_boosting,stable_only,ood,0.3,0.3,0.889,0.889534780288205,0.9644622842910514,0.07952492368959503,0.26142935434945813
0.9,1,gradient_boosting,stable_only,ood,0.0,0.0,0.896,0.8960003982223992,0.9679675413189073,0.0734658963362612,0.24414541818667643
0.9,1,gradient_boosting,stable_only,ood,-0.3,-0.3,0.9023333333333333,0.9024982219061166,0.969566145092461,0.07203525736262326,0.2391729511246969
0.9,1,gradient_boosting,stable_only,ood,-0.6,-0.6,0.9016666666666666,0.9016364465097664,0.967352669786884,0.07408192433452344,0.24993604167322706
0.9,1,gradient_boosting,stable_only,ood,-0.9,-0.9,0.9053333333333333,0.9053315134806726,0.9720755431446858,0.06884620459807272,0.22483127294178143
0.9,1,mlp,all_features,iid_validation,0.9,,0.9905,0.9905025200668276,0.9997103601856501,0.00704750726321896,0.02534668050289853
0.9,1,mlp,all_features,iid_test,0.9,,0.9923333333333333,0.992308492464523,0.9997341701195657,0.005912358875482897,0.023584644592265874
0.9,1,mlp,all_features,ood,0.3,0.3,0.7946666666666666,0.7949297278064401,0.8783352606297813,0.16926832447771878,0.7141483012418443
0.9,1,mlp,all_features,ood,0.0,0.0,0.703,0.7030014235561882,0.7806159024959566,0.24788350702589249,1.124504710080511
0.9,1,mlp,all_features,ood,-0.3,-0.3,0.6016666666666667,0.6014935988620199,0.6440709459459459,0.339953610129591,1.631066701757096
0.9,1,mlp,all_features,ood,-0.6,-0.6,0.49933333333333335,0.4997609809785327,0.5008953763715801,0.42717552466636405,2.046212803326595
0.9,1,mlp,all_features,ood,-0.9,-0.9,0.31166666666666665,0.31166702740756774,0.2609938937750639,0.5812520274166352,2.48799287525021
0.9,1,mlp,stable_only,iid_validation,0.9,,0.919,0.9191032991879061,0.9782058567375332,0.05879680038031845,0.19028354774421083
0.9,1,mlp,stable_only,iid_test,0.9,,0.907,0.9070891228014024,0.9757201300343757,0.0631638486339919,0.1997564523076594
0.9,1,mlp,stable_only,ood,0.3,0.3,0.9046666666666666,0.9049724248354385,0.9718808930795232,0.06791897947804501,0.21567528888050827
0.9,1,mlp,stable_only,ood,0.0,0.0,0.9086666666666666,0.908667959407982,0.9740382106836492,0.06445602476413086,0.206606362382219
0.9,1,mlp,stable_only,ood,-0.3,-0.3,0.9156666666666666,0.9156738975817923,0.9759041607396872,0.0621593039139604,0.1996327452348431
0.9,1,mlp,stable_only,ood,-0.6,-0.6,0.9146666666666666,0.9146824382163623,0.9745243521472802,0.06301198112779663,0.20506139015349617
0.9,1,mlp,stable_only,ood,-0.9,-0.9,0.9176666666666666,0.9176655189624529,0.9781342125040944,0.059215749831406546,0.1901699074042686
0.9,2,logistic_regression,all_features,iid_validation,0.9,,0.9915,0.9915740649047575,0.9997629314871997,0.006317786869674989,0.023423568903379665
0.9,2,logistic_regression,all_features,iid_test,0.9,,0.995,0.9949968799944533,0.9998533330725922,0.004525100498867666,0.01762381087606957
0.9,2,logistic_regression,all_features,ood,0.3,0.3,0.7696666666666667,0.7694795018689708,0.8538650031431476,0.19383503247558748,0.9952601123278245
0.9,2,logistic_regression,all_features,ood,0.0,0.0,0.677,0.6770183726614158,0.7369225292110517,0.2815198203720196,1.6691557895965858
0.9,2,logistic_regression,all_features,ood,-0.3,-0.3,0.5426666666666666,0.5423905137721378,0.5672299766507627,0.4023948745401335,2.503699074664762
0.9,2,logistic_regression,all_features,ood,-0.6,-0.6,0.438,0.43793329304716816,0.4174664982295876,0.49194656983719326,2.961350382940826
0.9,2,logistic_regression,all_features,ood,-0.9,-0.9,0.22066666666666668,0.22068133963123152,0.14446722769178238,0.688728436879998,3.654067968660071
0.9,2,logistic_regression,stable_only,iid_validation,0.9,,0.9025,0.9025653413836598,0.9692091014303134,0.06987082073310925,0.22514691466240241
0.9,2,logistic_regression,stable_only,iid_test,0.9,,0.9213333333333333,0.9213287490288872,0.9801172979863076,0.055343998937175135,0.18048921465555456
0.9,2,logistic_regression,stable_only,ood,0.3,0.3,0.914,0.9136596033401064,0.9780415963984691,0.05914201311779103,0.19013156799680836
0.9,2,logistic_regression,stable_only,ood,0.0,0.0,0.9056666666666666,0.9057332730644969,0.9748853180936734,0.06401325265581936,0.20209138816060257
0.9,2,logistic_regression,stable_only,ood,-0.3,-0.3,0.913,0.9130027510487595,0.9765627361820706,0.06150829789861247,0.1965558171378885
0.9,2,logistic_regression,stable_only,ood,-0.6,-0.6,0.907,0.9070943670069647,0.9759327959176686,0.06315691750491778,0.1987778830804206
0.9,2,logistic_regression,stable_only,ood,-0.9,-0.9,0.9103333333333333,0.9104950347143183,0.9761419090029593,0.062130937705342365,0.19837363908744013
0.9,2,rbf_svm,all_features,iid_validation,0.9,,0.992,0.9920827119037401,0.9995568719359895,0.006760811323794533,0.025974333088809285
0.9,2,rbf_svm,all_features,iid_test,0.9,,0.9926666666666667,0.9926657647391373,0.9997351106401967,0.005008978559457769,0.01861179478553172
0.9,2,rbf_svm,all_features,ood,0.3,0.3,0.7646666666666667,0.7642639246784284,0.8487121998650138,0.20454516554802815,1.1935544758680015
0.9,2,rbf_svm,all_features,ood,0.0,0.0,0.6723333333333333,0.672419540436789,0.7411395699134058,0.293200427937613,1.8083003570549698
0.9,2,rbf_svm,all_features,ood,-0.3,-0.3,0.5396666666666666,0.5391642111140947,0.582935584202187,0.4151755122624539,2.6140918295274385
0.9,2,rbf_svm,all_features,ood,-0.6,-0.6,0.43833333333333335,0.4385969475892999,0.42590347061311007,0.5055372542282304,3.219631528983534
0.9,2,rbf_svm,all_features,ood,-0.9,-0.9,0.217,0.21743042909173688,0.12567979242544958,0.7120210298205438,4.554780716658747
0.9,2,rbf_svm,stable_only,iid_validation,0.9,,0.898,0.8980895478793371,0.9669274420307468,0.07144259481926608,0.23521738377025936
0.9,2,rbf_svm,stable_only,iid_test,0.9,,0.919,0.9189994115545095,0.9783932949214131,0.0564710174512888,0.18871853937723737
0.9,2,rbf_svm,stable_only,ood,0.3,0.3,0.9133333333333333,0.9128813849082611,0.9766151594101211,0.060674669503221895,0.19868607378625053
0.9,2,rbf_svm,stable_only,ood,0.0,0.0,0.9056666666666666,0.9057412733525073,0.9734230432295563,0.06564947012719306,0.21192468043956827
0.9,2,rbf_svm,stable_only,ood,-0.3,-0.3,0.913,0.9129102788215482,0.9757180379527359,0.061893566430332926,0.20206642383927093
0.9,2,rbf_svm,stable_only,ood,-0.6,-0.6,0.907,0.9071090407757354,0.9740607787502484,0.06570233971680248,0.21013424427629498
0.9,2,rbf_svm,stable_only,ood,-0.9,-0.9,0.9063333333333333,0.9064811916685636,0.9747022962667881,0.06396262889401379,0.20645043106958152
0.9,2,random_forest,all_features,iid_validation,0.9,,0.9895,0.9895734867376672,0.9991752616506171,0.009168498902456537,0.034938618414450714
0.9,2,random_forest,all_features,iid_test,0.9,,0.9903333333333333,0.9903346494838213,0.9994857768636033,0.008474706151712438,0.03144454945252758
0.9,2,random_forest,all_features,ood,0.3,0.3,0.6833333333333333,0.682708591923268,0.8234410254675097,0.25100721442376916,1.0110775790547346
0.9,2,random_forest,all_features,ood,0.0,0.0,0.5696666666666667,0.5698411809491808,0.7121103026375616,0.33811252000610903,1.3634395907757637
0.9,2,random_forest,all_features,ood,-0.3,-0.3,0.437,0.4364320124624109,0.549585119795992,0.45229850908059543,1.9132579098103424
0.9,2,random_forest,all_features,ood,-0.6,-0.6,0.291,0.29138302938622296,0.3556345715770877,0.5547970699937617,2.378330811957411
0.9,2,random_forest,all_features,ood,-0.9,-0.9,0.06,0.0601827481220123,0.029285315416571818,0.755706323889811,3.3430045919542635
0.9,2,random_forest,stable_only,iid_validation,0.9,,0.8975,0.897495876308253,0.9627552362632802,0.07578014746430915,0.24841125855862511
0.9,2,random_forest,stable_only,iid_test,0.9,,0.9173333333333333,0.9173305196987016,0.9746679549652534,0.062195892922693334,0.21039930324649822
0.9,2,random_forest,stable_only,ood,0.3,0.3,0.9096666666666666,0.909249847294667,0.971426071920205,0.06617372077922425,0.22232679469961225
0.9,2,random_forest,stable_only,ood,0.0,0.0,0.903,0.9030705105383794,0.9683377490478546,0.07137800023642665,0.23279882770071647
0.9,2,random_forest,stable_only,ood,-0.3,-0.3,0.9046666666666666,0.9046033386030647,0.9705475956331769,0.06824435685599195,0.22551395144999264
0.9,2,random_forest,stable_only,ood,-0.6,-0.6,0.8953333333333333,0.8954880828987897,0.9677010339671067,0.07275960156438067,0.2357177495686079
0.9,2,random_forest,stable_only,ood,-0.9,-0.9,0.903,0.9030595549738221,0.9703654517840883,0.06879746155649402,0.22633371639642041
0.9,2,gradient_boosting,all_features,iid_validation,0.9,,0.988,0.9880985604839798,0.9993808210572855,0.010618605281090671,0.053319765261040555
0.9,2,gradient_boosting,all_features,iid_test,0.9,,0.9886666666666667,0.9886666465184827,0.9995991103984184,0.009077274847712693,0.04273495453320533
0.9,2,gradient_boosting,all_features,ood,0.3,0.3,0.7053333333333334,0.7049394610169551,0.8195541627562823,0.2827067698002561,2.2383444437196007
0.9,2,gradient_boosting,all_features,ood,0.0,0.0,0.6013333333333334,0.6014269847047827,0.7026801853755624,0.38618811324479735,3.1970374749364776
0.9,2,gradient_boosting,all_features,ood,-0.3,-0.3,0.4643333333333333,0.46385447361073817,0.5351425583864308,0.5198211120329105,4.420140239351842
0.9,2,gradient_boosting,all_features,ood,-0.6,-0.6,0.33266666666666667,0.3328130815314612,0.3497830727850057,0.6474294093924357,5.453547990884416
0.9,2,gradient_boosting,all_features,ood,-0.9,-0.9,0.089,0.0891119394491236,0.0424178913897109,0.8945016496450076,7.768736921838034
0.9,2,gradient_boosting,stable_only,iid_validation,0.9,,0.8965,0.8964785823102877,0.9623931316150368,0.07751013486919789,0.2720091062265367
0.9,2,gradient_boosting,stable_only,iid_test,0.9,,0.9146666666666666,0.9146620705103476,0.9751777336493043,0.062418651588042585,0.21061219859389635
0.9,2,gradient_boosting,stable_only,ood,0.3,0.3,0.9066666666666666,0.9063137199731452,0.9715988114805917,0.06786504033747244,0.2250580225191067
0.9,2,gradient_boosting,stable_only,ood,0.0,0.0,0.897,0.8970662943865979,0.966804804972979,0.07531333487469495,0.24745844902513353
0.9,2,gradient_boosting,stable_only,ood,-0.3,-0.3,0.907,0.9069315936699205,0.9701957121339567,0.06905572672032545,0.22978334715752494
0.9,2,gradient_boosting,stable_only,ood,-0.6,-0.6,0.8983333333333333,0.898394156104888,0.9671765578984672,0.07584988962552161,0.24417910317109362
0.9,2,gradient_boosting,stable_only,ood,-0.9,-0.9,0.9036666666666666,0.9037513515820623,0.968866485033007,0.0722077700261291,0.2392281511212913
0.9,2,mlp,all_features,iid_validation,0.9,,0.9905,0.9905907807356327,0.999722919923858,0.006954106920492388,0.024454522832050074
0.9,2,mlp,all_features,iid_test,0.9,,0.9953333333333333,0.9953297694751457,0.9998422219417279,0.004343349123815894,0.01642385885916784
0.9,2,mlp,all_features,ood,0.3,0.3,0.782,0.7819305515734436,0.8638367059100079,0.1877948451224788,0.9969971024043804
0.9,2,mlp,all_features,ood,0.0,0.0,0.6913333333333334,0.6913262210772921,0.7528124345809784,0.27242442990981164,1.6160557263085527
0.9,2,mlp,all_features,ood,-0.3,-0.3,0.5693333333333334,0.569146107897306,0.5904840743263309,0.39021270627393584,2.407147961714319
0.9,2,mlp,all_features,ood,-0.6,-0.6,0.4663333333333333,0.46618496685729227,0.4499613368425874,0.47801143593659573,2.8767857407227893
0.9,2,mlp,all_features,ood,-0.9,-0.9,0.26066666666666666,0.26067038470293646,0.1812467099647166,0.6666609477037518,3.665147434948297
0.9,2,mlp,stable_only,iid_validation,0.9,,0.897,0.897276312854415,0.9690280491061917,0.0708161280766071,0.22799277287213027
0.9,2,mlp,stable_only,iid_test,0.9,,0.9206666666666666,0.9206505256009344,0.9799288532068502,0.05548540571863643,0.18185675959729883
0.9,2,mlp,stable_only,ood,0.3,0.3,0.9156666666666666,0.9156465534896062,0.9779975210982674,0.05905891248166811,0.19034810283395162
0.9,2,mlp,stable_only,ood,0.0,0.0,0.907,0.9070066522394806,0.9746137527617661,0.06436143832472138,0.20383927398229496
0.9,2,mlp,stable_only,ood,-0.3,-0.3,0.912,0.9121122612838346,0.9764956049017394,0.06173189276266148,0.19665781799608434
0.9,2,mlp,stable_only,ood,-0.6,-0.6,0.907,0.9069329555504864,0.9753871985151925,0.06386219393355952,0.2005120149187471
0.9,2,mlp,stable_only,ood,-0.9,-0.9,0.906,0.9059672348053722,0.9757715577338949,0.06280100968744197,0.19910009678852097
0.9,3,logistic_regression,all_features,iid_validation,0.9,,0.992,0.9919903512184487,0.9997579803964121,0.006042722275138132,0.021291887289717124
0.9,3,logistic_regression,all_features,iid_test,0.9,,0.9923333333333333,0.9923525030294271,0.999727851830441,0.005695848301086836,0.021484649647517954
0.9,3,logistic_regression,all_features,ood,0.3,0.3,0.766,0.7658047644004892,0.8517980635315632,0.19714483426399704,1.0131167146102316
0.9,3,logistic_regression,all_features,ood,0.0,0.0,0.6813333333333333,0.6812880584855672,0.7440367539247935,0.27922035685195623,1.6140645432939758
0.9,3,logistic_regression,all_features,ood,-0.3,-0.3,0.5806666666666667,0.5807943745731846,0.6108915284259049,0.3670331259253286,2.23218198608637
0.9,3,logistic_regression,all_features,ood,-0.6,-0.6,0.45466666666666666,0.454707036119967,0.44238881488622483,0.48172317875852394,2.8444007125403727
0.9,3,logistic_regression,all_features,ood,-0.9,-0.9,0.25366666666666665,0.25366666666666665,0.17794222222222222,0.6616453843246679,3.4475028936487955
0.9,3,logistic_regression,stable_only,iid_validation,0.9,,0.9085,0.9086230984709762,0.9747529549893541,0.06414008174048857,0.20353872206500165
0.9,3,logistic_regression,stable_only,iid_test,0.9,,0.902,0.9018221031450456,0.9743371391090706,0.0653283485199155,0.20345558313869586
0.9,3,logistic_regression,stable_only,ood,0.3,0.3,0.9096666666666666,0.9097376419111479,0.976749665156593,0.06184835337414281,0.1945705151034092
0.9,3,logistic_regression,stable_only,ood,0.0,0.0,0.9113333333333333,0.9113396453585814,0.9764590169471788,0.06153884521879824,0.195785337223857
0.9,3,logistic_regression,stable_only,ood,-0.3,-0.3,0.9053333333333333,0.9053003357614386,0.9745342377077169,0.06487982132781138,0.20303791986455735
0.9,3,logistic_regression,stable_only,ood,-0.6,-0.6,0.9173333333333333,0.9173463578022143,0.9763178141079746,0.06054755695456575,0.1967042065697316
0.9,3,logistic_regression,stable_only,ood,-0.9,-0.9,0.9106666666666666,0.9106666666666667,0.9762955555555555,0.06179673211956663,0.19697677961000243
0.9,3,rbf_svm,all_features,iid_validation,0.9,,0.9925,0.992494892086259,0.9996389707566312,0.006336949088905699,0.023305447570656276
0.9,3,rbf_svm,all_features,iid_test,0.9,,0.9926666666666667,0.9926626718991451,0.999488610465698,0.006100119295928653,0.02423704147923114
0.9,3,rbf_svm,all_features,ood,0.3,0.3,0.762,0.7618693263879721,0.8437742686455434,0.20735725010078424,1.2104954457990595
0.9,3,rbf_svm,all_features,ood,0.0,0.0,0.6756666666666666,0.6756167024668098,0.7466078753203901,0.28956501194233897,1.77388586557964
0.9,3,rbf_svm,all_features,ood,-0.3,-0.3,0.5773333333333334,0.5774100842249033,0.6208705611199636,0.37775330775594,2.3566655984326683
0.9,3,rbf_svm,all_features,ood,-0.6,-0.6,0.44866666666666666,0.4487108202561959,0.43934692760050476,0.49843193335254105,3.132784753502458
0.9,3,rbf_svm,all_features,ood,-0.9,-0.9,0.24,0.24,0.15000133333333332,0.6849123085013384,4.291542881131225
0.9,3,rbf_svm,stable_only,iid_validation,0.9,,0.9055,0.9056048539931734,0.9738778841086129,0.06454522952366284,0.20891339679109475
0.9,3,rbf_svm,stable_only,iid_test,0.9,,0.9026666666666666,0.9024891329723961,0.9720625673978054,0.06800017042896536,0.21734782762777854
0.9,3,rbf_svm,stable_only,ood,0.3,0.3,0.9073333333333333,0.9073805132472631,0.9749746505870704,0.06411619128953926,0.2064151996086317
0.9,3,rbf_svm,stable_only,ood,0.0,0.0,0.912,0.9120063146919255,0.9748150103711526,0.0632668532027977,0.2057650179844881
0.9,3,rbf_svm,stable_only,ood,-0.3,-0.3,0.9043333333333333,0.9043311091509219,0.9729652465570225,0.06685839748668165,0.21353602891246518
0.9,3,rbf_svm,stable_only,ood,-0.6,-0.6,0.9136666666666666,0.9136735589147875,0.9735141576207855,0.0632188531861827,0.20982297625130453
0.9,3,rbf_svm,stable_only,ood,-0.9,-0.9,0.9096666666666666,0.9096666666666666,0.9742862222222222,0.06358443737718869,0.20746869667030407
0.9,3,random_forest,all_features,iid_validation,0.9,,0.9865,0.9865034067759488,0.9993659486418399,0.009049475390318721,0.03419656903937315
0.9,3,random_forest,all_features,iid_test,0.9,,0.9866666666666667,0.9866594034529911,0.9989098509188336,0.009561282034773662,0.04611731103670605
0.9,3,random_forest,all_features,ood,0.3,0.3,0.6643333333333333,0.6641695105574026,0.8155747415382304,0.25597954244520954,0.982659143905202
0.9,3,random_forest,all_features,ood,0.0,0.0,0.5643333333333334,0.5642709237503616,0.7074003851570961,0.33920408708210215,1.4439313852257618
0.9,3,random_forest,all_features,ood,-0.3,-0.3,0.44366666666666665,0.44392712838606874,0.566021893851013,0.4303767588734845,1.7529543656707296
0.9,3,random_forest,all_features,ood,-0.6,-0.6,0.2876666666666667,0.287687023399509,0.3492185718685873,0.5519134526084202,2.3537899614645643
0.9,3,random_forest,all_features,ood,-0.9,-0.9,0.04733333333333333,0.04733333333333334,0.032112,0.7472456855925665,3.1445766041863097
0.9,3,random_forest,stable_only,iid_validation,0.9,,0.897,0.8970366599694575,0.9678338945454581,0.07166348813566668,0.23453444241558422
0.9,3,random_forest,stable_only,iid_test,0.9,,0.8936666666666667,0.8934920123178174,0.9672870785205278,0.07201785496457948,0.23411099931515636
0.9,3,random_forest,stable_only,ood,0.3,0.3,0.9013333333333333,0.9013419963646208,0.9700445731807877,0.06947852991373804,0.22593516125999108
0.9,3,random_forest,stable_only,ood,0.0,0.0,0.9013333333333333,0.9013356053424214,0.970040546828854,0.06893609341126637,0.22536399054345777
0.9,3,random_forest,stable_only,ood,-0.3,-0.3,0.8953333333333333,0.8954088891418166,0.9673432876166629,0.07271340193496018,0.23492528247054248
0.9,3,random_forest,stable_only,ood,-0.6,-0.6,0.9043333333333333,0.9043558901453785,0.9669932562016677,0.07041956873527061,0.23453778204721265
0.9,3,random_forest,stable_only,ood,-0.9,-0.9,0.9006666666666666,0.9006666666666667,0.9687146666666666,0.07057330732484428,0.23085060379277828
0.9,3,gradient_boosting,all_features,iid_validation,0.9,,0.9875,0.9875124885115695,0.9987648999568965,0.010392921589610917,0.05234287003521131
0.9,3,gradient_boosting,all_features,iid_test,0.9,,0.989,0.9890017898633701,0.9991577636713321,0.00978814006433635,0.04545966978106488
0.9,3,gradient_boosting,all_features,ood,0.3,0.3,0.7053333333333334,0.7050701937579766,0.8165969418894994,0.2831650048730258,2.238742646905138
0.9,3,gradient_boosting,all_features,ood,0.0,0.0,0.604,0.6039344157376629,0.7056683782290685,0.38350860202444337,3.1548304960931794
0.9,3,gradient_boosting,all_features,ood,-0.3,-0.3,0.48933333333333334,0.4892673713862964,0.566312661834168,0.49233574844341776,4.049003129566843
0.9,3,gradient_boosting,all_features,ood,-0.6,-0.6,0.338,0.3381001716061778,0.3591813749739435,0.6411956355333427,5.2868517330600655
0.9,3,gradient_boosting,all_features,ood,-0.9,-0.9,0.106,0.106,0.046670222222222224,0.8787341844578637,7.557689441025177
0.9,3,gradient_boosting,stable_only,iid_validation,0.9,,0.894,0.8940814205950682,0.9673553557838186,0.07565955064240928,0.2459782841525529
0.9,3,gradient_boosting,stable_only,iid_test,0.9,,0.894,0.8940667696857177,0.9666594034529911,0.0766820611129997,0.2542656880042718
0.9,3,gradient_boosting,stable_only,ood,0.3,0.3,0.8996666666666666,0.8997543518529632,0.9701601513896724,0.07288842004250025,0.23554000220244445
0.9,3,gradient_boosting,stable_only,ood,0.0,0.0,0.899,0.8989949293130506,0.969278988227064,0.0732568831806044,0.24011113862973624
0.9,3,gradient_boosting,stable_only,ood,-0.3,-0.3,0.8923333333333333,0.8922895800136581,0.9666108101667426,0.07729155100241597,0.25162521675652305
0.9,3,gradient_boosting,stable_only,ood,-0.6,-0.6,0.8983333333333333,0.898391675433649,0.9653776424840184,0.07587134600804987,0.25925858848439504
0.9,3,gradient_boosting,stable_only,ood,-0.9,-0.9,0.8956666666666667,0.8956666666666666,0.9666,0.07661966200985854,0.25186683264519183
0.9,3,mlp,all_features,iid_validation,0.9,,0.9905,0.9905127315312541,0.9996449712426707,0.012443748390285598,0.0733899784275707
0.9,3,mlp,all_features,iid_test,0.9,,0.9906666666666667,0.9906927104757034,0.9996620382208091,0.012278116407839124,0.07245382473137896
0.9,3,mlp,all_features,ood,0.3,0.3,0.7966666666666666,0.7964587725860935,0.8739855233848056,0.15085484611298156,0.48004718217329734
0.9,3,mlp,all_features,ood,0.0,0.0,0.712,0.7119481811260577,0.7827840200249689,0.21251959844236323,0.6848275061215416
0.9,3,mlp,all_features,ood,-0.3,-0.3,0.6176666666666667,0.6175147251308901,0.6663704152913726,0.27957351326748536,0.9085437784221483
0.9,3,mlp,all_features,ood,-0.6,-0.6,0.5003333333333333,0.500477350517952,0.5152176589468332,0.36028020863465404,1.1314058305603731
0.9,3,mlp,all_features,ood,-0.9,-0.9,0.3363333333333333,0.3363333333333334,0.2843093333333333,0.4660874287499448,1.3706127075898482
0.9,3,mlp,stable_only,iid_validation,0.9,,0.906,0.9062174036096924,0.9724747704564071,0.08929024540966324,0.3141512504906627
0.9,3,mlp,stable_only,iid_test,0.9,,0.905,0.9045046747673733,0.9728825693988948,0.0869104841115706,0.3069032236955767
0.9,3,mlp,stable_only,ood,0.3,0.3,0.902,0.9022141673101262,0.9751409053952353,0.08608094438162504,0.30632420980784364
0.9,3,mlp,stable_only,ood,0.0,0.0,0.907,0.9070282947798458,0.974645231914261,0.08549269865526317,0.3038872516562938
0.9,3,mlp,stable_only,ood,-0.3,-0.3,0.9016666666666666,0.901875142271796,0.9732626835306168,0.08773889401106223,0.31014648637236736
0.9,3,mlp,stable_only,ood,-0.6,-0.6,0.9143333333333333,0.9142842475662457,0.9738999492870631,0.08639456114171727,0.3071834103851705
0.9,3,mlp,stable_only,ood,-0.9,-0.9,0.907,0.907,0.9742475555555555,0.0868052160814176,0.30786524169326457
0.9,4,logistic_regression,all_features,iid_validation,0.9,,0.994,0.9940059460535144,0.9998489986409878,0.0047355405779982915,0.018207335277351674
0.9,4,logistic_regression,all_features,iid_test,0.9,,0.9946666666666667,0.9946801413885178,0.9999012699705945,0.004196707755583017,0.016725620589797135
0.9,4,logistic_regression,all_features,ood,0.3,0.3,0.775,0.7748591280863615,0.8607074885725736,0.18904179107249652,0.9510531647320457
0.9,4,logistic_regression,all_features,ood,0.0,0.0,0.6796666666666666,0.6795990223787096,0.7437246411144065,0.2781973606144348,1.6111504738311029
0.9,4,logistic_regression,all_features,ood,-0.3,-0.3,0.5756666666666667,0.5755653870205995,0.6025088014279625,0.37745641260619034,2.2766999184175165
0.9,4,logistic_regression,all_features,ood,-0.6,-0.6,0.44133333333333336,0.44126496383074065,0.4273880780146384,0.49062258931415936,2.9442248065050385
0.9,4,logistic_regression,all_features,ood,-0.9,-0.9,0.253,0.253264470083692,0.17862572210398298,0.6580644718928133,3.4325533261814005
0.9,4,logistic_regression,stable_only,iid_validation,0.9,,0.9195,0.9195247757229815,0.9791378122403102,0.05714436695015326,0.18565864992189948
0.9,4,logistic_regression,stable_only,iid_test,0.9,,0.922,0.9221865054728456,0.9803714028025097,0.056290032200977835,0.18010507099299453
0.9,4,logistic_regression,stable_only,ood,0.3,0.3,0.909,0.9089410799801986,0.977338624990493,0.06080005726879088,0.191547597265836
0.9,4,logistic_regression,stable_only,ood,0.0,0.0,0.914,0.9139950158914572,0.9785381992763398,0.058555973475516734,0.18788841033096804
0.9,4,logistic_regression,stable_only,ood,-0.3,-0.3,0.909,0.9089387217939846,0.97415195835939,0.06451004343595676,0.20489735275090531
0.9,4,logistic_regression,stable_only,ood,-0.6,-0.6,0.9003333333333333,0.9002918080361906,0.9698829567035827,0.06995215474494797,0.22222483203283847
0.9,4,logistic_regression,stable_only,ood,-0.9,-0.9,0.9096666666666666,0.9097136654344893,0.9767931026512263,0.06197299237201723,0.19519686669921762
0.9,4,rbf_svm,all_features,iid_validation,0.9,,0.9935,0.9935044415399739,0.9996449968049712,0.004961319342152518,0.020984612971252908
0.9,4,rbf_svm,all_features,iid_test,0.9,,0.9943333333333333,0.994355043859259,0.9998879280747288,0.004055847810205254,0.01429753278827467
0.9,4,rbf_svm,all_features,ood,0.3,0.3,0.785,0.7848118972441188,0.865343396555382,0.1888488673818415,1.1026747440603433
0.9,4,rbf_svm,all_features,ood,0.0,0.0,0.6873333333333334,0.6872580780648112,0.7659517918390224,0.2785857922084101,1.6828956971567222
0.9,4,rbf_svm,all_features,ood,-0.3,-0.3,0.5826666666666667,0.5825756393896847,0.6306280359426273,0.3780473448094097,2.3723982300134
0.9,4,rbf_svm,all_features,ood,-0.6,-0.6,0.45266666666666666,0.45275057081279474,0.45421583480926675,0.49406149529259097,3.166031067430431
0.9,4,rbf_svm,all_features,ood,-0.9,-0.9,0.27,0.2702069097950105,0.18152969583175532,0.6590099604038013,4.205607194053233
0.9,4,rbf_svm,stable_only,iid_validation,0.9,,0.92,0.9200172801555214,0.9772677954101587,0.05826170353709061,0.19413362596261435
0.9,4,rbf_svm,stable_only,iid_test,0.9,,0.9223333333333333,0.9225285027368675,0.9793267323562321,0.05728276524109515,0.18690975625811704
0.9,4,rbf_svm,stable_only,ood,0.3,0.3,0.9066666666666666,0.9066515917002881,0.9758948796856675,0.0626565984212284,0.1996844492576289
0.9,4,rbf_svm,stable_only,ood,0.0,0.0,0.9136666666666666,0.913666342067005,0.9766430468930212,0.060224823696275964,0.19660790994266003
0.9,4,rbf_svm,stable_only,ood,-0.3,-0.3,0.907,0.9069626506554236,0.9723367819019262,0.06650851440754979,0.21485732823379244
0.9,4,rbf_svm,stable_only,ood,-0.6,-0.6,0.8986666666666666,0.8986513880886839,0.9676326028352147,0.07251108135188825,0.23573046860640212
0.9,4,rbf_svm,stable_only,ood,-0.9,-0.9,0.91,0.9100190427421548,0.9755031391186997,0.06328007033035288,0.2037671170378559
0.9,4,random_forest,all_features,iid_validation,0.9,,0.9915,0.9915104235938124,0.9997469977229795,0.006516519715941043,0.026526771835819588
0.9,4,random_forest,all_features,iid_test,0.9,,0.9893333333333333,0.9893433830422724,0.9993384643299967,0.008058477163843118,0.03180335010623428
0.9,4,random_forest,all_features,ood,0.3,0.3,0.6866666666666666,0.6865235760583797,0.824497102057137,0.23891455545856805,0.9799074102822002
0.9,4,random_forest,all_features,ood,0.0,0.0,0.573,0.5729518109505496,0.7129221925277484,0.3258621514403175,1.2948450806138425
0.9,4,random_forest,all_features,ood,-0.3,-0.3,0.44166666666666665,0.44160856457499137,0.5599030453985232,0.42565496484927434,1.7221000270106888
0.9,4,random_forest,all_features,ood,-0.6,-0.6,0.28933333333333333,0.289247380662783,0.3536000771753124,0.5471011848055253,2.3017937487605393
0.9,4,random_forest,all_features,ood,-0.9,-0.9,0.057,0.0570922212798643,0.03146630892626317,0.7317899115804065,3.1938663619858367
0.9,4,random_forest,stable_only,iid_validation,0.9,,0.9145,0.9145367308305774,0.973407260665346,0.06442482496516422,0.21525069397139857
0.9,4,random_forest,stable_only,iid_test,0.9,,0.9103333333333333,0.9105714956621049,0.9753452882650021,0.06312459572423441,0.20958321926158177
0.9,4,random_forest,stable_only,ood,0.3,0.3,0.9073333333333333,0.9071546341955924,0.97400391136667,0.06481260128094393,0.21404443392213346
0.9,4,random_forest,stable_only,ood,0.0,0.0,0.9043333333333333,0.9043016936813291,0.9724614002704948,0.06616019428798281,0.2187223461921216
0.9,4,random_forest,stable_only,ood,-0.3,-0.3,0.899,0.8989423619250294,0.967662391401646,0.07139198682264988,0.23416909249252413
0.9,4,random_forest,stable_only,ood,-0.6,-0.6,0.8956666666666667,0.8956026076008792,0.9626888928010016,0.0761510548355323,0.2490682316378818
0.9,4,random_forest,stable_only,ood,-0.9,-0.9,0.9053333333333333,0.9054157131960335,0.9724144721284309,0.06690232996041368,0.21980227544092057
0.9,4,gradient_boosting,all_features,iid_validation,0.9,,0.993,0.993011937107434,0.9997829980469825,0.005615569850272259,0.026797293685259245
0.9,4,gradient_boosting,all_features,iid_test,0.9,,0.9916666666666667,0.9916866646861364,0.9996562238165293,0.006597633145320706,0.030383758075719774
0.9,4,gradient_boosting,all_features,ood,0.3,0.3,0.7206666666666667,0.7203484025176143,0.8335060549681784,0.2640173614121989,2.040266804508064
0.9,4,gradient_boosting,all_features,ood,0.0,0.0,0.6123333333333333,0.6122828897162649,0.7251595701417497,0.36872358486713147,2.8765067970726093
0.9,4,gradient_boosting,all_features,ood,-0.3,-0.3,0.5003333333333333,0.5002893437497083,0.5738371025801374,0.4813277795020238,3.8810002634205216
0.9,4,gradient_boosting,all_features,ood,-0.6,-0.6,0.34833333333333333,0.34829983142351106,0.36932921494569276,0.6311577824871522,5.154401912465003
0.9,4,gradient_boosting,all_features,ood,-0.9,-0.9,0.11466666666666667,0.1147391891098985,0.05497680554888793,0.8651895009752318,7.17742525102847
0.9,4,gradient_boosting,stable_only,iid_validation,0.9,,0.916,0.9160202441821976,0.9749412744714702,0.06363981004523284,0.20875466966923165
0.9,4,gradient_boosting,stable_only,iid_test,0.9,,0.909,0.9092880052798329,0.9743995702130612,0.06559450255646351,0.21533880257879437
0.9,4,gradient_boosting,stable_only,ood,0.3,0.3,0.903,0.9028818864227006,0.9726235467475923,0.06864011729592143,0.22218571320643726
0.9,4,gradient_boosting,stable_only,ood,0.0,0.0,0.9053333333333333,0.9053343828376708,0.9713638208120977,0.06847234906503416,0.23039891514146454
0.9,4,gradient_boosting,stable_only,ood,-0.3,-0.3,0.8956666666666667,0.8956049084433706,0.9665945751824844,0.07614934197995803,0.2508158898722753
0.9,4,gradient_boosting,stable_only,ood,-0.6,-0.6,0.8886666666666667,0.8885954804429934,0.9607437281721898,0.08177420880386028,0.2829248437879757
0.9,4,gradient_boosting,stable_only,ood,-0.9,-0.9,0.9013333333333333,0.9014151371130776,0.9698934424334882,0.07339888723751263,0.24013622382233044
0.9,4,mlp,all_features,iid_validation,0.9,,0.994,0.9940059460535144,0.9997839980559825,0.006170229788964528,0.03034280959140971
0.9,4,mlp,all_features,iid_test,0.9,,0.9963333333333333,0.9963056290348117,0.999916835515771,0.005017064220130062,0.02788659705015192
0.9,4,mlp,all_features,ood,0.3,0.3,0.794,0.7939553951196427,0.8790104962863367,0.160681784282271,0.5973189044139613
0.9,4,mlp,all_features,ood,0.0,0.0,0.703,0.7029795315542426,0.7754351094757176,0.24027430434126307,0.9538203345668788
0.9,4,mlp,all_features,ood,-0.3,-0.3,0.604,0.6039577424787292,0.6461157046098104,0.32727879679795197,1.321830467160173
0.9,4,mlp,all_features,ood,-0.6,-0.6,0.47833333333333333,0.47862119369225187,0.48035008073177843,0.4271649191897338,1.729031706293485
0.9,4,mlp,all_features,ood,-0.9,-0.9,0.31566666666666665,0.31568412518069267,0.25814561741335196,0.5509451868820325,2.0051015657692197
0.9,4,mlp,stable_only,iid_validation,0.9,,0.9225,0.9225128026152235,0.9789788108092973,0.05695524659490108,0.18570931043992311
0.9,4,mlp,stable_only,iid_test,0.9,,0.922,0.9221358062685563,0.9803549477976088,0.05625798604383078,0.18031606138793882
0.9,4,mlp,stable_only,ood,0.3,0.3,0.908,0.908004157772985,0.977211418842255,0.06157538110475372,0.19316644413810236
0.9,4,mlp,stable_only,ood,0.0,0.0,0.915,0.9150028156168735,0.977973742539282,0.059448365857992194,0.19054797359439932
0.9,4,mlp,stable_only,ood,-0.3,-0.3,0.9083333333333333,0.9082920318464798,0.9739115052586338,0.06503520579433243,0.20660226247809502
0.9,4,mlp,stable_only,ood,-0.6,-0.6,0.8983333333333333,0.8983873204873781,0.969494412791897,0.07093094745568125,0.2268617851558497
0.9,4,mlp,stable_only,ood,-0.9,-0.9,0.9103333333333333,0.9103164188976546,0.9766428587938885,0.06202547087595118,0.19663801011675142
0.9,5,logistic_regression,all_features,iid_validation,0.9,,0.9945,0.9944644464446445,0.9998819881988199,0.004873477151759249,0.019289412662392893
0.9,5,logistic_regression,all_features,iid_test,0.9,,0.9926666666666667,0.9926757432620172,0.9998043901083634,0.005415323073898529,0.020322369384636246
0.9,5,logistic_regression,all_features,ood,0.3,0.3,0.7776666666666666,0.7777443356315052,0.8582307395466372,0.18649304028371652,0.9138768669409645
0.9,5,logistic_regression,all_features,ood,0.0,0.0,0.682,0.6822489754098361,0.7458842960211749,0.27544581982164823,1.5780383313388362
0.9,5,logistic_regression,all_features,ood,-0.3,-0.3,0.5776666666666667,0.5775294577271448,0.6061751556389363,0.36764101990672104,2.1868775299206282
0.9,5,logistic_regression,all_features,ood,-0.6,-0.6,0.446,0.4461462134306382,0.42924499783055575,0.49025204866716937,2.889554611056653
0.9,5,logistic_regression,all_features,ood,-0.9,-0.9,0.24933333333333332,0.2491733012458665,0.17638287088191434,0.6602282550861691,3.364601190680027
0.9,5,logistic_regression,stable_only,iid_validation,0.9,,0.9085,0.9085558555855586,0.9764676467646765,0.06216263992504295,0.19644709804448585
0.9,5,logistic_regression,stable_only,iid_test,0.9,,0.9156666666666666,0.9158377327035288,0.9769126979716589,0.060456920942784945,0.19538938269982167
0.9,5,logistic_regression,stable_only,ood,0.3,0.3,0.9153333333333333,0.9153194470872137,0.9770544394671467,0.060792513768511205,0.19421549320642775
0.9,5,logistic_regression,stable_only,ood,0.0,0.0,0.9146666666666666,0.9145534494535519,0.9770072005919854,0.06053586075278738,0.1944322288552387
0.9,5,logistic_regression,stable_only,ood,-0.3,-0.3,0.9133333333333333,0.9133342133650144,0.9760311371209364,0.06141900326015974,0.19825151393512927
0.9,5,logistic_regression,stable_only,ood,-0.6,-0.6,0.9093333333333333,0.9092674391310842,0.9742547425474255,0.06355376888619717,0.20547400786153555
0.9,5,logistic_regression,stable_only,ood,-0.9,-0.9,0.917,0.917285402086427,0.9781985598909929,0.059407335491370165,0.19020691256066835
0.9,5,rbf_svm,all_features,iid_validation,0.9,,0.9935,0.9934543454345435,0.9998169816981698,0.00530426809363089,0.0200973490189811
0.9,5,rbf_svm,all_features,iid_test,0.9,,0.9923333333333333,0.9923367602111698,0.999675020839122,0.005527389808973582,0.020804672689604214
0.9,5,rbf_svm,all_features,ood,0.3,0.3,0.779,0.7791243057914289,0.8575314183283511,0.1921196727890311,1.0383242666029073
0.9,5,rbf_svm,all_features,ood,0.0,0.0,0.6883333333333334,0.6883057974726776,0.7599986481102003,0.27629573016731557,1.5889291332082576
0.9,5,rbf_svm,all_features,ood,-0.3,-0.3,0.581,0.5809109127928604,0.6333512450892677,0.3709606728181825,2.131806305991601
0.9,5,rbf_svm,all_features,ood,-0.6,-0.6,0.4503333333333333,0.45022992552760177,0.44472407158454785,0.49398065071435365,2.9500593431052935
0.9,5,rbf_svm,all_features,ood,-0.9,-0.9,0.257,0.25773398878866993,0.16688657083443287,0.666585733128174,3.9133147555701617
0.9,5,rbf_svm,stable_only,iid_validation,0.9,,0.911,0.9110711071107112,0.9747894789478948,0.06364654430795424,0.20643733334815034
0.9,5,rbf_svm,stable_only,iid_test,0.9,,0.9156666666666666,0.9158377327035288,0.9744093359266464,0.06230317667293148,0.20662261626180936
0.9,5,rbf_svm,stable_only,ood,0.3,0.3,0.9136666666666666,0.9136696180719185,0.9754752983563062,0.061949476007773646,0.20259718316483502
0.9,5,rbf_svm,stable_only,ood,0.0,0.0,0.9123333333333333,0.9121627390710383,0.9749887046049636,0.06199157801956807,0.20430900794095097
0.9,5,rbf_svm,stable_only,ood,-0.3,-0.3,0.9126666666666666,0.912671522841489,0.9737741669811224,0.0631035149053464,0.20915812482859134
0.9,5,rbf_svm,stable_only,ood,-0.6,-0.6,0.9086666666666666,0.9085579241619188,0.9717945571844171,0.06483951996680577,0.21624446632168023
0.9,5,rbf_svm,stable_only,ood,-0.9,-0.9,0.9176666666666666,0.9179057320895287,0.9753696948768485,0.061531127538016456,0.20345747392423627
0.9,5,random_forest,all_features,iid_validation,0.9,,0.9875,0.9874237423742374,0.9994829482948295,0.009023667216737379,0.035033692562273754
0.9,5,random_forest,all_features,iid_test,0.9,,0.9876666666666667,0.9877021394831897,0.9988888024451236,0.009110819763833428,0.04603683971990842
0.9,5,random_forest,all_features,ood,0.3,0.3,0.6676666666666666,0.6677459538954815,0.8127037278755751,0.255403788114921,0.9738348313904766
0.9,5,random_forest,all_features,ood,0.0,0.0,0.571,0.5712250256147542,0.7121737676457195,0.3373916838629138,1.3164847644267386
0.9,5,random_forest,all_features,ood,-0.3,-0.3,0.45166666666666666,0.4515529225718793,0.5663957235793822,0.4308344942304417,1.6990104874894472
0.9,5,random_forest,all_features,ood,-0.6,-0.6,0.29433333333333334,0.2942433262915306,0.3458672086720867,0.5610746618227622,2.26731159654866
0.9,5,random_forest,all_features,ood,-0.9,-0.9,0.05366666666666667,0.05372195776860979,0.026936072634680362,0.7572482700965298,3.1948660650877656
0.9,5,random_forest,stable_only,iid_validation,0.9,,0.8935,0.8935643564356436,0.9677417741774177,0.07216801611834807,0.23463268023758047
0.9,5,random_forest,stable_only,iid_test,0.9,,0.906,0.9061294804112254,0.9700763545429286,0.0681439288933983,0.2261430336640881
0.9,5,random_forest,stable_only,ood,0.3,0.3,0.9036666666666666,0.9035741404973228,0.9685427710725533,0.07095954277163596,0.23221277668767262
0.9,5,random_forest,stable_only,ood,0.0,0.0,0.9063333333333333,0.9062713456284153,0.9690237132143671,0.06974217396522259,0.22970137977463725
0.9,5,random_forest,stable_only,ood,-0.3,-0.3,0.9093333333333333,0.9093220689278148,0.9697522444141322,0.06750011904447603,0.22756485109462718
0.9,5,random_forest,stable_only,ood,-0.6,-0.6,0.9063333333333333,0.9062613362354096,0.9673840947727063,0.07063050587973847,0.23448483032586356
0.9,5,random_forest,stable_only,ood,-0.9,-0.9,0.9073333333333333,0.9074297645371489,0.9721532348607662,0.06647212706191734,0.2200272316410174
0.9,5,gradient_boosting,all_features,iid_validation,0.9,,0.9895,0.9894039403940393,0.9996429642964296,0.00853350755244503,0.03921019716930252
0.9,5,gradient_boosting,all_features,iid_test,0.9,,0.992,0.9920200055570991,0.999480744651292,0.007132689423632788,0.03707508102563378
0.9,5,gradient_boosting,all_features,ood,0.3,0.3,0.7066666666666667,0.7067634542644812,0.8103038957482336,0.2813333094153691,2.219670583138044
0.9,5,gradient_boosting,all_features,ood,0.0,0.0,0.6066666666666667,0.6067921789617486,0.7086890938069217,0.37874027700452695,3.0695543923727473
0.9,5,gradient_boosting,all_features,ood,-0.3,-0.3,0.496,0.49592185318671467,0.5663261655197365,0.48935382365637464,4.025748711449301
0.9,5,gradient_boosting,all_features,ood,-0.6,-0.6,0.343,0.34280509143674115,0.3489704475456828,0.6419191452616487,5.420794788497612
0.9,5,gradient_boosting,all_features,ood,-0.9,-0.9,0.09733333333333333,0.09799745548998728,0.04086657520433287,0.8877257571693653,7.732842172037684
0.9,5,gradient_boosting,stable_only,iid_validation,0.9,,0.892,0.892089208920892,0.9665651565156517,0.07729830357824485,0.25414539662468333
0.9,5,gradient_boosting,stable_only,iid_test,0.9,,0.898,0.8981161433731593,0.9679157543762157,0.07381224478479355,0.24632545704207712
0.9,5,gradient_boosting,stable_only,ood,0.3,0.3,0.902,0.9019011934252246,0.968555663835001,0.07166317242469264,0.23719518536135173
0.9,5,gradient_boosting,stable_only,ood,0.0,0.0,0.903,0.9027920081967213,0.9671108336179417,0.0738736593694007,0.24746793473403583
0.9,5,gradient_boosting,stable_only,ood,-0.3,-0.3,0.9073333333333333,0.9073379975012434,0.9677330606124043,0.0719458965333199,0.24345605251716881
0.9,5,gradient_boosting,stable_only,ood,-0.6,-0.6,0.904,0.9038687237266074,0.9680529326618725,0.07218275507323776,0.24164321893735147
0.9,5,gradient_boosting,stable_only,ood,-0.9,-0.9,0.901,0.9013833270069167,0.9692901048464506,0.07243753220088334,0.2407553065653593
0.9,5,mlp,all_features,iid_validation,0.9,,0.993,0.9929492949294929,0.9998129812981298,0.0058833915812756335,0.021835540522348994
0.9,5,mlp,all_features,iid_test,0.9,,0.9926666666666667,0.9926535148652403,0.9997572659071964,0.005657543394608339,0.02031861381962084
0.9,5,mlp,all_features,ood,0.3,0.3,0.795,0.7950366421200326,0.8729413814995084,0.17688311861114084,0.8649564154536304
0.9,5,mlp,all_features,ood,0.0,0.0,0.6993333333333334,0.6996403261612022,0.7673379866803278,0.2629040807589273,1.4697790760395777
0.9,5,mlp,all_features,ood,-0.3,-0.3,0.601,0.6008876319547504,0.6398505901768019,0.35190558266830474,2.0013733805004765
0.9,5,mlp,all_features,ood,-0.6,-0.6,0.47533333333333333,0.4754657192241214,0.4726005412941269,0.4689833573733172,2.664334675640114
0.9,5,mlp,all_features,ood,-0.9,-0.9,0.3016666666666667,0.30170176900850887,0.23576634117883172,0.6219089321673802,3.1838844325290667
0.9,5,mlp,stable_only,iid_validation,0.9,,0.9125,0.9123062306230623,0.9750805080508052,0.13154670502510704,0.4382432109023
0.9,5,mlp,stable_only,iid_test,0.9,,0.9146666666666666,0.9144429008057794,0.975445179216449,0.1309186740393297,0.43706143892464394
0.9,5,mlp,stable_only,ood,0.3,0.3,0.9103333333333333,0.9099422759904754,0.9749813721811531,0.13268909117308056,0.44073572230041275
0.9,5,mlp,stable_only,ood,0.0,0.0,0.914,0.914366675204918,0.975860317765255,0.13229803611406454,0.43990055860271143
0.9,5,mlp,stable_only,ood,-0.3,-0.3,0.912,0.911848826557756,0.9742941857017964,0.13413263592513922,0.4442629546029431
0.9,5,mlp,stable_only,ood,-0.6,-0.6,0.9043333333333333,0.9046662612295414,0.9730513233610025,0.13377723003266684,0.4431630588466138
0.9,5,mlp,stable_only,ood,-0.9,-0.9,0.9173333333333333,0.9169941495849707,0.977081609885408,0.12978522956125568,0.43430592825388037
0.9,6,logistic_regression,all_features,iid_validation,0.9,,0.994,0.9939999039984639,0.9998739979839678,0.004360668549986268,0.01761242677425699
0.9,6,logistic_regression,all_features,iid_test,0.9,,0.995,0.9950055617352613,0.9998923248053392,0.003803619919494405,0.015830757699480127
0.9,6,logistic_regression,all_features,ood,0.3,0.3,0.79,0.7900849284083392,0.8756912880808598,0.17486219951411514,0.8540350070283841
0.9,6,logistic_regression,all_features,ood,0.0,0.0,0.681,0.6809162279929812,0.7508364578277698,0.2752811095616296,1.5117475002890663
0.9,6,logistic_regression,all_features,ood,-0.3,-0.3,0.5836666666666667,0.5836742630473672,0.6240762675140836,0.361688972432166,2.1052887378283827
0.9,6,logistic_regression,all_features,ood,-0.6,-0.6,0.4523333333333333,0.45233333333333337,0.43501066666666666,0.48132623291791804,2.840391984548764
0.9,6,logistic_regression,all_features,ood,-0.9,-0.9,0.26866666666666666,0.2687191854400385,0.19334865514848992,0.6459204320758453,3.2828096577723893
0.9,6,logistic_regression,stable_only,iid_validation,0.9,,0.9095,0.9095245523928382,0.9764696235139761,0.062128834890772935,0.19587625926070393
0.9,6,logistic_regression,stable_only,iid_test,0.9,,0.9113333333333333,0.9109677419354838,0.9739684093437153,0.0640904965155453,0.206354686083592
0.9,6,logistic_regression,stable_only,ood,0.3,0.3,0.9143333333333333,0.9142953929539295,0.9793729416952962,0.057783398329281074,0.18474589556041568
0.9,6,logistic_regression,stable_only,ood,0.0,0.0,0.9213333333333333,0.9212787404598473,0.9804423537443265,0.055646313565466725,0.18172209211844112
0.9,6,logistic_regression,stable_only,ood,-0.3,-0.3,0.912,0.9120101334459272,0.9753792819920222,0.06285361413050905,0.20088927492121508
0.9,6,logistic_regression,stable_only,ood,-0.6,-0.6,0.9033333333333333,0.9033333333333333,0.9723044444444444,0.06744606742871556,0.21227639850544305
0.9,6,logistic_regression,stable_only,ood,-0.9,-0.9,0.9086666666666666,0.9086957893749686,0.9767386045296098,0.061656428496859705,0.1952184863026545
0.9,6,rbf_svm,all_features,iid_validation,0.9,,0.994,0.9939999039984639,0.9998159970559529,0.004218758711330436,0.015528791833008081
0.9,6,rbf_svm,all_features,iid_test,0.9,,0.9953333333333333,0.9953058954393771,0.9998700778642937,0.00377573373666556,0.014228013643000435
0.9,6,rbf_svm,all_features,ood,0.3,0.3,0.7923333333333333,0.7924028551309135,0.8783115144143567,0.179506848723869,0.9593837270701674
0.9,6,rbf_svm,all_features,ood,0.0,0.0,0.6796666666666666,0.6795722064886371,0.7645491216748357,0.2804781300851065,1.5771487020744523
0.9,6,rbf_svm,all_features,ood,-0.3,-0.3,0.5863333333333334,0.5863476260847342,0.6475147501638907,0.36733229848598575,2.1351267547773327
0.9,6,rbf_svm,all_features,ood,-0.6,-0.6,0.46,0.46,0.45309022222222217,0.48498426504472764,2.908293510154208
0.9,6,rbf_svm,all_features,ood,-0.9,-0.9,0.2723333333333333,0.27244659994817666,0.17901456520608672,0.6557451882013078,3.9051820661082224
0.9,6,rbf_svm,stable_only,iid_validation,0.9,,0.9085,0.9085085361365781,0.9741245859933759,0.0651390525998312,0.2093727033636307
0.9,6,rbf_svm,stable_only,iid_test,0.9,,0.911,0.9105116796440489,0.9722407119021135,0.06546551527772994,0.21497184678946799
0.9,6,rbf_svm,stable_only,ood,0.3,0.3,0.9156666666666666,0.9155757207178371,0.9785331711584833,0.05952906877802762,0.19089916508812804
0.9,6,rbf_svm,stable_only,ood,0.0,0.0,0.9193333333333333,0.9192760417500013,0.9786094355287462,0.057174585883456266,0.1891415834447338
0.9,6,rbf_svm,stable_only,ood,-0.3,-0.3,0.913,0.9130134779275325,0.9738654873943043,0.0637216007368092,0.20929088782146377
0.9,6,rbf_svm,stable_only,ood,-0.6,-0.6,0.904,0.9039999999999999,0.9704586666666667,0.06961404719678521,0.22415759731558235
0.9,6,rbf_svm,stable_only,ood,-0.9,-0.9,0.9096666666666666,0.9097129226369819,0.9756692479080655,0.06313186506250157,0.20256409840458667
0.9,6,random_forest,all_features,iid_validation,0.9,,0.9935,0.9935058960943375,0.9997429958879341,0.00617559139887755,0.02619864183504238
0.9,6,random_forest,all_features,iid_test,0.9,,0.9943333333333333,0.9943604004449388,0.9996418242491657,0.006206579382539683,0.02636799743380228
0.9,6,random_forest,all_features,ood,0.3,0.3,0.6956666666666667,0.6956047414804857,0.833245088520439,0.2401546313116167,0.9694453146772999
0.9,6,random_forest,all_features,ood,0.0,0.0,0.562,0.5619023237705136,0.6933299821686036,0.35605602989352825,1.4486133925362734
0.9,6,random_forest,all_features,ood,-0.3,-0.3,0.44966666666666666,0.4496994411049012,0.563716263514039,0.4470275868552541,1.9619615980318577
0.9,6,random_forest,all_features,ood,-0.6,-0.6,0.2906666666666667,0.2906666666666667,0.32832866666666666,0.5818861729439633,2.54610651896036
0.9,6,random_forest,all_features,ood,-0.9,-0.9,0.052,0.05203535543662951,0.028707958528874637,0.7848701648759537,3.3705613798590077
0.9,6,random_forest,stable_only,iid_validation,0.9,,0.904,0.9040064641034257,0.969277508440135,0.0694394918706264,0.22804725533863726
0.9,6,random_forest,stable_only,iid_test,0.9,,0.9013333333333333,0.9008676307007786,0.9658289210233593,0.07255900325008947,0.23923967135022475
0.9,6,random_forest,stable_only,ood,0.3,0.3,0.9063333333333333,0.9062506668373771,0.9742000618825086,0.06481598097958301,0.21332441885323056
0.9,6,random_forest,stable_only,ood,0.0,0.0,0.916,0.9159559886291514,0.9741446974262699,0.06231881810588906,0.21226047985612906
0.9,6,random_forest,stable_only,ood,-0.3,-0.3,0.904,0.9040144890498784,0.968165201835576,0.07042381516612714,0.23191160658360732
0.9,6,random_forest,stable_only,ood,-0.6,-0.6,0.891,0.891,0.9655057777777778,0.07422505144872626,0.2409291508850349
0.9,6,random_forest,stable_only,ood,-0.9,-0.9,0.8993333333333333,0.8993591415990838,0.970480912695432,0.06942527992220685,0.22532640719594973
0.9,6,gradient_boosting,all_features,iid_validation,0.9,,0.993,0.9930078881262101,0.9996139938239011,0.005872456591001345,0.02942572676964404
0.9,6,gradient_boosting,all_features,iid_test,0.9,,0.9916666666666667,0.9917130144605117,0.9996213570634037,0.006528378670999926,0.03391937819858161
0.9,6,gradient_boosting,all_features,ood,0.3,0.3,0.7266666666666667,0.726575336619508,0.8280288642781441,0.2660264153857845,2.2928307242453023
0.9,6,gradient_boosting,all_features,ood,0.0,0.0,0.5846666666666667,0.5845373525976416,0.6827387015970033,0.4037229592550481,3.533515861402816
0.9,6,gradient_boosting,all_features,ood,-0.3,-0.3,0.48033333333333333,0.4803864487383193,0.5605846731630351,0.5103744470099147,4.4941987435407835
0.9,6,gradient_boosting,all_features,ood,-0.6,-0.6,0.32133333333333336,0.32133333333333336,0.3285093333333333,0.666257139698224,5.914363211391666
0.9,6,gradient_boosting,all_features,ood,-0.9,-0.9,0.078,0.07807014463870546,0.03423007878838251,0.9163025950054599,8.302535542388782
0.9,6,gradient_boosting,stable_only,iid_validation,0.9,,0.9,0.9000184002944047,0.9679344869517912,0.07432328562986544,0.2425573506336494
0.9,6,gradient_boosting,stable_only,iid_test,0.9,,0.892,0.8915684093437153,0.9659790878754172,0.07661586138044976,0.2522595741221565
0.9,6,gradient_boosting,stable_only,ood,0.3,0.3,0.9063333333333333,0.9062186586432794,0.9721373115962131,0.06796746196963814,0.22313620990478308
0.9,6,gradient_boosting,stable_only,ood,0.0,0.0,0.9126666666666666,0.9126066017056272,0.9735017982509941,0.06490042927017242,0.21722404345270122
0.9,6,gradient_boosting,stable_only,ood,-0.3,-0.3,0.9033333333333333,0.9033500372226357,0.9686472071911911,0.07240210579355753,0.2402389794038044
0.9,6,gradient_boosting,stable_only,ood,-0.6,-0.6,0.8903333333333333,0.8903333333333333,0.964056,0.07954480372265119,0.2591493222584198
0.9,6,gradient_boosting,stable_only,ood,-0.9,-0.9,0.899,0.8990304677746315,0.9689988804200624,0.07376542508316038,0.2390100432297832
0.9,6,mlp,all_features,iid_validation,0.9,,0.9935,0.9935058960943375,0.9998209971359542,0.016471728120521164,0.10037335554704611
0.9,6,mlp,all_features,iid_test,0.9,,0.9943333333333333,0.9942936596218019,0.9997953281423805,0.015897964273323663,0.09806669346202068
0.9,6,mlp,all_features,ood,0.3,0.3,0.825,0.8249605232272795,0.9083916593759114,0.12333406201951679,0.38383894899494103
0.9,6,mlp,all_features,ood,0.0,0.0,0.7223333333333334,0.7222288889955573,0.805577778133339,0.19088308221905895,0.5746059660270354
0.9,6,mlp,all_features,ood,-0.3,-0.3,0.6336666666666667,0.633699263325148,0.6977708641207125,0.25072613567978885,0.7450865258832219
0.9,6,mlp,all_features,ood,-0.6,-0.6,0.521,0.521,0.5396213333333333,0.32675678023792126,0.955962718779124
0.9,6,mlp,all_features,ood,-0.9,-0.9,0.36766666666666664,0.36785978894651483,0.34201678169880145,0.40162151129981827,1.1037190001026564
0.9,6,mlp,stable_only,iid_validation,0.9,,0.91,0.9099985599769596,0.9755026080417286,0.07553815118085506,0.27139172311317766
0.9,6,mlp,stable_only,iid_test,0.9,,0.9056666666666666,0.9053058954393771,0.9724324805339266,0.07893590470991531,0.27966098553972674
0.9,6,mlp,stable_only,ood,0.3,0.3,0.9126666666666666,0.9125482790260974,0.9790608618028438,0.07243394041112315,0.26457877602887586
0.9,6,mlp,stable_only,ood,0.0,0.0,0.92,0.9199453857928392,0.9790072196710703,0.0722154671291748,0.26272037955698585
0.9,6,mlp,stable_only,ood,-0.3,-0.3,0.912,0.9120234669274103,0.9743379370881899,0.07660907426212928,0.2739349196617597
0.9,6,mlp,stable_only,ood,-0.6,-0.6,0.9013333333333333,0.9013333333333333,0.9711035555555555,0.08038378250303635,0.282616617920467
0.9,6,mlp,stable_only,ood,-0.9,-0.9,0.909,0.9090493526303461,0.9755007997951956,0.07630200613872994,0.27239564939749117
0.9,7,logistic_regression,all_features,iid_validation,0.9,,0.9915,0.9915167784160919,0.9996839544894465,0.006971155617847063,0.024521830836931324
0.9,7,logistic_regression,all_features,iid_test,0.9,,0.9956666666666667,0.995682702892069,0.9998844097159858,0.003764514645099273,0.016174385565616012
0.9,7,logistic_regression,all_features,ood,0.3,0.3,0.7926666666666666,0.7927712782249694,0.8777979356035263,0.1706974123431769,0.8097407531571442
0.9,7,logistic_regression,all_features,ood,0.0,0.0,0.7013333333333334,0.7013968063473014,0.7703859274816369,0.256248729784686,1.426472330819819
0.9,7,logistic_regression,all_features,ood,-0.3,-0.3,0.58,0.580009520207329,0.6192445968823321,0.3688184259329964,2.0864439898686395
0.9,7,logistic_regression,all_features,ood,-0.6,-0.6,0.4696666666666667,0.469820399843366,0.4641184160054688,0.46178146401549897,2.630692159191487
0.9,7,logistic_regression,all_features,ood,-0.9,-0.9,0.28,0.27988668328538446,0.215269747398157,0.6272019918286916,3.104913452021364
0.9,7,logistic_regression,stable_only,iid_validation,0.9,,0.909,0.9091429165799876,0.9762625818117808,0.06284004966396377,0.19772079228689607
0.9,7,logistic_regression,stable_only,iid_test,0.9,,0.9153333333333333,0.9153310061156152,0.9774452235427178,0.06018027717406022,0.19229095791399967
0.9,7,logistic_regression,stable_only,ood,0.3,0.3,0.9073333333333333,0.9072501934899361,0.973749828292963,0.06562640752411088,0.20590822959105232
0.9,7,logistic_regression,stable_only,ood,0.0,0.0,0.9083333333333333,0.9084675134180085,0.9757726883799491,0.06353691286837275,0.19948967464374034
0.9,7,logistic_regression,stable_only,ood,-0.3,-0.3,0.9113333333333333,0.9113594029381085,0.9733158633232458,0.0653446559696772,0.20885436399865384
0.9,7,logistic_regression,stable_only,ood,-0.6,-0.6,0.911,0.9109499780205713,0.9775485358678051,0.061144527285583686,0.19166816123976105
0.9,7,logistic_regression,stable_only,ood,-0.9,-0.9,0.91,0.910078865552439,0.9757205779116879,0.06285917508542609,0.1991411032692644
0.9,7,rbf_svm,all_features,iid_validation,0.9,,0.991,0.9909987038133492,0.9996589508889281,0.006996024255829768,0.024365583076122743
0.9,7,rbf_svm,all_features,iid_test,0.9,,0.9963333333333333,0.9963380108868265,0.9997932712228207,0.003926264429733096,0.016091666222790353
0.9,7,rbf_svm,all_features,ood,0.3,0.3,0.789,0.7889350429500981,0.8759526128587565,0.17929121642144735,0.900949393922177
0.9,7,rbf_svm,all_features,ood,0.0,0.0,0.698,0.697936460312698,0.7792979297929793,0.2634349081101631,1.4271677344150708
0.9,7,rbf_svm,all_features,ood,-0.3,-0.3,0.577,0.5769456757058264,0.6285830224747117,0.37970370457686164,2.1067590698840517
0.9,7,rbf_svm,all_features,ood,-0.6,-0.6,0.467,0.4672517624657141,0.4733902235323453,0.4728826914656876,2.6419295079291647
0.9,7,rbf_svm,all_features,ood,-0.9,-0.9,0.278,0.27742988728347984,0.1906773350120995,0.6434274246299007,3.6052290269805134
0.9,7,rbf_svm,stable_only,iid_validation,0.9,,0.9095,0.9096969963674769,0.9742632939143236,0.06477525291371447,0.2098313058947102
0.9,7,rbf_svm,stable_only,iid_test,0.9,,0.9153333333333333,0.9152500929168053,0.9766312011964482,0.061018416765259646,0.1985377029683998
0.9,7,rbf_svm,stable_only,ood,0.3,0.3,0.9036666666666666,0.9036695738687006,0.9713968306326243,0.06807391071411852,0.2201948809994538
0.9,7,rbf_svm,stable_only,ood,0.0,0.0,0.9076666666666666,0.9078141147448078,0.973688479959107,0.06590802973247381,0.21142524283985245
0.9,7,rbf_svm,stable_only,ood,-0.3,-0.3,0.9096666666666666,0.9097129226369819,0.9712691520837565,0.06702340113173273,0.22023033002983566
0.9,7,rbf_svm,stable_only,ood,-0.6,-0.6,0.911,0.9109153087498572,0.9759466377696813,0.06335451286968845,0.20327063086971445
0.9,7,rbf_svm,stable_only,ood,-0.9,-0.9,0.9086666666666666,0.9087931156361327,0.9734278350630049,0.06486730609868227,0.21060841625580862
0.9,7,random_forest,all_features,iid_validation,0.9,,0.988,0.9879982717511322,0.9994549215086972,0.009280790102087428,0.03548593570221776
0.9,7,random_forest,all_features,iid_test,0.9,,0.9916666666666667,0.9916583826963123,0.9996141062825987,0.007018858433167045,0.02993069079440002
0.9,7,random_forest,all_features,ood,0.3,0.3,0.687,0.6871564470046514,0.8299660231227697,0.23131029580543713,0.8821632284519234
0.9,7,random_forest,all_features,ood,0.0,0.0,0.5823333333333334,0.5823749041570824,0.7220515384871821,0.31852320016769464,1.250906777861353
0.9,7,random_forest,all_features,ood,-0.3,-0.3,0.43666666666666665,0.4366637317879367,0.5584612731566154,0.432578496980697,1.6074418490897175
0.9,7,random_forest,all_features,ood,-0.6,-0.6,0.295,0.29517528205451876,0.3493653523309085,0.5438970713488653,2.0196763745905817
0.9,7,random_forest,all_features,ood,-0.9,-0.9,0.06366666666666666,0.06364528773989439,0.0357522503957949,0.7367140952674806,2.7637036919233857
0.9,7,random_forest,stable_only,iid_validation,0.9,,0.901,0.9011657678705733,0.9683354403034037,0.0700485469176414,0.23185169948140383
0.9,7,random_forest,stable_only,iid_test,0.9,,0.9076666666666666,0.907644696806685,0.9714398637101636,0.06783532876858199,0.22276788233282446
0.9,7,random_forest,stable_only,ood,0.3,0.3,0.8953333333333333,0.8953393931284288,0.9653309600346038,0.07393213865494876,0.2409975866983095
0.9,7,random_forest,stable_only,ood,0.0,0.0,0.901,0.9010934426776012,0.9689384494004957,0.0706250950881972,0.23001371269843165
0.9,7,random_forest,stable_only,ood,-0.3,-0.3,0.896,0.8960381803870396,0.9658730345683084,0.07281148506398592,0.2395717019410259
0.9,7,random_forest,stable_only,ood,-0.6,-0.6,0.9023333333333333,0.9022537692831151,0.970128422979326,0.06957166023094416,0.2267613233173967
0.9,7,random_forest,stable_only,ood,-0.9,-0.9,0.9066666666666666,0.9068404829831532,0.9696588361295727,0.0691170022574089,0.22878104092838814
0.9,7,gradient_boosting,all_features,iid_validation,0.9,,0.9885,0.9885163463538749,0.9996089436878912,0.009457952777968522,0.03750169073365842
0.9,7,gradient_boosting,all_features,iid_test,0.9,,0.9926666666666667,0.9926760217736529,0.9992455511077994,0.006156206737405598,0.029793721478755624
0.9,7,gradient_boosting,all_features,ood,0.3,0.3,0.7253333333333334,0.7253914364755092,0.8316633110629121,0.2586161259630245,1.9937503080514762
0.9,7,gradient_boosting,all_features,ood,0.0,0.0,0.624,0.6240224022402241,0.7230056338967231,0.35951672074247754,2.911391126993135
0.9,7,gradient_boosting,all_features,ood,-0.3,-0.3,0.4786666666666667,0.4786428682224635,0.5553829838960938,0.5011554956884026,4.16503493595223
0.9,7,gradient_boosting,all_features,ood,-0.6,-0.6,0.347,0.34719074454925725,0.3547219768951535,0.6313842578478293,5.353796054653099
0.9,7,gradient_boosting,all_features,ood,-0.9,-0.9,0.103,0.10283531864324041,0.05192571281984252,0.8766341072934086,7.592652495731915
0.9,7,gradient_boosting,stable_only,iid_validation,0.9,,0.8995,0.8997435630730826,0.9680483989694516,0.07426037530575232,0.24845003581152753
0.9,7,gradient_boosting,stable_only,iid_test,0.9,,0.9013333333333333,0.9013152396008757,0.9680381750250298,0.07380118813774775,0.24488700050760218
0.9,7,gradient_boosting,stable_only,ood,0.3,0.3,0.8933333333333333,0.8933082489171899,0.9659924488913172,0.0785116022228656,0.25493215690817755
0.9,7,gradient_boosting,stable_only,ood,0.0,0.0,0.895,0.8950795079507952,0.9679839095020614,0.07667420162096879,0.24945849688436278
0.9,7,gradient_boosting,stable_only,ood,-0.3,-0.3,0.8936666666666667,0.8937156853638146,0.9655208046753019,0.07763823755442104,0.25697919851251555
0.9,7,gradient_boosting,stable_only,ood,-0.6,-0.6,0.899,0.8989259637723901,0.9702233189959601,0.07330007863922854,0.236794338233395
0.9,7,gradient_boosting,stable_only,ood,-0.9,-0.9,0.9026666666666666,0.9028511904523733,0.9709096858493264,0.0705624227115164,0.2282621234639053
0.9,7,mlp,all_features,iid_validation,0.9,,0.986,0.9860339888944007,0.9992828967371301,0.0264920605112296,0.14177009171147928
0.9,7,mlp,all_features,iid_test,0.9,,0.9913333333333333,0.9912960516137292,0.999743923063107,0.025181309357161452,0.13964882676246282
0.9,7,mlp,all_features,ood,0.3,0.3,0.8173333333333334,0.8175868904289052,0.9019271642088293,0.1271598350720876,0.39929785783456917
0.9,7,mlp,all_features,ood,0.0,0.0,0.735,0.7351301796846351,0.8097365292084765,0.18095749224755492,0.548277519599972
0.9,7,mlp,all_features,ood,-0.3,-0.3,0.6213333333333333,0.6214184220011902,0.6838660041929802,0.24538269382854538,0.7132274019521949
0.9,7,mlp,all_features,ood,-0.6,-0.6,0.5416666666666666,0.5415946797781701,0.5599162781560038,0.2968033114251993,0.8460311099848462
0.9,7,mlp,all_features,ood,-0.9,-0.9,0.39,0.390318463182071,0.3498671347294301,0.3693893006000623,0.9980217529313904
0.9,7,mlp,stable_only,iid_validation,0.9,,0.9055,0.9057324254692676,0.975932534284937,0.06659577221627518,0.2269832048110304
0.9,7,mlp,stable_only,iid_test,0.9,,0.9156666666666666,0.9155661878857826,0.9778155570295786,0.06427691401078063,0.22386245614790912
0.9,7,mlp,stable_only,ood,0.3,0.3,0.909,0.9090859584320047,0.9732812736861245,0.06953050688494901,0.23561299756754267
0.9,7,mlp,stable_only,ood,0.0,0.0,0.909,0.9092075874254093,0.9753290884644019,0.0672051437707343,0.22898434676725538
0.9,7,mlp,stable_only,ood,-0.3,-0.3,0.9103333333333333,0.9104107156111401,0.9736367592005336,0.0686847131404491,0.23533514988910825
0.9,7,mlp,stable_only,ood,-0.6,-0.6,0.91,0.9098661188329257,0.9773476318887951,0.06495876149538428,0.22351229163934574
0.9,7,mlp,stable_only,ood,-0.9,-0.9,0.911,0.91118122271616,0.9758228332646444,0.06691357748647872,0.23000513621975396
0.9,8,logistic_regression,all_features,iid_validation,0.9,,0.9915,0.9915114567332309,0.9996539778545827,0.006476441153275239,0.024509680284091544
0.9,8,logistic_regression,all_features,iid_test,0.9,,0.9946666666666667,0.9946664296190941,0.9998471043157473,0.004200596254794237,0.016941096598182277
0.9,8,logistic_regression,all_features,ood,0.3,0.3,0.789,0.7889762771646376,0.8719253114688816,0.1754464485616428,0.8833725677301884
0.9,8,logistic_regression,all_features,ood,0.0,0.0,0.6813333333333333,0.6812797256473586,0.7456317937590641,0.2758667735650705,1.619982837861642
0.9,8,logistic_regression,all_features,ood,-0.3,-0.3,0.5796666666666667,0.5796456675937784,0.6148404255082704,0.3724282175972451,2.2211628876332217
0.9,8,logistic_regression,all_features,ood,-0.6,-0.6,0.4796666666666667,0.47975473294125337,0.4753468334377171,0.4585363877247439,2.6737941501107905
0.9,8,logistic_regression,all_features,ood,-0.9,-0.9,0.29233333333333333,0.2923191692766771,0.22030532566574712,0.6252328334153751,3.2265704370558295
0.9,8,logistic_regression,stable_only,iid_validation,0.9,,0.9095,0.9095062083973374,0.9754664298515106,0.06299708174779978,0.1993127087624969
0.9,8,logistic_regression,stable_only,iid_test,0.9,,0.914,0.9140050668918618,0.9775545579803547,0.06028092294630765,0.19182734357683473
0.9,8,logistic_regression,stable_only,ood,0.3,0.3,0.9043333333333333,0.9043548754124474,0.9747313758675616,0.06404718275062574,0.20308827864861548
0.9,8,logistic_regression,stable_only,ood,0.0,0.0,0.9146666666666666,0.9147083647599437,0.9779261859480495,0.0596757728868566,0.19098673009724712
0.9,8,logistic_regression,stable_only,ood,-0.3,-0.3,0.913,0.9130240451912507,0.9765406805269645,0.06089505215067544,0.19572209373093982
0.9,8,logistic_regression,stable_only,ood,-0.6,-0.6,0.91,0.9099279863057966,0.9758791240297087,0.062335359400962805,0.198702481932196
0.9,8,logistic_regression,stable_only,ood,-0.9,-0.9,0.9216666666666666,0.9216696866787467,0.9790625829169983,0.058243311809913954,0.18530641697687505
0.9,8,rbf_svm,all_features,iid_validation,0.9,,0.992,0.9920154889912954,0.9993019553251408,0.006894538326146327,0.027966007215390627
0.9,8,rbf_svm,all_features,iid_test,0.9,,0.9946666666666667,0.9946619849771101,0.9998088803946843,0.00399915714662228,0.01589129872345767
0.9,8,rbf_svm,all_features,ood,0.3,0.3,0.7863333333333333,0.7863042581636136,0.872349758931619,0.18399200499992105,0.9602488171730289
0.9,8,rbf_svm,all_features,ood,0.0,0.0,0.6746666666666666,0.6745942467191508,0.7573658270780119,0.28432626831762314,1.597466698209591
0.9,8,rbf_svm,all_features,ood,-0.3,-0.3,0.5756666666666667,0.5756112425149102,0.6277922813393616,0.3801531179096111,2.213260204326291
0.9,8,rbf_svm,all_features,ood,-0.6,-0.6,0.4676666666666667,0.4677229653053214,0.48690031741854833,0.46998396534616205,2.707924831748122
0.9,8,rbf_svm,all_features,ood,-0.9,-0.9,0.2806666666666667,0.2806597893058239,0.19416922112132892,0.6435713868512472,3.742622075448117
0.9,8,rbf_svm,stable_only,iid_validation,0.9,,0.9055,0.9055059523809523,0.9731522817460316,0.06492239973483294,0.21126558952207478
0.9,8,rbf_svm,stable_only,iid_test,0.9,,0.9116666666666666,0.9116960753811281,0.9750917818569713,0.06288391457484353,0.20446491161228048
0.9,8,rbf_svm,stable_only,ood,0.3,0.3,0.904,0.9040135396518375,0.9724300261690749,0.06662247311369893,0.21552733220615383
0.9,8,rbf_svm,stable_only,ood,0.0,0.0,0.911,0.9110649520811787,0.9750399008689524,0.06268765142350674,0.20499697368557587
0.9,8,rbf_svm,stable_only,ood,-0.3,-0.3,0.911,0.9110237242508687,0.9743043217156174,0.06309330985954825,0.20669834998566392
0.9,8,rbf_svm,stable_only,ood,-0.6,-0.6,0.909,0.9089391926340762,0.9730440932190845,0.06541936944322442,0.21337301115854104
0.9,8,rbf_svm,stable_only,ood,-0.9,-0.9,0.9193333333333333,0.9193410106973761,0.9765981286147367,0.060396782674926576,0.19795938836375784
0.9,8,random_forest,all_features,iid_validation,0.9,,0.9855,0.9855270737327189,0.999137444796467,0.010069347988392239,0.039116755589620654
0.9,8,random_forest,all_features,iid_test,0.9,,0.994,0.9939908440375128,0.9995619805324681,0.005922520526897652,0.027281838079860347
0.9,8,random_forest,all_features,ood,0.3,0.3,0.6883333333333334,0.6882857833655706,0.8387730757196494,0.22511925668548982,0.8382348535078448
0.9,8,random_forest,all_features,ood,0.0,0.0,0.5593333333333333,0.5592770687006072,0.7073551824017501,0.3264665810403878,1.2255584772541104
0.9,8,random_forest,all_features,ood,-0.3,-0.3,0.44,0.4399777030892512,0.5652889196888923,0.41872839125104844,1.529919710880495
0.9,8,random_forest,all_features,ood,-0.6,-0.6,0.318,0.31823732026024676,0.3884810093385328,0.5096540145018896,2.014302452832397
0.9,8,random_forest,all_features,ood,-0.9,-0.9,0.07233333333333333,0.07231295591849034,0.04441439987982174,0.7021775345701661,2.6974728111430686
0.9,8,random_forest,stable_only,iid_validation,0.9,,0.905,0.9050419226830517,0.9691810275857655,0.06984522325869423,0.22973764969034804
0.9,8,random_forest,stable_only,iid_test,0.9,,0.9043333333333333,0.9043224143295258,0.9703471265389573,0.0684436849155192,0.22553299793706863
0.9,8,random_forest,stable_only,ood,0.3,0.3,0.9016666666666666,0.9016899675731027,0.967867771504153,0.07184864935951757,0.23453859909926972
0.9,8,random_forest,stable_only,ood,0.0,0.0,0.904,0.9040352434341903,0.970771141238187,0.06795480880746847,0.2233394273279548
0.9,8,random_forest,stable_only,ood,-0.3,-0.3,0.9023333333333333,0.9023472210430207,0.9695564488346797,0.06851323045488475,0.22745895941427474
0.9,8,random_forest,stable_only,ood,-0.6,-0.6,0.903,0.902961091446857,0.9685972998309561,0.07037063639941826,0.23061127519368763
0.9,8,random_forest,stable_only,ood,-0.9,-0.9,0.9043333333333333,0.9043362840118028,0.9712992185302074,0.06723826311505256,0.22163964627694036
0.9,8,gradient_boosting,all_features,iid_validation,0.9,,0.9885,0.9885112647209422,0.9989899353558628,0.009673195590793871,0.052121250325100676
0.9,8,gradient_boosting,all_features,iid_test,0.9,,0.9933333333333333,0.9933197030979155,0.999678207920352,0.006164303110681826,0.03230527740130881
0.9,8,gradient_boosting,all_features,ood,0.3,0.3,0.7293333333333333,0.7292994083513482,0.8320776947747183,0.26098873639397313,2.0623146079392125
0.9,8,gradient_boosting,all_features,ood,0.0,0.0,0.5966666666666667,0.5966298821618783,0.6973196305163979,0.386823036885963,3.2057767601428724
0.9,8,gradient_boosting,all_features,ood,-0.3,-0.3,0.4786666666666667,0.4786843578014073,0.5512793385961037,0.5072388802194233,4.2709464184711
0.9,8,gradient_boosting,all_features,ood,-0.6,-0.6,0.36333333333333334,0.3635462510518017,0.38236355691908874,0.6210873887479212,5.219328800717184
0.9,8,gradient_boosting,all_features,ood,-0.9,-0.9,0.11533333333333333,0.11531379458851168,0.05299443419995902,0.8705405880373601,7.642776053436352
0.9,8,gradient_boosting,stable_only,iid_validation,0.9,,0.9005,0.9005136328725039,0.9686324924795189,0.07280561115943288,0.24047285593433115
0.9,8,gradient_boosting,stable_only,iid_test,0.9,,0.9006666666666666,0.9006800302235655,0.9700320014222854,0.07166357355066595,0.23414929678557656
0.9,8,gradient_boosting,stable_only,ood,0.3,0.3,0.8976666666666666,0.8976899391284561,0.9668033194902719,0.07548583942875164,0.2496810949045968
0.9,8,gradient_boosting,stable_only,ood,0.0,0.0,0.8986666666666666,0.8986924604135824,0.96940088917492,0.0731245856383345,0.2405586330995862
0.9,8,gradient_boosting,stable_only,ood,-0.3,-0.3,0.8986666666666666,0.8985997308901561,0.9684804984266364,0.07376568705404153,0.241751308573514
0.9,8,gradient_boosting,stable_only,ood,-0.6,-0.6,0.9026666666666666,0.9025785978732379,0.9678407582129438,0.07458678129668649,0.248683444464476
0.9,8,gradient_boosting,stable_only,ood,-0.9,-0.9,0.9013333333333333,0.9013302719877546,0.971538552820878,0.07008246467433445,0.23120458136556826
0.9,8,mlp,all_features,iid_validation,0.9,,0.9875,0.9875112007168458,0.9991349446364568,0.03122047281304208,0.158435603233954
0.9,8,mlp,all_features,iid_test,0.9,,0.987,0.9869794213076136,0.9994630872483221,0.02875475694759045,0.15139721133704143
0.9,8,mlp,all_features,ood,0.3,0.3,0.8206666666666667,0.8206920582546364,0.9007739610592785,0.12794966574068295,0.4011712356582979
0.9,8,mlp,all_features,ood,0.0,0.0,0.7226666666666667,0.7226948497989512,0.7961200043912067,0.1880682635386185,0.5603236720573098
0.9,8,mlp,all_features,ood,-0.3,-0.3,0.6306666666666667,0.6308269904638033,0.6893221534655116,0.24186844306001606,0.6959404602514317
0.9,8,mlp,all_features,ood,-0.6,-0.6,0.5423333333333333,0.5421196322549875,0.5779733485767728,0.28636775116868873,0.8050638458128571
0.9,8,mlp,all_features,ood,-0.9,-0.9,0.394,0.39406557626230504,0.3744770534637694,0.3542715832686177,0.9508974588479833
0.9,8,mlp,stable_only,iid_validation,0.9,,0.9085,0.9085541474654377,0.9747863863287249,0.0676197456863321,0.23068028701763746
0.9,8,mlp,stable_only,iid_test,0.9,,0.91,0.909982665896262,0.9768349704431308,0.06531483453579306,0.22571824127723358
0.9,8,mlp,stable_only,ood,0.3,0.3,0.9096666666666666,0.9096758021390374,0.9740393709466378,0.06851554086213739,0.23459008218570018
0.9,8,mlp,stable_only,ood,0.0,0.0,0.9183333333333333,0.9183642221541714,0.9774395086826335,0.06434451067665087,0.22331210588527772
0.9,8,mlp,stable_only,ood,-0.3,-0.3,0.9106666666666666,0.910584764933396,0.9757872263060874,0.06608927402830853,0.22817295689841952
0.9,8,mlp,stable_only,ood,-0.6,-0.6,0.9136666666666666,0.9136215718374494,0.975830228860507,0.06592089729198959,0.2272649061536916
0.9,8,mlp,stable_only,ood,-0.9,-0.9,0.9216666666666666,0.92167235335608,0.9789376935285519,0.06251065329618158,0.21749456656066427
0.9,9,logistic_regression,all_features,iid_validation,0.9,,0.9955,0.9955372466528098,0.9998639007836713,0.003850925966658324,0.015970879648985237
0.9,9,logistic_regression,all_features,iid_test,0.9,,0.994,0.9939911347234002,0.999725293775637,0.004486064358665594,0.018811178144685296
0.9,9,logistic_regression,all_features,ood,0.3,0.3,0.7783333333333333,0.7785428253615128,0.8664751946607342,0.17987680106707338,0.8947339478726887
0.9,9,logistic_regression,all_features,ood,0.0,0.0,0.6846666666666666,0.6848503259546355,0.7516504552957121,0.27327525981175194,1.5819784903631486
0.9,9,logistic_regression,all_features,ood,-0.3,-0.3,0.577,0.5765689120208187,0.6146051446301671,0.36679728809645484,2.204248017519043
0.9,9,logistic_regression,all_features,ood,-0.6,-0.6,0.4766666666666667,0.47645457071408726,0.46996121144762437,0.4601506092610551,2.6728663062394267
0.9,9,logistic_regression,all_features,ood,-0.9,-0.9,0.25633333333333336,0.25634673545632447,0.18916473937021883,0.6519291030130515,3.3246144097058132
0.9,9,logistic_regression,stable_only,iid_validation,0.9,,0.919,0.9187787897377189,0.9786494354384346,0.058334228716568584,0.1889842940315935
0.9,9,logistic_regression,stable_only,iid_test,0.9,,0.912,0.9119713238706374,0.9770313591823889,0.06112693006168555,0.19469151151508093
0.9,9,logistic_regression,stable_only,ood,0.3,0.3,0.9116666666666666,0.9114905450500557,0.9762740823136818,0.062267279458544426,0.19703515185227896
0.9,9,logistic_regression,stable_only,ood,0.0,0.0,0.9126666666666666,0.9127837286434888,0.9755710822174257,0.06305395006343321,0.2006300782912826
0.9,9,logistic_regression,stable_only,ood,-0.3,-0.3,0.8966666666666666,0.896613618923698,0.9700445956916782,0.07099413417676885,0.21988563830754107
0.9,9,logistic_regression,stable_only,ood,-0.6,-0.6,0.9213333333333333,0.9213781606001668,0.9795356487913308,0.05714408281355865,0.18374959090050696
0.9,9,logistic_regression,stable_only,ood,-0.9,-0.9,0.915,0.9150373599003736,0.9771459704678882,0.06008456002466092,0.19453319957255666
0.9,9,rbf_svm,all_features,iid_validation,0.9,,0.9945,0.9945635368183405,0.9998689044313305,0.003937880811924086,0.014255622187367702
0.9,9,rbf_svm,all_features,iid_test,0.9,,0.994,0.9939911347234002,0.9996826209640856,0.004468840948560659,0.01831319197395203
0.9,9,rbf_svm,all_features,ood,0.3,0.3,0.7796666666666666,0.7799666295884315,0.8670745272525028,0.18763679005942135,1.0354099134026966
0.9,9,rbf_svm,all_features,ood,0.0,0.0,0.6893333333333334,0.6895934251322877,0.7684287683375891,0.2771670422542681,1.661055595543626
0.9,9,rbf_svm,all_features,ood,-0.3,-0.3,0.5843333333333334,0.5842091215427219,0.6323313204105917,0.37338947054949934,2.3288777219926255
0.9,9,rbf_svm,all_features,ood,-0.6,-0.6,0.476,0.47556543484301195,0.4936366768546818,0.46365994795958354,2.818697811073878
0.9,9,rbf_svm,all_features,ood,-0.9,-0.9,0.263,0.262626756804839,0.17629558797367015,0.6622300961082526,4.09254181575998
0.9,9,rbf_svm,stable_only,iid_validation,0.9,,0.9155,0.9152357068302792,0.9767470485984283,0.05972084035331511,0.1965250154603241
0.9,9,rbf_svm,stable_only,iid_test,0.9,,0.9113333333333333,0.9113205634944765,0.9755004720679779,0.06274648239427914,0.2030514760135318
0.9,9,rbf_svm,stable_only,ood,0.3,0.3,0.912,0.9117908787541713,0.974304338153504,0.06436164626782397,0.2083561267682446
0.9,9,rbf_svm,stable_only,ood,0.0,0.0,0.9133333333333333,0.9134326579101987,0.974141124991605,0.06434827136783883,0.2089285868246991
0.9,9,rbf_svm,stable_only,ood,-0.3,-0.3,0.8966666666666666,0.8965735828912689,0.968357744191995,0.07315114383538653,0.23180828628876346
0.9,9,rbf_svm,stable_only,ood,-0.6,-0.6,0.9206666666666666,0.9207001944984718,0.9775422061683803,0.05865914287183164,0.19397694931591325
0.9,9,rbf_svm,stable_only,ood,-0.9,-0.9,0.9143333333333333,0.9144057996797723,0.9751983632805551,0.061550085762175,0.20325454223775596
0.9,9,random_forest,all_features,iid_validation,0.9,,0.992,0.9920752228374485,0.9995876994328866,0.006855879119338624,0.027659747573358977
0.9,9,random_forest,all_features,iid_test,0.9,,0.9913333333333333,0.9913240840014296,0.999587496155002,0.007218461093528177,0.029167460746262322
0.9,9,random_forest,all_features,ood,0.3,0.3,0.68,0.6802447163515016,0.8211466073414906,0.24354365011215084,0.8716187489034205
0.9,9,random_forest,all_features,ood,0.0,0.0,0.5716666666666667,0.5718114288942093,0.7199683407914981,0.32811270389541786,1.2627714567968213
0.9,9,random_forest,all_features,ood,-0.3,-0.3,0.44033333333333335,0.44023954892736794,0.5586563462671961,0.43561522570650707,1.8406413887666337
0.9,9,random_forest,all_features,ood,-0.6,-0.6,0.31333333333333335,0.3132314531814393,0.3761953876076688,0.5295569887200798,2.114544791548671
0.9,9,random_forest,all_features,ood,-0.9,-0.9,0.051333333333333335,0.0511919587262053,0.036782823341042506,0.752420140716099,3.147095273144965
0.9,9,random_forest,stable_only,iid_validation,0.9,,0.909,0.9085283171431974,0.9726755804981831,0.0662952156897285,0.2186885153779107
0.9,9,random_forest,stable_only,iid_test,0.9,,0.9013333333333333,0.9013111221349208,0.971008269635272,0.0688052305943288,0.22449959909739511
0.9,9,random_forest,stable_only,ood,0.3,0.3,0.9023333333333333,0.9021913236929922,0.9690231368186875,0.07012318627791177,0.22999196488829912
0.9,9,random_forest,stable_only,ood,0.0,0.0,0.9026666666666666,0.90279448779288,0.9692995077655795,0.0706169089331396,0.23039064664038778
0.9,9,random_forest,stable_only,ood,-0.3,-0.3,0.8933333333333333,0.8931771928068595,0.962845894638508,0.07746553604049038,0.24933567477920565
0.9,9,random_forest,stable_only,ood,-0.6,-0.6,0.9073333333333333,0.9073520422339538,0.9728544595721034,0.06556626415484014,0.216741374689645
0.9,9,random_forest,stable_only,ood,-0.9,-0.9,0.912,0.912026329834549,0.9704827877601849,0.06741136880294543,0.2261860149728246
0.9,9,gradient_boosting,all_features,iid_validation,0.9,,0.993,0.9930759523692771,0.9997308037559381,0.006144470295368283,0.024980421531570422
0.9,9,gradient_boosting,all_features,iid_test,0.9,,0.992,0.992006848986254,0.9996479493047,0.006562221822685399,0.030094837291146963
0.9,9,gradient_boosting,all_features,ood,0.3,0.3,0.7076666666666667,0.7078642936596218,0.8199977753058955,0.2755351515055304,2.184061387472642
0.9,9,gradient_boosting,all_features,ood,0.0,0.0,0.6106666666666667,0.6108314700894313,0.7151164937004046,0.3752251393278712,3.1132733836310083
0.9,9,gradient_boosting,all_features,ood,-0.3,-0.3,0.47433333333333333,0.4741300503786742,0.5551636472825543,0.5061742448096981,4.2986312845496855
0.9,9,gradient_boosting,all_features,ood,-0.6,-0.6,0.36333333333333334,0.3632898027229786,0.3733921644901361,0.6196946880073386,5.40938988213795
0.9,9,gradient_boosting,all_features,ood,-0.9,-0.9,0.088,0.08788471802170433,0.04382583170254402,0.8985039989800541,8.116083216841918
0.9,9,gradient_boosting,stable_only,iid_validation,0.9,,0.901,0.9006845990727239,0.9692315698143946,0.07197323550347619,0.23676086825694137
0.9,9,gradient_boosting,stable_only,iid_test,0.9,,0.8946666666666667,0.8946274930256624,0.9699098892462737,0.0729482977380086,0.23062697216611763
0.9,9,gradient_boosting,stable_only,ood,0.3,0.3,0.902,0.9019799777530589,0.9685942157953281,0.07328250401387618,0.2393873550289444
0.9,9,gradient_boosting,stable_only,ood,0.0,0.0,0.903,0.9031007165798092,0.967029589662321,0.07357600612123544,0.2457615406763239
0.9,9,gradient_boosting,stable_only,ood,-0.3,-0.3,0.889,0.8890101090981883,0.9619731091315518,0.0811372586298702,0.26831234292562983
0.9,9,gradient_boosting,stable_only,ood,-0.6,-0.6,0.9023333333333333,0.9023673242567379,0.9723367602111699,0.06869386237168891,0.22405109067152243
0.9,9,gradient_boosting,stable_only,ood,-0.9,-0.9,0.9106666666666666,0.910638676392101,0.9702023661270236,0.06877991074807625,0.2289010510296007
0.9,9,mlp,all_features,iid_validation,0.9,,0.993,0.9930489326719179,0.9997898467983161,0.007075714583409129,0.041829033239027535
0.9,9,mlp,all_features,iid_test,0.9,,0.9943333333333333,0.9943285166397294,0.9996906221162515,0.007450133306477454,0.04340601816102937
0.9,9,mlp,all_features,ood,0.3,0.3,0.8033333333333333,0.8030923248053392,0.8869374860956618,0.14464973767822617,0.4930125801690836
0.9,9,mlp,all_features,ood,0.0,0.0,0.716,0.7157511901113676,0.7848090061952953,0.22074384163324975,0.7955202686799633
0.9,9,mlp,all_features,ood,-0.3,-0.3,0.6193333333333333,0.618570046375071,0.6610424937999755,0.299826518724304,1.0899700336949454
0.9,9,mlp,all_features,ood,-0.6,-0.6,0.5233333333333333,0.5234231731036398,0.5393595998888581,0.3673586211026318,1.2916604638115072
0.9,9,mlp,all_features,ood,-0.9,-0.9,0.3283333333333333,0.3293942359010852,0.2830012453300125,0.5013819817485917,1.6186935842857728
0.9,9,mlp,stable_only,iid_validation,0.9,,0.9145,0.9140188197195755,0.9780620072032512,0.059880777526845196,0.19215159551511907
0.9,9,mlp,stable_only,iid_test,0.9,,0.9126666666666666,0.9125260704208072,0.9772349440541661,0.06123956511427225,0.19506573385783357
0.9,9,mlp,stable_only,ood,0.3,0.3,0.9083333333333333,0.9085984427141268,0.9757619577308121,0.06338954232081864,0.20121475402470712
0.9,9,mlp,stable_only,ood,0.0,0.0,0.91,0.9104068417337575,0.9754999179386912,0.06403618216296737,0.20390401266298844
0.9,9,mlp,stable_only,ood,-0.3,-0.3,0.8946666666666667,0.8949321055616721,0.9698199490652698,0.07192345978894985,0.22383741188576387
0.9,9,mlp,stable_only,ood,-0.6,-0.6,0.9203333333333333,0.9202278410669631,0.9794422895248681,0.05730762142645913,0.1851311284312914
0.9,9,mlp,stable_only,ood,-0.9,-0.9,0.9133333333333333,0.9130759651307596,0.9768528731542431,0.06052109791377893,0.19578524649892784
0.9,10,logistic_regression,all_features,iid_validation,0.9,,0.9935,0.9934843484348435,0.9997959795979597,0.005409901319883266,0.02055625836054969
0.9,10,logistic_regression,all_features,iid_test,0.9,,0.9933333333333333,0.9933299063874595,0.9997025138248807,0.005343473500638714,0.021123117320931754
0.9,10,logistic_regression,all_features,ood,0.3,0.3,0.7733333333333333,0.7733333333333333,0.8539244444444445,0.1905073220945953,0.9921039767411751
0.9,10,logistic_regression,all_features,ood,0.0,0.0,0.6736666666666666,0.6733135797111567,0.7395118537295263,0.2807731899300261,1.5788261924857938
0.9,10,logistic_regression,all_features,ood,-0.3,-0.3,0.5683333333333334,0.5682008167272572,0.5861209723892118,0.38262151335125744,2.317807180926279
0.9,10,logistic_regression,all_features,ood,-0.6,-0.6,0.4543333333333333,0.4543310908138182,0.4424521966454207,0.47846316164427327,2.7821304067965755
0.9,10,logistic_regression,all_features,ood,-0.9,-0.9,0.24533333333333332,0.24540903731655178,0.16973442985003678,0.6636694275093131,3.4101268187785414
0.9,10,logistic_regression,stable_only,iid_validation,0.9,,0.9095,0.9095359535953595,0.9747344734473448,0.06447117965274567,0.2028972238798501
0.9,10,logistic_regression,stable_only,iid_test,0.9,,0.911,0.9112490684102588,0.9773154562966573,0.06118338404467649,0.19349804048443892
0.9,10,logistic_regression,stable_only,ood,0.3,0.3,0.9136666666666666,0.9136666666666666,0.9761782222222223,0.06171524230365046,0.19736962863859261
0.9,10,logistic_regression,stable_only,ood,0.0,0.0,0.911,0.9110377810255847,0.9764432719930601,0.061554327733343635,0.19667873115473655
0.9,10,logistic_regression,stable_only,ood,-0.3,-0.3,0.915,0.9149541835928885,0.9767538648700564,0.06076472679778385,0.19555079903925976
0.9,10,logistic_regression,stable_only,ood,-0.6,-0.6,0.9116666666666666,0.9116695162975628,0.9786022127120945,0.058976850026926875,0.18796649566783194
0.9,10,logistic_regression,stable_only,ood,-0.9,-0.9,0.9183333333333333,0.918811430372124,0.9790573143174298,0.05794945233192448,0.1872203818334649
0.9,10,rbf_svm,all_features,iid_validation,0.9,,0.993,0.992999299929993,0.9996249624962497,0.00577228696115403,0.022791501200548993
0.9,10,rbf_svm,all_features,iid_test,0.9,,0.9933333333333333,0.9932845497508942,0.9994361547532865,0.0055433763256381476,0.023375602714471328
0.9,10,rbf_svm,all_features,ood,0.3,0.3,0.772,0.772,0.8536595555555555,0.19781392960923386,1.1076690944312717
0.9,10,rbf_svm,all_features,ood,0.0,0.0,0.6733333333333333,0.6729318611193492,0.7452636437162717,0.2883084758896606,1.6799511903370166
0.9,10,rbf_svm,all_features,ood,-0.3,-0.3,0.5643333333333334,0.5643981972239811,0.6021095823165743,0.3885520814724359,2.342087689021866
0.9,10,rbf_svm,all_features,ood,-0.6,-0.6,0.4623333333333333,0.46232576103367157,0.453430423746855,0.48505355792922605,2.9437160523060593
0.9,10,rbf_svm,all_features,ood,-0.9,-0.9,0.251,0.2504369643097967,0.16198590765064752,0.668113649577357,4.031130624277173
0.9,10,rbf_svm,stable_only,iid_validation,0.9,,0.907,0.907050705070507,0.9718641864186418,0.06743912706917624,0.21837870479072943
0.9,10,rbf_svm,stable_only,iid_test,0.9,,0.9103333333333333,0.9105518212912945,0.9756337033604822,0.0631006566258187,0.20404737176021626
0.9,10,rbf_svm,stable_only,ood,0.3,0.3,0.9096666666666666,0.9096666666666666,0.974416,0.06361168057506615,0.20717616290333835
0.9,10,rbf_svm,stable_only,ood,0.0,0.0,0.9133333333333333,0.9133100848851443,0.9754779708133119,0.06226301887230162,0.20312945260417858
0.9,10,rbf_svm,stable_only,ood,-0.3,-0.3,0.9126666666666666,0.9126838169904881,0.9749592703523737,0.06265794026988478,0.2058424951960999
0.9,10,rbf_svm,stable_only,ood,-0.6,-0.6,0.914,0.9140030728902546,0.9763608783826127,0.060920853696080655,0.1993533193072798
0.9,10,rbf_svm,stable_only,ood,-0.9,-0.9,0.917,0.917400059018556,0.9771679193644511,0.05963613961947235,0.1973266061133317
0.9,10,random_forest,all_features,iid_validation,0.9,,0.987,0.986998699869987,0.9991584158415842,0.009629023414977326,0.03650154914277466
0.9,10,random_forest,all_features,iid_test,0.9,,0.9873333333333333,0.9872361088630426,0.9988205051128491,0.00913052759708563,0.04580107917888293
0.9,10,random_forest,all_features,ood,0.3,0.3,0.6723333333333333,0.6723333333333333,0.8157255555555555,0.2501848096446861,0.995844137582907
0.9,10,random_forest,all_features,ood,0.0,0.0,0.56,0.5596190195012181,0.701992495461395,0.3423998088341833,1.4032945399409698
0.9,10,random_forest,all_features,ood,-0.3,-0.3,0.42733333333333334,0.427442533846515,0.5372413934163814,0.44545267144446127,1.9042432205224789
0.9,10,random_forest,all_features,ood,-0.6,-0.6,0.295,0.2949976866656385,0.36018193785863906,0.549479946771988,2.2816327378201815
0.9,10,random_forest,all_features,ood,-0.9,-0.9,0.05633333333333333,0.056351371380273116,0.0343602829151962,0.748291566870567,3.0676294409952884
0.9,10,random_forest,stable_only,iid_validation,0.9,,0.904,0.904000400040004,0.9687528752875287,0.06991886985295637,0.22993881204453592
0.9,10,random_forest,stable_only,iid_test,0.9,,0.906,0.9063296520345564,0.9717919517761126,0.06850661757661627,0.22359111324270997
0.9,10,random_forest,stable_only,ood,0.3,0.3,0.9023333333333333,0.9023333333333333,0.9708526666666667,0.06831736791456824,0.22440371004257492
0.9,10,random_forest,stable_only,ood,0.0,0.0,0.9033333333333333,0.9033609466087515,0.9706192289239981,0.06830441028818184,0.22567028603633132
0.9,10,random_forest,stable_only,ood,-0.3,-0.3,0.9046666666666666,0.9047086318395572,0.9697629054289597,0.06904969300688756,0.2277148566783397
0.9,10,random_forest,stable_only,ood,-0.6,-0.6,0.905,0.904999735555438,0.9705262091227597,0.06763760015876383,0.22499834900389123
0.9,10,random_forest,stable_only,ood,-0.9,-0.9,0.913,0.9133689046983845,0.973134539608528,0.06523153534039942,0.21830372651109223
0.9,10,gradient_boosting,all_features,iid_validation,0.9,,0.99,0.99000900090009,0.9993839383938394,0.008601809086584911,0.04187992550249987
0.9,10,gradient_boosting,all_features,iid_test,0.9,,0.991,0.9909122197893674,0.9987655880087725,0.007333565867001205,0.04130973835220295
0.9,10,gradient_boosting,all_features,ood,0.3,0.3,0.7033333333333334,0.7033333333333334,0.8181031111111111,0.282595982292772,2.1694519882037944
0.9,10,gradient_boosting,all_features,ood,0.0,0.0,0.593,0.5926400120229129,0.6966479905417381,0.3917408777064675,3.1639212019819656
0.9,10,gradient_boosting,all_features,ood,-0.3,-0.3,0.4686666666666667,0.46870931481705447,0.5363992323617505,0.515096657165578,4.185684623953013
0.9,10,gradient_boosting,all_features,ood,-0.6,-0.6,0.3456666666666667,0.34566304251690777,0.366740162995628,0.6332056976382742,5.174881108016124
0.9,10,gradient_boosting,all_features,ood,-0.9,-0.9,0.09266666666666666,0.09257234112725442,0.0472477813518276,0.8846700513337046,7.407858180031186
0.9,10,gradient_boosting,stable_only,iid_validation,0.9,,0.904,0.904030403040304,0.9673937393739374,0.07270203814254576,0.24960142154151732
0.9,10,gradient_boosting,stable_only,iid_test,0.9,,0.9026666666666666,0.9028585353185903,0.9693896063933292,0.07284533937955592,0.23799975514014032
0.9,10,gradient_boosting,stable_only,ood,0.3,0.3,0.8996666666666666,0.8996666666666666,0.9691297777777778,0.0719610467160324,0.2379396536332188
0.9,10,gradient_boosting,stable_only,ood,0.0,0.0,0.899,0.8989913025074265,0.9678809482627915,0.07340095186213833,0.2441768001228884
0.9,10,gradient_boosting,stable_only,ood,-0.3,-0.3,0.8996666666666666,0.8996707835032477,0.9672819985629014,0.0746507872989094,0.25001772743959516
0.9,10,gradient_boosting,stable_only,ood,-0.6,-0.6,0.9026666666666666,0.90266929007524,0.9701822089698706,0.07144587229116536,0.23306877876766616
0.9,10,gradient_boosting,stable_only,ood,-0.9,-0.9,0.9063333333333333,0.906667227476476,0.9714343066944224,0.06882484387314448,0.22953304886405773
0.9,10,mlp,all_features,iid_validation,0.9,,0.994,0.993989398939894,0.9997909790979098,0.005252352497729973,0.019837446899314815
0.9,10,mlp,all_features,iid_test,0.9,,0.9923333333333333,0.992321832906151,0.9996816141982281,0.005415767615169662,0.020955780520514233
0.9,10,mlp,all_features,ood,0.3,0.3,0.795,0.795,0.8781835555555555,0.17409120234781844,0.8365036209543741
0.9,10,mlp,all_features,ood,0.0,0.0,0.702,0.701831315508535,0.7763071249542582,0.2590561822948855,1.316497683866493
0.9,10,mlp,all_features,ood,-0.3,-0.3,0.6,0.5997182717823579,0.6364852270544461,0.3551315703811445,1.9236087506930544
0.9,10,mlp,all_features,ood,-0.6,-0.6,0.49633333333333335,0.4963364428161968,0.5085308926803968,0.44297754522931243,2.3281430696013574
0.9,10,mlp,all_features,ood,-0.9,-0.9,0.31766666666666665,0.318468535231541,0.2565753837430138,0.6061621663653963,2.9345881859748606
0.9,10,mlp,stable_only,iid_validation,0.9,,0.9055,0.9054555455545554,0.9742994299429943,0.06498892684034607,0.2053584555126235
0.9,10,mlp,stable_only,iid_test,0.9,,0.911,0.91143049495652,0.977085115730571,0.06219108692679621,0.1970642056887205
0.9,10,mlp,stable_only,ood,0.3,0.3,0.911,0.911,0.9761328888888889,0.06197714970947256,0.1990713452284273
0.9,10,mlp,stable_only,ood,0.0,0.0,0.914,0.9137978487700746,0.9762938748505472,0.06169180280657539,0.1981828196699619
0.9,10,mlp,stable_only,ood,-0.3,-0.3,0.9136666666666666,0.9138336736363571,0.9763901437809919,0.061683940273511095,0.19835054084257922
0.9,10,mlp,stable_only,ood,-0.6,-0.6,0.9156666666666666,0.9156632958503537,0.9783831015036007,0.05929292673582265,0.18984829309246876
0.9,10,mlp,stable_only,ood,-0.9,-0.9,0.9183333333333333,0.9185323607288924,0.9784074870780074,0.05850148318609613,0.1893853273522389
0.9,11,logistic_regression,all_features,iid_validation,0.9,,0.994,0.9940316180235536,0.9998309891833077,0.004866324961669027,0.018945582852184308
0.9,11,logistic_regression,all_features,iid_test,0.9,,0.996,0.9959953775723365,0.9999035512689453,0.003565787333499214,0.014848970131240298
0.9,11,logistic_regression,all_features,ood,0.3,0.3,0.8003333333333333,0.8003448055168882,0.8820363348035791,0.16848821488770177,0.8383822519768905
0.9,11,logistic_regression,all_features,ood,0.0,0.0,0.6666666666666666,0.6666786667146669,0.7349967177646488,0.2888174761685997,1.6566226246738316
0.9,11,logistic_regression,all_features,ood,-0.3,-0.3,0.591,0.5909947892499614,0.6309700955215283,0.35495638710943983,2.131803290681373
0.9,11,logistic_regression,all_features,ood,-0.6,-0.6,0.4816666666666667,0.48163934426229504,0.47382984162267294,0.4558564377377323,2.6542377421904786
0.9,11,logistic_regression,all_features,ood,-0.9,-0.9,0.2663333333333333,0.26658041872205984,0.20002837376520755,0.6390051593005575,3.3628591648159842
0.9,11,logistic_regression,stable_only,iid_validation,0.9,,0.9055,0.9055459549411162,0.9750144009216589,0.06485758978930264,0.2027649999308446
0.9,11,logistic_regression,stable_only,iid_test,0.9,,0.9086666666666666,0.908764833992622,0.9754869105293568,0.06374630734236754,0.20162635337028048
0.9,11,logistic_regression,stable_only,ood,0.3,0.3,0.9226666666666666,0.9226920964068759,0.9790374423768557,0.05728521625076409,0.1854405875987582
0.9,11,logistic_regression,stable_only,ood,0.0,0.0,0.9133333333333333,0.9133316533266133,0.9775434657294185,0.05969572800089468,0.19184669941922555
0.9,11,logistic_regression,stable_only,ood,-0.3,-0.3,0.9043333333333333,0.9043518029621807,0.9712786515695363,0.06843610586300361,0.21760884792895968
0.9,11,logistic_regression,stable_only,ood,-0.6,-0.6,0.9123333333333333,0.9125257015837733,0.9756963601000278,0.06270768802059379,0.20032827944408466
0.9,11,logistic_regression,stable_only,ood,-0.9,-0.9,0.915,0.9146158690288345,0.9761237878887606,0.062083223330611684,0.1977027142549482
0.9,11,rbf_svm,all_features,iid_validation,0.9,,0.9935,0.993527585765489,0.9996959805427548,0.00495965476480855,0.02036291539273166
0.9,11,rbf_svm,all_features,iid_test,0.9,,0.9956666666666667,0.995668696386506,0.99986310502689,0.0033046654835885898,0.013086244778702318
0.9,11,rbf_svm,all_features,ood,0.3,0.3,0.7956666666666666,0.7956780641823602,0.8830865738296257,0.17728080212574301,0.9623458675908241
0.9,11,rbf_svm,all_features,ood,0.0,0.0,0.663,0.6630219854212751,0.7433105287976707,0.29934262351594415,1.7485111291812634
0.9,11,rbf_svm,all_features,ood,-0.3,-0.3,0.5866666666666667,0.5866573865181843,0.6457365540070864,0.3678294034887822,2.216370843325787
0.9,11,rbf_svm,all_features,ood,-0.6,-0.6,0.4696666666666667,0.46955821061405945,0.4742761878299528,0.47470414517959414,2.8803371126886312
0.9,11,rbf_svm,all_features,ood,-0.9,-0.9,0.265,0.26531382807455095,0.17532185100126482,0.6617634246623793,4.114174064804302
0.9,11,rbf_svm,stable_only,iid_validation,0.9,,0.8995,0.8995935739887353,0.9720012080773169,0.06919099885597096,0.22040678395383093
0.9,11,rbf_svm,stable_only,iid_test,0.9,,0.9046666666666666,0.9048135472687675,0.9737272767678563,0.06599156666859313,0.21329538061257267
0.9,11,rbf_svm,stable_only,ood,0.3,0.3,0.9183333333333333,0.9183626938031009,0.9770334103123427,0.05995157717680102,0.196361248494325
0.9,11,rbf_svm,stable_only,ood,0.0,0.0,0.9143333333333333,0.914330990657296,0.9751261227267131,0.0622960997949473,0.20432641081619188
0.9,11,rbf_svm,stable_only,ood,-0.3,-0.3,0.901,0.9010210830039946,0.9687292774462168,0.07070705246012453,0.23163692746883285
0.9,11,rbf_svm,stable_only,ood,-0.6,-0.6,0.9103333333333333,0.9105140316754654,0.973485523756599,0.06490506161322965,0.21347805060658379
0.9,11,rbf_svm,stable_only,ood,-0.9,-0.9,0.9136666666666666,0.9133154789117994,0.9745232051147491,0.06363396269884218,0.20760281319006427
0.9,11,random_forest,all_features,iid_validation,0.9,,0.9865,0.9865271377368151,0.9992564524129544,0.009408453666360544,0.03578853038760218
0.9,11,random_forest,all_features,iid_test,0.9,,0.9936666666666667,0.9936597182096982,0.9994681985866039,0.005920832420096582,0.026591801579283793
0.9,11,random_forest,all_features,ood,0.3,0.3,0.6936666666666667,0.693689765702918,0.8387540867320544,0.2307174165370765,0.9401513881944595
0.9,11,random_forest,all_features,ood,0.0,0.0,0.5396666666666666,0.5396854920753016,0.6864674125363167,0.3562111859599589,1.4329247490157866
0.9,11,random_forest,all_features,ood,-0.3,-0.3,0.441,0.4410190563049009,0.5650930414886639,0.429449961168469,1.817290504072471
0.9,11,random_forest,all_features,ood,-0.6,-0.6,0.29933333333333334,0.29930536260072244,0.3593186996387886,0.5471285029180742,2.206150108634035
0.9,11,random_forest,all_features,ood,-0.9,-0.9,0.04933333333333333,0.04933121523324302,0.028828279126692877,0.7535367160099841,3.256154020431782
0.9,11,random_forest,stable_only,iid_validation,0.9,,0.8885,0.8885848694316436,0.9669503848246288,0.07406712492031636,0.2367537637137466
0.9,11,random_forest,stable_only,iid_test,0.9,,0.904,0.9040935152673453,0.9692424107738121,0.07084906123050985,0.23032718902300273
0.9,11,random_forest,stable_only,ood,0.3,0.3,0.9116666666666666,0.911714587433399,0.9718637720425748,0.065834759270301,0.21973344432667447
0.9,11,random_forest,stable_only,ood,0.0,0.0,0.9063333333333333,0.906326958641168,0.9704034371693042,0.0679665203925764,0.2246078523967423
0.9,11,random_forest,stable_only,ood,-0.3,-0.3,0.891,0.8910102561640987,0.9628936285202784,0.07620158789677671,0.24856835835415853
0.9,11,random_forest,stable_only,ood,-0.6,-0.6,0.9013333333333333,0.901561544873576,0.9678537371492082,0.07053581665010668,0.23270386426646125
0.9,11,random_forest,stable_only,ood,-0.9,-0.9,0.901,0.9005392794308881,0.9689182746616051,0.06974859968972674,0.22923278427717014
0.9,11,gradient_boosting,all_features,iid_validation,0.9,,0.9915,0.9915274577572966,0.9996039746543779,0.00785310293687625,0.03522714284594532
0.9,11,gradient_boosting,all_features,iid_test,0.9,,0.994,0.9940086226054492,0.9996555402462332,0.004650064271477092,0.022419094074241593
0.9,11,gradient_boosting,all_features,ood,0.3,0.3,0.7286666666666667,0.7286943257758791,0.8365398290817098,0.2594133429537052,2.040974080442434
0.9,11,gradient_boosting,all_features,ood,0.0,0.0,0.5776666666666667,0.5776749773665761,0.6823047292189168,0.4093621826597991,3.353051639594845
0.9,11,gradient_boosting,all_features,ood,-0.3,-0.3,0.48533333333333334,0.48534376550024805,0.5622341068568208,0.49521069389856825,4.1132931629444816
0.9,11,gradient_boosting,all_features,ood,-0.6,-0.6,0.3446666666666667,0.34460683523200886,0.35810858571825505,0.6417273938342887,5.40811867159606
0.9,11,gradient_boosting,all_features,ood,-0.9,-0.9,0.08833333333333333,0.08843230944659594,0.038126691085300965,0.8957695003869701,7.822445803616487
0.9,11,gradient_boosting,stable_only,iid_validation,0.9,,0.8855,0.8856166794674859,0.9666538658474143,0.08072354029505163,0.2595944427854517
0.9,11,gradient_boosting,stable_only,iid_test,0.9,,0.8993333333333333,0.8994488643939731,0.9692828570158674,0.07543128942081113,0.2417647317187907
0.9,11,gradient_boosting,stable_only,ood,0.3,0.3,0.9106666666666666,0.9107079046598079,0.9705584178235741,0.06911457619888929,0.23659259990940085
0.9,11,gradient_boosting,stable_only,ood,0.0,0.0,0.9026666666666666,0.902662277315776,0.9691987656839517,0.07176962644814465,0.24458830413214924
0.9,11,gradient_boosting,stable_only,ood,-0.3,-0.3,0.8936666666666667,0.8936849656261167,0.963531416502664,0.08111133189452892,0.2742527931881443
0.9,11,gradient_boosting,stable_only,ood,-0.6,-0.6,0.902,0.9022061683801056,0.9687886635176438,0.07471733880280425,0.2515349541943859
0.9,11,gradient_boosting,stable_only,ood,-0.9,-0.9,0.903,0.9026081627497825,0.9690003273211786,0.07331576837714013,0.24394979916778026
0.9,11,mlp,all_features,iid_validation,0.9,,0.994,0.9940236175115207,0.9998079877112135,0.008450360418862587,0.04944658457665727
0.9,11,mlp,all_features,iid_test,0.9,,0.9963333333333333,0.9963265034001512,0.9999102182319214,0.0069668901828433254,0.04519336703230405
0.9,11,mlp,all_features,ood,0.3,0.3,0.7963333333333333,0.7963580750625343,0.8777562663224834,0.15198065298739316,0.5102965631074015
0.9,11,mlp,all_features,ood,0.0,0.0,0.6633333333333333,0.6633453200479469,0.7286660257752142,0.259059420429946,0.9080848790563932
0.9,11,mlp,all_features,ood,-0.3,-0.3,0.588,0.5879880744758583,0.625018889191116,0.3174695797245942,1.1354363063739572
0.9,11,mlp,all_features,ood,-0.6,-0.6,0.4766666666666667,0.47665462628507915,0.4662850791886635,0.4049750587310232,1.413542759140715
0.9,11,mlp,all_features,ood,-0.9,-0.9,0.26466666666666666,0.26497183081052905,0.18930860516704945,0.5561674207622997,1.8103855007226555
0.9,11,mlp,stable_only,iid_validation,0.9,,0.904,0.9039698540706604,0.9744653657834101,0.06519232493239864,0.20544367305749814
0.9,11,mlp,stable_only,iid_test,0.9,,0.911,0.9110604915774034,0.9753335703809057,0.06392329075998134,0.20262910798161934
0.9,11,mlp,stable_only,ood,0.3,0.3,0.9223333333333333,0.9223200904547806,0.979011664186627,0.05734665698566177,0.1866202646481635
0.9,11,mlp,stable_only,ood,0.0,0.0,0.9123333333333333,0.9123456493825974,0.9768056850005178,0.06110119458789724,0.19634957831288113
0.9,11,mlp,stable_only,ood,-0.3,-0.3,0.9006666666666666,0.9006384102145635,0.9707035312565001,0.06895529828227803,0.22041545041242594
0.9,11,mlp,stable_only,ood,-0.6,-0.6,0.9153333333333333,0.9153876076687968,0.975219338705196,0.06299922107478816,0.20277234285445198
0.9,11,mlp,stable_only,ood,-0.9,-0.9,0.9153333333333333,0.9152282620490662,0.9757568857524561,0.062316423000021305,0.20004053869199903
0.9,12,logistic_regression,all_features,iid_validation,0.9,,0.993,0.9929571828731493,0.9996958783513405,0.00579675606981029,0.021595042738384043
0.9,12,logistic_regression,all_features,iid_test,0.9,,0.9916666666666667,0.9916659962959984,0.9996857776381234,0.006134374883213963,0.02304356127734346
0.9,12,logistic_regression,all_features,ood,0.3,0.3,0.772,0.7720499345773125,0.8571158728239846,0.19440327451481493,0.9888445682443026
0.9,12,logistic_regression,all_features,ood,0.0,0.0,0.674,0.6744541053519293,0.7356763257949789,0.2844669922387967,1.7070583538836033
0.9,12,logistic_regression,all_features,ood,-0.3,-0.3,0.5696666666666667,0.5696557391694308,0.599798840063628,0.3812459010331748,2.376236761751669
0.9,12,logistic_regression,all_features,ood,-0.6,-0.6,0.44766666666666666,0.4477371894221867,0.4363185753544969,0.4867996584444362,2.944547543691134
0.9,12,logistic_regression,all_features,ood,-0.9,-0.9,0.25566666666666665,0.255539464349533,0.1876159055792923,0.6574883604937908,3.5255737380357473
0.9,12,logistic_regression,stable_only,iid_validation,0.9,,0.909,0.9089435774309724,0.9739005602240896,0.06437944513851514,0.20704186539345895
0.9,12,logistic_regression,stable_only,iid_test,0.9,,0.9086666666666666,0.90866751496334,0.9743417663741184,0.06456501552829202,0.20427459865941727
0.9,12,logistic_regression,stable_only,ood,0.3,0.3,0.914,0.9140153885538742,0.9758353837182843,0.06238291618208833,0.19896829294206836
0.9,12,logistic_regression,stable_only,ood,0.0,0.0,0.9123333333333333,0.9125727904010077,0.9768191595544241,0.06190129413656083,0.1955931349000113
0.9,12,logistic_regression,stable_only,ood,-0.3,-0.3,0.918,0.9179671023946744,0.9771919477357507,0.06009627300818448,0.19376376393336658
0.9,12,logistic_regression,stable_only,ood,-0.6,-0.6,0.9043333333333333,0.9043501894990797,0.9745901890723901,0.06522170873626897,0.20298426356908075
0.9,12,logistic_regression,stable_only,ood,-0.9,-0.9,0.9163333333333333,0.9163012807177566,0.9791601101669751,0.05785681912451126,0.1853229636393124
0.9,12,rbf_svm,all_features,iid_validation,0.9,,0.9915,0.9914865946378552,0.9994157663065226,0.006675935170368885,0.02767311723767472
0.9,12,rbf_svm,all_features,iid_test,0.9,,0.9926666666666667,0.992665774518122,0.9996044442686419,0.006030937965201474,0.024014086186090352
0.9,12,rbf_svm,all_features,ood,0.3,0.3,0.7666666666666667,0.7667094521561042,0.8495562635112072,0.20845255456970863,1.2648226125027542
0.9,12,rbf_svm,all_features,ood,0.0,0.0,0.661,0.661378520760276,0.7406277632775207,0.2982326641599867,1.8771212708900664
0.9,12,rbf_svm,all_features,ood,-0.3,-0.3,0.564,0.5640153941130274,0.6138813689720354,0.39485415733986184,2.574274015894921
0.9,12,rbf_svm,all_features,ood,-0.6,-0.6,0.43933333333333335,0.43938629588524536,0.4332753005828313,0.5078888822112558,3.373628698155974
0.9,12,rbf_svm,all_features,ood,-0.9,-0.9,0.24866666666666667,0.24861446714993624,0.15362301060241562,0.6861921919099623,4.611020042223917
0.9,12,rbf_svm,stable_only,iid_validation,0.9,,0.9065,0.9064325730292117,0.972483993597439,0.06559032602866342,0.21545994273348595
0.9,12,rbf_svm,stable_only,iid_test,0.9,,0.907,0.9070015142228952,0.9721395431731303,0.0672896294196166,0.2170769317641322
0.9,12,rbf_svm,stable_only,ood,0.3,0.3,0.911,0.911016256115599,0.974241594606895,0.06390313118113115,0.20782520090914905
0.9,12,rbf_svm,stable_only,ood,0.0,0.0,0.9133333333333333,0.9135829156725539,0.97495636579078,0.06331294645801576,0.20625589671216646
0.9,12,rbf_svm,stable_only,ood,-0.3,-0.3,0.915,0.9149748150070824,0.9748718972102058,0.061891767610938814,0.20456865451223114
0.9,12,rbf_svm,stable_only,ood,-0.6,-0.6,0.9053333333333333,0.9053380204002082,0.9726203053586437,0.06766095985094925,0.2159615529410756
0.9,12,rbf_svm,stable_only,ood,-0.9,-0.9,0.9193333333333333,0.9193217156603883,0.9771118152125017,0.05978394727794841,0.19572541067875018
0.9,12,random_forest,all_features,iid_validation,0.9,,0.987,0.9868947579031613,0.9984793917567026,0.009429716767172143,0.05194604141592483
0.9,12,random_forest,all_features,iid_test,0.9,,0.989,0.988999328444146,0.999132444058864,0.008761172569393072,0.03460637270347551
0.9,12,random_forest,all_features,ood,0.3,0.3,0.6713333333333333,0.6713505518261463,0.8190669355870974,0.2584782439239332,1.0571200532100085
0.9,12,random_forest,all_features,ood,0.0,0.0,0.5463333333333333,0.5465845222654562,0.6940654806701787,0.3540784076410328,1.411832949215258
0.9,12,random_forest,all_features,ood,-0.3,-0.3,0.42866666666666664,0.4287257811392337,0.5542454035665665,0.4521757374359434,1.8527706636240937
0.9,12,random_forest,all_features,ood,-0.6,-0.6,0.285,0.28495421309323743,0.34503255508407343,0.5671229218463922,2.533881036429689
0.9,12,random_forest,all_features,ood,-0.9,-0.9,0.05633333333333333,0.056409456295039816,0.034073351006989445,0.7577983036730056,3.166427273079895
0.9,12,random_forest,stable_only,iid_validation,0.9,,0.9005,0.9005102040816326,0.96874949979992,0.0705131305382327,0.23163841733739923
0.9,12,random_forest,stable_only,iid_test,0.9,,0.8966666666666666,0.8966701762978562,0.9672262076560922,0.07277843542569114,0.23669560999862363
0.9,12,random_forest,stable_only,ood,0.3,0.3,0.906,0.9060171094550006,0.9696808955085903,0.06912033425423415,0.22844749843427667
0.9,12,random_forest,stable_only,ood,0.0,0.0,0.9043333333333333,0.9046225574183493,0.9708066679832545,0.06867228224285771,0.22539771078209844
0.9,12,random_forest,stable_only,ood,-0.3,-0.3,0.9076666666666666,0.9076537666820299,0.9708791435902381,0.06770785377786097,0.224203809947676
0.9,12,random_forest,stable_only,ood,-0.6,-0.6,0.9023333333333333,0.9023256361786567,0.9689894434322912,0.07085536079230662,0.23047526993128492
0.9,12,random_forest,stable_only,ood,-0.9,-0.9,0.9096666666666666,0.9095776458476688,0.9727707456540409,0.06584189154447558,0.21850868356049258
0.9,12,gradient_boosting,all_features,iid_validation,0.9,,0.9885,0.9884253701480592,0.999311724689876,0.009336805682571439,0.04632985176026726
0.9,12,gradient_boosting,all_features,iid_test,0.9,,0.99,0.9899995511109116,0.9992479996657777,0.008697356086218263,0.04548700613534034
0.9,12,gradient_boosting,all_features,ood,0.3,0.3,0.7113333333333334,0.711356169643873,0.8234703002332461,0.2751246996505259,2.1850693142915496
0.9,12,gradient_boosting,all_features,ood,0.0,0.0,0.5903333333333334,0.5907124518956195,0.7000652956362232,0.3879276208022912,3.1057085804007354
0.9,12,gradient_boosting,all_features,ood,-0.3,-0.3,0.471,0.4710242578616156,0.559857748013179,0.5069096538631017,4.149298461851102
0.9,12,gradient_boosting,all_features,ood,-0.6,-0.6,0.33166666666666667,0.3317309508644687,0.3542470506191666,0.6418114607726203,5.396031048975006
0.9,12,gradient_boosting,all_features,ood,-0.9,-0.9,0.106,0.10605527195916212,0.053722847201108065,0.8653701040834115,7.473497447451639
0.9,12,gradient_boosting,stable_only,iid_validation,0.9,,0.897,0.8968387354941977,0.965125050020008,0.07774476774772805,0.2626821307848657
0.9,12,gradient_boosting,stable_only,iid_test,0.9,,0.8953333333333333,0.8953408423737077,0.9659753182112525,0.07874909893345662,0.25760518140122957
0.9,12,gradient_boosting,stable_only,ood,0.3,0.3,0.9066666666666666,0.906692669814541,0.9692762259642735,0.0712739072551637,0.2383679594306617
0.9,12,gradient_boosting,stable_only,ood,0.0,0.0,0.905,0.9052150219105112,0.9707348338875456,0.07145338657802423,0.23587209173925833
0.9,12,gradient_boosting,stable_only,ood,-0.3,-0.3,0.9086666666666666,0.9086397881553865,0.9707740301899908,0.06969148321861449,0.22985053859186533
0.9,12,gradient_boosting,stable_only,ood,-0.6,-0.6,0.8953333333333333,0.8953228151380586,0.9684327468277183,0.07536694286015118,0.2443613240240486
0.9,12,gradient_boosting,stable_only,ood,-0.9,-0.9,0.9013333333333333,0.9012791175262571,0.9712456371495273,0.07027993598939543,0.22838366321652637
0.9,12,mlp,all_features,iid_validation,0.9,,0.992,0.9919767907162865,0.9996198479391756,0.00598628131524515,0.022241104148528337
0.9,12,mlp,all_features,iid_test,0.9,,0.9916666666666667,0.9916659962959984,0.9996915554184691,0.006031128201385746,0.02219687230406376
0.9,12,mlp,all_features,ood,0.3,0.3,0.7793333333333333,0.7793850978495847,0.865295930993287,0.19214507283696078,0.9884775601324796
0.9,12,mlp,all_features,ood,0.0,0.0,0.6793333333333333,0.6799037111762288,0.7485602045336878,0.2814551923724495,1.633508329853095
0.9,12,mlp,all_features,ood,-0.3,-0.3,0.5813333333333334,0.581311770789675,0.6181587954582122,0.3756198918965907,2.265227393738394
0.9,12,mlp,all_features,ood,-0.6,-0.6,0.464,0.4640934023563045,0.46285644694670247,0.47944134055241855,2.827733975763542
0.9,12,mlp,all_features,ood,-0.9,-0.9,0.281,0.2808844473604199,0.2191039954197849,0.6455183726054263,3.5039997304250696
0.9,12,mlp,stable_only,iid_validation,0.9,,0.8985,0.8989295718287316,0.9718067226890756,0.09456971665839052,0.33311607809640337
0.9,12,mlp,stable_only,iid_test,0.9,,0.9066666666666666,0.9066501807334137,0.9722319876586611,0.09545843061607112,0.3358046280178804
0.9,12,mlp,stable_only,ood,0.3,0.3,0.9026666666666666,0.9027477528729093,0.9727989176811925,0.09555160500781629,0.3353312005798956
0.9,12,mlp,stable_only,ood,0.0,0.0,0.904,0.9049895117772333,0.9734992233911386,0.0937904124832618,0.3306055462330957
0.9,12,mlp,stable_only,ood,-0.3,-0.3,0.9073333333333333,0.9072006457029509,0.974883897471545,0.09398078747562033,0.3318608276101887
0.9,12,mlp,stable_only,ood,-0.6,-0.6,0.8963333333333333,0.8965893276927337,0.9710482208154305,0.09459930491039055,0.3316048742697061
0.9,12,mlp,stable_only,ood,-0.9,-0.9,0.909,0.9086628474500329,0.9761756804090901,0.09225669204905959,0.3270667427928241
0.9,13,logistic_regression,all_features,iid_validation,0.9,,0.993,0.9929784652259466,0.9997869230792317,0.005134050173213484,0.020068661509267713
0.9,13,logistic_regression,all_features,iid_test,0.9,,0.994,0.9940144052838353,0.9997673553777828,0.004882437688429452,0.01945767045000516
0.9,13,logistic_regression,all_features,ood,0.3,0.3,0.7786666666666666,0.7786714571873143,0.862133716503874,0.18331475282041756,0.9212734080813216
0.9,13,logistic_regression,all_features,ood,0.0,0.0,0.665,0.6649939933093065,0.7384460648953707,0.287064922505934,1.5993926614806921
0.9,13,logistic_regression,all_features,ood,-0.3,-0.3,0.5613333333333334,0.561085459339779,0.5921240779269907,0.3838879927772159,2.2912161938058198
0.9,13,logistic_regression,all_features,ood,-0.6,-0.6,0.468,0.46806885047861724,0.45317631434731653,0.4655800523875949,2.70799673092012
0.9,13,logistic_regression,all_features,ood,-0.9,-0.9,0.25466666666666665,0.2546990872757807,0.17808990686950216,0.6558238669611558,3.3602888110619147
0.9,13,logistic_regression,stable_only,iid_validation,0.9,,0.9115,0.9116486051464578,0.9746478478730822,0.06474146557667287,0.203785814531021
0.9,13,logistic_regression,stable_only,iid_test,0.9,,0.9056666666666666,0.9053212008199055,0.9729344894095543,0.0661577336259797,0.2098130895192727
0.9,13,logistic_regression,stable_only,ood,0.3,0.3,0.917,0.9170032964459096,0.97745598998044,0.0603816655485701,0.19286385733183226
0.9,13,logistic_regression,stable_only,ood,0.0,0.0,0.9153333333333333,0.9153449947133122,0.9771607975320791,0.06061514382399763,0.19400551152754375
0.9,13,logistic_regression,stable_only,ood,-0.3,-0.3,0.9193333333333333,0.91932264488924,0.9779645968468719,0.05880183504999703,0.1908008735906145
0.9,13,logistic_regression,stable_only,ood,-0.6,-0.6,0.9116666666666666,0.9116894874882162,0.9772996272310248,0.060454644110058194,0.19321634313633937
0.9,13,logistic_regression,stable_only,ood,-0.9,-0.9,0.9186666666666666,0.9186198318930281,0.9762553014061368,0.0611964380096161,0.19812588234871154
0.9,13,rbf_svm,all_features,iid_validation,0.9,,0.993,0.9929784652259466,0.999665879382457,0.005398070526243698,0.020504960999343166
0.9,13,rbf_svm,all_features,iid_test,0.9,,0.9926666666666667,0.9926016341171782,0.9996597071969481,0.00469501374930476,0.018707524315944142
0.9,13,rbf_svm,all_features,ood,0.3,0.3,0.781,0.7810036804460803,0.862857716825652,0.1899864849766974,1.040968839967084
0.9,13,rbf_svm,all_features,ood,0.0,0.0,0.6653333333333333,0.6653453280479789,0.7485825498857552,0.2954364108817086,1.6556200621942572
0.9,13,rbf_svm,all_features,ood,-0.3,-0.3,0.5603333333333333,0.5603656026435542,0.6105737714037762,0.39387046650476154,2.3481170871387995
0.9,13,rbf_svm,all_features,ood,-0.6,-0.6,0.4703333333333333,0.47034826587090467,0.4669154756237891,0.47318161229446937,2.8163099686032815
0.9,13,rbf_svm,all_features,ood,-0.9,-0.9,0.2613333333333333,0.261265474149408,0.16478643906866836,0.6674185898410644,4.014739562158983
0.9,13,rbf_svm,stable_only,iid_validation,0.9,,0.908,0.9080998240364772,0.9726661324738229,0.0670980259242357,0.21547844094205448
0.9,13,rbf_svm,stable_only,iid_test,0.9,,0.9066666666666666,0.9063514206001253,0.9718575627740136,0.06711191576696064,0.2172946908125226
0.9,13,rbf_svm,stable_only,ood,0.3,0.3,0.9133333333333333,0.9133359614826495,0.9758048781355013,0.06195055928766915,0.2011303113039461
0.9,13,rbf_svm,stable_only,ood,0.0,0.0,0.9136666666666666,0.9136736546946187,0.9760336819125054,0.06213986176743475,0.20217675748498998
0.9,13,rbf_svm,stable_only,ood,-0.3,-0.3,0.9176666666666666,0.9176904504945538,0.9765115321710299,0.06005738105918979,0.1985085953244637
0.9,13,rbf_svm,stable_only,ood,-0.6,-0.6,0.9103333333333333,0.9103521060091497,0.976546266776715,0.061016629901690184,0.19845206118971567
0.9,13,rbf_svm,stable_only,ood,-0.9,-0.9,0.9166666666666666,0.9166364025516983,0.9743572190915964,0.06242639401250934,0.2064895950712582
0.9,13,random_forest,all_features,iid_validation,0.9,,0.986,0.9859569304518931,0.9992917443196994,0.009271116887098765,0.03364996415578904
0.9,13,random_forest,all_features,iid_test,0.9,,0.9886666666666667,0.9885394721858451,0.9993067368188806,0.0079796351079785,0.031628537028589726
0.9,13,random_forest,all_features,ood,0.3,0.3,0.6816666666666666,0.6816769696342087,0.8250783667014963,0.2426580941447955,0.8805311743022631
0.9,13,random_forest,all_features,ood,0.0,0.0,0.545,0.5449881799527199,0.6974061229578252,0.34831542588978254,1.3625932270158814
0.9,13,random_forest,all_features,ood,-0.3,-0.3,0.4226666666666667,0.42237897617908526,0.5458854682406347,0.44821580173279163,1.7340475373501758
0.9,13,random_forest,all_features,ood,-0.6,-0.6,0.29633333333333334,0.2963980036614651,0.35891247640470614,0.542570280417976,2.196328483910837
0.9,13,random_forest,all_features,ood,-0.9,-0.9,0.049666666666666665,0.0496957511849679,0.030681811615108013,0.7466053393530016,3.1272499912999727
0.9,13,random_forest,stable_only,iid_validation,0.9,,0.899,0.8991916081705496,0.9675542870976422,0.07267028786108705,0.23511136462560653
0.9,13,random_forest,stable_only,iid_test,0.9,,0.9,0.8998943090588168,0.9679366334766271,0.07149496441428126,0.23411142838819168
0.9,13,random_forest,stable_only,ood,0.3,0.3,0.904,0.9039968462208205,0.9711233204992534,0.06765637245540719,0.22371909929847594
0.9,13,random_forest,stable_only,ood,0.0,0.0,0.9056666666666666,0.9056816227264909,0.9718338873355494,0.0659888826468602,0.2197512946655722
0.9,13,random_forest,stable_only,ood,-0.3,-0.3,0.9046666666666666,0.9047341425694545,0.9716113886447335,0.06659877763694755,0.2218064393677127
0.9,13,random_forest,stable_only,ood,-0.6,-0.6,0.9036666666666666,0.9037052000538686,0.9708378390510948,0.0681101406451264,0.22378826328663978
0.9,13,random_forest,stable_only,ood,-0.9,-0.9,0.9083333333333333,0.9082806174679583,0.9685991841357657,0.06889632602449217,0.23105474626596004
0.9,13,gradient_boosting,all_features,iid_validation,0.9,,0.989,0.9889580138429973,0.9994938172680339,0.009186935598293878,0.03742868310639831
0.9,13,gradient_boosting,all_features,iid_test,0.9,,0.992,0.9919343933268804,0.9993888074360873,0.006319530383880734,0.030824738030951333
0.9,13,gradient_boosting,all_features,ood,0.3,0.3,0.7193333333333334,0.7193425419300187,0.8321030364902384,0.2652266388228765,1.9823434565959202
0.9,13,gradient_boosting,all_features,ood,0.0,0.0,0.589,0.5889990226627573,0.7071232729375362,0.38985339048419304,3.0056905741334443
0.9,13,gradient_boosting,all_features,ood,-0.3,-0.3,0.4713333333333333,0.4710132511487667,0.5562594154363089,0.5047968475430695,4.072395954812896
0.9,13,gradient_boosting,all_features,ood,-0.6,-0.6,0.358,0.35803288918401066,0.37937876874678594,0.6161733183986212,4.952188770987945
0.9,13,gradient_boosting,all_features,ood,-0.9,-0.9,0.108,0.10782307739152816,0.05117709997026189,0.8648832363994817,7.220432974176751
0.9,13,gradient_boosting,stable_only,iid_validation,0.9,,0.887,0.8871302540217019,0.9636518783280763,0.08137806623070333,0.2657392730298863
0.9,13,gradient_boosting,stable_only,iid_test,0.9,,0.894,0.8938695695496213,0.96502323777259,0.07650613265515191,0.257765315684126
0.9,13,gradient_boosting,stable_only,ood,0.3,0.3,0.9016666666666666,0.9016650674066966,0.9701635422949078,0.07035165544917324,0.2309833734202455
0.9,13,gradient_boosting,stable_only,ood,0.0,0.0,0.9043333333333333,0.9043429507051362,0.9698132125861837,0.0712081329578448,0.23871539924064936
0.9,13,gradient_boosting,stable_only,ood,-0.3,-0.3,0.905,0.905031208624929,0.9718955484595957,0.06813439818136939,0.22521279908927963
0.9,13,gradient_boosting,stable_only,ood,-0.6,-0.6,0.904,0.9040045441635899,0.9711974075511163,0.06997910492584374,0.2279778279448753
0.9,13,gradient_boosting,stable_only,ood,-0.9,-0.9,0.9076666666666666,0.90758006062306,0.9678232818687798,0.07250926809508085,0.2438483844869795
0.9,13,mlp,all_features,iid_validation,0.9,,0.9875,0.9874669755781837,0.9995248284630752,0.012019832671589048,0.06357060532523066
0.9,13,mlp,all_features,iid_test,0.9,,0.9916666666666667,0.991551841940443,0.9996365761828845,0.010569844322799032,0.060349292753951816
0.9,13,mlp,all_features,ood,0.3,0.3,0.844,0.843999041777352,0.9234124104055157,0.11236272078084793,0.3635494715110752
0.9,13,mlp,all_features,ood,0.0,0.0,0.755,0.7550316867934138,0.8455451599584176,0.17567807517086828,0.559438312075227
0.9,13,mlp,all_features,ood,-0.3,-0.3,0.6686666666666666,0.6688814962338254,0.7436882920370722,0.24133205620886208,0.7721447756371524
0.9,13,mlp,all_features,ood,-0.6,-0.6,0.6163333333333333,0.6163175207640809,0.6623834013580046,0.2805444891470572,0.8943119608168214
0.9,13,mlp,all_features,ood,-0.9,-0.9,0.4696666666666667,0.4692479548940964,0.48067845552108585,0.37057911427427737,1.098424139072366
0.9,13,mlp,stable_only,iid_validation,0.9,,0.913,0.9131206365497945,0.974929949711846,0.06425370491244511,0.2039375591181668
0.9,13,mlp,stable_only,iid_test,0.9,,0.905,0.9046539600296077,0.9730198962307122,0.0661969867273214,0.21086053496673174
0.9,13,mlp,stable_only,ood,0.3,0.3,0.918,0.9180030746680332,0.977473323321477,0.06042059546662088,0.19362144185350302
0.9,13,mlp,stable_only,ood,0.0,0.0,0.914,0.9140103227079575,0.9771892420903017,0.060640576130332115,0.1951161737668749
0.9,13,mlp,stable_only,ood,-0.3,-0.3,0.9193333333333333,0.9192981675363544,0.9778350893979685,0.05892523798050585,0.19250750695125793
0.9,13,mlp,stable_only,ood,-0.6,-0.6,0.9113333333333333,0.9113541420824482,0.9772862934176741,0.060526531320133456,0.19430786976778472
0.9,13,mlp,stable_only,ood,-0.9,-0.9,0.92,0.919928041788038,0.9762868620254183,0.06112611639343567,0.19879449044720196
0.9,14,logistic_regression,all_features,iid_validation,0.9,,0.994,0.9940207070146437,0.9998389921106134,0.00439084120992834,0.017561733041106493
0.9,14,logistic_regression,all_features,iid_test,0.9,,0.9933333333333333,0.9933051444679352,0.9997891173895402,0.005446901290057501,0.02059354931937633
0.9,14,logistic_regression,all_features,ood,0.3,0.3,0.7663333333333333,0.7663307850359045,0.8524706010980451,0.19358626677665583,0.9588410512598475
0.9,14,logistic_regression,all_features,ood,0.0,0.0,0.678,0.6780056497878219,0.739751981781301,0.2799231899549821,1.5592875394891714
0.9,14,logistic_regression,all_features,ood,-0.3,-0.3,0.5653333333333334,0.5653329481438683,0.5938745986066513,0.378726274620726,2.2282651241382574
0.9,14,logistic_regression,all_features,ood,-0.6,-0.6,0.4563333333333333,0.4562455218321241,0.4348058764230128,0.48002028123755447,2.8219988826829097
0.9,14,logistic_regression,all_features,ood,-0.9,-0.9,0.236,0.2360177275537585,0.1656906674323538,0.6706094907200612,3.386165626029751
0.9,14,logistic_regression,stable_only,iid_validation,0.9,,0.908,0.908037493837198,0.9782679351288213,0.0603146247562805,0.18915030882335113
0.9,14,logistic_regression,stable_only,iid_test,0.9,,0.9113333333333333,0.9108794071796187,0.9747136623457977,0.06369586214366385,0.2023637895466703
0.9,14,logistic_regression,stable_only,ood,0.3,0.3,0.917,0.9169984075548478,0.9778653234956993,0.059436949450997145,0.19116310356040717
0.9,14,logistic_regression,stable_only,ood,0.0,0.0,0.9166666666666666,0.9166709629706009,0.9786937398999821,0.05792968282564281,0.18747103119373015
0.9,14,logistic_regression,stable_only,ood,-0.3,-0.3,0.9116666666666666,0.9117045744952722,0.9766752963921821,0.0616631265837049,0.19593007049766364
0.9,14,logistic_regression,stable_only,ood,-0.6,-0.6,0.9096666666666666,0.9096930221477071,0.9748662550159924,0.06359501430010042,0.2028925946712365
0.9,14,logistic_regression,stable_only,ood,-0.9,-0.9,0.918,0.9179591711555224,0.9788979705586774,0.05825955964673159,0.18650007839459648
0.9,14,rbf_svm,all_features,iid_validation,0.9,,0.9935,0.9935101819989179,0.9997119858873085,0.005049751044924037,0.019429506754490688
0.9,14,rbf_svm,all_features,iid_test,0.9,,0.991,0.9909800969526128,0.9996716637837145,0.0057677418802942575,0.021272929660310646
0.9,14,rbf_svm,all_features,ood,0.3,0.3,0.7616666666666667,0.7616663385183726,0.8446239309439693,0.20852603707894954,1.128155699448775
0.9,14,rbf_svm,all_features,ood,0.0,0.0,0.676,0.6760074240131982,0.7436395442480788,0.2907464624397662,1.655128705836081
0.9,14,rbf_svm,all_features,ood,-0.3,-0.3,0.559,0.559009544550495,0.5957786197624417,0.3966556046660124,2.37441816928525
0.9,14,rbf_svm,all_features,ood,-0.6,-0.6,0.44766666666666666,0.44757810013672306,0.4356748410083723,0.4952174869375097,3.010659841700559
0.9,14,rbf_svm,all_features,ood,-0.9,-0.9,0.22666666666666666,0.22668947134251416,0.13674138190824112,0.6941765556259489,4.16997023973335
0.9,14,rbf_svm,stable_only,iid_validation,0.9,,0.906,0.9060723975474798,0.9766798573130083,0.06219894439915143,0.19950795160819815
0.9,14,rbf_svm,stable_only,iid_test,0.9,,0.9093333333333333,0.9089414226834946,0.9732739658743885,0.06560530219022555,0.2123291726162697
0.9,14,rbf_svm,stable_only,ood,0.3,0.3,0.9183333333333333,0.918330408146848,0.9756404336179705,0.06145838189784846,0.2023546573045847
0.9,14,rbf_svm,stable_only,ood,0.0,0.0,0.9176666666666666,0.9176722980840855,0.9766012917356297,0.059416884366548836,0.1963606117734896
0.9,14,rbf_svm,stable_only,ood,-0.3,-0.3,0.9123333333333333,0.9123623595817731,0.9750455005055612,0.0636079124950913,0.20640098633303774
0.9,14,rbf_svm,stable_only,ood,-0.6,-0.6,0.91,0.9100419414313424,0.9725313849562007,0.06547225745165071,0.2147072298016276
0.9,14,rbf_svm,stable_only,ood,-0.9,-0.9,0.9153333333333333,0.9152807477539424,0.9773009617166799,0.0601447640935563,0.19600115221325518
0.9,14,random_forest,all_features,iid_validation,0.9,,0.992,0.9920276093528583,0.9994404725831566,0.006871584853095238,0.02959640606596316
0.9,14,random_forest,all_features,iid_test,0.9,,0.985,0.9850166570568262,0.9992494536627728,0.009892637995479969,0.03674861420613586
0.9,14,random_forest,all_features,ood,0.3,0.3,0.667,0.6669965186651194,0.8154539179795192,0.25238167374832954,0.9081475944892712
0.9,14,random_forest,all_features,ood,0.0,0.0,0.5603333333333333,0.5603418850522401,0.70786903621162,0.3353028471150491,1.2057524604701226
0.9,14,random_forest,all_features,ood,-0.3,-0.3,0.436,0.43599595551061676,0.5476951966132957,0.4415315007150945,1.8448972998521174
0.9,14,random_forest,all_features,ood,-0.6,-0.6,0.3006666666666667,0.30051240019130554,0.3585303430876645,0.5489242670550644,2.276647396408081
0.9,14,random_forest,all_features,ood,-0.9,-0.9,0.04733333333333333,0.047302219588938016,0.022863050602467475,0.748290174956538,2.9739341269674986
0.9,14,random_forest,stable_only,iid_validation,0.9,,0.907,0.9070374448347969,0.9711940885103371,0.06715190964109087,0.22176036772546467
0.9,14,random_forest,stable_only,iid_test,0.9,,0.8973333333333333,0.8969718324898028,0.9685208764886355,0.07097846357965777,0.23137387471543375
0.9,14,random_forest,stable_only,ood,0.3,0.3,0.9073333333333333,0.9073324032588459,0.9714475428655747,0.06720998446107379,0.22217542987748773
0.9,14,random_forest,stable_only,ood,0.0,0.0,0.9046666666666666,0.9046691638562914,0.972021283593393,0.06647513056740148,0.2187769001347176
0.9,14,random_forest,stable_only,ood,-0.3,-0.3,0.8936666666666667,0.8936910410115668,0.9683567595195502,0.07132679236727217,0.23238673048133462
0.9,14,random_forest,stable_only,ood,-0.6,-0.6,0.9026666666666666,0.9026395188203061,0.9677000752065514,0.07147589723277524,0.23404989134734483
0.9,14,random_forest,stable_only,ood,-0.9,-0.9,0.9086666666666666,0.9085731328264213,0.9736246855874953,0.0645007877797327,0.21434686478737672
0.9,14,gradient_boosting,all_features,iid_validation,0.9,,0.992,0.9920066083238079,0.999630981918114,0.006205867405436342,0.03493033832098273
0.9,14,gradient_boosting,all_features,iid_test,0.9,,0.9893333333333333,0.989322399470391,0.9994638954734092,0.009971096191584917,0.04903688042625055
0.9,14,gradient_boosting,all_features,ood,0.3,0.3,0.7106666666666667,0.7106634269615231,0.8116676940745305,0.2777748138794327,2.276412715918343
0.9,14,gradient_boosting,all_features,ood,0.0,0.0,0.605,0.6050104089073935,0.7011632465124382,0.38372868081989614,3.2342822891330845
0.9,14,gradient_boosting,all_features,ood,-0.3,-0.3,0.4866666666666667,0.4866898521094679,0.5414160157335082,0.4996435457247133,4.326060178076429
0.9,14,gradient_boosting,all_features,ood,-0.6,-0.6,0.3576666666666667,0.35743335863924147,0.3569655401092718,0.6301798874969884,5.5559682268878365
0.9,14,gradient_boosting,all_features,ood,-0.9,-0.9,0.102,0.10192098873204254,0.03573468407182585,0.8866588525867656,8.048965397701497
0.9,14,gradient_boosting,stable_only,iid_validation,0.9,,0.9065,0.9065409205051047,0.9711235850556678,0.07079125072128124,0.2321695340908024
0.9,14,gradient_boosting,stable_only,iid_test,0.9,,0.89,0.8895882717235782,0.9657556004014778,0.07717088683512727,0.2544366941657298
0.9,14,gradient_boosting,stable_only,ood,0.3,0.3,0.901,0.9010001782223014,0.9710728760323892,0.0705841432851793,0.22989338577901253
0.9,14,gradient_boosting,stable_only,ood,0.0,0.0,0.898,0.8980069297900974,0.9713466157273167,0.07083616068995285,0.2307527995662354
0.9,14,gradient_boosting,stable_only,ood,-0.3,-0.3,0.8913333333333333,0.8913721263569595,0.9681494238824877,0.07601655636924266,0.2456027599861286
0.9,14,gradient_boosting,stable_only,ood,-0.6,-0.6,0.899,0.8990129806863176,0.9676856295037257,0.07474364466952517,0.24709544492095464
0.9,14,gradient_boosting,stable_only,ood,-0.9,-0.9,0.9116666666666666,0.9116166947650735,0.9740802753629051,0.06505019931400415,0.21519670200215013
0.9,14,mlp,all_features,iid_validation,0.9,,0.9935,0.9935101819989179,0.999802990346527,0.009539757763335604,0.06103562148444294
0.9,14,mlp,all_features,iid_test,0.9,,0.992,0.9920345100049117,0.9997277211864949,0.010708290389693852,0.0642243413725996
0.9,14,mlp,all_features,ood,0.3,0.3,0.7926666666666666,0.7926612411827738,0.8775657233625438,0.1489618051615269,0.481084433837668
0.9,14,mlp,all_features,ood,0.0,0.0,0.7026666666666667,0.70267058252548,0.7800511645354038,0.21750302069703267,0.7049606082765802
0.9,14,mlp,all_features,ood,-0.3,-0.3,0.6063333333333333,0.6063145146057178,0.6498236647073856,0.29387335757122984,0.9667847789862004
0.9,14,mlp,all_features,ood,-0.6,-0.6,0.5056666666666667,0.5056578261928595,0.5109445089438902,0.3662665884335529,1.1875073223910164
0.9,14,mlp,all_features,ood,-0.9,-0.9,0.323,0.3231022685703948,0.27450550730254847,0.47889719207872394,1.4324941882450426
0.9,14,mlp,stable_only,iid_validation,0.9,,0.9065,0.9064919181039871,0.9782809357658525,0.06046033810400328,0.1902071421504523
0.9,14,mlp,stable_only,iid_test,0.9,,0.913,0.9123662630533667,0.9745308084367281,0.06404260133560336,0.20477056710875816
0.9,14,mlp,stable_only,ood,0.3,0.3,0.9156666666666666,0.9156699625199833,0.9771497676221189,0.06007192665131736,0.19519642648237975
0.9,14,mlp,stable_only,ood,0.0,0.0,0.917,0.9170127413559847,0.9786590731716857,0.058438540374864734,0.18896203289165223
0.9,14,mlp,stable_only,ood,-0.3,-0.3,0.9126666666666666,0.9127279191991022,0.9763939599328881,0.062315911230539145,0.19945335653168494
0.9,14,mlp,stable_only,ood,-0.6,-0.6,0.9113333333333333,0.9112696039299424,0.974814694968984,0.06382366529405538,0.20426092979230748
0.9,14,mlp,stable_only,ood,-0.9,-0.9,0.9173333333333333,0.9172577851403061,0.9786881770230741,0.05860658120545774,0.18824812024782514
0.9,15,logistic_regression,all_features,iid_validation,0.9,,0.996,0.99597121035723,0.9999449892178867,0.0032311862328854727,0.013551189988883123
0.9,15,logistic_regression,all_features,iid_test,0.9,,0.9946666666666667,0.9946666287404711,0.9998671101661167,0.004443364424521432,0.016659676748610398
0.9,15,logistic_regression,all_features,ood,0.3,0.3,0.7783333333333333,0.7783245844269466,0.8641727837882053,0.18813069262018234,0.9529186818108071
0.9,15,logistic_regression,all_features,ood,0.0,0.0,0.6883333333333334,0.6882621866494978,0.756118057534796,0.27117045481713126,1.5863227308778611
0.9,15,logistic_regression,all_features,ood,-0.3,-0.3,0.5893333333333334,0.5893570240947631,0.6263993944864668,0.3591931712617976,2.223314849519089
0.9,15,logistic_regression,all_features,ood,-0.6,-0.6,0.451,0.4509096461023072,0.4365101200934648,0.4861914570163492,2.955665766799924
0.9,15,logistic_regression,all_features,ood,-0.9,-0.9,0.25533333333333336,0.2553426761647576,0.18208432370546435,0.6673220963542611,3.620253024426017
0.9,15,logistic_regression,stable_only,iid_validation,0.9,,0.9115,0.9114476437381727,0.9768774679837249,0.06096683477329992,0.19417011694635744
0.9,15,logistic_regression,stable_only,iid_test,0.9,,0.918,0.9179887501422233,0.9792345190010241,0.05771229622983872,0.1848579597174459
0.9,15,logistic_regression,stable_only,ood,0.3,0.3,0.9166666666666666,0.9166453278706015,0.9766615809202711,0.061670589426983925,0.19548150607602452
0.9,15,logistic_regression,stable_only,ood,0.0,0.0,0.9146666666666666,0.9146164206134264,0.974942186418288,0.062190261423252985,0.2027305015039709
0.9,15,logistic_regression,stable_only,ood,-0.3,-0.3,0.9123333333333333,0.9123349826732641,0.9764603502858455,0.061736201465739556,0.1960830095268376
0.9,15,logistic_regression,stable_only,ood,-0.6,-0.6,0.914,0.9140108745945806,0.9766053539132494,0.06138160307905941,0.195661801789941
0.9,15,logistic_regression,stable_only,ood,-0.9,-0.9,0.906,0.9059971662171844,0.9710003928895874,0.06792035049769825,0.21769452698740244
0.9,15,rbf_svm,all_features,iid_validation,0.9,,0.9955,0.9954641109657493,0.999926985689195,0.0033419968226229627,0.011922901066052425
0.9,15,rbf_svm,all_features,iid_test,0.9,,0.995,0.9950008533394015,0.9998595545568324,0.004134473762187878,0.014639309263523751
0.9,15,rbf_svm,all_features,ood,0.3,0.3,0.78,0.7800610289567462,0.8695172630860167,0.19197458038529605,1.1429230439935851
0.9,15,rbf_svm,all_features,ood,0.0,0.0,0.698,0.6980777123028992,0.7783893476280315,0.27194561008900703,1.7045750491693918
0.9,15,rbf_svm,all_features,ood,-0.3,-0.3,0.5983333333333334,0.5983430600389068,0.658925302367876,0.3595762379634884,2.333110889603291
0.9,15,rbf_svm,all_features,ood,-0.6,-0.6,0.4653333333333333,0.46522383236785336,0.46866097942467677,0.4840307455766106,3.1920768737220877
0.9,15,rbf_svm,all_features,ood,-0.9,-0.9,0.276,0.2760076017912921,0.18678655428720764,0.6644129955208623,4.481869121310772
0.9,15,rbf_svm,stable_only,iid_validation,0.9,,0.9115,0.9114476437381727,0.9751081211917536,0.06262936486471946,0.2041820287852522
0.9,15,rbf_svm,stable_only,iid_test,0.9,,0.917,0.9169931875071111,0.9778793982534987,0.0583880046375845,0.19190012311017987
0.9,15,rbf_svm,stable_only,ood,0.3,0.3,0.9183333333333333,0.9183390948082709,0.9751185192298117,0.06342764999103781,0.20608701795544623
0.9,15,rbf_svm,stable_only,ood,0.0,0.0,0.913,0.9129007989634683,0.9728297286085301,0.06382250002516857,0.21282880378996386
0.9,15,rbf_svm,stable_only,ood,-0.3,-0.3,0.9126666666666666,0.9126716506866027,0.9743607863320342,0.06349831868900883,0.20739191056717982
0.9,15,rbf_svm,stable_only,ood,-0.6,-0.6,0.9136666666666666,0.9136919617517938,0.974886558145923,0.06265369067472938,0.2044731993492103
0.9,15,rbf_svm,stable_only,ood,-0.9,-0.9,0.9066666666666666,0.9066602785071618,0.9691488340423715,0.06924321265822514,0.2280999008454092
0.9,15,random_forest,all_features,iid_validation,0.9,,0.9925,0.9924635228504787,0.9998149637328917,0.005933083231244646,0.024268771158549477
0.9,15,random_forest,all_features,iid_test,0.9,,0.989,0.9889990328820116,0.9995911082034361,0.007831039018568908,0.029445889767208154
0.9,15,random_forest,all_features,ood,0.3,0.3,0.6733333333333333,0.6734310650193116,0.8239836064699229,0.2461756335966675,1.0005299065027669
0.9,15,random_forest,all_features,ood,0.0,0.0,0.5756666666666667,0.5758230515344553,0.726206837676003,0.3286460163446477,1.2653693356142308
0.9,15,random_forest,all_features,ood,-0.3,-0.3,0.4503333333333333,0.45037046814853926,0.5733294044287288,0.42931880404743505,1.7218275015064777
0.9,15,random_forest,all_features,ood,-0.6,-0.6,0.28933333333333333,0.28920483360750204,0.3458902024196484,0.5599336787589536,2.1255379387430153
0.9,15,random_forest,all_features,ood,-0.9,-0.9,0.055,0.055007653346939286,0.03602384182016324,0.7568598593234971,3.3983286009991778
0.9,15,random_forest,stable_only,iid_validation,0.9,,0.9035,0.9034880836643981,0.9686633580181716,0.06930660232650646,0.23023458531851515
0.9,15,random_forest,stable_only,iid_test,0.9,,0.904,0.903997539538059,0.9700948984526112,0.06837632764640643,0.22575056814184524
0.9,15,random_forest,stable_only,ood,0.3,0.3,0.9073333333333333,0.907234918805881,0.9715698329883562,0.06754386870050606,0.2206948474440879
0.9,15,random_forest,stable_only,ood,0.0,0.0,0.9033333333333333,0.9032506772892778,0.9671026158283604,0.0702747977060184,0.23456334156529038
0.9,15,random_forest,stable_only,ood,-0.3,-0.3,0.9066666666666666,0.9066742933638401,0.9696134340092916,0.06877857123803999,0.22706355406224946
0.9,15,random_forest,stable_only,ood,-0.6,-0.6,0.9056666666666666,0.9057202518766965,0.9694132581513899,0.06905951991488325,0.22898186778514176
0.9,15,random_forest,stable_only,ood,-0.9,-0.9,0.8956666666666667,0.8956571478349296,0.9635530463165267,0.07483253744706449,0.24612183199731752
0.9,15,gradient_boosting,all_features,iid_validation,0.9,,0.992,0.9919844289480738,0.9998309668695065,0.006005914439115768,0.022536290294858232
0.9,15,gradient_boosting,all_features,iid_test,0.9,,0.99,0.9899999288883832,0.9996688865343042,0.007741462859276939,0.03369674831668601
0.9,15,gradient_boosting,all_features,ood,0.3,0.3,0.7026666666666667,0.7027078932206645,0.8303521256997347,0.28002642733522654,2.1389934159498694
0.9,15,gradient_boosting,all_features,ood,0.0,0.0,0.6,0.6000496211937631,0.7253827079032422,0.382540681770427,3.0550343312877897
0.9,15,gradient_boosting,all_features,ood,-0.3,-0.3,0.4876666666666667,0.4876972841224698,0.5810587686795191,0.49484387194297985,4.058892130745825
0.9,15,gradient_boosting,all_features,ood,-0.6,-0.6,0.32866666666666666,0.3286451293452708,0.3574472927077634,0.6538915917420347,5.432150447259476
0.9,15,gradient_boosting,all_features,ood,-0.9,-0.9,0.08766666666666667,0.08766993363543757,0.05043853411294953,0.8950396902972632,7.740697205066787
0.9,15,gradient_boosting,stable_only,iid_validation,0.9,,0.9035,0.9034320726862465,0.9685408340034646,0.07210376354018345,0.24162174217356222
0.9,15,gradient_boosting,stable_only,iid_test,0.9,,0.9003333333333333,0.9003281801115031,0.9702406772670384,0.07210352640725683,0.23594205422266626
0.9,15,gradient_boosting,stable_only,ood,0.3,0.3,0.908,0.9078804173868511,0.9712088516882544,0.07056275111167562,0.23068240739368767
0.9,15,gradient_boosting,stable_only,ood,0.0,0.0,0.8996666666666666,0.899672037701436,0.9656802305340191,0.07535630497900464,0.2581077281024006
0.9,15,gradient_boosting,stable_only,ood,-0.3,-0.3,0.907,0.9070082946998455,0.9692087657239518,0.07107134005488072,0.2397710065923359
0.9,15,gradient_boosting,stable_only,ood,-0.6,-0.6,0.9026666666666666,0.9027402502676868,0.9687945450124921,0.07268753989626683,0.23878404471846984
0.9,15,gradient_boosting,stable_only,ood,-0.9,-0.9,0.896,0.8959953706584367,0.9633512681800325,0.07927921658584139,0.2679927539358715
0.9,15,mlp,all_features,iid_validation,0.9,,0.995,0.9949850170633444,0.9998029613804306,0.01190460486210089,0.07181756963860574
0.9,15,mlp,all_features,iid_test,0.9,,0.9923333333333333,0.9923359455000569,0.9996879977813176,0.012024282614528151,0.07084058567899673
0.9,15,mlp,all_features,ood,0.3,0.3,0.8116666666666666,0.8116984614728037,0.9017646295229358,0.13095656149022394,0.41155327151357673
0.9,15,mlp,all_features,ood,0.0,0.0,0.7406666666666667,0.740776393828653,0.818839513232096,0.18923768472279112,0.608469751758523
0.9,15,mlp,all_features,ood,-0.3,-0.3,0.655,0.6549939533091466,0.7168926453483593,0.25020634231564937,0.7966162110026803
0.9,15,mlp,all_features,ood,-0.6,-0.6,0.5386666666666666,0.5384702228745182,0.5652944598949876,0.32970978064511464,1.0266812446438995
0.9,15,mlp,all_features,ood,-0.9,-0.9,0.383,0.3830384587350377,0.36463887046910304,0.4214929668055891,1.2338937857606358
0.9,15,mlp,stable_only,iid_validation,0.9,,0.9135,0.9135180495377093,0.9766234181899652,0.06170499136434792,0.19725783830523733
0.9,15,mlp,stable_only,iid_test,0.9,,0.9176666666666666,0.917663414495392,0.9790820734725225,0.05797996955226965,0.1867092233220182
0.9,15,mlp,stable_only,ood,0.3,0.3,0.916,0.9158931353093058,0.9764859804109852,0.06246266084947922,0.19886223669427863
0.9,15,mlp,stable_only,ood,0.0,0.0,0.9156666666666666,0.9154996867550985,0.9747847858574261,0.06260161012406318,0.2045368586334554
0.9,15,mlp,stable_only,ood,-0.3,-0.3,0.9133333333333333,0.9133423200359468,0.9759505704689484,0.0625573568152967,0.20025304915384037
0.9,15,mlp,stable_only,ood,-0.6,-0.6,0.9133333333333333,0.913390383544364,0.9763217770579213,0.061958326484802415,0.19812300815528477
0.9,15,mlp,stable_only,ood,-0.9,-0.9,0.9063333333333333,0.9063229445741237,0.9711875043333411,0.06807368617213863,0.2196507748122764
0.9,16,logistic_regression,all_features,iid_validation,0.9,,0.994,0.9940231393320638,0.9997909698996655,0.005025483061008352,0.01987190500317551
0.9,16,logistic_regression,all_features,iid_test,0.9,,0.995,0.995002346816863,0.999906660692951,0.004228015724469761,0.017672780404409325
0.9,16,logistic_regression,all_features,ood,0.3,0.3,0.7833333333333333,0.7833556154486172,0.8649534920104394,0.1827126575330363,0.8978529550632177
0.9,16,logistic_regression,all_features,ood,0.0,0.0,0.6743333333333333,0.6743464635452061,0.7466958169311244,0.27677198986105517,1.4949594442852094
0.9,16,logistic_regression,all_features,ood,-0.3,-0.3,0.5713333333333334,0.5712163083148418,0.6009273610204084,0.3730965749425895,2.17204240841843
0.9,16,logistic_regression,all_features,ood,-0.6,-0.6,0.45566666666666666,0.4556595358486826,0.4416193073863588,0.47171659940448984,2.6434863951030976
0.9,16,logistic_regression,all_features,ood,-0.9,-0.9,0.254,0.25392076640566,0.18399433925113307,0.6502731198073055,3.2222346452865396
0.9,16,logistic_regression,stable_only,iid_validation,0.9,,0.923,0.9230129138595957,0.9813553151653838,0.054841051595436285,0.17729665279611462
0.9,16,logistic_regression,stable_only,iid_test,0.9,,0.907,0.9069913807817034,0.9746428215850259,0.06411842673612624,0.20337923837914354
0.9,16,logistic_regression,stable_only,ood,0.3,0.3,0.9106666666666666,0.9106854594975147,0.9761157650706509,0.062410692189708426,0.1977602920384533
0.9,16,logistic_regression,stable_only,ood,0.0,0.0,0.9136666666666666,0.9136352302783484,0.9761648142559549,0.061589827011914795,0.19776356030694284
0.9,16,logistic_regression,stable_only,ood,-0.3,-0.3,0.906,0.9058705876281872,0.9735493468524177,0.06507678245007054,0.20744559559619632
0.9,16,logistic_regression,stable_only,ood,-0.6,-0.6,0.909,0.9090024040010685,0.9747697665643407,0.06402906873414231,0.20284610688845237
0.9,16,logistic_regression,stable_only,ood,-0.9,-0.9,0.9126666666666666,0.9126473023660384,0.9757346950658236,0.06275212994481032,0.19937485431320398
0.9,16,rbf_svm,all_features,iid_validation,0.9,,0.9955,0.9955173544990479,0.9997199596741931,0.0045891113888899045,0.01822629172084411
0.9,16,rbf_svm,all_features,iid_test,0.9,,0.9943333333333333,0.9943356374807988,0.9998782144279457,0.004358533312218119,0.015786762931468263
0.9,16,rbf_svm,all_features,ood,0.3,0.3,0.787,0.7870028303027286,0.866221528079021,0.186966673280479,0.9689207259239225
0.9,16,rbf_svm,all_features,ood,0.0,0.0,0.677,0.6770131882872117,0.7596658771679916,0.277920589532433,1.481440223941627
0.9,16,rbf_svm,all_features,ood,-0.3,-0.3,0.5766666666666667,0.5764523436262725,0.6280030464205448,0.37413514842155854,2.048432774800608
0.9,16,rbf_svm,all_features,ood,-0.6,-0.6,0.4633333333333333,0.46332287258794336,0.46359087270705446,0.47266570370215805,2.598929899757747
0.9,16,rbf_svm,all_features,ood,-0.9,-0.9,0.26366666666666666,0.26355617346532856,0.177258865921234,0.6543097266851129,3.651584586594217
0.9,16,rbf_svm,stable_only,iid_validation,0.9,,0.9225,0.9224708358003553,0.9800301243379047,0.05572373829004344,0.18410442576106006
0.9,16,rbf_svm,stable_only,iid_test,0.9,,0.904,0.9039565198839392,0.973308513967116,0.06547977142461159,0.21092394593304858
0.9,16,rbf_svm,stable_only,ood,0.3,0.3,0.907,0.9070133550465436,0.9746379452571096,0.06373609856737593,0.20620115132984262
0.9,16,rbf_svm,stable_only,ood,0.0,0.0,0.911,0.9109622831786115,0.9744669995035448,0.06290727689280687,0.20653715035482076
0.9,16,rbf_svm,stable_only,ood,-0.3,-0.3,0.9033333333333333,0.9032628018171756,0.9718401839240816,0.06663448308176308,0.21690909967774197
0.9,16,rbf_svm,stable_only,ood,-0.6,-0.6,0.9106666666666666,0.9106692936307972,0.9731728769657231,0.06557670493276745,0.2133713272179911
0.9,16,rbf_svm,stable_only,ood,-0.9,-0.9,0.9083333333333333,0.9083357371663099,0.9743359531779264,0.06432340981609126,0.20765641210525057
0.9,16,random_forest,all_features,iid_validation,0.9,,0.9885,0.9885283480821239,0.998940347410027,0.007746426993499621,0.04635069036400295
0.9,16,random_forest,all_features,iid_test,0.9,,0.992,0.9920154889912954,0.9996833130653695,0.006910437395044091,0.028547185215968406
0.9,16,random_forest,all_features,ood,0.3,0.3,0.6933333333333334,0.6933957232561282,0.8295362623647963,0.23665638528298813,0.9691235345965664
0.9,16,random_forest,all_features,ood,0.0,0.0,0.568,0.5679812582585131,0.7056331448996,0.33665476195987654,1.3001534093435403
0.9,16,random_forest,all_features,ood,-0.3,-0.3,0.43766666666666665,0.43743404908794226,0.5465233081422352,0.437417272056838,1.737089456770198
0.9,16,random_forest,all_features,ood,-0.6,-0.6,0.284,0.28399745955442646,0.3341974818655475,0.5545995823728698,2.1955803976503416
0.9,16,random_forest,all_features,ood,-0.9,-0.9,0.05266666666666667,0.052576605230770186,0.028627761759632407,0.7555586983924549,3.1280286200894047
0.9,16,random_forest,stable_only,iid_validation,0.9,,0.909,0.9089268854715079,0.9739437478996976,0.06493196969652702,0.2151036182921698
0.9,16,random_forest,stable_only,iid_test,0.9,,0.902,0.9019937275985663,0.9676201499118166,0.0720141874610081,0.2356011433785023
0.9,16,random_forest,stable_only,ood,0.3,0.3,0.902,0.9020363245887884,0.9704127139616416,0.06949792479010941,0.2268819807642231
0.9,16,random_forest,stable_only,ood,0.0,0.0,0.9036666666666666,0.9036350124958277,0.9701011266467578,0.06706286269670711,0.2359976730061455
0.9,16,random_forest,stable_only,ood,-0.3,-0.3,0.897,0.8969542022631061,0.9668425950805292,0.0716536869743904,0.23708198876753764
0.9,16,random_forest,stable_only,ood,-0.6,-0.6,0.9,0.9000035111126716,0.9667142074285366,0.07284428419691409,0.2367902084421033
0.9,16,random_forest,stable_only,ood,-0.9,-0.9,0.8976666666666666,0.8976440510800803,0.967999390189428,0.07178123572011197,0.2340411655991768
0.9,16,gradient_boosting,all_features,iid_validation,0.9,,0.991,0.991010705541598,0.9994639228048839,0.0071725949045641285,0.03173104341500431
0.9,16,gradient_boosting,all_features,iid_test,0.9,,0.9916666666666667,0.9916741338112305,0.9996204201513341,0.0068163328429046805,0.03219656871009485
0.9,16,gradient_boosting,all_features,ood,0.3,0.3,0.727,0.7270793480347886,0.8249950220806281,0.26121967366436155,2.1085966706580925
0.9,16,gradient_boosting,all_features,ood,0.0,0.0,0.6013333333333334,0.6013215398913132,0.6957918194662907,0.3831298849109727,3.1931874723525833
0.9,16,gradient_boosting,all_features,ood,-0.3,-0.3,0.4866666666666667,0.48651086977797786,0.5413159664822562,0.49797675276711245,4.235318806605153
0.9,16,gradient_boosting,all_features,ood,-0.6,-0.6,0.3406666666666667,0.34066192918307964,0.33677526078900477,0.6398115144868795,5.446663514227447
0.9,16,gradient_boosting,all_features,ood,-0.9,-0.9,0.09066666666666667,0.0905688705925963,0.03899098573745521,0.8919242702887917,7.871209990296302
0.9,16,gradient_boosting,stable_only,iid_validation,0.9,,0.9065,0.9063845193707893,0.9727130706821783,0.06764882804942644,0.2214103659401925
0.9,16,gradient_boosting,stable_only,iid_test,0.9,,0.8953333333333333,0.8952572964669738,0.9652324415429254,0.07659876454359,0.24998829346820345
0.9,16,gradient_boosting,stable_only,ood,0.3,0.3,0.8923333333333333,0.892349826839519,0.9673421821776265,0.07608132697474222,0.24385024774812897
0.9,16,gradient_boosting,stable_only,ood,0.0,0.0,0.9026666666666666,0.9026521022013368,0.9686617619672607,0.07275488597323615,0.24014194126578134
0.9,16,gradient_boosting,stable_only,ood,-0.3,-0.3,0.896,0.8960862749145418,0.9666677639949393,0.07509627631755987,0.24844121209356626
0.9,16,gradient_boosting,stable_only,ood,-0.6,-0.6,0.8943333333333333,0.8943392863730162,0.9652988734661659,0.07746002642451576,0.25596494669395525
0.9,16,gradient_boosting,stable_only,ood,-0.9,-0.9,0.8956666666666667,0.8957026133405397,0.9675213644822678,0.07444762899006249,0.24253837547144538
0.9,16,mlp,all_features,iid_validation,0.9,,0.993,0.9929749883983294,0.9996939559296538,0.024287695401922677,0.13727951595981847
0.9,16,mlp,all_features,iid_test,0.9,,0.992,0.9919781532684758,0.9997662072594868,0.02581842286231777,0.14184108721329244
0.9,16,mlp,all_features,ood,0.3,0.3,0.8123333333333334,0.8122302145483249,0.8904484394222769,0.13386038500847153,0.4158804273385514
0.9,16,mlp,all_features,ood,0.0,0.0,0.7206666666666667,0.7205703590878201,0.7957604410051596,0.18867128104983757,0.5665674849599087
0.9,16,mlp,all_features,ood,-0.3,-0.3,0.6326666666666667,0.6337738068334486,0.6740725944933101,0.25042263853550273,0.7348875010932849
0.9,16,mlp,all_features,ood,-0.6,-0.6,0.5376666666666666,0.5376871278609456,0.5508398003732446,0.30084716479281715,0.8588575938645846
0.9,16,mlp,all_features,ood,-0.9,-0.9,0.37733333333333335,0.3775003011273051,0.33941514188096333,0.37601495782823696,1.0173882214278793
0.9,16,mlp,stable_only,iid_validation,0.9,,0.9215,0.9215667056056072,0.9795980621209455,0.09211308397511504,0.3305540975061765
0.9,16,mlp,stable_only,iid_test,0.9,,0.9056666666666666,0.9057486345792798,0.972956935910565,0.09838012340573693,0.34548020537117063
0.9,16,mlp,stable_only,ood,0.3,0.3,0.906,0.9060826619068276,0.9737170301733027,0.09743403234373792,0.34279732339632224
0.9,16,mlp,stable_only,ood,0.0,0.0,0.9113333333333333,0.9113407358649144,0.9745612237777623,0.09566502940833034,0.3392466499831766
0.9,16,mlp,stable_only,ood,-0.3,-0.3,0.902,0.9016417217258541,0.9721751656224253,0.09799610648207992,0.34519254687295975
0.9,16,mlp,stable_only,ood,-0.6,-0.6,0.906,0.9059986248882776,0.972598210043649,0.09532799530418737,0.33714821909814535
0.9,16,mlp,stable_only,ood,-0.9,-0.9,0.9046666666666666,0.904602869754329,0.972405182678713,0.09789121452926822,0.3442086385420738
0.9,17,logistic_regression,all_features,iid_validation,0.9,,0.992,0.9919868461058392,0.9998399769566818,0.00523296995670078,0.019669066658378576
0.9,17,logistic_regression,all_features,iid_test,0.9,,0.994,0.9939996159754224,0.9997724298799567,0.005388899094274611,0.020627106781798108
0.9,17,logistic_regression,all_features,ood,0.3,0.3,0.782,0.7819829545176664,0.8659401136158005,0.1812387728346857,0.926616770940843
0.9,17,logistic_regression,all_features,ood,0.0,0.0,0.682,0.6819049752517494,0.7460744154292542,0.2753504486093749,1.5550734023418633
0.9,17,logistic_regression,all_features,ood,-0.3,-0.3,0.5903333333333334,0.5903606050855201,0.6113526424046977,0.36219536328622903,2.2299549714875884
0.9,17,logistic_regression,all_features,ood,-0.6,-0.6,0.4523333333333333,0.45230454044986224,0.43175323408206656,0.4868277183651902,2.911614357163452
0.9,17,logistic_regression,all_features,ood,-0.9,-0.9,0.23966666666666667,0.23953591749644382,0.16511735419630158,0.668181416506132,3.500883312394503
0.9,17,logistic_regression,stable_only,iid_validation,0.9,,0.9065,0.9064445280120337,0.9726170568561874,0.06623459516451881,0.21054869763000678
0.9,17,logistic_regression,stable_only,iid_test,0.9,,0.913,0.913034434203789,0.9769714150594527,0.06060987290869334,0.19433188480842883
0.9,17,logistic_regression,stable_only,ood,0.3,0.3,0.9083333333333333,0.908086311372384,0.9739200296644213,0.06468902585610915,0.20699733456162517
0.9,17,logistic_regression,stable_only,ood,0.0,0.0,0.916,0.9160159583546681,0.9767576235990215,0.06107422955827093,0.19484237708521784
0.9,17,logistic_regression,stable_only,ood,-0.3,-0.3,0.9156666666666666,0.9156625167333631,0.9790448516352918,0.05834026683916181,0.18632057976471902
0.9,17,logistic_regression,stable_only,ood,-0.6,-0.6,0.906,0.9060105942496613,0.9757066574328881,0.06289523554189122,0.19920217103019275
0.9,17,logistic_regression,stable_only,ood,-0.9,-0.9,0.9096666666666666,0.909521692745377,0.9761584281650071,0.06252491493193955,0.197791511921246
0.9,17,rbf_svm,all_features,iid_validation,0.9,,0.9915,0.9914927749595942,0.9997419628426494,0.00581300515931773,0.02033405339949212
0.9,17,rbf_svm,all_features,iid_test,0.9,,0.9936666666666667,0.9936795954941116,0.9997524285998749,0.005357233357101919,0.01998091514491983
0.9,17,rbf_svm,all_features,ood,0.3,0.3,0.7843333333333333,0.7841817763884189,0.8688345288172158,0.18825735791699558,1.1042893828815292
0.9,17,rbf_svm,all_features,ood,0.0,0.0,0.6856666666666666,0.6856225465096433,0.7609993706263868,0.28043533163435885,1.7185816330646442
0.9,17,rbf_svm,all_features,ood,-0.3,-0.3,0.587,0.5870405991832874,0.6326326802358759,0.369864701268113,2.3685539394604467
0.9,17,rbf_svm,all_features,ood,-0.6,-0.6,0.454,0.45380139937974256,0.4508161270492076,0.49591720687825785,3.2124300243893984
0.9,17,rbf_svm,all_features,ood,-0.9,-0.9,0.247,0.24665718349928878,0.15614153627311522,0.6822294746012425,4.419919263619068
0.9,17,rbf_svm,stable_only,iid_validation,0.9,,0.9065,0.906504536653278,0.969993679089789,0.06783099710324447,0.22385187640318654
0.9,17,rbf_svm,stable_only,iid_test,0.9,,0.9123333333333333,0.912389059566479,0.9742259060135403,0.06300713057350961,0.20748111517356196
0.9,17,rbf_svm,stable_only,ood,0.3,0.3,0.9103333333333333,0.9101773151653574,0.9717867878615963,0.0665116840507536,0.21753299740600512
0.9,17,rbf_svm,stable_only,ood,0.0,0.0,0.916,0.9159892899812254,0.9748672803948342,0.06248425034875347,0.20549743319522668
0.9,17,rbf_svm,stable_only,ood,-0.3,-0.3,0.913,0.912994067545009,0.9767541808963216,0.06057802220612833,0.19766553039261378
0.9,17,rbf_svm,stable_only,ood,-0.6,-0.6,0.9063333333333333,0.9063704182448323,0.973684175434089,0.06492331133445513,0.21045449320044327
0.9,17,rbf_svm,stable_only,ood,-0.9,-0.9,0.9066666666666666,0.9066411806543386,0.9736241998577525,0.06568930960379343,0.2106184334753603
0.9,17,random_forest,all_features,iid_validation,0.9,,0.9885,0.9885163463538749,0.999570938215103,0.008192665386913382,0.030978822061809345
0.9,17,random_forest,all_features,iid_test,0.9,,0.9896666666666667,0.9896793394777266,0.9995173024406896,0.00815796481324252,0.03159701247823975
0.9,17,random_forest,all_features,ood,0.3,0.3,0.691,0.6907490755433475,0.8395822616364605,0.23336790677372551,0.9418154266967267
0.9,17,random_forest,all_features,ood,0.0,0.0,0.562,0.5619346304830175,0.7105785881407521,0.33095998866458454,1.3235846757505207
0.9,17,random_forest,all_features,ood,-0.3,-0.3,0.451,0.4510172462528822,0.5743570210791485,0.41892348270319985,1.601486686398542
0.9,17,random_forest,all_features,ood,-0.6,-0.6,0.292,0.2918032582851753,0.35879075134539506,0.5449958078991103,2.1497602268677865
0.9,17,random_forest,all_features,ood,-0.9,-0.9,0.052,0.05192923186344239,0.027892958748221907,0.7421933204833464,2.9664621394316493
0.9,17,random_forest,stable_only,iid_validation,0.9,,0.903,0.9029980317165671,0.966519678833752,0.07217384230750012,0.23824805230264634
0.9,17,random_forest,stable_only,iid_test,0.9,,0.9036666666666666,0.9037485065710872,0.9688937869801445,0.0692808332884058,0.2291778520472385
0.9,17,random_forest,stable_only,ood,0.3,0.3,0.898,0.8978587107447717,0.9656367113218765,0.07350340679177868,0.24077899984260617
0.9,17,random_forest,stable_only,ood,0.0,0.0,0.9063333333333333,0.9063460061443933,0.9698529594782955,0.06894305822611199,0.22664495698631484
0.9,17,random_forest,stable_only,ood,-0.3,-0.3,0.9096666666666666,0.9096571727238627,0.9730343965055938,0.06565606307793131,0.21780090201710117
0.9,17,random_forest,stable_only,ood,-0.6,-0.6,0.9003333333333333,0.9003696474791651,0.9681892474188907,0.07055272375917518,0.2328300393496595
0.9,17,random_forest,stable_only,ood,-0.9,-0.9,0.897,0.8970305832147938,0.9676760312944523,0.07195885284974567,0.23498661325777176
0.9,17,gradient_boosting,all_features,iid_validation,0.9,,0.991,0.9910347089980958,0.9994739242450913,0.00845166239694906,0.03949595364652948
0.9,17,gradient_boosting,all_features,iid_test,0.9,,0.989,0.9890179638163509,0.999525747425613,0.009498694744083568,0.044902871271658776
0.9,17,gradient_boosting,all_features,ood,0.3,0.3,0.7183333333333334,0.7180668418728956,0.8311210990419086,0.2698534398806964,2.1953601760345265
0.9,17,gradient_boosting,all_features,ood,0.0,0.0,0.5986666666666667,0.5986089776412358,0.6959005376344086,0.38690225098863623,3.2346206355331546
0.9,17,gradient_boosting,all_features,ood,-0.3,-0.3,0.49233333333333335,0.4923515419582968,0.5573385463796379,0.49269080500725904,4.196460381362633
0.9,17,gradient_boosting,all_features,ood,-0.6,-0.6,0.3473333333333333,0.3471361432646237,0.34858477377760966,0.6383998100122548,5.556327808823167
0.9,17,gradient_boosting,all_features,ood,-0.9,-0.9,0.09166666666666666,0.091474039829303,0.034152738264580366,0.8953776722009328,7.98165048854803
0.9,17,gradient_boosting,stable_only,iid_validation,0.9,,0.8955,0.8954909506969004,0.9654230209150118,0.07456289147035629,0.2515346518893415
0.9,17,gradient_boosting,stable_only,iid_test,0.9,,0.9046666666666666,0.9047085680150195,0.9691846944871139,0.0707659824492495,0.23578251421364008
0.9,17,gradient_boosting,stable_only,ood,0.3,0.3,0.8973333333333333,0.8972433696328272,0.9652107743383194,0.07684159805690251,0.25354239546829177
0.9,17,gradient_boosting,stable_only,ood,0.0,0.0,0.9003333333333333,0.9003509557945042,0.9702776533253683,0.07259577083153118,0.2341034998670907
0.9,17,gradient_boosting,stable_only,ood,-0.3,-0.3,0.905,0.9049896088704157,0.972951063024112,0.06786226821172792,0.21651850180858348
0.9,17,gradient_boosting,stable_only,ood,-0.6,-0.6,0.8966666666666666,0.8966911749998111,0.9663981284707235,0.07623641076010695,0.2510123998137835
0.9,17,gradient_boosting,stable_only,ood,-0.9,-0.9,0.8963333333333333,0.8963904694167852,0.966770092460882,0.07571035330402219,0.24633645384392325
0.9,17,mlp,all_features,iid_validation,0.9,,0.9935,0.9934690595445744,0.9997919700436863,0.006471927232649103,0.0314263022216436
0.9,17,mlp,all_features,iid_test,0.9,,0.9926666666666667,0.9926608636286056,0.9997075368379132,0.0065401838487261395,0.031503049084452776
0.9,17,mlp,all_features,ood,0.3,0.3,0.8253333333333334,0.8252293412782289,0.9001551246488133,0.13915711896607466,0.5182091563346641
0.9,17,mlp,all_features,ood,0.0,0.0,0.7356666666666667,0.7356470814132104,0.8089211042840074,0.21374356472830391,0.8262306592362644
0.9,17,mlp,all_features,ood,-0.3,-0.3,0.6503333333333333,0.6503651562047221,0.6971016837363266,0.28860160725728057,1.156671603168591
0.9,17,mlp,all_features,ood,-0.6,-0.6,0.5263333333333333,0.5261553595106216,0.5450535646578605,0.38626369795475785,1.511302807666863
0.9,17,mlp,all_features,ood,-0.9,-0.9,0.36333333333333334,0.36304231863442393,0.3211810988620199,0.5105194454987544,1.84910935850683
0.9,17,mlp,stable_only,iid_validation,0.9,,0.907,0.9069866060712742,0.9725000400057608,0.06671824805279974,0.21227854241577052
0.9,17,mlp,stable_only,iid_test,0.9,,0.9123333333333333,0.9124050605905445,0.9764100457984866,0.06120583472800303,0.19690141273192627
0.9,17,mlp,stable_only,ood,0.3,0.3,0.91,0.9099405600048729,0.9737275132616235,0.06474628918564508,0.2077499626396644
0.9,17,mlp,stable_only,ood,0.0,0.0,0.9176666666666666,0.9176533964840417,0.9766256151504809,0.061229550572217,0.1956651809645046
0.9,17,mlp,stable_only,ood,-0.3,-0.3,0.9126666666666666,0.9126558447215016,0.9785239618203765,0.05926734060141173,0.18883485780725642
0.9,17,mlp,stable_only,ood,-0.6,-0.6,0.9043333333333333,0.9044003874275407,0.975348833694639,0.06365962452532124,0.20119636123867476
0.9,17,mlp,stable_only,ood,-0.9,-0.9,0.9066666666666666,0.9066411806543386,0.9754560810810811,0.06371008145018087,0.20027551309098346
0.9,18,logistic_regression,all_features,iid_validation,0.9,,0.994,0.993999993999994,0.9996999996999997,0.00505356455048781,0.020515441960174248
0.9,18,logistic_regression,all_features,iid_test,0.9,,0.9943333333333333,0.9943359510428464,0.9997168642246169,0.0052491642013246485,0.020727505378137997
0.9,18,logistic_regression,all_features,ood,0.3,0.3,0.762,0.7619854885136661,0.8353905495767632,0.20550227200200363,1.1194231182382257
0.9,18,logistic_regression,all_features,ood,0.0,0.0,0.6743333333333333,0.674181814302782,0.740255376344086,0.28290232135024407,1.6674851250167193
0.9,18,logistic_regression,all_features,ood,-0.3,-0.3,0.5596666666666666,0.5595068796174745,0.5886561773857053,0.38826680398483343,2.409396601171054
0.9,18,logistic_regression,all_features,ood,-0.6,-0.6,0.4196666666666667,0.4196463452520477,0.3990415961663846,0.5101947999465097,3.2175227897118543
0.9,18,logistic_regression,all_features,ood,-0.9,-0.9,0.20833333333333334,0.20834037038288067,0.13345223724842178,0.7039815652089627,3.809185914737379
0.9,18,logistic_regression,stable_only,iid_validation,0.9,,0.908,0.908000908000908,0.9757299757299757,0.06368167571671972,0.19901502729872128
0.9,18,logistic_regression,stable_only,iid_test,0.9,,0.9166666666666666,0.9165473970176958,0.9771393419160068,0.06065774438862941,0.19404359405801325
0.9,18,logistic_regression,stable_only,ood,0.3,0.3,0.908,0.9080355444296482,0.9727540710212979,0.06607264802234854,0.21027870930443168
0.9,18,logistic_regression,stable_only,ood,0.0,0.0,0.9103333333333333,0.9103515958354668,0.9741676800648574,0.06442384320583343,0.20541342653627687
0.9,18,logistic_regression,stable_only,ood,-0.3,-0.3,0.9136666666666666,0.913620802401987,0.9785411770145067,0.05901797618510003,0.18781158864967362
0.9,18,logistic_regression,stable_only,ood,-0.6,-0.6,0.909,0.9089936359745439,0.9765092393702907,0.06198391237500107,0.19568065078398544
0.9,18,logistic_regression,stable_only,ood,-0.9,-0.9,0.904,0.9040024960044373,0.9723106174410978,0.06704047907442622,0.21252624266655243
0.9,18,rbf_svm,all_features,iid_validation,0.9,,0.9915,0.9915004915004915,0.9994229994229995,0.005449962260077717,0.022880828250653365
0.9,18,rbf_svm,all_features,iid_test,0.9,,0.9943333333333333,0.9943297282785523,0.9993803904695698,0.005270090261361781,0.02273041348418149
0.9,18,rbf_svm,all_features,ood,0.3,0.3,0.7663333333333333,0.7662414148076899,0.8411954996968625,0.20539026266425203,1.2347556031381404
0.9,18,rbf_svm,all_features,ood,0.0,0.0,0.6846666666666666,0.6845611452466291,0.7586912229049325,0.28129108698200495,1.7089589415303696
0.9,18,rbf_svm,all_features,ood,-0.3,-0.3,0.571,0.5710269214406409,0.6220240225368542,0.38490483677368215,2.331209227212
0.9,18,rbf_svm,all_features,ood,-0.6,-0.6,0.44366666666666665,0.44361977447909795,0.43428484825050406,0.5028640844119582,3.159427981496992
0.9,18,rbf_svm,all_features,ood,-0.9,-0.9,0.22966666666666666,0.22970396391815806,0.14142825142800253,0.6948999900078057,4.390442856798515
0.9,18,rbf_svm,stable_only,iid_validation,0.9,,0.9055,0.9055024055024055,0.9743349743349744,0.06509129534803372,0.2094945761896264
0.9,18,rbf_svm,stable_only,iid_test,0.9,,0.916,0.9158682267433074,0.9754143027570402,0.061990720168041635,0.20371526883255292
0.9,18,rbf_svm,stable_only,ood,0.3,0.3,0.908,0.9080355444296482,0.9714148432485673,0.06709255630567637,0.21869808772201485
0.9,18,rbf_svm,stable_only,ood,0.0,0.0,0.9103333333333333,0.9103622631848438,0.9728218161517892,0.06510933535705703,0.21346478300035854
0.9,18,rbf_svm,stable_only,ood,-0.3,-0.3,0.9126666666666666,0.9126768026793854,0.9768865657747977,0.060405887247794,0.19755587826560653
0.9,18,rbf_svm,stable_only,ood,-0.6,-0.6,0.9083333333333333,0.9083282999798665,0.9745252314342592,0.0641218999753846,0.20634891155978077
0.9,18,rbf_svm,stable_only,ood,-0.9,-0.9,0.903,0.9030038275623601,0.9699043909411393,0.06932923117798089,0.2254312839512908
0.9,18,random_forest,all_features,iid_validation,0.9,,0.991,0.990998990998991,0.9993009993009994,0.007326492506621315,0.030449744629467618
0.9,18,random_forest,all_features,iid_test,0.9,,0.9893333333333333,0.9893199585386105,0.9988574560272807,0.008886431375449736,0.04514547248823385
0.9,18,random_forest,all_features,ood,0.3,0.3,0.6773333333333333,0.6773114457970562,0.817466099269092,0.2465324302502494,1.0161784334914592
0.9,18,random_forest,all_features,ood,0.0,0.0,0.5806666666666667,0.5805011520737327,0.729192001621437,0.319645504274263,1.3099594453941967
0.9,18,random_forest,all_features,ood,-0.3,-0.3,0.43633333333333335,0.4361649916802661,0.5755666554492146,0.42483247520378686,1.6729346457050462
0.9,18,random_forest,all_features,ood,-0.6,-0.6,0.2896666666666667,0.2896311585246341,0.3568647607923765,0.5456164184953438,2.2828130439112058
0.9,18,random_forest,all_features,ood,-0.9,-0.9,0.06366666666666666,0.06367611320197902,0.038609846417504735,0.7335380824488814,3.152340406560553
0.9,18,random_forest,stable_only,iid_validation,0.9,,0.907,0.9070069070069071,0.9704494704494704,0.06856766205627148,0.2251137986084829
0.9,18,random_forest,stable_only,iid_test,0.9,,0.9026666666666666,0.9025212862987175,0.9693877777797534,0.06943390956272735,0.22963424982299752
0.9,18,random_forest,stable_only,ood,0.3,0.3,0.898,0.898040896006941,0.9663506243210519,0.07285301615121843,0.23858597749913005
0.9,18,random_forest,stable_only,ood,0.0,0.0,0.901,0.9010496671786994,0.9690131279513,0.0697853762127206,0.23068729260985887
0.9,18,random_forest,stable_only,ood,-0.3,-0.3,0.9113333333333333,0.9113840542954321,0.9719136188019317,0.06611686643841655,0.22069843463483296
0.9,18,random_forest,stable_only,ood,-0.6,-0.6,0.8953333333333333,0.8953275813103252,0.9693534329692876,0.06982907071906994,0.22834171090406835
0.9,18,random_forest,stable_only,ood,-0.9,-0.9,0.8953333333333333,0.8953349250398668,0.9643526032935169,0.07464179621361901,0.24363448353821004
0.9,18,gradient_boosting,all_features,iid_validation,0.9,,0.99,0.98999798999799,0.9992429992429991,0.008730968073467432,0.044789361937195085
0.9,18,gradient_boosting,all_features,iid_test,0.9,,0.9896666666666667,0.9896502095293634,0.9991510371570146,0.008717726557220569,0.04238457807577017
0.9,18,gradient_boosting,all_features,ood,0.3,0.3,0.704,0.7039866583933534,0.8116560375926081,0.28503843338348694,2.263212199332997
0.9,18,gradient_boosting,all_features,ood,0.0,0.0,0.613,0.6128178870114354,0.7221804417704956,0.3728053229933825,3.042339808257989
0.9,18,gradient_boosting,all_features,ood,-0.3,-0.3,0.4696666666666667,0.4695061638936443,0.5626453952951606,0.5156594390068804,4.170528956921466
0.9,18,gradient_boosting,all_features,ood,-0.6,-0.6,0.3303333333333333,0.3303086545679516,0.35346074717632203,0.6528349018720299,5.421717462486396
0.9,18,gradient_boosting,all_features,ood,-0.9,-0.9,0.09166666666666666,0.09166816296562305,0.045344525056933434,0.8951066618157085,7.73253059374655
0.9,18,gradient_boosting,stable_only,iid_validation,0.9,,0.899,0.899005899005899,0.9719689719689718,0.07005927523342059,0.22253148991274635
0.9,18,gradient_boosting,stable_only,iid_test,0.9,,0.9026666666666666,0.9025399545916,0.9698475956127734,0.07268875213519245,0.2358067624330787
0.9,18,gradient_boosting,stable_only,ood,0.3,0.3,0.8986666666666666,0.8987138435170352,0.9646151398077343,0.07739501686441093,0.2570091851620324
0.9,18,gradient_boosting,stable_only,ood,0.0,0.0,0.8996666666666666,0.8996629117596859,0.9686771064459236,0.072504459055612,0.23742918801213042
0.9,18,gradient_boosting,stable_only,ood,-0.3,-0.3,0.9066666666666666,0.906665167054832,0.9724432988911614,0.06770277336394064,0.22285030411595597
0.9,18,gradient_boosting,stable_only,ood,-0.6,-0.6,0.89,0.8899928933049066,0.9678425380368189,0.07460028359975307,0.24119347745760406
0.9,18,gradient_boosting,stable_only,ood,-0.9,-0.9,0.8903333333333333,0.8903344717057275,0.9631283788948958,0.07950470506704789,0.26494234465432437
0.9,18,mlp,all_features,iid_validation,0.9,,0.994,0.994000994000994,0.9995669995669996,0.005872565778578158,0.026731151738195957
0.9,18,mlp,all_features,iid_test,0.9,,0.9926666666666667,0.9926660277961992,0.9996906397179488,0.005898216417359912,0.02603360475496504
0.9,18,mlp,all_features,ood,0.3,0.3,0.799,0.7989420411733644,0.8758709647595967,0.16654359937778992,0.6799816013703256
0.9,18,mlp,all_features,ood,0.0,0.0,0.7236666666666667,0.723560974569039,0.7980057390339649,0.23017198476078254,0.9872703200530393
0.9,18,mlp,all_features,ood,-0.3,-0.3,0.6266666666666667,0.6266504435931826,0.6764977187969972,0.3143415265858798,1.3806235712816215
0.9,18,mlp,all_features,ood,-0.6,-0.6,0.5046666666666667,0.5046420185680742,0.5112913784988473,0.4151903845020044,1.8484086215929099
0.9,18,mlp,all_features,ood,-0.9,-0.9,0.3393333333333333,0.33936593665055403,0.28000005333342814,0.5550052449184623,2.2239265218653754
0.9,18,mlp,stable_only,iid_validation,0.9,,0.907,0.9070109070109069,0.9757549757549758,0.06408251138506475,0.20167038399802775
0.9,18,mlp,stable_only,iid_test,0.9,,0.915,0.9147965778352247,0.9769335462111366,0.06191834917536308,0.19872242886765995
0.9,18,mlp,stable_only,ood,0.3,0.3,0.906,0.9059420287278359,0.9725887232843394,0.06681327319902064,0.21263402553010632
0.9,18,mlp,stable_only,ood,0.0,0.0,0.909,0.9090928486089775,0.9742490186038573,0.06465543814778006,0.20777673650308864
0.9,18,mlp,stable_only,ood,-0.3,-0.3,0.912,0.9121428993750087,0.9785305078393987,0.05957189055389665,0.19000032820545282
0.9,18,mlp,stable_only,ood,-0.6,-0.6,0.9073333333333333,0.9073049625531835,0.9763901277827335,0.06277805920367015,0.19893981452152162
0.9,18,mlp,stable_only,ood,-0.9,-0.9,0.903,0.9030118275765824,0.9722310617441098,0.0674199026516027,0.21491110003783062
0.9,19,logistic_regression,all_features,iid_validation,0.9,,0.9945,0.9944944494449445,0.9997359735973598,0.005155640901061227,0.020181753552518812
0.9,19,logistic_regression,all_features,iid_test,0.9,,0.992,0.9919989723124437,0.9998902081200652,0.0044928034877151305,0.01675072926465423
0.9,19,logistic_regression,all_features,ood,0.3,0.3,0.781,0.7807814660026795,0.8605769145232085,0.18940630076015108,1.0053052958659088
0.9,19,logistic_regression,all_features,ood,0.0,0.0,0.6663333333333333,0.6663659837355579,0.7386774871027918,0.2912888699163828,1.657740214404904
0.9,19,logistic_regression,all_features,ood,-0.3,-0.3,0.5526666666666666,0.5526433691756272,0.5794224163679809,0.3934169822588473,2.4223357787591624
0.9,19,logistic_regression,all_features,ood,-0.6,-0.6,0.424,0.42406949170934594,0.39633658223322,0.5106315937706453,3.1918390494214095
0.9,19,logistic_regression,all_features,ood,-0.9,-0.9,0.23933333333333334,0.239339829437271,0.16202392571614477,0.6730436570941631,3.6084747892180142
0.9,19,logistic_regression,stable_only,iid_validation,0.9,,0.917,0.916971697169717,0.978960896089609,0.05851471335187844,0.18575822599541209
0.9,19,logistic_regression,stable_only,iid_test,0.9,,0.9173333333333333,0.9173604965259983,0.9782901003728923,0.05867559094021456,0.18938642063788674
0.9,19,logistic_regression,stable_only,ood,0.3,0.3,0.918,0.9179543428714778,0.9791151818581323,0.057741496216972873,0.1853302878866859
0.9,19,logistic_regression,stable_only,ood,0.0,0.0,0.919,0.9191317035696058,0.9802945240436681,0.05685739726717132,0.1815212481612059
0.9,19,logistic_regression,stable_only,ood,-0.3,-0.3,0.9116666666666666,0.911578341013825,0.9742503520225294,0.06445597756839243,0.20536340262651542
0.9,19,logistic_regression,stable_only,ood,-0.6,-0.6,0.9073333333333333,0.9074766205511449,0.9730929538779554,0.06564989196966656,0.21060714446848813
0.9,19,logistic_regression,stable_only,ood,-0.9,-0.9,0.9133333333333333,0.9133292799351456,0.9781818731321923,0.05958965266738568,0.1890614179039028
0.9,19,rbf_svm,all_features,iid_validation,0.9,,0.9935,0.9934843484348435,0.9997669766976698,0.005048329194329913,0.01977466193281811
0.9,19,rbf_svm,all_features,iid_test,0.9,,0.9926666666666667,0.9926581680935906,0.9998902081200652,0.004301486909365501,0.01393505690398433
0.9,19,rbf_svm,all_features,ood,0.3,0.3,0.79,0.7900967692003864,0.8650759973597076,0.1902201545060725,1.207958676254417
0.9,19,rbf_svm,all_features,ood,0.0,0.0,0.6766666666666666,0.6765001395974968,0.7583104968426069,0.292581998324728,1.84474610049882
0.9,19,rbf_svm,all_features,ood,-0.3,-0.3,0.5653333333333334,0.5654175200546168,0.6105799660067133,0.3956696341160273,2.630293992739115
0.9,19,rbf_svm,all_features,ood,-0.6,-0.6,0.44366666666666665,0.4432164464660876,0.4320337140813927,0.5090734689505956,3.502866434879612
0.9,19,rbf_svm,all_features,ood,-0.9,-0.9,0.2673333333333333,0.2671722747563961,0.1737783360089317,0.6707674344142498,4.514748925130215
0.9,19,rbf_svm,stable_only,iid_validation,0.9,,0.9165,0.9164366436643665,0.977937793779378,0.05910476000562731,0.19312886209074862
0.9,19,rbf_svm,stable_only,iid_test,0.9,,0.9163333333333333,0.9163490332758297,0.9769574847613761,0.059811420546683355,0.19641201509896686
0.9,19,rbf_svm,stable_only,ood,0.3,0.3,0.9163333333333333,0.9162396652308743,0.9773484634175416,0.05903646018227366,0.1942791178584991
0.9,19,rbf_svm,stable_only,ood,0.0,0.0,0.9193333333333333,0.9194824756237874,0.9790781585934264,0.05809298990248279,0.1889356094794191
0.9,19,rbf_svm,stable_only,ood,-0.3,-0.3,0.91,0.9099089008363201,0.9721448839392388,0.06647576661686536,0.21640712316652563
0.9,19,rbf_svm,stable_only,ood,-0.6,-0.6,0.907,0.9071853224914123,0.9705455412273477,0.06789006943289612,0.22353261364315488
0.9,19,rbf_svm,stable_only,ood,-0.9,-0.9,0.9113333333333333,0.9113372480626356,0.9766382928793527,0.060894444803638634,0.19781355601455614
0.9,19,random_forest,all_features,iid_validation,0.9,,0.992,0.991989198919892,0.9996519651965197,0.007340538711520534,0.027660333374621843
0.9,19,random_forest,all_features,iid_test,0.9,,0.987,0.986986995218497,0.9994843782156908,0.008950471460071387,0.032085873297592056
0.9,19,random_forest,all_features,ood,0.3,0.3,0.6916666666666667,0.6916208974502677,0.8391836977968505,0.23379051216319222,0.9283051806878007
0.9,19,random_forest,all_features,ood,0.0,0.0,0.5653333333333334,0.5652489370139651,0.7198384936985511,0.333373639779701,1.3397882644533834
0.9,19,random_forest,all_features,ood,-0.3,-0.3,0.434,0.43400110940433523,0.5475712667832964,0.44082714781229615,1.825250378510366
0.9,19,random_forest,all_features,ood,-0.6,-0.6,0.289,0.2889067472635772,0.35192296745111085,0.553208783699921,2.258851916907874
0.9,19,random_forest,all_features,ood,-0.9,-0.9,0.05333333333333334,0.05331018629631408,0.03134694599558037,0.7348434918023986,3.0421432435105573
0.9,19,random_forest,stable_only,iid_validation,0.9,,0.9105,0.9104160416041605,0.973913391339134,0.06410374892849546,0.21281431922223568
0.9,19,random_forest,stable_only,iid_test,0.9,,0.904,0.9039952242754736,0.9716481361383752,0.0670667209549189,0.2215717434379357
0.9,19,random_forest,stable_only,ood,0.3,0.3,0.91,0.90991070332474,0.9710166103558524,0.06678368164963915,0.2225870171905822
0.9,19,random_forest,stable_only,ood,0.0,0.0,0.9043333333333333,0.9044837471169116,0.9743954183568041,0.06482182467061766,0.2136886288523162
0.9,19,random_forest,stable_only,ood,-0.3,-0.3,0.8963333333333333,0.8962706946577914,0.9668794358394494,0.07222540350207293,0.23634074628010315
0.9,19,random_forest,stable_only,ood,-0.6,-0.6,0.9,0.9001216780902943,0.9666921793364275,0.07216653463229977,0.23711579464913832
0.9,19,random_forest,stable_only,ood,-0.9,-0.9,0.9066666666666666,0.9066518397627695,0.972597561560985,0.0661096072389439,0.21795209583919223
0.9,19,gradient_boosting,all_features,iid_validation,0.9,,0.99,0.9899789978997899,0.9996019601960197,0.00856112175045528,0.04265228435354621
0.9,19,gradient_boosting,all_features,iid_test,0.9,,0.991,0.9910101786407233,0.9996128391602299,0.00815105626128942,0.03732391220441646
0.9,19,gradient_boosting,all_features,ood,0.3,0.3,0.7306666666666667,0.7309784204149387,0.8358673199788635,0.2617514933648514,2.1794691313874472
0.9,19,gradient_boosting,all_features,ood,0.0,0.0,0.6066666666666667,0.6065831334214191,0.7171630232016375,0.3811647874915005,3.2310845115541063
0.9,19,gradient_boosting,all_features,ood,-0.3,-0.3,0.47,0.4700994196961939,0.5433547747055811,0.516322538700015,4.453735819340048
0.9,19,gradient_boosting,all_features,ood,-0.6,-0.6,0.338,0.33752417106800986,0.3522800855304471,0.649710565119298,5.681917736318955
0.9,19,gradient_boosting,all_features,ood,-0.9,-0.9,0.097,0.09689088358747074,0.04059220503083604,0.8886558404768738,7.790991706468987
0.9,19,gradient_boosting,stable_only,iid_validation,0.9,,0.909,0.908950895089509,0.9722892289228925,0.06785662867440934,0.22688014295941195
0.9,19,gradient_boosting,stable_only,iid_test,0.9,,0.899,0.8989756906553774,0.9688813363138642,0.07248902673008654,0.24180361131027675
0.9,19,gradient_boosting,stable_only,ood,0.3,0.3,0.9056666666666666,0.905788805089857,0.9692598997614129,0.07151651610708269,0.23941296909986098
0.9,19,gradient_boosting,stable_only,ood,0.0,0.0,0.9006666666666666,0.9007870809185337,0.971759070725249,0.07024942027679666,0.22853832107379538
0.9,19,gradient_boosting,stable_only,ood,-0.3,-0.3,0.8986666666666666,0.8986175115207373,0.9669405508619218,0.07561168110034985,0.25228800088171305
0.9,19,gradient_boosting,stable_only,ood,-0.6,-0.6,0.8983333333333333,0.8983947920354218,0.9667488823938564,0.07534543512349849,0.2537248387338577
0.9,19,gradient_boosting,stable_only,ood,-0.9,-0.9,0.9036666666666666,0.9036424582793324,0.9720004408959432,0.06951758110530627,0.22726416199543467
0.9,19,mlp,all_features,iid_validation,0.9,,0.9945,0.9944744474447444,0.9996959695969596,0.007527744857506529,0.041591966264109936
0.9,19,mlp,all_features,iid_test,0.9,,0.9943333333333333,0.9943288271249062,0.9999235457354301,0.00642753163146327,0.03913541037066191
0.9,19,mlp,all_features,ood,0.3,0.3,0.8113333333333334,0.8109237642311572,0.8908744455653232,0.14561168496079435,0.5023943928604767
0.9,19,mlp,all_features,ood,0.0,0.0,0.7063333333333334,0.706562949579518,0.7893820543416599,0.22359166305623854,0.7759330887450675
0.9,19,mlp,all_features,ood,-0.3,-0.3,0.606,0.6058574415429254,0.6515803678102066,0.3069753373847101,1.1074056381417485
0.9,19,mlp,all_features,ood,-0.6,-0.6,0.49466666666666664,0.4951871334314111,0.4886878512254087,0.4010188487252691,1.4358969743070198
0.9,19,mlp,all_features,ood,-0.9,-0.9,0.344,0.3440401713094076,0.2965994122572628,0.4996307716392018,1.641565344689641
0.9,19,mlp,stable_only,iid_validation,0.9,,0.9175,0.9174567456745675,0.9784278427842784,0.05919124741042615,0.1914578884171753
0.9,19,mlp,stable_only,iid_test,0.9,,0.919,0.9190235990311645,0.9779327211361815,0.0592375893210707,0.19363241548153867
0.9,19,mlp,stable_only,ood,0.3,0.3,0.919,0.91898314945584,0.9787144232189149,0.05819202515228835,0.19008787650464126
0.9,19,mlp,stable_only,ood,0.0,0.0,0.919,0.9191548216264087,0.9794195945092837,0.057560576164616635,0.18792236153595102
0.9,19,mlp,stable_only,ood,-0.3,-0.3,0.909,0.9089061699948797,0.9734649684246459,0.06524556999884817,0.21006608494387077
0.9,19,mlp,stable_only,ood,-0.6,-0.6,0.9066666666666666,0.9068433252273904,0.9722003810445459,0.06650188137496063,0.21496407809916757
0.9,19,mlp,stable_only,ood,-0.9,-0.9,0.9146666666666666,0.9146653013114876,0.9774596393542297,0.06027602235081633,0.19413144153860845
